,0,1,2,3,4,5,6,7,8,9,10,11
0,1.0,6.063681940519859e+18,20603076.0,24370.0,2.0,2.0,10560412.0,4877.0,122973.0,83010.0,4002613.0,1.0
1,1.0,1.236538925354454e+18,21471218.0,37186.0,2.0,2.0,494745.0,349.0,14795.0,3598.0,2586865.0,0.0
2,1.0,1.6545034162276448e+19,20929598.0,35009.0,2.0,1.0,4569304.0,30429.0,93856.0,78476.0,14102.0,0.0
3,1.0,1.4492523977312543e+19,21275627.0,36379.0,2.0,2.0,240259.0,885.0,178.0,257.0,0.0,0.0
4,1.0,6.828193162136375e+17,21345286.0,36690.0,1.0,1.0,77.0,1257.0,852.0,203.0,5336883.0,0.0
5,1.0,2.061296188583326e+18,2046155.0,387.0,2.0,1.0,67.0,158.0,478.0,545.0,2028111.0,1.0
6,2.0,1.205787899908646e+19,20183808.0,27961.0,2.0,2.0,1023525.0,427485.0,1217517.0,1063883.0,0.0,0.0
7,1.0,1.0080430211743812e+19,20710988.0,34122.0,3.0,3.0,1946396.0,2544.0,10853.0,388.0,0.0,0.0
8,1.0,4.1531067261550464e+18,20574305.0,854.0,2.0,1.0,963076.0,446119.0,1653487.0,1333622.0,1166170.0,1.0
9,1.0,1.4340390157469403e+19,9027314.0,23808.0,3.0,1.0,34.0,6.0,70.0,89.0,770515.0,1.0
10,1.0,3.5168895657275873e+18,4386926.0,1267.0,1.0,1.0,5089.0,3052.0,3451.0,3698.0,104208.0,0.0
11,1.0,1.6417480641244623e+19,21156299.0,18711.0,3.0,1.0,7517060.0,22889.0,114728.0,53919.0,435251.0,0.0
12,1.0,7.703279069701543e+18,21299640.0,4983.0,1.0,1.0,14.0,26.0,38.0,51.0,21534876.0,1.0
13,3.0,1.3416878294870458e+19,3066490.0,23786.0,1.0,1.0,916.0,314.0,207.0,115.0,6740.0,0.0
14,1.0,3.2192779986682107e+18,21878987.0,37600.0,3.0,3.0,296662.0,21828.0,116313.0,9364.0,0.0,0.0
15,1.0,1.205787899908646e+19,20222693.0,27961.0,1.0,1.0,23537743.0,9454.0,15373.0,17153.0,284761.0,0.0
16,1.0,9.991057275835721e+17,10866958.0,30428.0,3.0,3.0,195479.0,152527.0,892706.0,714487.0,0.0,0.0
17,1.0,4.660387735928845e+18,21329909.0,36540.0,3.0,1.0,2495518.0,3149.0,12880.0,12723.0,211991.0,1.0
18,1.0,7.010385989455118e+18,9584142.0,23637.0,2.0,1.0,7136.0,4680.0,70893.0,123.0,6545289.0,1.0
19,2.0,1.4756578758696272e+19,20715999.0,3625.0,2.0,1.0,15851.0,39159.0,418664.0,349424.0,0.0,0.0
20,1.0,9.96395034207863e+18,21273765.0,36438.0,2.0,1.0,106235.0,28143.0,213896.0,202581.0,12310642.0,0.0
21,3.0,8.99455707050858e+18,20030165.0,23799.0,1.0,1.0,28.0,231.0,199.0,316.0,1486941.0,0.0
22,1.0,4.006403344526142e+18,21362204.0,36760.0,2.0,2.0,519.0,884.0,79080.0,565.0,13613384.0,0.0
23,2.0,1.7299638493773875e+18,9585571.0,23637.0,2.0,1.0,17.0,32.0,249.0,110.0,6745351.0,0.0
24,1.0,1.205787899908646e+19,20174626.0,27961.0,1.0,1.0,23646781.0,113101.0,595683.0,515466.0,2422666.0,0.0
25,1.0,1.3756257544627677e+19,20175571.0,24354.0,3.0,1.0,53.0,276.0,79.0,199.0,1842780.0,0.0
26,1.0,1.0338480498725892e+19,2495122.0,26408.0,2.0,1.0,10222088.0,23000.0,370260.0,298552.0,176719.0,0.0
27,1.0,1.5989049276530887e+19,20313543.0,23830.0,3.0,1.0,2479520.0,953312.0,2885154.0,222.0,5594565.0,1.0
28,1.0,1.608847813967667e+19,5936099.0,11565.0,3.0,3.0,6857266.0,161768.0,440898.0,394771.0,0.0,0.0
29,1.0,7.903914528320191e+18,21135531.0,1325.0,2.0,1.0,327.0,4699.0,9237.0,15614.0,5043877.0,1.0
30,1.0,1.3382199721756363e+19,3808587.0,7626.0,1.0,1.0,24754988.0,112327.0,135482.0,130038.0,0.0,0.0
31,3.0,6.29238695747836e+18,20394307.0,2533.0,2.0,1.0,165047.0,172065.0,692604.0,16571.0,135862.0,1.0
32,2.0,4.2981186814246446e+18,8209118.0,385.0,3.0,3.0,672748.0,4374.0,3308.0,1420.0,154004.0,0.0
33,1.0,1.203986170175328e+19,21705071.0,37370.0,2.0,1.0,1420267.0,1281.0,14276.0,14014.0,37232.0,0.0
34,1.0,6.015301734198921e+18,20102655.0,10201.0,3.0,3.0,609267.0,378362.0,3844426.0,1775.0,2628150.0,1.0
35,1.0,1.19703195446615e+19,4832825.0,17994.0,3.0,1.0,1549446.0,3106.0,40635.0,37397.0,0.0,0.0
36,1.0,5.851252814446936e+18,20287683.0,28698.0,3.0,3.0,2674538.0,6344.0,107145.0,200416.0,0.0,0.0
37,1.0,5.120683440510468e+18,8676724.0,1268.0,1.0,1.0,88.0,40.0,45.0,13.0,19494036.0,0.0
38,1.0,7.903914528320191e+18,21162526.0,1325.0,1.0,1.0,64.0,10.0,22.0,23.0,5616138.0,1.0
39,4.0,1.4531867648059392e+19,3834142.0,27485.0,2.0,2.0,57.0,8.0,28.0,74.0,916491.0,0.0
40,1.0,1.2960200862333147e+19,10251474.0,8464.0,1.0,1.0,51386.0,11125.0,19276.0,103008.0,5532361.0,1.0
41,14.0,1.205787899908646e+19,20148711.0,27961.0,1.0,1.0,130450.0,15239.0,16482.0,17925.0,0.0,1.0
42,4.0,1.4340390157469403e+19,3111662.0,23777.0,1.0,1.0,382045.0,58007.0,68429.0,61277.0,0.0,1.0
43,7.0,2.670952723278905e+18,20172874.0,23805.0,2.0,2.0,1.0,3.0,35.0,16.0,1459772.0,1.0
44,1.0,1.190425621705067e+18,20137593.0,21767.0,2.0,1.0,5532.0,29597.0,1565.0,47082.0,14776748.0,1.0
45,1.0,4.503498896063573e+17,20974419.0,35356.0,2.0,1.0,898.0,9692.0,21310.0,20669.0,14620873.0,0.0
46,1.0,1.4340390157469403e+19,3530080.0,23777.0,3.0,3.0,8010368.0,1255.0,1982.0,2212.0,220553.0,1.0
47,1.0,1.2865941078576976e+19,21326231.0,36503.0,2.0,1.0,432279.0,4487.0,248311.0,11246.0,208170.0,0.0
48,1.0,1.2943519435171692e+18,20068124.0,24162.0,3.0,1.0,3720737.0,45400.0,46.0,65.0,10885.0,0.0
49,1.0,1.5859647530187389e+19,4285938.0,23778.0,2.0,1.0,14186813.0,13263.0,19.0,83.0,3013197.0,0.0
50,1.0,5.345544339361683e+18,5858721.0,23796.0,1.0,1.0,20693358.0,14512.0,6.0,12.0,3006705.0,0.0
51,2.0,1.2711942665116875e+19,7926143.0,10672.0,2.0,1.0,2294545.0,30996.0,35818.0,37438.0,0.0,1.0
52,1.0,1.205787899908646e+19,20203709.0,27961.0,3.0,1.0,3503.0,2218.0,83.0,109.0,653410.0,1.0
53,1.0,1.1127366539228969e+19,4403625.0,27423.0,2.0,2.0,1514.0,3406.0,21633.0,23473.0,5125274.0,0.0
54,3.0,8.470768148487946e+18,20569955.0,30802.0,1.0,1.0,210853.0,92548.0,758921.0,7787.0,10117728.0,1.0
55,1.0,1.205787899908646e+19,20185602.0,27961.0,1.0,1.0,72366.0,2267.0,2382.0,24972.0,20820004.0,1.0
56,1.0,4.876702067173951e+17,20590436.0,24027.0,2.0,1.0,397723.0,50.0,377.0,622.0,7415679.0,1.0
57,2.0,4.969291200346086e+18,1693449.0,3383.0,3.0,3.0,141341.0,12055.0,196298.0,177670.0,43221.0,0.0
58,2.0,6.295803929889936e+18,21022223.0,13603.0,3.0,3.0,284806.0,208436.0,1374835.0,1170813.0,0.0,0.0
59,1.0,1.2083917346830344e+19,20563854.0,32051.0,1.0,1.0,26035085.0,121.0,30426.0,32334.0,206250.0,0.0
60,1.0,1.4340390157469403e+19,20644045.0,23808.0,1.0,1.0,3378.0,2.0,1.0,3.0,1196461.0,0.0
61,1.0,5.260594170071819e+16,3048011.0,23782.0,1.0,1.0,16708662.0,84.0,68.0,104.0,0.0,1.0
62,1.0,1.3516559178445044e+19,20393732.0,24355.0,2.0,1.0,12935.0,27076.0,124461.0,1682.0,474828.0,1.0
63,1.0,8.265651261671431e+18,21487830.0,16822.0,2.0,1.0,372.0,3111.0,600285.0,513786.0,15898728.0,1.0
64,1.0,9.390444283884915e+18,4298503.0,10655.0,1.0,1.0,1298796.0,48798.0,77167.0,70704.0,0.0,0.0
65,7.0,8.00767754067438e+18,20171832.0,23789.0,1.0,1.0,3187.0,7508.0,483.0,640.0,21547.0,1.0
66,2.0,1.5859647530187389e+19,4285938.0,23778.0,2.0,2.0,335054.0,1236.0,19.0,83.0,6543945.0,0.0
67,1.0,1.4340390157469403e+19,3074338.0,23777.0,1.0,1.0,18898741.0,10982.0,10210.0,10252.0,774730.0,1.0
68,1.0,6.285577986551244e+18,4252819.0,27054.0,3.0,1.0,1935600.0,3571.0,23081.0,31407.0,301714.0,1.0
69,1.0,1.1121833691387079e+19,21132008.0,23807.0,2.0,1.0,11218.0,20047.0,50494.0,8.0,5334778.0,1.0
70,1.0,1.205787899908646e+19,20157628.0,27961.0,3.0,3.0,0.0,0.0,7.0,14.0,8358932.0,0.0
71,1.0,1.475960458026406e+19,1925623.0,13445.0,1.0,1.0,14651.0,22101.0,5546.0,10881.0,2185533.0,1.0
72,1.0,1.1171792574441318e+19,20758260.0,34550.0,3.0,2.0,1347893.0,570.0,13398.0,4173.0,380337.0,1.0
73,1.0,1.2902129976731994e+19,3067652.0,23785.0,2.0,1.0,1638.0,472.0,515.0,181.0,7075789.0,0.0
74,1.0,1.1570917665805173e+19,20448778.0,33493.0,1.0,1.0,20.0,1186.0,4078.0,173.0,13219369.0,0.0
75,1.0,1.523471329505401e+19,2610501.0,23964.0,3.0,1.0,2955370.0,33370.0,3059.0,34393.0,0.0,0.0
76,1.0,4.155763962746097e+18,20961219.0,29683.0,2.0,1.0,486930.0,99139.0,151311.0,9109.0,16465480.0,0.0
77,1.0,1.4531867648059392e+19,21774710.0,27482.0,1.0,1.0,31517.0,8435.0,6266.0,6.0,19810324.0,1.0
78,1.0,7.347245338048114e+18,4408440.0,22798.0,3.0,1.0,1622093.0,1558.0,160644.0,57284.0,0.0,0.0
79,1.0,1.7099385778844828e+19,4394401.0,7884.0,3.0,1.0,2824.0,19979.0,25330.0,27316.0,22528.0,0.0
80,1.0,1.4340390157469403e+19,4407998.0,23808.0,2.0,1.0,110207.0,46309.0,28614.0,26923.0,7162621.0,1.0
81,1.0,1.8078062099814697e+19,8054971.0,8408.0,2.0,2.0,11839.0,2105.0,2396.0,7216.0,14202364.0,1.0
82,1.0,5.5111324610218e+18,20875797.0,10040.0,2.0,2.0,1090489.0,3975.0,72399.0,71463.0,1014392.0,0.0
83,1.0,1.5322030359230188e+19,21972093.0,38135.0,3.0,3.0,1633.0,784.0,483079.0,396775.0,40667.0,0.0
84,3.0,1.2865941078576976e+19,21326223.0,36503.0,2.0,2.0,2167565.0,6418.0,135240.0,204673.0,0.0,0.0
85,3.0,6.715049002232656e+18,3065545.0,23783.0,1.0,1.0,3333600.0,167.0,128.0,212.0,7513025.0,1.0
86,1.0,1.4531867648059392e+19,20447425.0,27482.0,1.0,1.0,4727639.0,4267.0,2796.0,76.0,2000258.0,0.0
87,1.0,1.5347157359829613e+19,10224937.0,23040.0,3.0,2.0,35840.0,5854.0,157483.0,1402.0,932825.0,0.0
88,1.0,1.1121833691387079e+19,21134703.0,23807.0,2.0,1.0,66571.0,523.0,2633.0,8.0,860633.0,0.0
89,1.0,1.5989049276530887e+19,20273576.0,23830.0,2.0,1.0,18296.0,67653.0,244022.0,222.0,6520891.0,1.0
90,1.0,1.0347602935615345e+19,21112709.0,35545.0,1.0,1.0,19996140.0,169462.0,448868.0,365841.0,240294.0,0.0
91,3.0,1.3151904808845496e+19,20967445.0,35300.0,2.0,1.0,338229.0,15744.0,15966.0,17563.0,0.0,0.0
92,1.0,8.078374824064251e+18,10769315.0,30157.0,1.0,1.0,1271.0,106.0,2635.0,340.0,1985684.0,1.0
93,1.0,1.205787899908646e+19,20183701.0,27961.0,1.0,1.0,7387.0,227.0,543.0,642.0,5396356.0,0.0
94,1.0,8.447117962312826e+17,20370398.0,28085.0,2.0,2.0,3920881.0,10149.0,27703.0,11434.0,193171.0,0.0
95,1.0,1.799737256871959e+18,21477660.0,28698.0,1.0,1.0,18763551.0,35964.0,5293.0,4476.0,235971.0,0.0
96,1.0,8.802768287123155e+18,21644405.0,26278.0,1.0,1.0,155524.0,1370.0,2892.0,3164.0,4402685.0,0.0
97,1.0,4.192533441706128e+18,21920498.0,2533.0,3.0,1.0,89525.0,1856.0,7779.0,7945.0,68.0,0.0
98,1.0,1.4340390157469403e+19,6434912.0,23777.0,1.0,1.0,3318.0,16.0,36.0,44.0,21866236.0,1.0
99,1.0,4.876702067173951e+17,20502028.0,24027.0,3.0,1.0,119.0,147.0,930.0,4261.0,9053960.0,1.0
100,19.0,7.903914528320191e+18,21162250.0,1325.0,2.0,2.0,42916.0,2708.0,3969.0,6121.0,0.0,1.0
101,1.0,1.2012218713126756e+19,21247859.0,36292.0,3.0,3.0,95243.0,205041.0,3475072.0,2942804.0,2504872.0,1.0
102,1.0,1.4340390157469403e+19,21163925.0,23808.0,1.0,1.0,51.0,395.0,808.0,120.0,22241051.0,1.0
103,1.0,3.5168895657275873e+18,10403449.0,1267.0,2.0,1.0,4104088.0,2311.0,255.0,472.0,471574.0,1.0
104,1.0,1.4340390157469403e+19,9027213.0,23808.0,3.0,2.0,1.0,1.0,0.0,0.0,1938111.0,1.0
105,1.0,6.828193162136375e+17,21345286.0,36690.0,2.0,1.0,77.0,1257.0,852.0,203.0,2531750.0,0.0
106,1.0,9.241464876335389e+18,20945129.0,35176.0,2.0,1.0,3422433.0,3232.0,557918.0,688659.0,358895.0,1.0
107,3.0,1.3311343438192927e+19,3806502.0,23791.0,1.0,1.0,1410.0,24.0,31.0,33.0,3150525.0,1.0
108,1.0,5.888277431783336e+18,7955185.0,6520.0,2.0,2.0,768.0,2689.0,136.0,196.0,15546387.0,0.0
109,1.0,1.4531867648059392e+19,3834142.0,27485.0,2.0,1.0,11.0,8.0,28.0,74.0,2072658.0,1.0
110,2.0,1.3756257544627677e+19,8351015.0,24035.0,3.0,1.0,720216.0,202141.0,1684243.0,119714.0,0.0,1.0
111,1.0,1.5223606299085013e+19,21098751.0,35511.0,3.0,1.0,5452178.0,9170.0,35403.0,36325.0,2639530.0,1.0
112,1.0,1.4340390157469403e+19,9027637.0,23808.0,2.0,1.0,57.0,397.0,108.0,146.0,42832.0,1.0
113,1.0,7.903914528320191e+18,21162527.0,1325.0,2.0,2.0,198744.0,8589.0,22.0,23.0,0.0,0.0
114,1.0,6.228784066129291e+18,3923549.0,1998.0,2.0,2.0,64812.0,23570.0,59546.0,69847.0,6569871.0,0.0
115,1.0,1.711656058963291e+19,21205448.0,36031.0,3.0,3.0,21134.0,37.0,15493.0,12917.0,13749.0,0.0
116,1.0,1.4340390157469403e+19,9027549.0,23808.0,2.0,2.0,13580543.0,46.0,14.0,18.0,0.0,1.0
117,1.0,1.3557133018779933e+19,20706014.0,34246.0,2.0,1.0,1.0,3.0,142.0,71.0,2253984.0,1.0
118,112.0,1.0156940965026521e+19,4254158.0,9855.0,1.0,1.0,4636.0,926.0,1964.0,1793.0,0.0,1.0
119,1.0,5.851252814446936e+18,20141112.0,28698.0,2.0,2.0,424.0,3426.0,182589.0,249681.0,4618611.0,0.0
120,1.0,1.205787899908646e+19,20180683.0,27961.0,1.0,1.0,6250.0,56216.0,170207.0,146521.0,18068080.0,0.0
121,1.0,1.4340390157469403e+19,3530080.0,23777.0,2.0,2.0,12239935.0,1255.0,1982.0,2212.0,993964.0,1.0
122,1.0,1.0288178563705629e+19,21718816.0,37579.0,2.0,2.0,64360.0,23641.0,459476.0,375117.0,245878.0,0.0
123,1.0,1.5145480155589095e+19,20888541.0,23807.0,2.0,1.0,157.0,386.0,5.0,11.0,4446763.0,0.0
124,1.0,1.7299638493773875e+18,9584667.0,23637.0,2.0,1.0,217102.0,77191.0,360.0,110.0,3521158.0,1.0
125,1.0,7.903914528320191e+18,21162552.0,1325.0,1.0,1.0,8320273.0,8231.0,23784.0,11729.0,0.0,1.0
126,1.0,6.228784066129291e+18,3923539.0,1998.0,1.0,1.0,3847.0,113407.0,185115.0,157144.0,12731168.0,0.0
127,1.0,1.205787899908646e+19,20163203.0,27961.0,1.0,1.0,665.0,1750.0,1132.0,1349.0,23289202.0,0.0
128,1.0,9.202792702888303e+18,20918404.0,16017.0,3.0,1.0,1543167.0,2250.0,11167.0,131084.0,0.0,0.0
129,1.0,1.5359055798518082e+19,21591178.0,37485.0,2.0,1.0,33832.0,4270.0,151377.0,129645.0,875747.0,1.0
130,1.0,8.690908696499854e+18,6423262.0,4998.0,3.0,2.0,986906.0,259012.0,538084.0,436447.0,484.0,0.0
131,1.0,1.1982287073363042e+19,22069609.0,37465.0,1.0,1.0,39871.0,64014.0,736989.0,125.0,0.0,0.0
132,2.0,7.903914528320191e+18,20623358.0,2012.0,2.0,1.0,266986.0,694.0,1945.0,230.0,394210.0,1.0
133,1.0,1.3017495095188234e+19,4403162.0,1007.0,1.0,1.0,6483.0,4859.0,5532.0,5838.0,1154942.0,1.0
134,1.0,9.581735255994331e+18,8620771.0,4906.0,3.0,3.0,8.0,1874.0,112.0,1655.0,10770209.0,1.0
135,1.0,1.4185726565631877e+19,6354778.0,19774.0,3.0,1.0,3339455.0,5167.0,282175.0,234456.0,0.0,0.0
136,1.0,5.494145166418658e+18,4404110.0,26293.0,2.0,1.0,53621.0,531.0,125.0,240.0,295834.0,0.0
137,1.0,1.2484845163965846e+19,20719041.0,34490.0,3.0,3.0,760223.0,456.0,367483.0,22382.0,0.0,0.0
138,1.0,1.6794704970244289e+19,5059509.0,26286.0,3.0,1.0,768.0,2689.0,6656.0,8090.0,678983.0,1.0
139,1.0,4.17790175370409e+18,4373901.0,27276.0,3.0,3.0,7232029.0,4962.0,12230.0,37064.0,0.0,0.0
140,1.0,1.4756578758696272e+19,21260533.0,3625.0,2.0,1.0,3050.0,13216.0,103781.0,95994.0,1128802.0,0.0
141,1.0,8.99455707050858e+18,20030150.0,23799.0,2.0,1.0,28.0,4030.0,15.0,19.0,2392558.0,1.0
142,1.0,1.1132806224225894e+19,3013323.0,10325.0,2.0,1.0,6640321.0,220.0,164.0,41.0,449440.0,1.0
143,1.0,1.6794704970244289e+19,7207038.0,26286.0,3.0,1.0,538652.0,2374.0,2738.0,139.0,5781206.0,0.0
144,1.0,3.7474918762176824e+18,10363853.0,28706.0,3.0,2.0,2030118.0,4059.0,446.0,743.0,0.0,0.0
145,1.0,5.120683440510468e+18,8676728.0,1268.0,2.0,2.0,4506368.0,83.0,439.0,13.0,3312734.0,0.0
146,1.0,1.2930459048655954e+19,20151622.0,32345.0,1.0,1.0,1121304.0,30416.0,66290.0,14348.0,0.0,1.0
147,1.0,7.903914528320191e+18,21162526.0,1325.0,2.0,1.0,15.0,10.0,22.0,23.0,428565.0,1.0
148,1.0,1.8425200088803072e+19,20033132.0,23790.0,1.0,1.0,928.0,1298.0,27.0,29.0,541718.0,0.0
149,1.0,1.4531867648059392e+19,6792446.0,27486.0,1.0,1.0,1797.0,2429.0,6394.0,338.0,23671499.0,0.0
150,1.0,1.4340390157469403e+19,21163923.0,23808.0,2.0,2.0,9791.0,3891.0,6057.0,34.0,567796.0,1.0
151,1.0,5.120683440510468e+18,8676729.0,1268.0,2.0,1.0,229878.0,45890.0,64944.0,67314.0,0.0,1.0
152,1.0,8.119057108691817e+18,20876635.0,34760.0,1.0,1.0,605.0,199.0,34.0,40.0,7504317.0,0.0
153,19.0,1.1917549558620953e+19,21797392.0,26269.0,3.0,1.0,1170.0,1169.0,97653.0,504.0,0.0,1.0
154,1.0,1.2766897773121389e+19,21272682.0,36403.0,2.0,1.0,2501.0,3538.0,66948.0,611057.0,4009902.0,0.0
155,1.0,2.470253408587162e+18,21193219.0,35900.0,1.0,1.0,7.0,5.0,148.0,195.0,12369838.0,1.0
156,2.0,1.3416878294870458e+19,3066490.0,23786.0,1.0,1.0,889.0,375.0,246.0,115.0,33673.0,1.0
157,1.0,1.7048721173511748e+19,4288675.0,24162.0,2.0,2.0,8430.0,20710.0,1456.0,1694.0,12408218.0,0.0
158,1.0,1.5417430469824594e+19,3329990.0,495.0,1.0,1.0,3005251.0,130644.0,1384064.0,1097933.0,0.0,0.0
159,1.0,3.707278298787996e+18,4425756.0,8640.0,2.0,2.0,306332.0,60837.0,1608455.0,1323300.0,738081.0,1.0
160,4.0,3.2276719965582874e+18,21386125.0,32832.0,2.0,1.0,61511.0,28067.0,895016.0,76583.0,0.0,1.0
161,1.0,2.837251504134271e+17,21260913.0,30105.0,2.0,1.0,1662419.0,57641.0,575279.0,9249.0,447079.0,1.0
162,1.0,1.205787899908646e+19,20192676.0,27961.0,2.0,2.0,30.0,39.0,72.0,100.0,2331085.0,0.0
163,1.0,1.5689252236861137e+19,20569506.0,24130.0,1.0,1.0,59.0,212.0,775.0,451.0,440826.0,0.0
164,1.0,1.8238470554363664e+19,21756699.0,36855.0,2.0,1.0,62695.0,27504.0,216041.0,4773.0,5792131.0,0.0
165,81.0,1.4340390157469403e+19,21163924.0,23808.0,2.0,2.0,4754.0,94.0,445.0,62.0,0.0,1.0
166,1.0,1.4340390157469403e+19,21854008.0,23808.0,3.0,3.0,12941.0,10598.0,185852.0,158368.0,8552744.0,1.0
167,1.0,5.260594170071819e+16,3048011.0,23782.0,1.0,1.0,3533.0,84.0,68.0,104.0,22356615.0,1.0
168,1.0,1.1345767983726027e+19,21797972.0,37708.0,2.0,2.0,9265937.0,144.0,1358.0,512.0,0.0,0.0
169,1.0,4.203081172173604e+18,20087221.0,28647.0,2.0,1.0,711961.0,4165.0,6438.0,7250.0,0.0,1.0
170,2.0,1.358151347341538e+19,21219979.0,35734.0,2.0,1.0,8010019.0,1451.0,1184.0,1533.0,779267.0,1.0
171,1.0,1.1889336430780473e+19,20151344.0,32540.0,2.0,1.0,13463.0,28602.0,98045.0,122447.0,15130691.0,0.0
172,2.0,4.2981186814246446e+18,3700540.0,385.0,2.0,2.0,34913.0,86043.0,113358.0,99347.0,4201766.0,1.0
173,1.0,1.4340390157469403e+19,6434950.0,23777.0,1.0,1.0,8289491.0,61.0,86.0,114.0,1343.0,0.0
174,1.0,5.397391604378692e+18,22097554.0,38513.0,3.0,2.0,164300.0,62.0,1071.0,1489.0,77974.0,0.0
175,1.0,1.5989049276530887e+19,20314305.0,23824.0,2.0,2.0,6000.0,13612.0,31346.0,31.0,14057014.0,1.0
176,1.0,1.3203885652390158e+19,21108275.0,18460.0,1.0,1.0,450.0,20348.0,52643.0,8807.0,7831139.0,1.0
177,1.0,9.960178603418085e+18,10649716.0,29475.0,1.0,1.0,1326.0,203.0,219.0,686.0,11745600.0,1.0
178,1.0,4.998895501216811e+18,20712801.0,34453.0,2.0,2.0,14531585.0,61971.0,3909522.0,287.0,0.0,0.0
179,1.0,5.753887333609082e+18,4273325.0,10731.0,1.0,1.0,20723.0,26109.0,175885.0,586425.0,18864537.0,0.0
180,1.0,1.4235650652681212e+19,7839674.0,19742.0,2.0,1.0,157996.0,32421.0,303942.0,263021.0,542380.0,0.0
181,11.0,8.99455707050858e+18,20030150.0,23799.0,1.0,1.0,1623.0,4567.0,15.0,19.0,2670031.0,1.0
182,1.0,3.6022165245018066e+18,22140665.0,38697.0,3.0,2.0,1633987.0,254786.0,539948.0,438042.0,7898.0,1.0
183,2.0,4.876702067173951e+17,20590075.0,24027.0,2.0,1.0,120978.0,181848.0,3909351.0,583101.0,1426425.0,1.0
184,2.0,7.953863969799817e+18,21407211.0,5058.0,1.0,1.0,39.0,214.0,1284.0,1504.0,23003595.0,0.0
185,7.0,1.1293366617622106e+19,21465748.0,37083.0,2.0,1.0,24187.0,19703.0,592757.0,479046.0,0.0,0.0
186,2.0,1.4340390157469403e+19,4418786.0,23808.0,3.0,2.0,111909.0,5090.0,3980.0,4306.0,4822974.0,1.0
187,3.0,1.105694079510541e+19,4300366.0,1590.0,2.0,1.0,7484569.0,18296.0,61213.0,102205.0,0.0,0.0
188,1.0,1.205787899908646e+19,20203753.0,27961.0,3.0,2.0,6850.0,2525.0,83.0,109.0,9219512.0,0.0
189,1.0,5.07990106805139e+18,7603946.0,25928.0,2.0,1.0,60635.0,7576.0,9470.0,12042.0,0.0,1.0
190,1.0,1.451844418239814e+19,10794602.0,30294.0,2.0,1.0,6764153.0,15502.0,41106.0,37862.0,417345.0,1.0
191,1.0,5.167663176066971e+18,21392541.0,11158.0,2.0,1.0,13309255.0,104118.0,515865.0,226893.0,4926884.0,0.0
192,1.0,1.4340390157469403e+19,9027213.0,23808.0,1.0,1.0,5.0,1.0,0.0,0.0,12452446.0,0.0
193,1.0,1.205787899908646e+19,20180590.0,27961.0,2.0,2.0,15278945.0,8640.0,51841.0,52660.0,795564.0,1.0
194,1.0,7.484333488664585e+18,21209371.0,34691.0,1.0,1.0,2.0,11.0,71.0,93.0,4810875.0,0.0
195,1.0,1.2621352773838825e+19,2901589.0,6980.0,2.0,2.0,12594312.0,7934.0,38091.0,35953.0,0.0,0.0
196,2.0,1.205787899908646e+19,20164340.0,27961.0,1.0,1.0,6269712.0,358565.0,917420.0,19622.0,0.0,0.0
197,1.0,5.468727571223081e+18,20001254.0,1381.0,2.0,2.0,894881.0,848.0,674.0,935.0,77901.0,1.0
198,1.0,7.143518654485987e+18,20393504.0,33093.0,3.0,2.0,276.0,320.0,133.0,1331.0,1692211.0,1.0
199,1.0,1.7644778352940085e+19,20658908.0,34056.0,1.0,1.0,377637.0,2300.0,246866.0,120263.0,19180476.0,0.0
200,1.0,5.260594170071819e+16,3048011.0,23782.0,1.0,1.0,2103.0,84.0,68.0,104.0,3996083.0,1.0
201,2.0,9.841463114647316e+18,20831429.0,33579.0,2.0,2.0,607.0,487.0,24893.0,23571.0,3214569.0,1.0
202,1.0,8.134264174510893e+18,4176358.0,1268.0,1.0,1.0,774147.0,41.0,105.0,164.0,18388309.0,1.0
203,1.0,1.136372424770545e+19,20048574.0,30405.0,2.0,2.0,2426.0,2162.0,54319.0,108683.0,171069.0,1.0
204,1.0,1.1121833691387079e+19,21134703.0,23807.0,2.0,2.0,1483011.0,6.0,73.0,8.0,15230995.0,0.0
205,1.0,1.5689252236861137e+19,20569494.0,24130.0,2.0,1.0,286.0,956.0,14474.0,50571.0,280905.0,1.0
206,1.0,5.589649412465737e+18,21459921.0,35035.0,2.0,1.0,1901.0,15349.0,48135.0,517.0,12864210.0,1.0
207,2.0,1.7732498613351158e+18,4260953.0,739.0,3.0,1.0,186367.0,11866.0,30259.0,22213.0,0.0,1.0
208,1.0,1.4340390157469403e+19,9027613.0,23808.0,1.0,1.0,25243232.0,1926.0,138.0,198.0,14636247.0,1.0
209,1.0,8.99455707050858e+18,20030165.0,23799.0,2.0,1.0,2737.0,28.0,41.0,52.0,613895.0,1.0
210,1.0,1.3503262172158704e+19,21819002.0,1185.0,1.0,1.0,23912812.0,1151.0,3792.0,393.0,60359.0,1.0
211,1.0,1.205787899908646e+19,20163507.0,27961.0,1.0,1.0,122.0,399.0,268.0,415.0,5596089.0,1.0
212,1.0,7.903914528320191e+18,21162544.0,1325.0,3.0,2.0,596636.0,38.0,990.0,1242.0,0.0,0.0
213,1.0,9.708030776610206e+18,21183947.0,35835.0,2.0,1.0,38703.0,29141.0,1536666.0,398.0,283869.0,0.0
214,1.0,6.820545933028777e+18,20441606.0,19828.0,3.0,1.0,576373.0,3818.0,104718.0,96928.0,0.0,0.0
215,1.0,2.1624812251275415e+18,20409326.0,33468.0,2.0,1.0,800.0,5417.0,8163.0,4324.0,12387600.0,1.0
216,1.0,1.4340390157469403e+19,21360116.0,23777.0,3.0,1.0,6443189.0,3427.0,395.0,523.0,0.0,0.0
217,1.0,5.034666190104208e+18,21452433.0,28441.0,2.0,2.0,7829.0,16084.0,286730.0,238030.0,4745736.0,1.0
218,1.0,1.7481378348676303e+18,21228187.0,35994.0,2.0,1.0,197895.0,181825.0,1238326.0,958346.0,175249.0,1.0
219,1.0,6.710552929989822e+18,20864271.0,16215.0,2.0,2.0,3051.0,1871.0,410289.0,83346.0,238943.0,1.0
220,1.0,1.4340390157469403e+19,21360099.0,23777.0,2.0,1.0,359.0,717.0,482.0,429.0,15619285.0,1.0
221,3.0,8.718971903532905e+18,20896082.0,35075.0,1.0,1.0,19125824.0,113.0,258.0,92.0,898879.0,0.0
222,1.0,1.6295542853724762e+19,21415294.0,10954.0,2.0,1.0,93.0,1335.0,13027.0,12851.0,7028247.0,1.0
223,1.0,1.0496337592162181e+19,20682970.0,34200.0,2.0,2.0,199.0,51.0,259.0,361.0,797227.0,0.0
224,1.0,2.1740769468148124e+18,20584954.0,33421.0,1.0,1.0,1070.0,2538.0,53874.0,18721.0,858483.0,1.0
225,1.0,1.8425200088803072e+19,20033125.0,23790.0,2.0,1.0,42.0,160.0,27.0,29.0,10939943.0,1.0
226,1.0,5.851252814446936e+18,21477605.0,28698.0,2.0,1.0,14556839.0,24916.0,536059.0,309744.0,3276193.0,1.0
227,1.0,1.205787899908646e+19,20163508.0,27961.0,1.0,1.0,1700.0,269.0,319.0,492.0,18183247.0,1.0
228,1.0,1.4340390157469403e+19,10403510.0,23808.0,2.0,1.0,4303.0,9305.0,2884.0,3153.0,337114.0,0.0
229,1.0,4.192533441706128e+18,20148846.0,2533.0,2.0,1.0,501375.0,110845.0,310548.0,257065.0,0.0,1.0
230,1.0,9.420883265985817e+18,4423680.0,28451.0,1.0,1.0,45.0,81.0,314.0,426.0,17798200.0,0.0
231,1.0,7.497135137450828e+18,20926280.0,35072.0,2.0,2.0,1193.0,156.0,8582.0,9544.0,2880985.0,0.0
232,1.0,1.5122729010437956e+19,21139283.0,17772.0,2.0,2.0,391594.0,35960.0,174990.0,91870.0,4596992.0,0.0
233,1.0,1.5989049276530887e+19,20314410.0,23824.0,2.0,1.0,7507.0,18584.0,41029.0,31.0,7740023.0,1.0
234,1.0,5.64124742863679e+18,4224233.0,1367.0,1.0,1.0,21796242.0,581.0,653.0,945.0,8157546.0,1.0
235,1.0,1.205787899908646e+19,20163505.0,27961.0,2.0,1.0,1790.0,1230.0,1143.0,1419.0,3382997.0,1.0
236,1.0,1.1428666780679997e+19,21418096.0,34476.0,1.0,1.0,72424.0,75694.0,2977.0,10189.0,974150.0,1.0
237,1.0,1.3756257544627677e+19,10819055.0,24354.0,1.0,1.0,1353.0,10692.0,1900.0,5178.0,1350310.0,1.0
238,1.0,8.848021695083077e+18,20184969.0,2387.0,2.0,2.0,53625.0,62887.0,17030.0,16519.0,33903.0,0.0
239,1.0,7.771884441258275e+18,20449625.0,32367.0,2.0,1.0,43709.0,55129.0,592406.0,506918.0,20655.0,0.0
240,1.0,1.5145480155589095e+19,20888921.0,23807.0,2.0,2.0,797.0,279.0,5.0,11.0,4719151.0,0.0
241,1.0,5.120683440510468e+18,8676728.0,1268.0,3.0,1.0,3167657.0,408.0,520.0,13.0,0.0,0.0
242,1.0,1.7741456305373202e+19,21293853.0,36500.0,1.0,1.0,11573.0,21930.0,57464.0,554293.0,15548374.0,0.0
243,1.0,6.386909514347191e+18,21263005.0,9032.0,1.0,1.0,22682474.0,14550.0,121738.0,18281.0,466190.0,0.0
244,1.0,1.6343250610002352e+19,21009441.0,30561.0,1.0,1.0,4311.0,10078.0,7677.0,5121.0,7602733.0,0.0
245,1.0,1.0077122932051026e+19,5404792.0,2154.0,2.0,2.0,7968.0,88.0,603248.0,5000.0,0.0,0.0
246,1.0,7.903914528320191e+18,20640708.0,2012.0,2.0,1.0,10691.0,44263.0,152675.0,21716.0,10386338.0,0.0
247,1.0,1.4140300435418186e+18,2365389.0,1502.0,2.0,1.0,90221.0,107.0,155.0,428.0,2625987.0,0.0
248,1.0,7.903914528320191e+18,21162426.0,1325.0,2.0,2.0,3260.0,10366.0,23427.0,25841.0,1328270.0,0.0
249,1.0,1.3359361103803858e+18,20599518.0,33847.0,1.0,1.0,21769218.0,28487.0,91850.0,9493.0,4878856.0,0.0
250,2.0,1.4340390157469403e+19,20640005.0,23808.0,2.0,2.0,398.0,4095.0,187.0,271.0,2644594.0,1.0
251,1.0,1.0189993640111104e+19,20705238.0,34127.0,2.0,2.0,10094916.0,11447.0,106829.0,115584.0,0.0,0.0
252,1.0,1.5212962959160992e+19,4380515.0,10423.0,1.0,1.0,17690119.0,2504.0,1746.0,1606.0,0.0,1.0
253,1.0,2.0021430589649848e+18,20606967.0,24124.0,2.0,1.0,627.0,1735.0,55.0,95.0,4903298.0,0.0
254,1.0,1.3503262172158704e+19,21818979.0,1185.0,3.0,1.0,22997.0,104356.0,183894.0,216.0,10199967.0,0.0
255,1.0,7.484333488664585e+18,21209371.0,34691.0,1.0,1.0,2.0,11.0,71.0,93.0,23532192.0,1.0
256,2.0,1.7299638493773875e+18,9584169.0,23637.0,1.0,1.0,3268.0,106.0,2128.0,145.0,7920054.0,0.0
257,1.0,4.945098023753992e+18,10769315.0,30157.0,2.0,1.0,29851.0,106.0,4139.0,846.0,0.0,0.0
258,1.0,1.4340390157469403e+19,10110409.0,23808.0,1.0,1.0,9583.0,2039.0,1978.0,10.0,20760325.0,1.0
259,1.0,9.75107224858461e+18,10937875.0,29713.0,1.0,1.0,17332023.0,1734.0,1173.0,1384.0,997488.0,0.0
260,2.0,1.3090221289647714e+19,20174989.0,23795.0,1.0,1.0,34569.0,27980.0,3.0,7.0,2706624.0,0.0
261,1.0,5.120683440510468e+18,8676724.0,1268.0,2.0,2.0,301.0,813.0,1804.0,13.0,892457.0,1.0
262,1.0,7.137463797046619e+18,21340319.0,36665.0,3.0,3.0,379247.0,363434.0,1127894.0,675.0,3451706.0,1.0
263,1.0,1.4531867648059392e+19,21771426.0,27482.0,1.0,1.0,1126614.0,125395.0,186117.0,6.0,2973521.0,1.0
264,1.0,1.205787899908646e+19,20180696.0,27961.0,2.0,2.0,12574382.0,59657.0,153757.0,151151.0,9776460.0,1.0
265,1.0,7.360279425078247e+18,20568178.0,30195.0,3.0,2.0,612196.0,21686.0,1321.0,1613.0,1841756.0,0.0
266,1.0,1.2837504198869455e+19,21947194.0,30627.0,3.0,1.0,8.0,15.0,847.0,1053.0,1482038.0,0.0
267,1.0,1.4347859242938208e+19,21717683.0,33931.0,2.0,2.0,246165.0,80813.0,220141.0,883.0,3051.0,0.0
268,2.0,7.903914528320191e+18,21162476.0,1325.0,2.0,2.0,118677.0,97037.0,249251.0,237847.0,34364.0,0.0
269,1.0,7.536841130902041e+18,21208884.0,34619.0,2.0,2.0,6868.0,13608.0,1299.0,1517.0,15698537.0,1.0
270,2.0,1.1570917665805173e+19,20757913.0,33493.0,2.0,1.0,610915.0,4971.0,9787.0,173.0,0.0,0.0
271,1.0,1.7299638493773875e+18,9584011.0,23637.0,2.0,1.0,858.0,14707.0,283.0,123.0,6706660.0,0.0
272,2.0,1.205787899908646e+19,20174744.0,27961.0,1.0,1.0,183058.0,140335.0,287358.0,238659.0,762812.0,1.0
273,1.0,2.0021430589649848e+18,20188693.0,24124.0,2.0,1.0,59.0,4909.0,384.0,255.0,3522784.0,0.0
274,20.0,1.4340390157469403e+19,9027031.0,23808.0,2.0,2.0,4152.0,65855.0,25404.0,24009.0,0.0,0.0
275,2.0,1.2614991338714812e+19,21090525.0,35358.0,2.0,2.0,109548.0,226005.0,612272.0,24792.0,0.0,1.0
276,1.0,4.3038403768619453e+18,10400310.0,29439.0,1.0,1.0,19341417.0,63.0,197.0,119.0,36558.0,1.0
277,1.0,1.4340390157469403e+19,6434912.0,23777.0,1.0,1.0,1596610.0,16.0,36.0,44.0,12619541.0,1.0
278,1.0,1.8425200088803072e+19,20033132.0,23790.0,1.0,1.0,42.0,1302.0,27.0,29.0,10504734.0,0.0
279,1.0,5.851252814446936e+18,10437189.0,28698.0,2.0,1.0,416.0,1312.0,7978.0,11777.0,15611812.0,0.0
280,1.0,1.3756257544627677e+19,8177286.0,24354.0,2.0,1.0,9091.0,31724.0,11318.0,16490.0,2365320.0,0.0
281,1.0,1.0678953049434667e+19,4323459.0,27146.0,2.0,2.0,515649.0,14207.0,157351.0,152762.0,0.0,0.0
282,2.0,1.8054023944582975e+19,20907923.0,29479.0,1.0,1.0,25378629.0,807097.0,2241186.0,90008.0,7268471.0,0.0
283,1.0,8.854978113241261e+18,4275052.0,26026.0,3.0,1.0,2474378.0,3626.0,18898.0,18225.0,0.0,0.0
284,1.0,1.2611010400425636e+19,8358238.0,27499.0,1.0,1.0,10900.0,6744.0,12207.0,12588.0,960025.0,1.0
285,1.0,2.0183771592675459e+18,2218106.0,23866.0,1.0,1.0,8414.0,8889.0,136269.0,117751.0,0.0,0.0
286,3.0,2.4127717961104635e+18,20067139.0,23781.0,1.0,1.0,2623.0,236.0,8.0,1.0,4323205.0,1.0
287,1.0,1.130902570404585e+19,22002402.0,38263.0,2.0,2.0,591640.0,17.0,149.0,98.0,0.0,0.0
288,1.0,1.3090221289647714e+19,20174982.0,23795.0,1.0,1.0,156840.0,1198.0,3.0,7.0,3657523.0,0.0
289,1.0,1.4340390157469403e+19,9027909.0,23808.0,1.0,1.0,6770003.0,4668.0,1081.0,1288.0,16051691.0,0.0
290,1.0,1.4340390157469403e+19,3060541.0,23777.0,2.0,1.0,11220249.0,4247.0,8543.0,8685.0,0.0,0.0
291,1.0,9.361707382081526e+17,21938574.0,35050.0,3.0,1.0,5316988.0,4361.0,2925.0,3049.0,1482132.0,1.0
292,1.0,1.205787899908646e+19,20185489.0,27961.0,2.0,2.0,4144.0,55.0,75.0,108.0,171128.0,1.0
293,1.0,8.848021695083077e+18,20287136.0,2387.0,1.0,1.0,1678408.0,71778.0,174671.0,161968.0,8921917.0,0.0
294,1.0,1.205787899908646e+19,20192651.0,27961.0,1.0,1.0,16720373.0,22295.0,35074.0,1514.0,16567237.0,0.0
295,2.0,1.4531867648059392e+19,21776445.0,27482.0,1.0,1.0,1208521.0,24430.0,22671.0,6.0,12977699.0,1.0
296,1.0,1.358151347341538e+19,21219979.0,35734.0,2.0,1.0,1187085.0,1451.0,1184.0,1533.0,14395657.0,1.0
297,1.0,6.767824735022102e+18,21099585.0,8834.0,2.0,1.0,5333422.0,1445.0,2016.0,2548.0,9207.0,0.0
298,1.0,1.205787899908646e+19,20174707.0,27961.0,1.0,1.0,998096.0,20783.0,99962.0,95891.0,4410521.0,1.0
299,1.0,7.877361752466289e+18,21119284.0,35491.0,2.0,2.0,1937004.0,6262.0,270427.0,1193.0,0.0,0.0
300,1.0,1.7313255053256755e+19,4362695.0,843.0,2.0,1.0,777642.0,4666.0,9777.0,10773.0,0.0,0.0
301,1.0,2.6928596198512824e+18,4291763.0,2051.0,2.0,1.0,56.0,211.0,235.0,63.0,15256325.0,0.0
302,1.0,1.8425200088803072e+19,20033125.0,23790.0,1.0,1.0,42.0,160.0,27.0,29.0,15838626.0,0.0
303,1.0,1.3384857948156529e+18,20802253.0,33931.0,1.0,1.0,8755.0,4691.0,101368.0,180548.0,18868690.0,1.0
304,1.0,1.4340390157469403e+19,21360121.0,23777.0,2.0,1.0,26521.0,8730.0,237817.0,5572.0,13248845.0,0.0
305,1.0,4.5083650809416673e+18,4363169.0,17341.0,1.0,1.0,657639.0,35184.0,36120.0,37287.0,11138824.0,1.0
306,1.0,2.470253408587162e+18,21193219.0,35900.0,3.0,1.0,7.0,5.0,147.0,197.0,5420762.0,1.0
307,1.0,1.606915498146652e+19,21418219.0,36798.0,2.0,1.0,62663.0,104594.0,1629235.0,1385531.0,7522088.0,1.0
308,1.0,6.744722710484515e+18,10401290.0,29359.0,2.0,2.0,1427.0,1097.0,4428.0,5645.0,328912.0,0.0
309,1.0,1.4340390157469403e+19,20643965.0,23808.0,3.0,1.0,18419.0,966.0,9.0,9.0,261107.0,1.0
310,1.0,9.279176529507936e+18,10810893.0,23649.0,3.0,3.0,1218299.0,80892.0,130102.0,3101.0,874127.0,0.0
311,5.0,1.4340390157469403e+19,20643971.0,23808.0,2.0,1.0,9721.0,5931.0,9.0,9.0,0.0,1.0
312,1.0,1.205787899908646e+19,20157070.0,27961.0,2.0,2.0,199711.0,201561.0,868250.0,718943.0,875712.0,1.0
313,2.0,1.2440971204951276e+19,21317619.0,36521.0,1.0,1.0,20615.0,26178.0,425779.0,1045.0,0.0,1.0
314,1.0,1.205787899908646e+19,20183681.0,27961.0,2.0,1.0,95.0,163.0,217.0,336.0,3595127.0,1.0
315,1.0,1.5493010999793789e+19,20964439.0,33363.0,2.0,2.0,11924521.0,264550.0,905595.0,623928.0,0.0,0.0
316,1.0,1.089356239829434e+19,20202868.0,879.0,1.0,1.0,4078.0,1345.0,6621.0,2566.0,11385369.0,0.0
317,1.0,1.3756257544627677e+19,8183924.0,24354.0,2.0,2.0,5322.0,3379.0,31052.0,37233.0,3511862.0,1.0
318,1.0,5.167663176066971e+18,10265199.0,11158.0,2.0,2.0,10423.0,3067.0,315546.0,260660.0,2452531.0,1.0
319,1.0,1.4340390157469403e+19,20643970.0,23808.0,2.0,2.0,10.0,20.0,9.0,9.0,1377861.0,1.0
320,1.0,1.4340390157469403e+19,21163923.0,23808.0,1.0,1.0,9248494.0,8041.0,13911.0,34.0,112881.0,1.0
321,2.0,1.6166594332383582e+19,4279339.0,7248.0,3.0,1.0,2158398.0,8831.0,193496.0,78005.0,668785.0,1.0
322,1.0,2.060385439519114e+17,20441414.0,33519.0,2.0,2.0,1111697.0,465.0,7889.0,7105.0,0.0,0.0
323,1.0,1.0978126563812295e+19,4276434.0,1053.0,2.0,1.0,60880.0,15787.0,418035.0,373151.0,794435.0,1.0
324,1.0,1.205787899908646e+19,20163227.0,27961.0,3.0,1.0,5177657.0,17053.0,29123.0,43203.0,4500991.0,0.0
325,1.0,1.3090221289647714e+19,20174982.0,23795.0,2.0,1.0,4042.0,1198.0,3.0,7.0,818665.0,0.0
326,1.0,1.4756578758696272e+19,21437376.0,3625.0,2.0,1.0,35842.0,120653.0,177228.0,150944.0,12041717.0,1.0
327,1.0,7.479382944339369e+18,20917852.0,35085.0,3.0,2.0,9433.0,1741.0,2852.0,1695.0,4019256.0,0.0
328,1.0,1.2191816925685877e+19,21389526.0,36857.0,2.0,2.0,337.0,136.0,20928.0,2362.0,1420480.0,0.0
329,1.0,2.6142962036012406e+18,20288978.0,16889.0,2.0,2.0,178214.0,56052.0,258214.0,14637.0,861897.0,1.0
330,2.0,5.998540974963888e+18,4255097.0,10628.0,1.0,1.0,24084566.0,56373.0,65751.0,59110.0,705777.0,0.0
331,1.0,8.775796340249826e+18,4419027.0,28024.0,3.0,1.0,27760.0,8922.0,203273.0,193480.0,1041755.0,1.0
332,2.0,4.1044666230239846e+18,10797621.0,28390.0,3.0,2.0,59703.0,1413.0,114722.0,5073.0,0.0,0.0
333,1.0,1.3756257544627677e+19,8178050.0,24354.0,2.0,2.0,3342.0,8478.0,19932.0,17080.0,6895885.0,1.0
334,1.0,4.225579643116692e+18,20369462.0,33248.0,2.0,2.0,1393740.0,1052.0,2988.0,4271.0,0.0,0.0
335,1.0,1.4340390157469403e+19,9027213.0,23808.0,1.0,1.0,5.0,1.0,0.0,0.0,300749.0,1.0
336,5.0,1.5779807378456099e+19,3128571.0,14472.0,3.0,1.0,45934.0,29261.0,568143.0,474661.0,0.0,0.0
337,1.0,8.99455707050858e+18,20030149.0,23799.0,2.0,2.0,14421475.0,412.0,15.0,19.0,2372256.0,1.0
338,1.0,1.4140300435418186e+18,20208610.0,1502.0,2.0,1.0,2685759.0,87.0,651.0,848.0,1870644.0,1.0
339,1.0,7.903914528320191e+18,20869505.0,2010.0,2.0,1.0,13293661.0,110.0,260.0,70.0,0.0,0.0
340,1.0,1.205787899908646e+19,20193172.0,27961.0,3.0,3.0,17233.0,8517.0,689770.0,577506.0,0.0,0.0
341,1.0,1.205787899908646e+19,20192676.0,27961.0,2.0,2.0,264566.0,3076.0,7813.0,17285.0,2082901.0,1.0
342,1.0,7.484333488664585e+18,21209371.0,34691.0,1.0,1.0,2.0,11.0,458.0,611.0,18223910.0,1.0
343,1.0,1.5200622716539232e+19,21997940.0,37937.0,3.0,3.0,3.0,745.0,2036.0,2252.0,3081537.0,0.0
344,1.0,1.0468467911880278e+19,20595073.0,854.0,2.0,2.0,1982911.0,16979.0,33376.0,32707.0,1746566.0,0.0
345,2.0,3.108748477409427e+18,21167643.0,35390.0,2.0,1.0,1210.0,1895.0,2493.0,2746.0,1817054.0,1.0
346,7.0,1.2240966597217382e+19,2537559.0,23901.0,1.0,1.0,203959.0,20158.0,76276.0,81820.0,0.0,1.0
347,1.0,1.4340390157469403e+19,9027637.0,23808.0,3.0,2.0,57.0,397.0,108.0,146.0,69556.0,1.0
348,1.0,1.6709405790339167e+18,20330640.0,33157.0,2.0,1.0,4887.0,601.0,6369.0,92.0,8154395.0,1.0
349,1.0,1.8243733086981284e+19,20170901.0,7357.0,3.0,1.0,7616387.0,1154873.0,3691109.0,2894094.0,1600461.0,1.0
350,1.0,3.7306253281194304e+17,3827183.0,23792.0,1.0,1.0,28324.0,701.0,61.0,77.0,1060229.0,1.0
351,1.0,1.6949759439173958e+19,10405666.0,29900.0,1.0,1.0,208.0,125.0,101.0,134.0,15146574.0,0.0
352,1.0,1.5167927993406933e+19,20207835.0,781.0,2.0,1.0,153900.0,205847.0,838518.0,295.0,326429.0,1.0
353,1.0,1.205787899908646e+19,20183701.0,27961.0,1.0,1.0,13469120.0,227.0,543.0,642.0,13337403.0,0.0
354,1.0,1.2902129976731994e+19,3067652.0,23785.0,3.0,2.0,2837.0,5451.0,5158.0,181.0,2508027.0,1.0
355,2.0,1.4340390157469403e+19,9027213.0,23808.0,2.0,1.0,1.0,1.0,0.0,0.0,1709468.0,1.0
356,1.0,1.4340390157469403e+19,3126701.0,23777.0,2.0,1.0,516.0,1289.0,2893.0,3165.0,12045936.0,1.0
357,1.0,1.717805808148279e+19,21459106.0,36884.0,2.0,1.0,12225.0,42292.0,50797.0,46396.0,713041.0,1.0
358,1.0,1.4223304652075581e+19,21098825.0,35490.0,2.0,2.0,1370110.0,30313.0,261675.0,235152.0,0.0,0.0
359,1.0,3.163997420314436e+18,21445616.0,26288.0,2.0,2.0,4865705.0,125.0,1199.0,1764.0,7448827.0,0.0
360,1.0,7.088270862969167e+18,21125749.0,35603.0,2.0,2.0,245969.0,9381.0,132224.0,87.0,6929867.0,0.0
361,1.0,5.271976168082996e+18,20213552.0,28187.0,3.0,1.0,7690624.0,9946.0,787591.0,632618.0,269557.0,1.0
362,1.0,7.903914528320191e+18,21022565.0,2010.0,2.0,1.0,207.0,1503.0,2225.0,12866.0,2913.0,0.0
363,1.0,2.0021430589649848e+18,20188693.0,24124.0,2.0,1.0,537.0,466.0,456.0,1659.0,7865721.0,0.0
364,33.0,1.1315908569713166e+19,20311308.0,18070.0,3.0,3.0,11.0,96.0,379.0,765.0,0.0,1.0
365,4.0,1.2673870462623633e+19,3837894.0,26519.0,1.0,1.0,472852.0,12558.0,27356.0,31028.0,0.0,1.0
366,1.0,3.9956723598113613e+18,20776827.0,34046.0,3.0,3.0,8240597.0,27951.0,2327432.0,2516744.0,0.0,0.0
367,1.0,1.4779372599199648e+19,20974495.0,2494.0,1.0,1.0,7460295.0,25236.0,100403.0,395.0,0.0,0.0
368,1.0,1.205787899908646e+19,20163126.0,27961.0,2.0,2.0,13215057.0,150625.0,236938.0,1225.0,29840.0,0.0
369,1.0,6.311739615958991e+18,21926840.0,38029.0,1.0,1.0,328.0,5906.0,10045.0,11968.0,12544543.0,0.0
370,1.0,1.4340390157469403e+19,21163924.0,23808.0,2.0,1.0,177.0,94.0,445.0,62.0,4112197.0,1.0
371,1.0,7.703279069701543e+18,21299640.0,4983.0,1.0,1.0,14.0,26.0,38.0,51.0,21954191.0,0.0
372,1.0,7.718107921866424e+18,4239063.0,10647.0,2.0,1.0,4777.0,2012.0,5690.0,6421.0,888453.0,1.0
373,11.0,4.2981186814246446e+18,2235575.0,385.0,2.0,2.0,4548.0,164.0,19556.0,18801.0,0.0,1.0
374,1.0,1.4600073692226415e+19,20665600.0,4004.0,3.0,3.0,16241.0,34974.0,1138612.0,24658.0,3648081.0,0.0
375,17.0,7.269043601771363e+18,4429772.0,4862.0,2.0,1.0,153650.0,18128.0,3898.0,22759.0,0.0,0.0
376,1.0,1.0012755627828793e+19,2917671.0,1512.0,3.0,1.0,834532.0,271776.0,721674.0,9494.0,0.0,0.0
377,1.0,1.4340390157469403e+19,20643917.0,23808.0,2.0,1.0,777.0,550.0,530.0,9.0,7014389.0,0.0
378,1.0,1.8096118661859746e+19,20383244.0,8850.0,2.0,2.0,4239394.0,258.0,868.0,1237.0,0.0,0.0
379,1.0,1.4340390157469403e+19,3200232.0,23777.0,1.0,1.0,25470214.0,1786.0,1154.0,90.0,2727124.0,1.0
380,1.0,1.205787899908646e+19,20163127.0,27961.0,1.0,1.0,2384232.0,46345.0,51282.0,48803.0,160829.0,0.0
381,1.0,1.240241014871007e+19,7817448.0,27726.0,2.0,2.0,16.0,99.0,4810.0,5255.0,6504825.0,0.0
382,2.0,1.0362045401640917e+19,21099501.0,20039.0,1.0,1.0,8417135.0,5139.0,11978.0,11884.0,13964630.0,0.0
383,1.0,2.987457312022362e+18,1192696.0,2850.0,2.0,2.0,12713369.0,80.0,365.0,592.0,4062532.0,0.0
384,1.0,4.931992569523728e+18,4424743.0,23775.0,3.0,2.0,274574.0,16574.0,290848.0,244191.0,0.0,0.0
385,1.0,7.006728301738528e+18,10255549.0,5263.0,1.0,1.0,621462.0,62192.0,140674.0,4718.0,0.0,1.0
386,1.0,1.205787899908646e+19,20180366.0,27961.0,2.0,2.0,11882093.0,7289.0,13356.0,18464.0,0.0,0.0
387,2.0,5.736088897652721e+18,22168903.0,38789.0,3.0,3.0,159.0,87.0,3108.0,3382.0,219169.0,1.0
388,6.0,1.4340390157469403e+19,9027213.0,23808.0,2.0,2.0,1.0,1.0,0.0,0.0,283249.0,1.0
389,1.0,1.4340390157469403e+19,20789165.0,23808.0,2.0,2.0,612182.0,60623.0,149539.0,1549.0,235370.0,1.0
390,1.0,5.987075037638299e+18,1350675.0,5370.0,2.0,1.0,489287.0,9503.0,25673.0,24207.0,0.0,0.0
391,1.0,2.039620248402007e+18,21194514.0,34292.0,1.0,1.0,133524.0,3851.0,9999.0,10052.0,1134171.0,1.0
392,1.0,1.4340390157469403e+19,20643964.0,23808.0,3.0,1.0,1663.0,1595.0,9.0,9.0,9920343.0,1.0
393,1.0,5.851252814446936e+18,20282373.0,28698.0,2.0,1.0,27166.0,51904.0,670861.0,541057.0,46222.0,1.0
394,3.0,1.4964837739872602e+19,20036473.0,2332.0,2.0,1.0,1282.0,1646.0,10090.0,11084.0,937919.0,1.0
395,1.0,1.3068512392501383e+19,20669090.0,34173.0,3.0,2.0,1675133.0,906.0,4395.0,4759.0,0.0,0.0
396,1.0,1.7677952998352333e+19,20894505.0,421.0,2.0,1.0,110349.0,153854.0,606189.0,515092.0,1559281.0,1.0
397,1.0,9.881207773436752e+18,4332980.0,23778.0,1.0,1.0,23159148.0,22.0,13.0,21.0,324399.0,0.0
398,1.0,2.6928596198512824e+18,21735666.0,2051.0,3.0,1.0,21362.0,37624.0,6132.0,63.0,514644.0,1.0
399,1.0,4.307695610000461e+18,21263378.0,35824.0,2.0,2.0,12520040.0,4158.0,6480.0,4424.0,3106509.0,1.0
400,1.0,2.337322747573855e+18,10601103.0,29899.0,2.0,1.0,884111.0,96175.0,631934.0,506895.0,2039620.0,1.0
401,1.0,1.6609564224059714e+19,21207912.0,33238.0,2.0,2.0,13123730.0,50125.0,2119945.0,1670086.0,0.0,0.0
402,1.0,1.205787899908646e+19,20157628.0,27961.0,3.0,3.0,0.0,0.0,49.0,60.0,10154438.0,0.0
403,1.0,1.3756257544627677e+19,20175537.0,24354.0,2.0,1.0,71.0,328.0,79.0,391.0,14813579.0,0.0
404,1.0,1.0044524811813999e+19,21275602.0,34338.0,3.0,3.0,26527.0,189.0,15970.0,18396.0,0.0,1.0
405,1.0,8.119057108691817e+18,20876635.0,34760.0,1.0,1.0,5624651.0,199.0,34.0,40.0,0.0,1.0
406,1.0,6.800099142504184e+18,21244584.0,9056.0,1.0,1.0,1289631.0,11187.0,81966.0,72743.0,0.0,0.0
407,2.0,1.6794704970244289e+19,5059588.0,26286.0,3.0,1.0,186.0,716.0,1488.0,139.0,2232495.0,0.0
408,1.0,6.871449054775799e+18,20666250.0,8216.0,2.0,2.0,30283.0,27809.0,60223.0,19472.0,857530.0,0.0
409,1.0,3.5168895657275873e+18,4339083.0,1267.0,3.0,1.0,750239.0,83.0,3845.0,335.0,0.0,0.0
410,1.0,5.345544339361683e+18,5858719.0,23796.0,1.0,1.0,75.0,179.0,6.0,12.0,2648220.0,1.0
411,1.0,2.0021430589649848e+18,20607314.0,24124.0,1.0,1.0,42607.0,61794.0,1068.0,1268.0,6592227.0,1.0
412,2.0,5.5111324610218e+18,21299443.0,10040.0,1.0,1.0,244426.0,20725.0,18681.0,16221.0,6890138.0,0.0
413,1.0,5.589649412465737e+18,20951209.0,35067.0,1.0,1.0,16079.0,27780.0,57041.0,42.0,18898206.0,1.0
414,1.0,8.335105002517451e+18,20582549.0,33524.0,2.0,1.0,4.0,56.0,51.0,129.0,1175591.0,0.0
415,1.0,4.2981186814246446e+18,21866029.0,385.0,1.0,1.0,11222.0,173.0,296.0,408.0,20135893.0,0.0
416,1.0,1.4026532583530187e+19,20075033.0,6169.0,2.0,1.0,125296.0,78926.0,758514.0,605791.0,13922294.0,1.0
417,1.0,5.747166420328289e+18,21204374.0,2078.0,2.0,2.0,222671.0,126118.0,1801398.0,1569586.0,23911.0,0.0
418,2.0,1.3756257544627677e+19,20587328.0,24354.0,2.0,1.0,3539.0,8663.0,12423.0,12279.0,8813627.0,1.0
419,1.0,5.998778395684809e+18,20319703.0,33117.0,2.0,2.0,21.0,12.0,301.0,570.0,542150.0,1.0
420,1.0,1.205787899908646e+19,20174713.0,27961.0,1.0,1.0,19101902.0,18101.0,17951.0,19621.0,9289182.0,1.0
421,1.0,1.1624066761054958e+19,3373977.0,5962.0,2.0,1.0,1133.0,5393.0,171.0,217.0,12973012.0,1.0
422,1.0,1.1029660940276564e+19,3834142.0,27485.0,1.0,1.0,2.0,8.0,28.0,209.0,524663.0,0.0
423,2.0,8.284394239221495e+18,21068112.0,18594.0,2.0,2.0,646039.0,15806.0,424152.0,370085.0,2206147.0,1.0
424,1.0,1.4340390157469403e+19,3109028.0,23777.0,2.0,2.0,1818.0,1904.0,2706.0,2965.0,11352.0,1.0
425,1.0,8.011446749083329e+18,22141830.0,38671.0,3.0,2.0,3103714.0,50190.0,86488.0,276403.0,78593.0,0.0
426,1.0,1.205787899908646e+19,20163127.0,27961.0,2.0,1.0,702247.0,9507.0,15236.0,17351.0,2527.0,1.0
427,1.0,1.3993377791386427e+18,20141152.0,32491.0,3.0,1.0,729673.0,654.0,1842.0,204.0,0.0,0.0
428,1.0,1.2603648320440293e+19,20003419.0,1381.0,2.0,2.0,9029275.0,53909.0,150785.0,134102.0,321736.0,0.0
429,1.0,1.4531867648059392e+19,21780655.0,27482.0,1.0,1.0,226814.0,12916.0,15155.0,6.0,2519297.0,1.0
430,1.0,1.0846163094111152e+19,21102972.0,35456.0,3.0,1.0,7524016.0,49543.0,138828.0,193102.0,2494366.0,1.0
431,3.0,6.539424021056515e+18,3219148.0,23777.0,3.0,2.0,10.0,54.0,57.0,72.0,1436269.0,0.0
432,1.0,2.4127717961104635e+18,20067139.0,23781.0,1.0,1.0,85.0,236.0,8.0,1.0,7456492.0,0.0
433,2.0,1.099159647493597e+19,20024697.0,591.0,1.0,1.0,17571175.0,79179.0,291977.0,172163.0,80221.0,1.0
434,2.0,1.205787899908646e+19,20161615.0,27961.0,1.0,1.0,9662.0,10545.0,11771.0,8173.0,406234.0,1.0
435,1.0,9.662243402272995e+18,21273930.0,36286.0,2.0,1.0,51106.0,8198.0,553433.0,1390.0,819628.0,0.0
436,1.0,5.854749437009103e+17,20945606.0,35083.0,3.0,2.0,311344.0,5189.0,90917.0,116866.0,0.0,0.0
437,1.0,5.468727571223081e+18,20003989.0,1381.0,2.0,1.0,12633.0,17198.0,99150.0,95690.0,252720.0,1.0
438,1.0,6.814636868003141e+18,21786652.0,36729.0,3.0,2.0,7941618.0,647.0,4642.0,2370.0,0.0,0.0
439,1.0,6.752581628955036e+18,20878175.0,2424.0,1.0,1.0,6485152.0,229415.0,421735.0,493843.0,2846383.0,1.0
440,1.0,7.903914528320191e+18,21162108.0,1325.0,2.0,1.0,172.0,582.0,1683.0,3244.0,15681103.0,0.0
441,1.0,1.4340390157469403e+19,9027437.0,23808.0,1.0,1.0,24.0,19.0,20.0,20.0,1890874.0,1.0
442,1.0,1.7299638493773875e+18,9585571.0,23637.0,3.0,1.0,3717.0,32.0,236.0,112.0,5904214.0,0.0
443,1.0,7.142644197552396e+18,20273663.0,32674.0,2.0,1.0,780.0,183.0,1767.0,2144.0,13056349.0,0.0
444,1.0,1.2760934044959551e+19,10854208.0,10923.0,1.0,1.0,529698.0,208764.0,604406.0,488788.0,22830872.0,1.0
445,1.0,1.5859647530187389e+19,4285938.0,23778.0,1.0,1.0,539.0,3196.0,19.0,83.0,724275.0,1.0
446,1.0,1.8054023944582975e+19,20647406.0,29479.0,2.0,1.0,930691.0,131683.0,311882.0,2549.0,371123.0,1.0
447,1.0,5.260594170071819e+16,3048011.0,23782.0,1.0,1.0,200.0,84.0,68.0,215.0,17460536.0,1.0
448,1.0,1.6362773697454047e+19,21322761.0,16896.0,2.0,2.0,1952512.0,527535.0,3150746.0,64991.0,16485674.0,1.0
449,1.0,1.4340390157469403e+19,20668413.0,23808.0,2.0,1.0,692138.0,19456.0,3424.0,729.0,7118337.0,1.0
450,1.0,1.475960458026406e+19,4337446.0,13734.0,2.0,2.0,210325.0,344899.0,802821.0,754855.0,1142780.0,1.0
451,1.0,7.557922056799972e+18,10752150.0,30095.0,2.0,2.0,1484.0,3923.0,3112.0,3383.0,449228.0,0.0
452,1.0,1.4600073692226415e+19,21520682.0,4004.0,3.0,2.0,5153896.0,152.0,1133.0,235.0,10174907.0,0.0
453,1.0,1.6897735447496133e+19,9556458.0,14377.0,2.0,1.0,11012821.0,20882.0,19763.0,22792.0,2311783.0,0.0
454,1.0,1.4340390157469403e+19,10110295.0,23808.0,3.0,2.0,1139525.0,374.0,744.0,43.0,0.0,0.0
455,1.0,1.4340390157469403e+19,3207913.0,23777.0,3.0,1.0,3831161.0,19327.0,30693.0,28758.0,0.0,0.0
456,1.0,1.0460794781478122e+18,21920339.0,37956.0,1.0,1.0,43.0,288.0,3994.0,4258.0,9334536.0,0.0
457,1.0,2.6928596198512824e+18,4322469.0,2051.0,2.0,2.0,179.0,509.0,2943.0,3214.0,5608674.0,0.0
458,2.0,1.5883819082848147e+19,20656732.0,33834.0,2.0,1.0,433825.0,3542.0,19485.0,18748.0,0.0,1.0
459,1.0,1.5917235636287943e+19,3401618.0,17846.0,2.0,2.0,249483.0,9641.0,101767.0,89608.0,15446453.0,0.0
460,1.0,4.2981186814246446e+18,7828026.0,385.0,3.0,3.0,324322.0,198129.0,349804.0,48.0,5359909.0,1.0
461,2.0,1.4347859242938208e+19,20978678.0,33931.0,1.0,1.0,1640.0,492.0,1147.0,1353.0,22636599.0,0.0
462,1.0,1.147957373620592e+19,21164209.0,24130.0,2.0,2.0,13397371.0,81.0,404.0,584.0,230860.0,1.0
463,1.0,2.4347563200652785e+18,21173726.0,29273.0,2.0,1.0,7693.0,10747.0,98.0,69.0,0.0,1.0
464,1.0,1.186222818905916e+19,20087104.0,32254.0,1.0,1.0,1226.0,832.0,45468.0,15218.0,13625052.0,0.0
465,1.0,8.429269681940447e+18,20076440.0,8285.0,2.0,1.0,10154713.0,5191.0,8508.0,8665.0,322555.0,1.0
466,2.0,2.384965375254388e+18,21498387.0,37339.0,3.0,1.0,1605575.0,157.0,4300.0,2799.0,0.0,0.0
467,1.0,9.421811754004204e+18,20934911.0,32271.0,2.0,2.0,101808.0,40868.0,156312.0,470923.0,1257046.0,0.0
468,1.0,6.145171676363495e+18,20873074.0,34852.0,3.0,3.0,5975731.0,1005995.0,367383.0,118714.0,0.0,0.0
469,1.0,7.903914528320191e+18,21162254.0,1325.0,1.0,1.0,25048263.0,3309.0,7699.0,10538.0,4533507.0,0.0
470,1.0,7.903914528320191e+18,21162437.0,1325.0,2.0,2.0,1853.0,5793.0,17421.0,17183.0,1538605.0,0.0
471,1.0,5.260594170071819e+16,3048011.0,23782.0,1.0,1.0,275.0,761.0,484.0,735.0,20249833.0,1.0
472,1.0,1.3756257544627677e+19,20587970.0,24354.0,2.0,1.0,24626.0,12836.0,87066.0,76961.0,6788310.0,0.0
473,1.0,6.715049002232656e+18,3065545.0,23783.0,1.0,1.0,923.0,45.0,40.0,53.0,20522942.0,1.0
474,1.0,2.994924845956282e+18,20061266.0,23803.0,2.0,1.0,848600.0,239431.0,445165.0,793.0,2880423.0,0.0
475,1.0,1.0664591050012752e+19,21443408.0,30128.0,2.0,1.0,148.0,317.0,922.0,612.0,5190064.0,1.0
476,1.0,1.205787899908646e+19,20221909.0,27961.0,2.0,2.0,71099.0,200533.0,395862.0,6077.0,270854.0,1.0
477,1.0,2.3771491106577915e+18,21917400.0,35320.0,3.0,2.0,30531.0,10622.0,453834.0,102184.0,0.0,1.0
478,1.0,1.3311343438192927e+19,3806502.0,23791.0,1.0,1.0,451.0,24.0,31.0,33.0,5169107.0,1.0
479,1.0,5.260594170071819e+16,3048011.0,23782.0,1.0,1.0,12978.0,484.0,322.0,463.0,3100802.0,0.0
480,1.0,7.903914528320191e+18,21135637.0,1325.0,2.0,2.0,3525.0,8071.0,28001.0,30747.0,1923590.0,0.0
481,1.0,1.9908161544255846e+18,2912157.0,19556.0,3.0,2.0,21187.0,1212.0,217313.0,183188.0,55108.0,0.0
482,1.0,1.4756578758696272e+19,20715825.0,3625.0,2.0,1.0,1308.0,40948.0,103279.0,90610.0,174773.0,1.0
483,1.0,1.205787899908646e+19,20192652.0,27961.0,1.0,1.0,99474.0,739.0,1042.0,1370.0,8897776.0,0.0
484,1.0,6.022501597409948e+18,3190696.0,25632.0,3.0,1.0,6320449.0,28690.0,1796.0,2054.0,2642311.0,1.0
485,2.0,1.5859647530187389e+19,4291071.0,23778.0,2.0,1.0,11958.0,439.0,11.0,24.0,2703816.0,1.0
486,1.0,1.2871563470264744e+19,21167670.0,35831.0,1.0,1.0,402.0,1036.0,15639.0,22127.0,5117224.0,0.0
487,1.0,1.3503262172158704e+19,21819025.0,1185.0,1.0,1.0,531774.0,195810.0,508563.0,393.0,820633.0,0.0
488,1.0,1.205787899908646e+19,20192666.0,27961.0,1.0,1.0,1476498.0,368.0,504.0,378.0,0.0,1.0
489,1.0,1.7299638493773875e+18,9896500.0,23637.0,2.0,1.0,59571.0,2563.0,4233.0,123.0,1765820.0,0.0
490,1.0,1.621353013289259e+19,21435867.0,35656.0,3.0,1.0,20981.0,13496.0,421725.0,2071.0,0.0,0.0
491,1.0,6.040512961117848e+18,20881731.0,30218.0,2.0,2.0,11826598.0,1047.0,19842.0,21342.0,13726257.0,1.0
492,1.0,1.807861800280327e+19,22182223.0,38797.0,1.0,1.0,2671.0,16.0,461.0,599.0,38338.0,0.0
493,1.0,1.0640182881678926e+19,21796541.0,37709.0,2.0,1.0,186908.0,114007.0,178821.0,276412.0,14421083.0,0.0
494,1.0,1.8045561712109976e+19,21381686.0,35978.0,2.0,2.0,61638.0,54206.0,339532.0,45740.0,30233.0,1.0
495,12.0,5.260594170071819e+16,3048011.0,23782.0,2.0,1.0,12043.0,484.0,322.0,463.0,0.0,1.0
496,1.0,1.6709405790339167e+18,20330677.0,33157.0,2.0,1.0,10894.0,29546.0,555937.0,1052.0,11733169.0,1.0
497,32.0,1.6258649554399928e+19,21230452.0,36220.0,3.0,1.0,1026.0,4990.0,1748.0,362.0,0.0,1.0
498,1.0,2.338929193756991e+18,20286637.0,879.0,2.0,2.0,99087.0,2681.0,340.0,11415.0,4324189.0,0.0
499,1.0,2.6928596198512824e+18,4291686.0,2051.0,1.0,1.0,40229.0,29382.0,8405.0,63.0,3014176.0,1.0
500,1.0,5.120683440510468e+18,8676724.0,1268.0,2.0,2.0,4148684.0,7706.0,17248.0,13.0,0.0,0.0
501,1.0,1.205787899908646e+19,20157524.0,27961.0,1.0,1.0,1022206.0,384607.0,1487473.0,1341602.0,255474.0,0.0
502,1.0,1.4779296507062135e+19,21338871.0,36610.0,1.0,1.0,229001.0,405.0,25254.0,22558.0,0.0,0.0
503,1.0,2.2533712796070433e+18,4433351.0,10516.0,2.0,1.0,326230.0,25324.0,79650.0,3132.0,3012340.0,1.0
504,1.0,6.014360733098618e+18,20490042.0,30201.0,2.0,2.0,311064.0,167564.0,724962.0,618755.0,3913.0,0.0
505,1.0,1.2903942443975273e+18,20001266.0,8830.0,2.0,1.0,15445937.0,233478.0,744110.0,1307578.0,2791438.0,0.0
506,1.0,5.851252814446936e+18,20135770.0,28698.0,2.0,2.0,2678102.0,129.0,1619.0,14954.0,0.0,0.0
507,4.0,1.6264381669069736e+19,3838179.0,22293.0,1.0,1.0,20174625.0,10793.0,41023.0,40949.0,30193.0,1.0
508,1.0,5.120683440510468e+18,8676728.0,1268.0,2.0,1.0,13577105.0,172.0,507.0,13.0,5970733.0,1.0
509,1.0,1.1315908569713166e+19,20309654.0,18070.0,2.0,1.0,6523885.0,833804.0,749.0,947.0,3239048.0,0.0
510,2.0,5.664657886268478e+18,21442130.0,37070.0,2.0,2.0,10826.0,65139.0,266369.0,222041.0,0.0,1.0
511,1.0,1.4340390157469403e+19,20643970.0,23808.0,2.0,1.0,38.0,20.0,9.0,9.0,1232317.0,1.0
512,12.0,5.851252814446936e+18,10436965.0,28698.0,2.0,2.0,2527.0,1573.0,49611.0,49909.0,0.0,1.0
513,1.0,2.0109922694477169e+18,22141731.0,38772.0,3.0,3.0,4414320.0,42679.0,1363302.0,1081848.0,1215791.0,1.0
514,1.0,3.4986721607291105e+18,2327626.0,11240.0,2.0,1.0,9050.0,7182.0,35742.0,33426.0,140632.0,0.0
515,1.0,2.470253408587162e+18,21193219.0,35900.0,1.0,1.0,7.0,5.0,141.0,187.0,19512591.0,1.0
516,1.0,2.3553977033639875e+18,21965240.0,38207.0,2.0,2.0,3883.0,2165.0,67859.0,57685.0,7379009.0,0.0
517,1.0,3.299785660998926e+18,21111696.0,18642.0,2.0,1.0,2653.0,1211.0,19459.0,22891.0,15198304.0,1.0
518,1.0,1.4756578758696272e+19,20715824.0,3625.0,2.0,2.0,14994683.0,17717.0,117547.0,113627.0,107850.0,1.0
519,1.0,1.205787899908646e+19,20222693.0,27961.0,1.0,1.0,320.0,326.0,215.0,319.0,16167825.0,1.0
520,1.0,5.5111324610218e+18,2718845.0,10040.0,2.0,1.0,4670707.0,7323.0,19179.0,20556.0,0.0,1.0
521,1.0,1.3756257544627677e+19,10793995.0,24354.0,3.0,1.0,77030.0,591.0,760.0,828.0,454622.0,1.0
522,1.0,1.205787899908646e+19,20183785.0,27961.0,1.0,1.0,1973.0,102.0,161.0,244.0,42292.0,0.0
523,1.0,5.851252814446936e+18,20130247.0,28698.0,3.0,2.0,804.0,2531.0,8366.0,8473.0,10041.0,1.0
524,1.0,6.304301414549714e+18,9124316.0,2560.0,3.0,2.0,1505.0,6328.0,22639.0,22786.0,2171434.0,1.0
525,1.0,5.07990106805139e+18,7649364.0,25928.0,3.0,2.0,140447.0,203957.0,1091279.0,929983.0,2370.0,0.0
526,1.0,6.985924435961415e+18,21204622.0,36005.0,2.0,1.0,9069135.0,5932.0,3255.0,1687.0,0.0,1.0
527,1.0,7.903914528320191e+18,21162510.0,1325.0,1.0,1.0,57920.0,18080.0,37088.0,36093.0,129000.0,1.0
528,2.0,1.526717023645375e+19,21015944.0,35081.0,2.0,1.0,510462.0,335922.0,1090407.0,869450.0,10016292.0,1.0
529,1.0,1.4035724492579815e+19,21866159.0,37425.0,1.0,1.0,24675143.0,146911.0,1137526.0,897519.0,0.0,0.0
530,1.0,1.4340390157469403e+19,9027213.0,23808.0,2.0,1.0,1.0,1.0,0.0,0.0,11965916.0,1.0
531,1.0,1.2697890536318667e+19,20936430.0,28779.0,1.0,1.0,209912.0,83704.0,109807.0,88868.0,942822.0,1.0
532,1.0,1.3734064051249175e+19,2553422.0,6605.0,1.0,1.0,15971.0,2186.0,95923.0,84531.0,3689992.0,0.0
533,1.0,1.3384857948156529e+18,20802252.0,33931.0,1.0,1.0,2515401.0,2230.0,4009.0,9149.0,17500865.0,1.0
534,1.0,5.998778395684809e+18,20319718.0,33117.0,2.0,2.0,12973.0,139.0,1027.0,1743.0,470130.0,0.0
535,1.0,1.3756257544627677e+19,8350708.0,24035.0,2.0,1.0,326.0,1008.0,7361.0,2090.0,13681643.0,1.0
536,1.0,9.004035880665279e+18,20595493.0,33800.0,2.0,1.0,10600.0,9874.0,10987.0,13870.0,15863203.0,1.0
537,1.0,1.0690898138793097e+19,5789339.0,23794.0,1.0,1.0,7889.0,12380.0,514.0,745.0,21643897.0,1.0
538,1.0,8.802768287123155e+18,20121297.0,29106.0,3.0,1.0,504144.0,39794.0,351.0,432.0,1357669.0,0.0
539,1.0,5.851252814446936e+18,21477813.0,28698.0,3.0,1.0,26617.0,91378.0,372565.0,305652.0,71687.0,1.0
540,1.0,1.7363854844105064e+19,20017078.0,23798.0,1.0,1.0,16301438.0,4654.0,4.0,3895.0,2764938.0,0.0
541,1.0,5.851252814446936e+18,10779170.0,28698.0,3.0,2.0,7060609.0,13099.0,116100.0,170088.0,206012.0,1.0
542,1.0,1.0155295045794103e+19,21438579.0,10985.0,2.0,1.0,8.0,851.0,8039.0,8194.0,16664688.0,1.0
543,1.0,1.4340390157469403e+19,9027458.0,23808.0,2.0,1.0,130735.0,1662.0,195.0,284.0,3022181.0,1.0
544,1.0,8.069891033494757e+18,3881965.0,4865.0,2.0,2.0,1100.0,2471.0,11491.0,2129.0,572758.0,0.0
545,1.0,8.248191404592846e+17,4357244.0,8193.0,1.0,1.0,307.0,130.0,3181.0,3594.0,3629894.0,0.0
546,1.0,1.5697348735728794e+19,21467325.0,37100.0,3.0,3.0,1483937.0,8350.0,500603.0,540645.0,110653.0,0.0
547,1.0,3.558787559009577e+18,21954272.0,38024.0,2.0,2.0,434873.0,7131.0,79302.0,70500.0,4434959.0,1.0
548,2.0,1.4340390157469403e+19,10397422.0,23808.0,1.0,1.0,135.0,13.0,50.0,15.0,9031771.0,1.0
549,2.0,7.322741936158956e+18,21783999.0,28441.0,2.0,1.0,2490.0,5670.0,16571.0,10969.0,4662067.0,0.0
550,1.0,1.3384857948156529e+18,20802276.0,33931.0,1.0,1.0,195.0,790.0,12517.0,9815.0,18408136.0,1.0
551,1.0,8.624410930658001e+18,1601499.0,359.0,2.0,1.0,1686962.0,843.0,7609.0,5514.0,0.0,0.0
552,1.0,1.4347859242938208e+19,21022176.0,33931.0,2.0,2.0,91313.0,29398.0,56681.0,1721.0,13223911.0,1.0
553,1.0,1.4340390157469403e+19,9027213.0,23808.0,2.0,1.0,5.0,1.0,0.0,0.0,16661765.0,0.0
554,5.0,8.223919200601411e+18,4252683.0,21358.0,2.0,1.0,2110469.0,10641.0,328756.0,162565.0,10040842.0,1.0
555,3.0,1.5822134238473933e+19,20144311.0,23804.0,1.0,1.0,684.0,2405.0,1512.0,2040.0,327164.0,1.0
556,31.0,1.0493494137545437e+19,4319081.0,19755.0,1.0,1.0,4851.0,3845.0,34256.0,35866.0,0.0,1.0
557,2.0,4.2981186814246446e+18,3051490.0,385.0,1.0,1.0,19168830.0,89212.0,577772.0,172.0,1974158.0,1.0
558,1.0,5.589649412465737e+18,20949615.0,35067.0,2.0,1.0,14585219.0,90083.0,254207.0,42.0,913146.0,1.0
559,1.0,1.4340390157469403e+19,4707867.0,23777.0,2.0,2.0,8698119.0,1227.0,2491.0,2743.0,391101.0,1.0
560,7.0,8.606853219526026e+17,21264018.0,36424.0,2.0,1.0,335002.0,190399.0,547431.0,78768.0,47606.0,1.0
561,1.0,7.903914528320191e+18,21162543.0,1325.0,2.0,1.0,15697.0,238.0,727.0,1095.0,1910193.0,0.0
562,1.0,5.851252814446936e+18,20141112.0,28698.0,2.0,1.0,317.0,656.0,12791.0,6008.0,2841230.0,1.0
563,1.0,7.903914528320191e+18,21162485.0,1325.0,2.0,2.0,667169.0,244180.0,833729.0,653436.0,493096.0,1.0
564,1.0,7.903914528320191e+18,21162422.0,1325.0,2.0,1.0,2635.0,7261.0,15369.0,17046.0,11824359.0,0.0
565,1.0,1.4340390157469403e+19,9027213.0,23808.0,2.0,1.0,1.0,1.0,0.0,0.0,735458.0,0.0
566,1.0,7.449121224681761e+18,20915546.0,30012.0,1.0,1.0,2966854.0,206.0,159955.0,136854.0,0.0,0.0
567,1.0,2.2673780089938706e+18,4418722.0,25004.0,2.0,2.0,709955.0,10484.0,10585.0,10577.0,1888173.0,1.0
568,4.0,4.2981186814246446e+18,3699249.0,385.0,2.0,1.0,904402.0,341215.0,1149491.0,954380.0,0.0,1.0
569,1.0,1.5145480155589095e+19,21183719.0,23807.0,2.0,1.0,2669401.0,3530.0,2221.0,8.0,140481.0,0.0
570,1.0,8.00767754067438e+18,20171832.0,23789.0,1.0,1.0,3187.0,7508.0,483.0,640.0,21118896.0,1.0
571,1.0,4.203081172173604e+18,4427111.0,28647.0,2.0,2.0,10432.0,39250.0,46052.0,29910.0,15393796.0,1.0
572,1.0,1.3756257544627677e+19,20587299.0,24354.0,2.0,2.0,14997319.0,185.0,2279.0,2515.0,2999259.0,1.0
573,1.0,5.07990106805139e+18,7462083.0,25928.0,1.0,1.0,18589216.0,22149.0,45831.0,109474.0,5897.0,0.0
574,1.0,1.3384857948156529e+18,20802266.0,33931.0,3.0,3.0,184.0,291.0,33426.0,64425.0,10323920.0,0.0
575,1.0,1.741072855121659e+19,21592909.0,37494.0,2.0,1.0,600260.0,8651.0,456650.0,23413.0,1071055.0,1.0
576,1.0,1.4340390157469403e+19,6434912.0,23777.0,2.0,1.0,2662.0,16.0,36.0,44.0,36701.0,0.0
577,1.0,1.4340390157469403e+19,21163921.0,23808.0,1.0,1.0,198.0,255.0,414.0,38.0,16896501.0,1.0
578,1.0,1.205787899908646e+19,20163203.0,27961.0,1.0,1.0,665.0,1750.0,1132.0,1349.0,17512023.0,1.0
579,1.0,1.205787899908646e+19,20163505.0,27961.0,1.0,1.0,103617.0,76.0,359.0,719.0,17133881.0,0.0
580,1.0,1.4340390157469403e+19,9027633.0,23808.0,1.0,1.0,133993.0,10974.0,2905.0,3178.0,10243307.0,1.0
581,1.0,1.7313255053256755e+19,4371404.0,843.0,2.0,1.0,22464.0,743.0,1364.0,1758.0,4602262.0,1.0
582,1.0,1.7287833144786117e+19,20745039.0,4873.0,3.0,2.0,1050.0,3475.0,18097.0,11562.0,94262.0,0.0
583,3.0,6.715049002232656e+18,3065545.0,23783.0,1.0,1.0,251.0,60.0,54.0,78.0,8706284.0,1.0
584,1.0,7.903914528320191e+18,21162251.0,1325.0,2.0,2.0,5376.0,130.0,752.0,1702.0,5459014.0,0.0
585,1.0,1.147957373620592e+19,21164185.0,24130.0,3.0,1.0,449987.0,441831.0,1024277.0,817687.0,955585.0,1.0
586,1.0,1.205787899908646e+19,20183690.0,27961.0,2.0,2.0,1527.0,1764.0,5262.0,7010.0,2118869.0,0.0
587,1.0,1.0886090726356115e+19,21751485.0,2220.0,2.0,1.0,7436.0,4392.0,25882.0,24471.0,2728416.0,0.0
588,1.0,1.2236336944143577e+19,21300439.0,35141.0,2.0,1.0,2490.0,5670.0,19913.0,37066.0,530076.0,1.0
589,1.0,3.2643867987004554e+18,10869233.0,30419.0,2.0,1.0,27516.0,40262.0,533496.0,34450.0,0.0,1.0
590,1.0,9.004035880665279e+18,20595493.0,33800.0,2.0,2.0,563413.0,197.0,951.0,1338.0,1022626.0,1.0
591,1.0,1.4347859242938208e+19,21022176.0,33931.0,2.0,2.0,3544.0,1059.0,4823.0,1721.0,8963270.0,1.0
592,1.0,2.6928596198512824e+18,4212764.0,2051.0,3.0,1.0,1128.0,30.0,163.0,56.0,4245999.0,1.0
593,1.0,1.205787899908646e+19,20183707.0,27961.0,2.0,1.0,139.0,261.0,323.0,497.0,14363854.0,0.0
594,1.0,5.226973959665842e+18,21187782.0,34590.0,3.0,2.0,215773.0,45869.0,339900.0,357857.0,0.0,0.0
595,1.0,1.205787899908646e+19,20185528.0,27961.0,1.0,1.0,63467.0,128349.0,919697.0,995.0,0.0,0.0
596,1.0,9.60176539679029e+18,20054316.0,23802.0,2.0,2.0,45291.0,9518.0,9163.0,5713.0,223302.0,0.0
597,2.0,7.903914528320191e+18,20878433.0,2010.0,3.0,3.0,31093.0,2335.0,6404.0,5291.0,344231.0,0.0
598,1.0,3.39612615609747e+18,4414823.0,27966.0,2.0,1.0,535759.0,1706.0,3150.0,17524.0,0.0,0.0
599,1.0,2.137528403495601e+18,20218257.0,23801.0,2.0,1.0,195.0,377.0,280.0,425.0,1577528.0,1.0
600,1.0,1.205787899908646e+19,20223016.0,27961.0,2.0,2.0,106.0,4391.0,3265.0,3685.0,15577257.0,0.0
601,1.0,8.390751886332699e+18,20869950.0,854.0,2.0,1.0,13210633.0,905.0,21866.0,23438.0,4229896.0,1.0
602,1.0,1.4340390157469403e+19,6435031.0,23777.0,2.0,2.0,8988483.0,80.0,859.0,1175.0,0.0,0.0
603,1.0,2.9343330775885e+18,20048127.0,22304.0,1.0,1.0,16151407.0,2239.0,21330.0,14797.0,0.0,1.0
604,4.0,1.205787899908646e+19,20146619.0,27961.0,3.0,3.0,505792.0,104301.0,387957.0,318251.0,0.0,0.0
605,1.0,7.903914528320191e+18,20623359.0,2012.0,1.0,1.0,22361953.0,109530.0,303771.0,229.0,1274818.0,0.0
606,1.0,6.261273827957158e+17,20593239.0,5825.0,3.0,2.0,84111.0,94612.0,342744.0,8199.0,2591869.0,0.0
607,1.0,5.851252814446936e+18,21477551.0,28698.0,2.0,1.0,2006.0,1677.0,87063.0,32009.0,610586.0,1.0
608,10.0,4.2981186814246446e+18,7809799.0,385.0,3.0,3.0,12066.0,7722.0,12078.0,5489.0,0.0,1.0
609,1.0,8.119057108691817e+18,20876635.0,34760.0,1.0,1.0,355.0,199.0,34.0,40.0,17892561.0,0.0
610,27.0,1.4756578758696272e+19,21437376.0,3625.0,2.0,1.0,34817.0,78244.0,100355.0,88260.0,0.0,1.0
611,1.0,4.8692858159735e+18,20066710.0,27341.0,1.0,1.0,83136.0,115940.0,1515.0,1777.0,22355540.0,0.0
612,1.0,1.3871191115261514e+19,22185221.0,38315.0,2.0,2.0,364735.0,45465.0,745689.0,689979.0,40313.0,0.0
613,1.0,1.5055522776556423e+19,20967415.0,35253.0,3.0,2.0,389357.0,1563.0,4067.0,277.0,612382.0,0.0
614,1.0,4.192533441706128e+18,21480653.0,2533.0,2.0,1.0,18114.0,1365.0,342401.0,282121.0,0.0,0.0
615,1.0,8.99455707050858e+18,20030165.0,23799.0,2.0,1.0,1878.0,73.0,122.0,180.0,12722597.0,1.0
616,1.0,1.3841601727746605e+19,21197986.0,35857.0,1.0,1.0,6142.0,10135.0,2652.0,47678.0,188706.0,0.0
617,1.0,2.061296188583326e+18,4971372.0,387.0,3.0,3.0,73240.0,4360.0,9477.0,482.0,0.0,0.0
618,3.0,1.2048069588592347e+19,20361520.0,33195.0,1.0,1.0,981.0,9877.0,9390.0,9420.0,307028.0,1.0
619,2.0,1.472550456157058e+19,21251382.0,36336.0,1.0,1.0,8134084.0,53883.0,525002.0,487651.0,0.0,0.0
620,1.0,1.1315908569713166e+19,20311286.0,18070.0,2.0,1.0,1232.0,15034.0,208.0,305.0,15436906.0,0.0
621,1.0,6.304301414549714e+18,9124316.0,2560.0,3.0,1.0,465.0,432.0,762.0,1061.0,4216853.0,1.0
622,1.0,4.192533441706128e+18,20148847.0,2533.0,2.0,1.0,951003.0,32517.0,75488.0,76181.0,231288.0,0.0
623,1.0,3.4768099784495734e+18,21183770.0,26792.0,3.0,1.0,2843027.0,12935.0,24767.0,23465.0,0.0,0.0
624,1.0,1.099159647493597e+19,20023187.0,591.0,2.0,1.0,67619.0,47634.0,135941.0,63189.0,1986384.0,0.0
625,1.0,9.264217531000919e+17,21205310.0,36039.0,2.0,1.0,8717751.0,899.0,1645.0,13613.0,1469507.0,0.0
626,1.0,3.558123187021362e+18,20140768.0,5566.0,1.0,1.0,7685.0,10947.0,17127.0,13238.0,23790661.0,1.0
627,1.0,3.2975417656117156e+18,10224039.0,28138.0,2.0,1.0,4239.0,1426.0,326995.0,273113.0,12900411.0,1.0
628,1.0,1.205787899908646e+19,20161851.0,27961.0,2.0,1.0,65328.0,127372.0,248434.0,226381.0,338623.0,0.0
629,5.0,4.32631776339494e+18,21921151.0,38054.0,3.0,2.0,1865.0,72347.0,302599.0,307209.0,0.0,0.0
630,1.0,1.6458916817525932e+19,8929475.0,4947.0,1.0,1.0,5136349.0,52292.0,53720.0,14697.0,4346442.0,0.0
631,1.0,4.110348821605919e+18,2928919.0,19549.0,3.0,1.0,7702468.0,2473.0,41164.0,42663.0,0.0,0.0
632,6.0,1.4340390157469403e+19,9027213.0,23808.0,2.0,1.0,5.0,1.0,0.0,0.0,1022250.0,1.0
633,1.0,1.5005909604118043e+19,20369836.0,33268.0,3.0,1.0,8677.0,5174.0,62451.0,8519.0,813122.0,1.0
634,1.0,5.58229175359643e+18,9025401.0,4934.0,3.0,1.0,60581.0,30900.0,35885.0,40618.0,2840764.0,1.0
635,1.0,1.2012218713126756e+19,21247910.0,36292.0,3.0,1.0,26362.0,3595.0,372754.0,203470.0,131899.0,0.0
636,3.0,1.5145480155589095e+19,20889026.0,23807.0,2.0,2.0,2.0,11.0,5.0,11.0,146919.0,0.0
637,1.0,1.205787899908646e+19,20185602.0,27961.0,1.0,1.0,3724561.0,2267.0,2382.0,2992.0,16027595.0,0.0
638,1.0,1.205787899908646e+19,20183655.0,27961.0,1.0,1.0,21469378.0,4740.0,10201.0,11762.0,21322465.0,1.0
639,1.0,1.578511299927674e+19,20908196.0,35088.0,3.0,2.0,0.0,0.0,2.0,5.0,11123603.0,0.0
640,1.0,1.3406198212053942e+19,20937849.0,35213.0,2.0,1.0,27656.0,12386.0,504821.0,619674.0,0.0,1.0
641,3.0,1.205787899908646e+19,20163505.0,27961.0,1.0,1.0,57717.0,76.0,359.0,534.0,0.0,0.0
642,1.0,1.205787899908646e+19,20192676.0,27961.0,2.0,2.0,779409.0,1640.0,8733.0,18007.0,0.0,0.0
643,1.0,1.591181461155035e+19,4993102.0,13767.0,3.0,1.0,2161.0,22887.0,25092.0,1727.0,3585793.0,1.0
644,2.0,1.4340390157469403e+19,3057539.0,23777.0,2.0,1.0,28623.0,11490.0,102214.0,89708.0,3170385.0,0.0
645,1.0,1.7162033426281167e+19,21346999.0,941.0,3.0,1.0,521444.0,778.0,48994.0,58207.0,0.0,0.0
646,1.0,1.099159647493597e+19,20362883.0,591.0,2.0,1.0,6952.0,2666.0,1794.0,629.0,623879.0,0.0
647,3.0,1.746121003347708e+19,20896458.0,34994.0,2.0,1.0,66550.0,77599.0,593588.0,317324.0,0.0,0.0
648,1.0,4.006403344526142e+18,21362225.0,36760.0,2.0,1.0,119.0,147.0,10485.0,1418.0,13961556.0,1.0
649,1.0,6.471812830104032e+18,20298276.0,4142.0,1.0,1.0,10584859.0,812.0,51680.0,28078.0,306517.0,1.0
650,1.0,1.8078062099814697e+19,8054971.0,8408.0,2.0,2.0,22558.0,12132.0,2396.0,26164.0,14326798.0,1.0
651,1.0,8.560114884066322e+18,4265667.0,19274.0,3.0,3.0,19886.0,8462.0,16586.0,8141.0,0.0,0.0
652,1.0,9.279176529507936e+18,10673590.0,23649.0,2.0,2.0,145381.0,214175.0,563828.0,502571.0,14213949.0,1.0
653,1.0,1.5938244500400929e+19,22071327.0,38362.0,3.0,3.0,692635.0,42.0,25486.0,97145.0,1968888.0,0.0
654,1.0,9.573487645018952e+18,1973398.0,1339.0,2.0,1.0,1332.0,675.0,450.0,750.0,14122521.0,1.0
655,1.0,9.799362736825778e+18,21127054.0,11709.0,3.0,3.0,2307647.0,794.0,2960.0,11406.0,2775.0,0.0
656,1.0,4.242948718502748e+18,20214576.0,29696.0,2.0,1.0,4376476.0,7329.0,5965.0,2582.0,254891.0,0.0
657,1.0,8.15725380308311e+18,22097214.0,38534.0,3.0,3.0,8627338.0,1147.0,24078.0,22813.0,0.0,0.0
658,1.0,1.4140300435418186e+18,20208853.0,1502.0,2.0,2.0,732.0,38.0,234.0,344.0,1651780.0,0.0
659,6.0,1.205787899908646e+19,20160312.0,27961.0,1.0,1.0,37210.0,5030.0,48392.0,46102.0,0.0,0.0
660,2.0,1.0962780373895236e+19,21205888.0,6104.0,2.0,1.0,6004262.0,17066.0,23651.0,7804.0,14751.0,0.0
661,1.0,2.0021430589649848e+18,20562135.0,24124.0,2.0,1.0,3312.0,2032.0,882.0,1097.0,1449901.0,0.0
662,1.0,6.356421336607178e+18,20666336.0,33245.0,2.0,1.0,15125938.0,28127.0,48665.0,54870.0,0.0,1.0
663,1.0,1.205787899908646e+19,20185489.0,27961.0,2.0,2.0,1756.0,1088.0,3300.0,3836.0,2364393.0,1.0
664,1.0,5.248677089141299e+18,20877261.0,34756.0,2.0,1.0,30.0,1098.0,24752.0,27936.0,1530117.0,1.0
665,1.0,2.7204452571894666e+18,22094060.0,38473.0,3.0,2.0,212058.0,670.0,236267.0,20970.0,3956653.0,0.0
666,1.0,1.1281231645617506e+19,20701685.0,34380.0,2.0,1.0,131240.0,51777.0,929736.0,49132.0,0.0,0.0
667,1.0,1.0336838597420036e+19,10761557.0,30269.0,2.0,2.0,9484.0,8159.0,114280.0,101822.0,7514813.0,1.0
668,1.0,1.4340390157469403e+19,10110373.0,23808.0,2.0,1.0,1139221.0,333.0,513.0,10.0,4852987.0,1.0
669,1.0,1.4340390157469403e+19,20643904.0,23808.0,2.0,1.0,50116.0,86121.0,4854.0,9.0,11050662.0,1.0
670,1.0,1.7537770627114689e+19,21893878.0,36662.0,2.0,1.0,81502.0,13372.0,684183.0,562201.0,2751180.0,0.0
671,1.0,2.6928596198512824e+18,4321470.0,2051.0,2.0,1.0,58.0,151.0,475.0,626.0,3794945.0,1.0
672,2.0,1.2602454540062484e+19,21402240.0,36910.0,2.0,1.0,200280.0,169803.0,911202.0,1641321.0,0.0,1.0
673,1.0,1.8096118661859746e+19,20383244.0,8850.0,2.0,2.0,1850689.0,258.0,850.0,1214.0,116199.0,0.0
674,1.0,2.6928596198512824e+18,4330166.0,2051.0,1.0,1.0,1706.0,2683.0,7960.0,8119.0,479085.0,1.0
675,1.0,9.806838428950888e+18,21811758.0,37737.0,1.0,1.0,18949144.0,20754.0,18418.0,34724.0,7629519.0,0.0
676,2.0,1.3661526708900024e+19,7181894.0,2323.0,3.0,1.0,166716.0,166208.0,274692.0,2011.0,6163169.0,1.0
677,1.0,7.19827929135142e+18,21939543.0,38115.0,3.0,2.0,226833.0,91.0,233.0,309.0,2226891.0,0.0
678,1.0,1.205787899908646e+19,20170556.0,27961.0,2.0,2.0,61.0,64.0,184.0,334.0,722735.0,1.0
679,1.0,1.1288378057162324e+19,21327041.0,879.0,2.0,1.0,16490.0,2788.0,15735.0,4708.0,3890849.0,0.0
680,1.0,1.4340390157469403e+19,20640124.0,23808.0,1.0,1.0,25793080.0,2388.0,1658.0,2574.0,0.0,1.0
681,1.0,1.205787899908646e+19,20163588.0,27961.0,1.0,1.0,19185538.0,38242.0,50446.0,50090.0,15880377.0,0.0
682,1.0,1.3769063567867974e+19,20936118.0,25928.0,2.0,1.0,3913397.0,153606.0,478323.0,390967.0,265690.0,1.0
683,2.0,1.205787899908646e+19,20157628.0,27961.0,3.0,3.0,0.0,0.0,7.0,14.0,6363289.0,0.0
684,1.0,1.4140300435418186e+18,20384436.0,1502.0,2.0,1.0,389.0,297.0,113.0,153.0,1219550.0,1.0
685,1.0,2.0378347274806943e+18,20595383.0,854.0,2.0,1.0,10128.0,23220.0,29237.0,112986.0,7172470.0,1.0
686,1.0,5.764261266378217e+18,20208029.0,32829.0,3.0,3.0,92174.0,721.0,4113.0,4246.0,334694.0,0.0
687,1.0,9.275289797643727e+18,20505721.0,18702.0,2.0,2.0,8856304.0,21469.0,75270.0,15407.0,0.0,0.0
688,1.0,6.912851286990253e+18,20041492.0,18918.0,2.0,1.0,1489384.0,592374.0,330491.0,296393.0,636703.0,1.0
689,1.0,1.4531867648059392e+19,21783689.0,27482.0,1.0,1.0,26207.0,27355.0,27618.0,6.0,1675320.0,0.0
690,1.0,1.6569316228173758e+19,21195022.0,35991.0,3.0,3.0,8321.0,2244.0,4207.0,2497.0,0.0,0.0
691,1.0,1.4531867648059392e+19,21780076.0,27482.0,3.0,3.0,7869555.0,626.0,2762.0,6.0,0.0,0.0
692,1.0,1.3756257544627677e+19,8350708.0,24035.0,2.0,1.0,326.0,1008.0,7361.0,2090.0,236807.0,1.0
693,7.0,5.888277431783336e+18,4352279.0,6520.0,1.0,1.0,664057.0,6417.0,4652.0,5521.0,56018.0,1.0
694,1.0,7.49945427299108e+18,21730619.0,11121.0,3.0,3.0,2903732.0,140779.0,1720219.0,32282.0,0.0,0.0
695,2.0,1.7048157053491532e+19,2902535.0,11418.0,2.0,2.0,1212783.0,26728.0,52887.0,175110.0,0.0,0.0
696,1.0,1.4340390157469403e+19,6435013.0,23777.0,3.0,1.0,8.0,15.0,421.0,553.0,6004254.0,1.0
697,1.0,1.3567700979146234e+19,20697584.0,34296.0,2.0,1.0,906311.0,426.0,1082.0,1279.0,13307922.0,1.0
698,1.0,1.4340390157469403e+19,10335566.0,23808.0,2.0,1.0,10944.0,2710.0,1749.0,144.0,11721878.0,1.0
699,1.0,5.5111324610218e+18,4329534.0,10040.0,2.0,1.0,18027.0,3388.0,2723.0,3249.0,14223976.0,1.0
700,1.0,3.5873902269220603e+18,21115561.0,23279.0,1.0,1.0,1449.0,853.0,1083.0,2184.0,19378933.0,1.0
701,1.0,7.903914528320191e+18,21162526.0,1325.0,1.0,1.0,64.0,10.0,24.0,25.0,85942.0,1.0
702,1.0,2.1957294574080543e+18,21959891.0,4218.0,3.0,3.0,1662315.0,154430.0,1176.0,2192.0,0.0,0.0
703,1.0,1.205787899908646e+19,20159190.0,27961.0,1.0,1.0,606514.0,293.0,264.0,3093.0,16563883.0,1.0
704,1.0,1.205787899908646e+19,20192651.0,27961.0,2.0,2.0,6452.0,16823.0,45545.0,83481.0,2601529.0,1.0
705,1.0,1.0690898138793097e+19,5789339.0,23794.0,1.0,1.0,7889.0,12380.0,514.0,745.0,18896570.0,1.0
706,1.0,4.1286333491424783e+18,20975184.0,35306.0,3.0,1.0,90510.0,17644.0,78214.0,84839.0,3869721.0,0.0
707,1.0,1.4340390157469403e+19,6434934.0,23777.0,1.0,1.0,857.0,14.0,10.0,17.0,1653370.0,1.0
708,1.0,9.329161806660276e+18,21364456.0,30027.0,2.0,2.0,45397.0,7654.0,352742.0,532469.0,492905.0,1.0
709,1.0,1.4484109060413395e+19,21713769.0,36837.0,3.0,3.0,14819.0,2087.0,672624.0,542342.0,9905166.0,0.0
710,24.0,1.5989049276530887e+19,20315044.0,23824.0,3.0,2.0,732.0,38.0,10903.0,140.0,0.0,1.0
711,1.0,6.715049002232656e+18,3065545.0,23783.0,1.0,1.0,310.0,60.0,54.0,78.0,17370840.0,1.0
712,1.0,1.4340390157469403e+19,7103506.0,23777.0,2.0,2.0,1488603.0,540.0,435.0,572.0,1566001.0,0.0
713,1.0,9.991057275835721e+17,10870969.0,30428.0,3.0,1.0,31895.0,8081.0,7929.0,8088.0,4585152.0,1.0
714,1.0,1.7376147447045272e+19,20111028.0,32153.0,2.0,1.0,1352419.0,1643.0,33358.0,37763.0,15256134.0,0.0
715,1.0,1.205787899908646e+19,20163488.0,27961.0,1.0,1.0,22163461.0,9.0,103.0,719.0,9924832.0,0.0
716,1.0,5.737078242359076e+18,3844395.0,26516.0,2.0,2.0,173600.0,31332.0,2125380.0,1673907.0,651517.0,1.0
717,1.0,1.205787899908646e+19,20185489.0,27961.0,1.0,1.0,1804.0,46.0,227.0,366.0,16891993.0,0.0
718,1.0,1.2731495173226748e+19,20776419.0,34542.0,2.0,1.0,15079479.0,642.0,92740.0,81816.0,5409624.0,0.0
719,1.0,1.0460794781478122e+18,21920339.0,37956.0,2.0,1.0,177645.0,4074.0,25655.0,24272.0,0.0,1.0
720,1.0,2.670952723278905e+18,20172874.0,23805.0,2.0,2.0,5.0,3.0,35.0,16.0,16441832.0,0.0
721,2.0,1.0814078399992603e+19,10796017.0,14313.0,3.0,2.0,3234.0,4243.0,54959.0,51635.0,67605.0,0.0
722,1.0,2.4347563200652785e+18,21173738.0,29273.0,3.0,2.0,842577.0,2907.0,98.0,69.0,100569.0,0.0
723,1.0,6.360809004806358e+18,21560691.0,18209.0,2.0,1.0,190574.0,514998.0,1253497.0,38082.0,5963710.0,1.0
724,84.0,1.9973653080238874e+18,20036869.0,28055.0,2.0,2.0,4067.0,22422.0,20302.0,39421.0,0.0,1.0
725,1.0,2.2188438361244534e+18,21405885.0,36890.0,1.0,1.0,1935.0,3609.0,61414.0,2853.0,1100380.0,1.0
726,1.0,1.3756257544627677e+19,21103916.0,24354.0,2.0,1.0,2952824.0,186.0,851.0,697.0,8395361.0,1.0
727,1.0,1.034946865176566e+19,21522776.0,37422.0,2.0,1.0,0.0,0.0,26.0,28.0,7075546.0,0.0
728,1.0,8.390751886332699e+18,20869960.0,854.0,2.0,1.0,13293692.0,2105.0,22898.0,16542.0,1535547.0,1.0
729,23.0,2.961301599190014e+18,21249753.0,36352.0,2.0,1.0,10104.0,2738.0,19813.0,21508.0,0.0,1.0
730,1.0,1.3771105145726681e+19,21205776.0,35349.0,3.0,3.0,295.0,62.0,5735.0,7051.0,406483.0,1.0
731,6.0,5.07990106805139e+18,7618371.0,25928.0,3.0,2.0,149345.0,70164.0,127896.0,129715.0,0.0,0.0
732,1.0,1.4340390157469403e+19,21163923.0,23808.0,2.0,1.0,5540714.0,2890.0,7828.0,37.0,1639881.0,0.0
733,1.0,1.3756257544627677e+19,10706719.0,24035.0,3.0,1.0,731.0,2665.0,49638.0,14905.0,1820768.0,0.0
734,1.0,1.4340390157469403e+19,3208154.0,23777.0,2.0,1.0,2211186.0,21732.0,27420.0,25911.0,119717.0,1.0
735,1.0,4.892478347556874e+18,20690294.0,34211.0,2.0,1.0,2323803.0,116958.0,170168.0,103802.0,1519949.0,1.0
736,1.0,1.205787899908646e+19,20160329.0,27961.0,1.0,1.0,523147.0,177703.0,373574.0,360510.0,294717.0,1.0
737,1.0,5.07990106805139e+18,7604815.0,25928.0,2.0,2.0,176958.0,22248.0,45502.0,48169.0,0.0,1.0
738,3.0,1.7962103236755943e+19,20436404.0,12248.0,1.0,1.0,10345561.0,97.0,174.0,253.0,3022292.0,0.0
739,2.0,7.663042434358849e+18,21220294.0,36180.0,2.0,1.0,7142063.0,3145.0,35618.0,41690.0,4622855.0,1.0
740,6.0,1.205787899908646e+19,20203709.0,27961.0,2.0,1.0,67.0,158.0,83.0,109.0,2276043.0,1.0
741,1.0,1.4531867648059392e+19,21815480.0,27485.0,3.0,3.0,19794.0,1042.0,11327.0,59.0,552315.0,1.0
742,1.0,3.8942848771866363e+18,21500376.0,32574.0,2.0,2.0,1271.0,119.0,1118.0,1319.0,4185657.0,0.0
743,1.0,1.3756257544627677e+19,4358556.0,24035.0,1.0,1.0,2952.0,5198.0,3180.0,13585.0,68572.0,1.0
744,2.0,3.7306253281194304e+17,3827183.0,23792.0,1.0,1.0,61742.0,701.0,61.0,77.0,15971197.0,1.0
745,1.0,2.137528403495601e+18,20218301.0,23801.0,2.0,2.0,20642.0,3.0,48.0,58.0,4150960.0,0.0
746,1.0,5.260594170071819e+16,3048011.0,23782.0,1.0,1.0,200.0,307.0,209.0,346.0,1762284.0,1.0
747,1.0,1.4340390157469403e+19,10110304.0,23808.0,2.0,2.0,2527.0,1573.0,4735.0,43.0,3440988.0,1.0
748,1.0,1.9952917878195843e+18,10403063.0,29479.0,2.0,2.0,23694.0,11335.0,2510.0,2771.0,662443.0,1.0
749,1.0,3.251287502677567e+18,21407310.0,19504.0,2.0,2.0,11725.0,17262.0,1783420.0,1586768.0,292449.0,1.0
750,1.0,1.205787899908646e+19,20192903.0,27961.0,1.0,1.0,107.0,2.0,82.0,275.0,1540892.0,1.0
751,1.0,1.2704534509178712e+19,20006713.0,29579.0,2.0,2.0,13507881.0,73688.0,13727.0,13514.0,1262848.0,0.0
752,2.0,8.99455707050858e+18,20030149.0,23799.0,2.0,1.0,17.0,412.0,15.0,19.0,12106287.0,1.0
753,1.0,2.1115975172883315e+18,21167206.0,35100.0,2.0,1.0,8823056.0,389.0,664.0,893.0,3073631.0,0.0
754,1.0,2917097467046029.0,20505768.0,18177.0,1.0,1.0,10297.0,14464.0,143408.0,67227.0,16159337.0,0.0
755,1.0,7.903914528320191e+18,21162542.0,1325.0,3.0,3.0,372536.0,106643.0,444096.0,36.0,958858.0,0.0
756,1.0,1.8415437192232227e+19,21375528.0,36820.0,3.0,2.0,31912.0,65879.0,268873.0,7236.0,1917898.0,0.0
757,1.0,4.1287683139663334e+17,21093861.0,14048.0,2.0,2.0,6810.0,7144.0,3501.0,3800.0,2189087.0,1.0
758,1.0,1.205787899908646e+19,20180598.0,27961.0,2.0,2.0,2113.0,2601.0,38027.0,38657.0,15226393.0,0.0
759,1.0,2.1740769468148124e+18,20584960.0,33421.0,2.0,1.0,14938231.0,1201552.0,2698197.0,1205384.0,201561.0,1.0
760,1.0,7.121934934366596e+18,21106524.0,33662.0,2.0,1.0,3970416.0,38795.0,3089959.0,889775.0,0.0,0.0
761,1.0,1.4340390157469403e+19,3110593.0,23777.0,2.0,2.0,9387281.0,55621.0,392707.0,320910.0,1333830.0,1.0
762,1.0,2.565631318136778e+18,22004988.0,38302.0,3.0,1.0,46.0,44180.0,110829.0,96958.0,10558645.0,1.0
763,1.0,2.1462527749318533e+18,21249808.0,4515.0,2.0,1.0,7178601.0,1072.0,71704.0,48695.0,145651.0,0.0
764,1.0,1.7452208363803924e+19,20886600.0,34888.0,2.0,1.0,4308145.0,71573.0,286170.0,374150.0,209115.0,0.0
765,1.0,1.4600073692226415e+19,20665934.0,4004.0,1.0,1.0,20528339.0,152.0,1133.0,235.0,231366.0,0.0
766,1.0,4.5134558761454664e+18,22095855.0,38532.0,3.0,3.0,21861.0,96.0,804.0,1067.0,571985.0,0.0
767,2.0,7.903914528320191e+18,21372569.0,2010.0,2.0,1.0,10314355.0,6.0,146.0,372.0,4072644.0,1.0
768,1.0,3.912849943271416e+18,4968818.0,4967.0,2.0,1.0,7345.0,32831.0,382347.0,310466.0,37740.0,0.0
769,1.0,1.582050931956145e+19,21722028.0,17285.0,2.0,2.0,874.0,39435.0,416463.0,512392.0,2166.0,1.0
770,1.0,9.707688256120834e+18,21339850.0,26319.0,2.0,1.0,6629515.0,4889.0,455423.0,104741.0,0.0,0.0
771,6.0,7.903914528320191e+18,21163518.0,1325.0,2.0,2.0,15826.0,12667.0,34623.0,45.0,156989.0,1.0
772,1.0,1.1750785036486371e+19,21325100.0,36427.0,2.0,2.0,46.0,77.0,5638.0,6296.0,3973594.0,0.0
773,1.0,1.5784580273948104e+18,10612815.0,21232.0,3.0,1.0,12310.0,47555.0,155573.0,12735.0,0.0,0.0
774,1.0,5.5111324610218e+18,10854307.0,10040.0,3.0,1.0,55556.0,14413.0,101187.0,5492.0,757880.0,1.0
775,1.0,1.6651755825741746e+19,21126939.0,35659.0,2.0,1.0,3512879.0,56618.0,123928.0,162941.0,995126.0,1.0
776,1.0,1.590505405160135e+19,21727358.0,37596.0,3.0,3.0,8082.0,3184.0,132479.0,114651.0,11080894.0,1.0
777,1.0,1.1436740804012392e+18,21347726.0,24897.0,2.0,2.0,101513.0,82882.0,824681.0,250822.0,252986.0,1.0
778,3.0,1.205787899908646e+19,20163505.0,27961.0,1.0,1.0,16107.0,1046.0,926.0,1270.0,20283090.0,1.0
779,2.0,1.802732184055217e+19,21963784.0,38202.0,2.0,1.0,4.0,12.0,662.0,702.0,1298742.0,1.0
780,1.0,2.385431732375965e+18,7216240.0,1367.0,2.0,1.0,195719.0,127165.0,212346.0,203178.0,2533636.0,0.0
781,1.0,1.7689909793228013e+17,21389959.0,35022.0,1.0,1.0,21203005.0,3691.0,8486.0,7021.0,0.0,1.0
782,1.0,1.6635234494787436e+18,21832117.0,10956.0,1.0,1.0,965469.0,6559.0,8959.0,864.0,1714978.0,0.0
783,1.0,2.137528403495601e+18,20218303.0,23801.0,1.0,1.0,1255.0,3311.0,597.0,785.0,11418624.0,1.0
784,2.0,2.994924845956282e+18,20061268.0,23803.0,1.0,1.0,1808.0,4514.0,106.0,73.0,305424.0,1.0
785,1.0,1.8154622420389906e+19,21315407.0,32244.0,2.0,1.0,3077040.0,774148.0,2132378.0,2162755.0,6214532.0,1.0
786,2.0,1.5859647530187389e+19,4291071.0,23778.0,3.0,1.0,102197.0,439.0,11.0,24.0,4978205.0,1.0
787,1.0,1.205787899908646e+19,20174764.0,27961.0,1.0,1.0,10732731.0,381.0,1242.0,4430.0,0.0,1.0
788,1.0,8.323416633313459e+18,21261705.0,36135.0,2.0,1.0,17.0,18.0,1050.0,1254.0,3568720.0,1.0
789,1.0,6.742248511424272e+18,21019440.0,17992.0,2.0,1.0,1053.0,735.0,9692.0,10416.0,7181444.0,1.0
790,1.0,2.961301599190014e+18,21249757.0,36352.0,3.0,1.0,3214931.0,54683.0,127369.0,137929.0,0.0,1.0
791,1.0,1.0710025208886284e+19,8343286.0,11700.0,2.0,1.0,191894.0,4667.0,3840.0,4161.0,225185.0,1.0
792,1.0,1.170054522217993e+19,22182295.0,38901.0,3.0,1.0,3109633.0,1632.0,30902.0,24486.0,1335624.0,1.0
793,1.0,1.4340390157469403e+19,9027213.0,23808.0,1.0,1.0,70.0,1.0,0.0,0.0,8502794.0,1.0
794,1.0,2.1511488041326958e+18,4390599.0,26239.0,2.0,2.0,105480.0,10690.0,50055.0,50986.0,30.0,0.0
795,1.0,7.903914528320191e+18,21372653.0,2010.0,3.0,3.0,952307.0,75.0,509.0,1624.0,0.0,0.0
796,1.0,5.699327120387472e+18,9820045.0,9512.0,3.0,1.0,1152.0,52165.0,812704.0,652147.0,8105587.0,0.0
797,7.0,1.3416878294870458e+19,3066490.0,23786.0,1.0,1.0,281.0,375.0,246.0,115.0,162987.0,1.0
798,1.0,5.227824256489762e+18,21480043.0,12056.0,1.0,1.0,17688277.0,113552.0,503000.0,402695.0,0.0,0.0
799,1.0,1.5142963784301636e+19,21505859.0,36802.0,2.0,1.0,58486.0,7415.0,418458.0,342032.0,13160296.0,0.0
800,1.0,1.4340390157469403e+19,6435156.0,23777.0,1.0,1.0,506.0,243.0,202.0,301.0,16614645.0,1.0
801,1.0,1.3756257544627677e+19,10959076.0,24354.0,2.0,1.0,314260.0,19805.0,331.0,259.0,12426698.0,1.0
802,2.0,1.6949759439173958e+19,10405666.0,29900.0,1.0,1.0,21253461.0,2501.0,101.0,134.0,0.0,0.0
803,17.0,1.6469492438188978e+19,21720672.0,37394.0,2.0,2.0,23497.0,15097.0,293972.0,243961.0,0.0,1.0
804,2.0,8.99455707050858e+18,20030165.0,23799.0,2.0,2.0,3228126.0,296.0,251.0,375.0,2089128.0,0.0
805,1.0,2.994924845956282e+18,20061247.0,23803.0,1.0,1.0,4027.0,8167.0,5936.0,386.0,7438556.0,1.0
806,1.0,1.205787899908646e+19,20146619.0,27961.0,1.0,1.0,360.0,480.0,1457.0,1763.0,20809790.0,0.0
807,2.0,8.134264174510893e+18,4107256.0,1268.0,2.0,2.0,1208750.0,503.0,2620.0,6424.0,996557.0,1.0
808,2.0,6.228784066129291e+18,3923536.0,1998.0,2.0,1.0,1056142.0,3369.0,298.0,15253.0,0.0,0.0
809,1.0,1.205787899908646e+19,20148711.0,27961.0,1.0,1.0,9495268.0,435428.0,1120409.0,893990.0,3256806.0,1.0
810,3.0,1.205787899908646e+19,20163161.0,27961.0,2.0,1.0,6792305.0,1330.0,8948.0,9417.0,4004963.0,1.0
811,1.0,1.4377014476085363e+18,21127493.0,35470.0,2.0,2.0,21675.0,37.0,11168.0,8916.0,1708244.0,1.0
812,1.0,1.4340390157469403e+19,9027213.0,23808.0,3.0,2.0,1.0,1.0,0.0,0.0,4099576.0,1.0
813,1.0,1.3416878294870458e+19,3066490.0,23786.0,2.0,2.0,281.0,375.0,246.0,115.0,14193343.0,1.0
814,1.0,1.5145480155589095e+19,21970598.0,23807.0,2.0,1.0,59822.0,10627.0,166324.0,142140.0,639457.0,1.0
815,1.0,1.205787899908646e+19,20192559.0,27961.0,2.0,2.0,1042371.0,268.0,895.0,3560.0,0.0,1.0
816,1.0,1.3114430079403428e+19,2860734.0,559.0,2.0,2.0,14545946.0,13065.0,928065.0,742314.0,37854.0,0.0
817,1.0,1.2648267272516114e+19,21221314.0,35914.0,1.0,1.0,3207.0,13398.0,22204.0,30651.0,0.0,0.0
818,1.0,1.8339091974847631e+19,21425218.0,36893.0,2.0,1.0,225.0,50.0,14528.0,266.0,3148922.0,1.0
819,1.0,1.205787899908646e+19,20192676.0,27961.0,1.0,1.0,63.0,39.0,131.0,440.0,3155045.0,1.0
820,1.0,1.3313553836791025e+18,21928243.0,38111.0,3.0,1.0,7439.0,9897.0,419853.0,33003.0,1740100.0,0.0
821,1.0,1.0493494137545437e+19,21143844.0,19755.0,1.0,1.0,230300.0,40.0,4493.0,5603.0,21136104.0,0.0
822,1.0,6.774853933193916e+18,21644455.0,37256.0,2.0,2.0,76827.0,28552.0,233595.0,13706.0,1337775.0,1.0
823,1.0,1.5493010999793789e+19,20445111.0,33363.0,2.0,1.0,4630076.0,864714.0,3517894.0,2744328.0,4571436.0,0.0
824,1.0,1.6949759439173958e+19,10405666.0,29900.0,2.0,1.0,21.0,125.0,101.0,134.0,4195293.0,0.0
825,1.0,1.4340390157469403e+19,21163928.0,23808.0,3.0,2.0,6726486.0,29873.0,75122.0,332.0,0.0,0.0
826,1.0,5.260594170071819e+16,3048011.0,23782.0,1.0,1.0,1261.0,1068.0,695.0,1002.0,12649772.0,1.0
827,1.0,1.2573919372244996e+19,4411866.0,16705.0,2.0,2.0,4119.0,3112.0,13574.0,111196.0,119204.0,1.0
828,1.0,6.481596396038808e+18,20187834.0,6240.0,3.0,2.0,384679.0,72124.0,661849.0,1004.0,0.0,0.0
829,1.0,1.205787899908646e+19,20163203.0,27961.0,1.0,1.0,2234264.0,662.0,570.0,842.0,15259797.0,1.0
830,1.0,8.357210177372253e+18,20643254.0,7664.0,1.0,1.0,6298.0,26827.0,244646.0,255062.0,0.0,0.0
831,1.0,1.4531867648059392e+19,21779992.0,27482.0,1.0,1.0,2958532.0,30230.0,30091.0,6.0,23807811.0,1.0
832,1.0,9.97137631590771e+18,4336932.0,24294.0,2.0,2.0,12496327.0,23876.0,54763.0,52572.0,1417228.0,0.0
833,1.0,2.987457312022362e+18,1192696.0,2850.0,3.0,1.0,8117861.0,80.0,365.0,592.0,1661912.0,0.0
834,1.0,4.5134558761454664e+18,22095855.0,38532.0,3.0,2.0,10.0,140.0,804.0,1067.0,1061248.0,1.0
835,1.0,8.134264174510893e+18,10950989.0,1268.0,2.0,1.0,8481.0,51073.0,60679.0,2.0,5255061.0,1.0
836,1.0,1.4340390157469403e+19,3111508.0,23777.0,1.0,1.0,478021.0,205.0,156.0,231.0,5306882.0,1.0
837,92.0,1.5989049276530887e+19,20273380.0,23824.0,2.0,1.0,1743.0,5538.0,10351.0,31.0,8269.0,1.0
838,1.0,2.961301599190014e+18,21249753.0,36352.0,2.0,2.0,799.0,1449.0,12395.0,3462.0,660878.0,1.0
839,1.0,9.581735255994331e+18,8620755.0,4906.0,3.0,3.0,5411677.0,1153.0,112.0,5844.0,0.0,0.0
840,1.0,1.4779372599199648e+19,20601293.0,2494.0,2.0,2.0,59.0,212.0,2467.0,1262.0,86700.0,0.0
841,1.0,1.4531867648059392e+19,3834142.0,27485.0,3.0,1.0,2.0,8.0,28.0,74.0,3813173.0,0.0
842,1.0,5.07990106805139e+18,7642386.0,25928.0,3.0,3.0,1045543.0,99559.0,410099.0,21440.0,0.0,0.0
843,1.0,1.6171386009622512e+19,21119276.0,35665.0,3.0,1.0,37971.0,72184.0,875424.0,2559.0,2947389.0,1.0
844,3.0,9.697313235850858e+18,20907164.0,2220.0,2.0,1.0,21244.0,2593.0,29017.0,27277.0,0.0,1.0
845,1.0,1.1081884645481394e+19,21204685.0,36053.0,2.0,2.0,898.0,2506.0,19105.0,7494.0,12041563.0,0.0
846,1.0,8.363781040394014e+18,10959866.0,23806.0,3.0,1.0,783.0,880.0,37.0,46.0,52976.0,0.0
847,1.0,1.4492523977312543e+19,21273103.0,36379.0,1.0,1.0,61.0,4503.0,6609.0,13295.0,12132796.0,1.0
848,7.0,1.3756257544627677e+19,20176053.0,24354.0,3.0,2.0,12314.0,43470.0,64286.0,57737.0,0.0,1.0
849,1.0,2.1602902284818998e+18,2820099.0,14912.0,3.0,2.0,1892448.0,82460.0,187848.0,178694.0,0.0,0.0
850,1.0,8.848021695083077e+18,20047086.0,2387.0,3.0,2.0,10750.0,29542.0,205.0,194.0,54276.0,0.0
851,17.0,2.961301599190014e+18,21249753.0,36352.0,2.0,1.0,9424.0,12386.0,88476.0,80794.0,0.0,1.0
852,1.0,1.4340390157469403e+19,9027213.0,23808.0,2.0,1.0,1.0,1.0,0.0,0.0,6203273.0,0.0
853,1.0,7.903914528320191e+18,21162539.0,1325.0,2.0,2.0,12634.0,3102.0,19561.0,22466.0,1337.0,0.0
854,1.0,6.330275022833566e+18,21909775.0,37666.0,3.0,3.0,2226394.0,1393.0,7594.0,57194.0,0.0,1.0
855,1.0,5.851252814446936e+18,21477560.0,28698.0,2.0,1.0,434.0,2364.0,89314.0,78933.0,9328450.0,0.0
856,3.0,5.07990106805139e+18,7611761.0,25928.0,1.0,1.0,603674.0,42583.0,62272.0,63763.0,2592465.0,0.0
857,1.0,1.4140300435418186e+18,20603268.0,1502.0,2.0,2.0,172398.0,187545.0,1034523.0,158510.0,3921517.0,1.0
858,1.0,1.945672113938153e+18,21880016.0,37317.0,3.0,3.0,1.0,3.0,2588.0,12628.0,1206775.0,0.0
859,1.0,1.0460794781478122e+18,22129963.0,37956.0,3.0,2.0,5.0,3.0,29.0,245.0,1444546.0,1.0
860,64.0,1.693387188561126e+19,21758485.0,30736.0,2.0,1.0,565.0,2536.0,7374.0,7542.0,0.0,1.0
861,1.0,3.7306253281194304e+17,3827183.0,23792.0,1.0,1.0,101531.0,701.0,61.0,77.0,1886016.0,1.0
862,1.0,1.6716330505220809e+19,10447771.0,14103.0,3.0,3.0,304595.0,7601.0,200796.0,228.0,0.0,0.0
863,1.0,1.4340390157469403e+19,21163924.0,23808.0,2.0,1.0,11084.0,18982.0,33418.0,62.0,14256418.0,1.0
864,1.0,1.205787899908646e+19,20171370.0,27961.0,1.0,1.0,16068739.0,257272.0,717708.0,660814.0,9803116.0,1.0
865,1.0,1.570947928247294e+19,20588401.0,33692.0,2.0,1.0,5810.0,959.0,1350.0,1817.0,5918245.0,1.0
866,1.0,1.7363854844105064e+19,20017083.0,23798.0,1.0,1.0,6627.0,6486.0,5358.0,5664.0,15908164.0,1.0
867,1.0,1.4340390157469403e+19,21360116.0,23777.0,2.0,1.0,593.0,90.0,380.0,401.0,96388.0,0.0
868,1.0,1.205787899908646e+19,20180605.0,27961.0,2.0,2.0,2440.0,3168.0,221370.0,1201.0,4110613.0,0.0
869,3.0,1.7363854844105064e+19,20017082.0,23798.0,1.0,1.0,2917.0,1071.0,832.0,1028.0,2385830.0,1.0
870,353.0,1.4340390157469403e+19,3126701.0,23777.0,3.0,1.0,516.0,1289.0,2893.0,3165.0,0.0,1.0
871,1.0,1.537110493640385e+19,20569753.0,11676.0,3.0,3.0,2585986.0,9488.0,2577.0,28898.0,0.0,0.0
872,1.0,1.4340390157469403e+19,6434954.0,23777.0,2.0,1.0,91.0,491.0,376.0,503.0,16198557.0,0.0
873,2.0,6.481596396038808e+18,20187835.0,6240.0,2.0,1.0,1618.0,18513.0,58680.0,1004.0,7989516.0,0.0
874,4.0,1.1624066761054958e+19,3373122.0,5962.0,3.0,3.0,1741.0,4250.0,12598.0,12438.0,1872194.0,0.0
875,1.0,3.355428588253943e+18,21368422.0,35992.0,3.0,1.0,794.0,2237.0,8214.0,5197.0,1763977.0,1.0
876,2.0,2.015169929523812e+18,4423561.0,28556.0,3.0,2.0,781208.0,11049.0,13473.0,15683.0,0.0,0.0
877,1.0,1.4340390157469403e+19,4418684.0,23808.0,2.0,1.0,9059913.0,18994.0,31812.0,29642.0,0.0,0.0
878,1.0,1.4748974577167858e+19,20359150.0,22783.0,3.0,2.0,376472.0,16313.0,328960.0,285055.0,0.0,1.0
879,1.0,1.0307799655857658e+19,20934992.0,34802.0,1.0,1.0,39.0,553.0,2898.0,3045.0,22621599.0,0.0
880,1.0,1.1651434939360762e+19,20961408.0,27064.0,2.0,2.0,36852.0,50278.0,110822.0,3428.0,48230.0,0.0
881,1.0,1.205787899908646e+19,20224800.0,27961.0,1.0,1.0,1294930.0,404.0,3136.0,3362.0,7309854.0,0.0
882,1.0,1.4340390157469403e+19,9027213.0,23808.0,2.0,1.0,1.0,1.0,0.0,0.0,1607517.0,1.0
883,1.0,1.205787899908646e+19,20174778.0,27961.0,1.0,1.0,7567.0,2939.0,3058.0,3371.0,8787699.0,1.0
884,1.0,5.179363754403472e+17,20875709.0,34844.0,1.0,1.0,901975.0,1751.0,1180.0,2952.0,807966.0,1.0
885,1.0,1.1933833756018751e+19,4326388.0,14181.0,3.0,3.0,40809.0,35046.0,394262.0,1128.0,2702426.0,1.0
886,1.0,1.1009176618293692e+19,21368646.0,36801.0,2.0,2.0,64345.0,13955.0,340070.0,6428.0,0.0,1.0
887,1.0,1.4340390157469403e+19,20643970.0,23808.0,3.0,2.0,53.0,20.0,9.0,9.0,1808891.0,0.0
888,1.0,1.4340390157469403e+19,21163923.0,23808.0,2.0,2.0,3702.0,9794.0,18242.0,37.0,299158.0,0.0
889,1.0,1.2837504198869455e+19,21947194.0,30627.0,3.0,1.0,8.0,15.0,847.0,1053.0,1342616.0,1.0
890,1.0,1.4340390157469403e+19,3207415.0,23777.0,2.0,1.0,144.0,651.0,455.0,594.0,246392.0,1.0
891,1.0,1.4531867648059392e+19,7144843.0,27484.0,2.0,1.0,1657.0,3354.0,110.0,279.0,15507911.0,0.0
892,78.0,1.205787899908646e+19,20192676.0,27961.0,1.0,1.0,3206.0,5724.0,58861.0,102096.0,0.0,1.0
893,1.0,1.6808552398964148e+19,4423663.0,28451.0,2.0,2.0,128191.0,35043.0,36802.0,448.0,3928741.0,1.0
894,1.0,1.4340390157469403e+19,4455963.0,23777.0,2.0,1.0,2765.0,27884.0,19426.0,18700.0,5990812.0,0.0
895,1.0,1.3756257544627677e+19,8350700.0,24035.0,2.0,1.0,55.0,195.0,3009.0,3467.0,590400.0,0.0
896,1.0,1.7363854844105064e+19,20017078.0,23798.0,1.0,1.0,16301253.0,21474.0,4.0,20028.0,0.0,0.0
897,2.0,1.4140300435418186e+18,20208847.0,1502.0,1.0,1.0,375676.0,62.0,347.0,442.0,0.0,1.0
898,1.0,1.4340390157469403e+19,9027204.0,23808.0,1.0,1.0,2652.0,5740.0,6848.0,10.0,19215941.0,0.0
899,1.0,1.4170743816979116e+19,3923541.0,1998.0,1.0,1.0,335.0,1073.0,3290.0,17825.0,3487461.0,1.0
900,1.0,7.903914528320191e+18,21162556.0,1325.0,2.0,1.0,5523.0,1173.0,11815.0,45.0,1356369.0,1.0
901,1.0,1.7989747235538194e+19,20395615.0,24036.0,1.0,1.0,1805777.0,294.0,1057.0,7407.0,391588.0,0.0
902,27.0,2.6928596198512824e+18,4291665.0,2051.0,2.0,1.0,2734.0,35072.0,739.0,63.0,0.0,1.0
903,1.0,3.5276720452435927e+18,2634874.0,25037.0,3.0,2.0,7032503.0,1422.0,5748.0,13883.0,0.0,0.0
904,2.0,2.1902579410407493e+18,21046080.0,32853.0,3.0,1.0,69429.0,70563.0,536444.0,275056.0,1861447.0,1.0
905,1.0,1.6156251975750437e+19,21372463.0,20414.0,2.0,1.0,12506029.0,8700.0,174576.0,11257.0,0.0,1.0
906,1.0,1.5989049276530887e+19,20314219.0,23824.0,2.0,2.0,292.0,759.0,2051.0,31.0,13811380.0,0.0
907,1.0,8.99455707050858e+18,20030150.0,23799.0,2.0,2.0,14070471.0,378597.0,15.0,19.0,118322.0,0.0
908,1.0,1.205787899908646e+19,20222970.0,27961.0,1.0,1.0,2796974.0,102.0,161.0,244.0,0.0,0.0
909,1.0,5.260594170071819e+16,3048011.0,23782.0,1.0,1.0,17589754.0,372.0,245.0,357.0,0.0,1.0
910,2.0,9.133549713053886e+18,20666191.0,8055.0,2.0,2.0,293.0,1031.0,2094.0,1572.0,155165.0,0.0
911,1.0,1.205787899908646e+19,20163591.0,27961.0,1.0,1.0,17477889.0,9.0,18.0,27.0,611019.0,0.0
912,1.0,5.761147788559053e+18,20595285.0,854.0,2.0,2.0,2022780.0,479411.0,1961712.0,9856.0,0.0,1.0
913,1.0,1.4340390157469403e+19,20644061.0,23808.0,2.0,1.0,866505.0,98050.0,3705.0,9.0,1270146.0,1.0
914,3.0,1.3416878294870458e+19,3066490.0,23786.0,2.0,2.0,281.0,375.0,246.0,115.0,2033981.0,1.0
915,1.0,1.205787899908646e+19,20224633.0,27961.0,2.0,1.0,206283.0,186.0,2976.0,3407.0,3263777.0,1.0
916,1.0,2.1957294574080543e+18,20658750.0,4218.0,3.0,1.0,52963.0,31128.0,123.0,174.0,0.0,0.0
917,1.0,7.121934934366596e+18,20924822.0,33662.0,2.0,1.0,1291570.0,445982.0,1668080.0,1317824.0,4629881.0,1.0
918,1.0,1.0124700210142722e+19,4332980.0,23778.0,2.0,1.0,726655.0,22.0,13.0,178.0,14324488.0,0.0
919,1.0,9.60176539679029e+18,20054337.0,23802.0,2.0,1.0,335764.0,8709.0,13424.0,4280.0,6405753.0,0.0
920,1.0,3.725482231117686e+18,20873796.0,34446.0,1.0,1.0,7096.0,15871.0,66118.0,153480.0,18269446.0,1.0
921,1.0,8.683597619805982e+18,20717401.0,29127.0,3.0,3.0,6399610.0,809693.0,3048430.0,1519507.0,8866018.0,1.0
922,1.0,1.4340390157469403e+19,10110502.0,23808.0,2.0,1.0,3027.0,2560.0,7993.0,141.0,16268909.0,1.0
923,1.0,1.205787899908646e+19,20222970.0,27961.0,2.0,2.0,91.0,184.0,378.0,1023.0,13736986.0,1.0
924,1.0,2.6928596198512824e+18,4350402.0,2051.0,2.0,1.0,4811.0,812.0,3810.0,81.0,15721688.0,0.0
925,3.0,1.023658669025228e+19,21260025.0,35544.0,1.0,1.0,2721239.0,26947.0,130770.0,3600.0,0.0,0.0
926,1.0,9.763418162775226e+18,21425879.0,36903.0,2.0,2.0,4646391.0,5516.0,733302.0,615986.0,0.0,0.0
927,1.0,4.6055291155997635e+18,20970103.0,6017.0,2.0,1.0,1303871.0,402564.0,3217867.0,4567.0,11839380.0,1.0
928,2.0,1.041282856966732e+19,20316775.0,27696.0,2.0,2.0,10624.0,18463.0,544283.0,632637.0,0.0,1.0
929,2.0,5.090302985906941e+18,21099547.0,35520.0,2.0,1.0,7582.0,1169.0,725177.0,746462.0,0.0,0.0
930,1.0,1.6966714513592656e+19,20723930.0,27650.0,2.0,2.0,74.0,3304.0,14060.0,14096.0,1895271.0,0.0
931,1.0,7.903914528320191e+18,20869436.0,2010.0,3.0,1.0,579.0,344.0,1051.0,70.0,2816640.0,0.0
932,1.0,1.7446436672557894e+19,1590297.0,357.0,3.0,2.0,152.0,165.0,143.0,723.0,206125.0,0.0
933,1.0,6.912851286990253e+18,20041484.0,18918.0,3.0,3.0,46936.0,50631.0,32232.0,308552.0,2623881.0,1.0
934,1.0,1.7248707066841965e+19,21930179.0,38051.0,3.0,2.0,52825.0,26243.0,24747.0,7308.0,43969.0,0.0
935,1.0,1.205787899908646e+19,20170439.0,27961.0,1.0,1.0,60125.0,53913.0,143105.0,138734.0,18163709.0,0.0
936,1.0,7.143518654485987e+18,20393504.0,33093.0,1.0,1.0,1925.0,3867.0,133.0,5527.0,14380065.0,1.0
937,1.0,9.264217531000919e+17,21204861.0,36039.0,1.0,1.0,11942316.0,7796.0,5876.0,1162.0,0.0,0.0
938,1.0,1.4340390157469403e+19,9027458.0,23808.0,2.0,2.0,1314.0,692.0,195.0,284.0,4818895.0,1.0
939,1.0,1.2587474247232903e+19,21167716.0,35801.0,3.0,2.0,9079.0,17743.0,337918.0,283287.0,3979955.0,0.0
940,1.0,1.205787899908646e+19,20222693.0,27961.0,1.0,1.0,10213.0,21613.0,22606.0,23857.0,4397468.0,1.0
941,1.0,1.4756578758696272e+19,21418198.0,3625.0,1.0,1.0,19881794.0,252.0,440.0,582.0,10523280.0,0.0
942,1.0,8.363781040394014e+18,10959866.0,23806.0,3.0,1.0,3584352.0,253.0,37.0,46.0,1773240.0,0.0
943,1.0,1.6897735447496133e+19,4395115.0,14377.0,1.0,1.0,820771.0,9385.0,11326.0,13443.0,3125067.0,0.0
944,1.0,4.1286333491424783e+18,20975187.0,35306.0,1.0,1.0,12.0,345.0,773.0,1018.0,941272.0,0.0
945,1.0,7.939314936098008e+18,21244044.0,2687.0,2.0,1.0,900927.0,138206.0,40634.0,37405.0,0.0,0.0
946,1.0,1.2943519435171692e+18,20068124.0,24162.0,2.0,1.0,27493.0,38623.0,46.0,65.0,16123457.0,0.0
947,1.0,1.5145480155589095e+19,21927056.0,23807.0,1.0,1.0,101829.0,105317.0,30.0,32.0,294659.0,0.0
948,1.0,2.4127717961104635e+18,20067154.0,23781.0,3.0,3.0,5.0,289.0,239.0,1.0,462178.0,1.0
949,1.0,1.4140300435418186e+18,21246166.0,1502.0,2.0,2.0,6481.0,20728.0,459.0,601.0,16522459.0,0.0
950,1.0,1.3359361103803858e+18,20599534.0,33847.0,3.0,2.0,8541374.0,18432.0,125612.0,129508.0,3461225.0,1.0
951,1.0,5.260594170071819e+16,3048011.0,23782.0,1.0,1.0,640.0,965.0,605.0,215.0,19135882.0,1.0
952,1.0,1.205787899908646e+19,20163506.0,27961.0,1.0,1.0,483137.0,9.0,18.0,27.0,43743.0,0.0
953,3.0,1.3090221289647714e+19,20174985.0,23795.0,1.0,1.0,31.0,135.0,3.0,7.0,1652134.0,1.0
954,1.0,1.4531867648059392e+19,20417175.0,27482.0,1.0,1.0,5027.0,19824.0,17402.0,6.0,5840744.0,1.0
955,1.0,1.4415681608498106e+19,20917629.0,34292.0,1.0,1.0,36122.0,54398.0,139351.0,125912.0,1343802.0,1.0
956,1.0,5.589649412465737e+18,20950163.0,35067.0,1.0,1.0,2875.0,738.0,945.0,42.0,16850637.0,1.0
957,1.0,1.0958721602282486e+19,21392346.0,8878.0,3.0,3.0,5907108.0,3149.0,37609.0,34757.0,2887557.0,1.0
958,1.0,5.07990106805139e+18,7611053.0,25928.0,3.0,2.0,956961.0,13264.0,30407.0,18776.0,0.0,0.0
959,1.0,7.137463797046619e+18,21340341.0,36665.0,2.0,1.0,24062.0,53485.0,258581.0,655.0,1764897.0,0.0
960,1.0,8.784471879486585e+18,20845279.0,5221.0,3.0,1.0,217403.0,663636.0,1745845.0,1378262.0,0.0,1.0
961,1.0,7.251627201518253e+18,20665406.0,2011.0,1.0,1.0,24708980.0,571.0,931.0,254.0,6197198.0,0.0
962,2.0,1.5145480155589095e+19,20888541.0,23807.0,1.0,1.0,7.0,5.0,5.0,11.0,7757653.0,0.0
963,1.0,1.1570917665805173e+19,22121275.0,33493.0,3.0,2.0,8175998.0,445204.0,1943683.0,1892429.0,4579621.0,1.0
964,1.0,1.8241868190314387e+19,20886839.0,596.0,1.0,1.0,21676800.0,24872.0,23116.0,25388.0,0.0,0.0
965,1.0,1.5145480155589095e+19,21183713.0,23807.0,1.0,1.0,3392591.0,28576.0,4336.0,8.0,20500763.0,0.0
966,1.0,1.15646929904445e+18,3829008.0,20514.0,3.0,3.0,1435.0,6493.0,21702.0,23096.0,8429674.0,0.0
967,1.0,3.597931570803742e+18,4402564.0,27415.0,2.0,2.0,2366805.0,120853.0,515305.0,458513.0,569901.0,1.0
968,1.0,3.011959141886622e+18,21400752.0,36898.0,2.0,2.0,3718.0,2394.0,40359.0,87.0,0.0,0.0
969,1.0,1.205787899908646e+19,20183697.0,27961.0,1.0,1.0,24171896.0,1534.0,5706.0,6484.0,0.0,0.0
970,1.0,1.205787899908646e+19,20163227.0,27961.0,2.0,2.0,402775.0,17053.0,49565.0,416.0,896536.0,1.0
971,1.0,7.903914528320191e+18,21372569.0,2010.0,3.0,2.0,8102383.0,6.0,137.0,189.0,0.0,0.0
972,2.0,1.115617728638543e+19,21220345.0,35873.0,3.0,3.0,11044.0,4446.0,1102208.0,879114.0,0.0,0.0
973,1.0,1.5771082217451264e+18,21359883.0,36645.0,2.0,2.0,7367884.0,4584.0,23109.0,21996.0,832.0,0.0
974,1.0,3.268231770564972e+18,3623535.0,25753.0,3.0,3.0,617147.0,19318.0,32963.0,9959.0,0.0,0.0
975,1.0,2.0021430589649848e+18,20606969.0,24124.0,2.0,1.0,424.0,3426.0,94478.0,179660.0,1507448.0,1.0
976,1.0,6.324020793843805e+18,20711342.0,27500.0,3.0,3.0,2406313.0,33.0,417.0,262.0,0.0,0.0
977,1.0,1.5294836932684972e+19,20349197.0,32927.0,3.0,1.0,430500.0,48876.0,30000.0,28138.0,176304.0,1.0
978,1.0,1.4340390157469403e+19,21163922.0,23808.0,1.0,1.0,4866.0,741.0,1037.0,499.0,10175795.0,0.0
979,1.0,1.2485598954401746e+18,21334735.0,36643.0,2.0,2.0,3635.0,3931.0,79167.0,143972.0,3282433.0,1.0
980,1.0,1.4340390157469403e+19,3073994.0,23777.0,2.0,1.0,13061409.0,2332.0,2502.0,2759.0,0.0,1.0
981,1.0,7.939314936098008e+18,21239905.0,2687.0,1.0,1.0,21954211.0,389520.0,911254.0,7380.0,0.0,1.0
982,4.0,1.205787899908646e+19,20185488.0,27961.0,2.0,1.0,7134.0,230.0,2562.0,3238.0,0.0,1.0
983,1.0,1.4340390157469403e+19,9027213.0,23808.0,1.0,1.0,1.0,1.0,0.0,0.0,1079896.0,0.0
984,1.0,1.4340390157469403e+19,3111052.0,23777.0,1.0,1.0,1867805.0,4662.0,5896.0,6192.0,611217.0,0.0
985,1.0,7.771884441258275e+18,20448233.0,32367.0,1.0,1.0,51660.0,60345.0,1165441.0,934404.0,723446.0,1.0
986,1.0,1.205787899908646e+19,20164368.0,27961.0,1.0,1.0,351.0,265.0,291.0,2002.0,872297.0,0.0
987,1.0,8.119057108691817e+18,20876635.0,34760.0,1.0,1.0,3137.0,199.0,34.0,40.0,13988527.0,1.0
988,1.0,8.134264174510893e+18,10950956.0,1268.0,2.0,1.0,40948.0,21472.0,34153.0,2.0,2704068.0,1.0
989,2.0,5.846401732967282e+18,21261683.0,36357.0,1.0,1.0,263747.0,175856.0,2697965.0,781.0,0.0,1.0
990,1.0,1.7153861738207836e+19,21465027.0,37170.0,3.0,1.0,29642.0,29.0,15101.0,10967.0,0.0,0.0
991,1.0,4.144035774470012e+18,2683585.0,23064.0,3.0,1.0,325.0,786.0,675.0,707.0,9375617.0,1.0
992,1.0,7.903914528320191e+18,21162424.0,1325.0,2.0,2.0,4687.0,16926.0,44575.0,41673.0,11168769.0,1.0
993,2.0,1.4756578758696272e+19,21438387.0,3625.0,3.0,1.0,791.0,11064.0,8577.0,8723.0,1718974.0,1.0
994,1.0,1.7363854844105064e+19,20017078.0,23798.0,1.0,1.0,285408.0,1592.0,4.0,1387.0,23693438.0,1.0
995,1.0,8.802768287123155e+18,20871586.0,34758.0,3.0,2.0,17.0,18.0,42.0,47.0,5679113.0,0.0
996,1.0,1.4340390157469403e+19,10228932.0,23808.0,1.0,1.0,22353161.0,119933.0,177786.0,256.0,0.0,1.0
997,1.0,1.5989049276530887e+19,20314708.0,23828.0,3.0,1.0,7069.0,45093.0,49313.0,140.0,10197756.0,1.0
998,1.0,1.4340390157469403e+19,20668419.0,23808.0,2.0,2.0,1157693.0,21179.0,17700.0,729.0,1380825.0,1.0
999,1.0,1.077230928844858e+19,20702100.0,34202.0,2.0,2.0,7036.0,21097.0,24046.0,5083.0,1236309.0,0.0
1000,2.0,1.4340390157469403e+19,9027213.0,23808.0,1.0,1.0,5.0,1.0,0.0,0.0,18014206.0,1.0
1001,7.0,1.1121833691387079e+19,21134703.0,23807.0,2.0,1.0,36469.0,31.0,364.0,8.0,0.0,1.0
1002,1.0,1.0726002060893145e+19,20036558.0,23800.0,1.0,1.0,127.0,49.0,44.0,75.0,5296493.0,1.0
1003,1.0,1.5480802839731186e+19,21713847.0,5278.0,2.0,2.0,90466.0,6115.0,43360.0,41251.0,130281.0,0.0
1004,1.0,6.715049002232656e+18,3065545.0,23783.0,1.0,1.0,1142.0,167.0,128.0,212.0,22282465.0,1.0
1005,1.0,1.2916416674919786e+19,4102625.0,15878.0,1.0,1.0,1613404.0,347557.0,1481849.0,435436.0,5444298.0,1.0
1006,1.0,1.021800488877112e+19,20035793.0,24159.0,2.0,1.0,5.0,1.0,1419.0,1766.0,1438698.0,0.0
1007,1.0,1.4340390157469403e+19,3200232.0,23777.0,1.0,1.0,8253931.0,1786.0,1154.0,90.0,6135679.0,1.0
1008,2.0,5.260594170071819e+16,3048011.0,23782.0,1.0,1.0,11445751.0,747.0,698.0,1218.0,20193345.0,1.0
1009,3.0,1.3412736046051604e+19,4336961.0,27712.0,1.0,1.0,6950513.0,18189.0,101651.0,186077.0,1288974.0,1.0
1010,1.0,1.7741456305373202e+19,21293828.0,36500.0,2.0,2.0,5573.0,4131.0,6549.0,26033.0,9925036.0,1.0
1011,6.0,4.517396212946768e+18,3832782.0,23793.0,1.0,1.0,3135670.0,1649.0,59.0,130.0,0.0,0.0
1012,1.0,9.75107224858461e+18,10937875.0,29713.0,2.0,2.0,729723.0,1734.0,1173.0,1384.0,1259796.0,1.0
1013,1.0,1.4541390899236174e+19,21017117.0,29854.0,2.0,2.0,9353321.0,16681.0,68831.0,74804.0,817668.0,0.0
1014,1.0,5.07990106805139e+18,7611240.0,25928.0,2.0,1.0,2512472.0,788018.0,2170602.0,1739616.0,3898745.0,1.0
1015,1.0,1.4340390157469403e+19,20644045.0,23808.0,1.0,1.0,639188.0,2.0,1.0,3.0,4046767.0,0.0
1016,1.0,5.468727571223081e+18,20001249.0,1381.0,2.0,1.0,7650.0,176.0,819.0,1017.0,11182223.0,1.0
1017,1.0,1.4340390157469403e+19,21163927.0,23808.0,3.0,3.0,51768.0,87758.0,215221.0,136.0,0.0,0.0
1018,1.0,1.3384857948156529e+18,20802241.0,33931.0,1.0,1.0,24022025.0,100299.0,148389.0,197663.0,1388353.0,0.0
1019,1.0,1.205787899908646e+19,20174625.0,27961.0,1.0,1.0,1487.0,284.0,269.0,420.0,2134360.0,1.0
1020,3.0,7.251627201518253e+18,20665406.0,2011.0,1.0,1.0,605841.0,571.0,894.0,135.0,0.0,1.0
1021,1.0,1.205787899908646e+19,20222933.0,27961.0,1.0,1.0,2391040.0,4301.0,38917.0,55501.0,24002.0,0.0
1022,1.0,5.851252814446936e+18,21477808.0,28698.0,2.0,1.0,713680.0,2198.0,30834.0,28852.0,0.0,1.0
1023,1.0,4.114401540028949e+18,20895717.0,8017.0,2.0,1.0,281765.0,142878.0,513693.0,748168.0,178896.0,1.0
1024,1.0,1.8219608417588496e+19,20974372.0,10731.0,1.0,1.0,209.0,3150.0,25015.0,22845.0,13244190.0,1.0
1025,1.0,2.6928596198512824e+18,21738146.0,2051.0,2.0,1.0,1857284.0,35832.0,6434.0,63.0,124844.0,1.0
1026,1.0,1.7644778352940085e+19,20658715.0,34056.0,2.0,2.0,54936.0,4928.0,83979.0,47675.0,1209895.0,0.0
1027,1.0,1.1288378057162324e+19,21293529.0,879.0,1.0,1.0,263338.0,154710.0,471908.0,573516.0,0.0,0.0
1028,1.0,1.1243521181800204e+19,21712556.0,35398.0,2.0,1.0,2098.0,178.0,452.0,964.0,1239356.0,0.0
1029,1.0,1.6785081780374321e+19,21418248.0,36992.0,3.0,3.0,7250342.0,1708.0,34252.0,11339.0,3584152.0,0.0
1030,1.0,1.205787899908646e+19,20157327.0,27961.0,2.0,2.0,33216.0,22640.0,136500.0,133782.0,51872.0,0.0
1031,3.0,1.8263574281569872e+17,20589160.0,2421.0,2.0,1.0,221993.0,3831.0,6236.0,3504.0,2817170.0,1.0
1032,1.0,6.976441872583402e+18,10362732.0,19958.0,3.0,3.0,3403985.0,267.0,355306.0,174349.0,0.0,1.0
1033,1.0,1.4340390157469403e+19,9027213.0,23808.0,2.0,1.0,1.0,1.0,0.0,0.0,7366862.0,1.0
1034,1.0,2.338929193756991e+18,20286637.0,879.0,2.0,2.0,4060263.0,1076.0,2169.0,2267.0,13516147.0,0.0
1035,1.0,8.99455707050858e+18,20030165.0,23799.0,2.0,1.0,18.0,28.0,41.0,52.0,638515.0,0.0
1036,1.0,1.5145480155589095e+19,20888541.0,23807.0,1.0,1.0,7.0,5.0,5.0,11.0,2353614.0,1.0
1037,1.0,8.363781040394014e+18,10959866.0,23806.0,2.0,1.0,1109124.0,977.0,37.0,46.0,23168.0,0.0
1038,14.0,5.345544339361683e+18,5858719.0,23796.0,1.0,1.0,75.0,179.0,6.0,12.0,5886683.0,1.0
1039,1.0,1.7208033333756155e+18,21317689.0,36522.0,2.0,1.0,87.0,440.0,3387.0,3749.0,13466628.0,1.0
1040,1.0,4.2981186814246446e+18,3861458.0,385.0,2.0,2.0,14192022.0,100015.0,428514.0,354833.0,965268.0,1.0
1041,1.0,8.402548870698823e+18,21273019.0,2685.0,2.0,1.0,214689.0,1694.0,15245.0,3106.0,6083260.0,1.0
1042,1.0,1.0690898138793097e+19,5789265.0,23794.0,1.0,1.0,1463.0,1789.0,514.0,745.0,702215.0,1.0
1043,1.0,5.345544339361683e+18,5858719.0,23796.0,1.0,1.0,75.0,179.0,6.0,12.0,19679732.0,1.0
1044,1.0,1.4340390157469403e+19,4861587.0,23777.0,2.0,1.0,72159.0,42961.0,101219.0,88894.0,1251539.0,0.0
1045,1.0,1.4340390157469403e+19,21360106.0,23777.0,2.0,1.0,8.0,15.0,1168.0,558.0,5206577.0,1.0
1046,1.0,7.484333488664585e+18,21090281.0,34691.0,3.0,2.0,45.0,364.0,621.0,593.0,6121236.0,0.0
1047,2.0,1.3090221289647714e+19,20174989.0,23795.0,3.0,1.0,2286.0,13319.0,3.0,7.0,2311656.0,0.0
1048,4.0,3.108748477409427e+18,21167643.0,35390.0,3.0,1.0,9091.0,1895.0,2493.0,2746.0,122819.0,1.0
1049,1.0,1.4340390157469403e+19,3074003.0,23777.0,2.0,2.0,395.0,346.0,650.0,847.0,3808646.0,1.0
1050,1.0,1.205787899908646e+19,20161737.0,27961.0,3.0,1.0,672247.0,2938.0,11781.0,3602.0,0.0,0.0
1051,1.0,2.137528403495601e+18,20218257.0,23801.0,1.0,1.0,195.0,377.0,280.0,425.0,18195991.0,1.0
1052,1.0,1.4340390157469403e+19,20643978.0,23808.0,2.0,1.0,11538083.0,883.0,250.0,358.0,80616.0,0.0
1053,3.0,5.468727571223081e+18,20001249.0,1381.0,2.0,1.0,1010392.0,999.0,193.0,283.0,30968.0,0.0
1054,1.0,1.615303689687784e+19,20349202.0,33156.0,2.0,2.0,5454195.0,8252.0,15544.0,16362.0,0.0,0.0
1055,2.0,1.4756578758696272e+19,20715824.0,3625.0,3.0,1.0,17689.0,36891.0,76511.0,73991.0,0.0,1.0
1056,2.0,1.4340390157469403e+19,9027458.0,23808.0,2.0,2.0,480.0,767.0,195.0,284.0,3333065.0,1.0
1057,6.0,1.205787899908646e+19,20146596.0,27961.0,1.0,1.0,173034.0,103284.0,359845.0,295830.0,0.0,0.0
1058,1.0,4.307695610000461e+18,21204865.0,35824.0,3.0,3.0,113329.0,14056.0,24645.0,23347.0,9875019.0,1.0
1059,1.0,8.085758434506337e+18,21440790.0,36638.0,2.0,1.0,3723899.0,81957.0,219349.0,184820.0,1335195.0,1.0
1060,2.0,1.1078015115745737e+19,21812666.0,37507.0,2.0,2.0,100877.0,33.0,11485.0,11416.0,0.0,1.0
1061,1.0,2.385431732375965e+18,4224233.0,1367.0,1.0,1.0,56941.0,581.0,653.0,945.0,19583671.0,0.0
1062,1.0,6.414307266338366e+18,21248429.0,35668.0,1.0,1.0,14440.0,10.0,181.0,191.0,10384710.0,1.0
1063,1.0,1.190425621705067e+18,20137592.0,21767.0,1.0,1.0,16666722.0,3280.0,9228.0,3129.0,2496985.0,1.0
1064,6.0,8.594874140471207e+18,4233968.0,10599.0,1.0,1.0,22860281.0,68111.0,136148.0,94615.0,0.0,0.0
1065,1.0,1.205787899908646e+19,20157628.0,27961.0,3.0,3.0,0.0,0.0,7.0,14.0,8119248.0,0.0
1066,1.0,7.123432286752884e+18,21895734.0,37831.0,3.0,2.0,5437862.0,95.0,8716.0,8866.0,1872337.0,1.0
1067,1.0,5.468727571223081e+18,20001293.0,1381.0,3.0,1.0,359845.0,1528.0,72798.0,65252.0,0.0,0.0
1068,1.0,1.205787899908646e+19,20163230.0,27961.0,1.0,1.0,24276629.0,43330.0,71017.0,65630.0,389225.0,1.0
1069,4.0,1.4596027373461103e+19,10796480.0,29394.0,2.0,2.0,455.0,260.0,6090.0,6360.0,48939.0,0.0
1070,1.0,1.52800761358246e+19,20553712.0,33642.0,3.0,1.0,14557.0,29446.0,27426.0,86123.0,10559.0,0.0
1071,2.0,1.4756578758696272e+19,20715150.0,3625.0,1.0,1.0,360.0,480.0,1831.0,2081.0,20853877.0,0.0
1072,3.0,1.5148081156213817e+19,20140769.0,28837.0,2.0,1.0,157928.0,185925.0,704.0,908.0,2352106.0,1.0
1073,1.0,1.0619215940106359e+19,21342243.0,36666.0,2.0,1.0,1253.0,190.0,1393.0,2732.0,3228899.0,1.0
1074,1.0,1.841489264235657e+19,21222486.0,36185.0,3.0,1.0,625.0,835.0,68105.0,61049.0,3270911.0,1.0
1075,1.0,1.689034821615166e+19,21300886.0,36481.0,1.0,1.0,22712028.0,34667.0,781095.0,34214.0,344863.0,1.0
1076,5.0,1.8108522136565864e+19,21187263.0,20551.0,2.0,1.0,112941.0,59032.0,150591.0,137204.0,0.0,1.0
1077,1.0,1.130902570404585e+19,22089370.0,38263.0,3.0,2.0,51503.0,47.0,64.0,147.0,579588.0,0.0
1078,1.0,1.205787899908646e+19,20192676.0,27961.0,2.0,2.0,98.0,39.0,72.0,100.0,2396323.0,0.0
1079,1.0,1.4756578758696272e+19,21438384.0,3625.0,1.0,1.0,137.0,6987.0,16347.0,15887.0,1646110.0,1.0
1080,1.0,8.683597619805982e+18,20716019.0,29127.0,2.0,1.0,178994.0,227816.0,564723.0,503646.0,3008659.0,1.0
1081,1.0,3.9956723598113613e+18,20789392.0,34046.0,2.0,2.0,8.0,15.0,18134.0,20700.0,6152230.0,0.0
1082,1.0,8.99455707050858e+18,20030165.0,23799.0,2.0,1.0,569.0,231.0,199.0,756.0,14542724.0,1.0
1083,1.0,1.4340390157469403e+19,9027549.0,23808.0,1.0,1.0,47.0,27.0,14.0,18.0,19791037.0,0.0
1084,2.0,1.3243640383761205e+19,20900491.0,2401.0,1.0,1.0,2013.0,1321.0,13644.0,7355.0,414189.0,1.0
1085,1.0,9.331859261151988e+18,21273350.0,36385.0,3.0,2.0,2632.0,34356.0,3850.0,529.0,155619.0,0.0
1086,1.0,7.903914528320191e+18,21109779.0,2010.0,2.0,1.0,561497.0,59279.0,234652.0,219979.0,11145359.0,1.0
1087,3.0,1.816038578402457e+19,20901128.0,35040.0,3.0,1.0,996.0,2287.0,18489.0,15045.0,0.0,1.0
1088,1.0,7.484333488664585e+18,21209371.0,34691.0,1.0,1.0,2.0,11.0,458.0,611.0,2156444.0,1.0
1089,1.0,8.014936268554344e+18,5780981.0,18074.0,2.0,1.0,534753.0,41158.0,390098.0,319787.0,0.0,0.0
1090,1.0,1.3756257544627677e+19,20587348.0,24354.0,2.0,1.0,3546.0,489.0,875.0,1079.0,10549529.0,1.0
1091,2.0,3.9694229361624786e+18,21425996.0,36928.0,2.0,1.0,52557.0,196.0,5068.0,5393.0,1640228.0,1.0
1092,1.0,1.4140300435418186e+18,20208546.0,1502.0,2.0,2.0,241170.0,37831.0,438.0,780994.0,0.0,0.0
1093,1.0,1.205787899908646e+19,20163506.0,27961.0,1.0,1.0,9738.0,74.0,119.0,186.0,19143594.0,1.0
1094,1.0,1.4531867648059392e+19,20128912.0,32445.0,2.0,1.0,1298855.0,4065.0,42250.0,365.0,0.0,0.0
1095,1.0,1.4140300435418186e+18,21246154.0,1502.0,2.0,1.0,159.0,561.0,113.0,153.0,14605778.0,1.0
1096,1.0,1.4825813095130477e+19,20387232.0,22533.0,1.0,1.0,19250263.0,8039.0,14109.0,14581.0,0.0,1.0
1097,1.0,1.205787899908646e+19,20163506.0,27961.0,1.0,1.0,225662.0,1351.0,6640.0,7310.0,22716238.0,0.0
1098,1.0,1.578511299927674e+19,20908196.0,35088.0,3.0,2.0,0.0,0.0,2.0,5.0,1634115.0,0.0
1099,1.0,6.714165904582839e+18,21112894.0,35609.0,2.0,1.0,3484.0,6046.0,10995.0,48642.0,4517879.0,1.0
1100,1.0,1.205787899908646e+19,20160482.0,27961.0,3.0,3.0,691185.0,104733.0,291446.0,172282.0,46357.0,0.0
1101,1.0,1.4340390157469403e+19,9027213.0,23808.0,3.0,2.0,29254.0,1.0,0.0,0.0,5072604.0,0.0
1102,1.0,3.011959141886622e+18,21400702.0,36898.0,3.0,2.0,48.0,148.0,3767.0,379.0,1763930.0,1.0
1103,1.0,1.1781470843330357e+19,20669557.0,34122.0,2.0,1.0,276459.0,5683.0,53985.0,4124.0,1202424.0,1.0
1104,1.0,1.3756257544627677e+19,9024861.0,24354.0,3.0,1.0,1153.0,7397.0,6432.0,6044.0,857203.0,1.0
1105,1.0,1.4140300435418186e+18,21246154.0,1502.0,2.0,1.0,159.0,561.0,113.0,153.0,538921.0,0.0
1106,1.0,4.945098023753992e+18,10766017.0,30157.0,2.0,1.0,323.0,174.0,144.0,340.0,12093642.0,1.0
1107,1.0,1.591181461155035e+19,4993102.0,13767.0,3.0,1.0,290.0,55.0,2818.0,1727.0,712968.0,1.0
1108,1.0,8.652246153851343e+18,21318527.0,20993.0,3.0,1.0,3460054.0,18178.0,98991.0,99508.0,0.0,0.0
1109,1.0,6.253008145208041e+18,21603168.0,2218.0,1.0,1.0,3338.0,3017.0,9676.0,3472.0,49703.0,1.0
1110,1.0,3.010475069228332e+18,21259994.0,35824.0,2.0,1.0,268336.0,1938.0,9021.0,9208.0,935717.0,0.0
1111,1.0,7.903914528320191e+18,21162354.0,1325.0,1.0,1.0,334275.0,8175.0,12897.0,485.0,1199404.0,0.0
1112,1.0,1.5859647530187389e+19,2989726.0,23778.0,1.0,1.0,82.0,104.0,62.0,79.0,1751312.0,1.0
1113,1.0,1.584902515794882e+19,4411706.0,21997.0,2.0,2.0,399.0,53.0,287.0,446.0,15527881.0,0.0
1114,11.0,1.2394863110586413e+19,4359349.0,570.0,3.0,2.0,102957.0,235939.0,499705.0,695003.0,0.0,0.0
1115,1.0,7.903914528320191e+18,21162350.0,1325.0,1.0,1.0,3892.0,168.0,320.0,932.0,1053505.0,1.0
1116,1.0,1.3416878294870458e+19,3066490.0,23786.0,1.0,1.0,281.0,375.0,246.0,115.0,54299.0,1.0
1117,1.0,1.5047769167056724e+19,20575275.0,421.0,2.0,2.0,240.0,597.0,3317.0,389.0,16546663.0,1.0
1118,2.0,1.3384857948156529e+18,20802278.0,33931.0,3.0,2.0,63496.0,12499.0,16256.0,31984.0,0.0,0.0
1119,1.0,1.4703092097152496e+19,9592716.0,5079.0,2.0,1.0,70459.0,4674.0,10277.0,221.0,4904393.0,1.0
1120,1.0,1.4340390157469403e+19,20640003.0,23808.0,2.0,2.0,23290.0,367.0,652.0,987.0,4752994.0,0.0
1121,1.0,1.5281346382755484e+19,20952464.0,854.0,2.0,1.0,81971.0,168042.0,511670.0,625114.0,13735086.0,0.0
1122,1.0,1.099159647493597e+19,20362883.0,591.0,2.0,2.0,197703.0,2666.0,1794.0,629.0,13895094.0,0.0
1123,1.0,1.5167927993406933e+19,20207797.0,781.0,2.0,1.0,14959931.0,4307.0,9688.0,961.0,210345.0,0.0
1124,1.0,2.6928596198512824e+18,21738413.0,2051.0,2.0,1.0,350493.0,4986.0,2509.0,63.0,1016233.0,0.0
1125,2.0,3.6623943276659936e+17,21406555.0,36940.0,1.0,1.0,175.0,3383.0,4208.0,1579.0,576532.0,0.0
1126,1.0,1.2919739770626867e+18,21092478.0,35343.0,2.0,2.0,21157.0,1140.0,60667.0,47950.0,2809257.0,0.0
1127,1.0,1.223405680971054e+19,21787000.0,37359.0,2.0,1.0,895.0,2214.0,140.0,202.0,7336522.0,0.0
1128,1.0,1.4818478852642092e+18,4430646.0,26244.0,2.0,2.0,8876084.0,51316.0,99106.0,92790.0,29233.0,0.0
1129,1.0,5.854749437009103e+17,20945608.0,35083.0,1.0,1.0,21180640.0,1518.0,2730.0,3322.0,0.0,0.0
1130,1.0,4.3053105383699666e+18,9284082.0,3383.0,3.0,2.0,2496.0,864.0,8012.0,8161.0,2591199.0,0.0
1131,1.0,4.876702067173951e+17,20590435.0,24027.0,2.0,2.0,1515.0,4684.0,10280.0,12939.0,5478976.0,1.0
1132,1.0,1.3676343896596736e+18,21401035.0,36897.0,3.0,3.0,342431.0,2346.0,9323.0,111.0,1059958.0,0.0
1133,1.0,1.3416878294870458e+19,3066490.0,23786.0,1.0,1.0,8305.0,314.0,207.0,115.0,10275494.0,1.0
1134,1.0,1.3311343438192927e+19,3806502.0,23791.0,2.0,1.0,4741.0,24.0,31.0,33.0,12785232.0,1.0
1135,1.0,7.903914528320191e+18,20640788.0,2012.0,2.0,2.0,1641.0,1893.0,24187.0,214.0,6027708.0,0.0
1136,2.0,1.205787899908646e+19,20163591.0,27961.0,2.0,2.0,1915149.0,9.0,18.0,27.0,1371318.0,1.0
1137,1.0,5.07990106805139e+18,7611761.0,25928.0,2.0,1.0,37787.0,42583.0,62272.0,63763.0,2498785.0,1.0
1138,11.0,5.811189789230171e+18,2775365.0,1619.0,2.0,1.0,4789.0,1353.0,240546.0,99713.0,0.0,1.0
1139,1.0,1.6553394223500177e+19,4831276.0,2089.0,3.0,2.0,7266286.0,471.0,72237.0,67178.0,11003802.0,0.0
1140,2.0,1.205787899908646e+19,20164275.0,27961.0,2.0,2.0,5417848.0,22713.0,44190.0,45251.0,0.0,0.0
1141,1.0,8.335105002517451e+18,20582549.0,33524.0,3.0,1.0,70993.0,393.0,297.0,671.0,1943990.0,0.0
1142,2.0,6.143811296116459e+16,3094412.0,11951.0,3.0,3.0,8.0,611.0,522.0,700.0,2654346.0,0.0
1143,1.0,1.7026520303953138e+19,20032368.0,26578.0,3.0,1.0,1129.0,763.0,6923.0,8183.0,7933789.0,1.0
1144,3.0,9.957946336417681e+17,21174994.0,25062.0,2.0,1.0,1314176.0,1799.0,1149.0,2260.0,121967.0,1.0
1145,1.0,1.2943519435171692e+18,20680695.0,24162.0,1.0,1.0,1695.0,4106.0,252.0,359.0,7969051.0,1.0
1146,1.0,3.9389783431856097e+18,21288650.0,20789.0,1.0,1.0,54468.0,79719.0,291150.0,245011.0,1973126.0,1.0
1147,1.0,7.536841130902041e+18,21765592.0,34619.0,2.0,1.0,11.0,8.0,7434.0,7597.0,11862863.0,1.0
1148,1.0,8.335105002517451e+18,20582549.0,33524.0,2.0,2.0,38899.0,65.0,536.0,1228.0,136273.0,0.0
1149,2.0,1.4804203087814568e+19,21440973.0,36803.0,1.0,1.0,673491.0,180.0,91997.0,8121.0,854784.0,0.0
1150,1.0,2.6324745323411927e+18,21435753.0,36972.0,2.0,1.0,330069.0,108226.0,1228343.0,977233.0,2861247.0,1.0
1151,1.0,1.8036767643507182e+19,20656634.0,33947.0,2.0,1.0,14275692.0,4750.0,9746.0,507.0,353772.0,1.0
1152,1.0,1.5989049276530887e+19,20374639.0,23823.0,2.0,1.0,4313.0,31100.0,44046.0,40472.0,13698553.0,1.0
1153,1.0,5.120683440510468e+18,8676724.0,1268.0,1.0,1.0,1068.0,40.0,45.0,13.0,11027377.0,1.0
1154,1.0,1.5989049276530887e+19,20314284.0,23824.0,2.0,1.0,9250.0,23717.0,53795.0,31.0,14048332.0,1.0
1155,1.0,8.134264174510893e+18,10593106.0,1268.0,1.0,1.0,7917118.0,1274.0,3213.0,2.0,0.0,0.0
1156,1.0,1.717226354889761e+19,2685689.0,25432.0,3.0,2.0,6485161.0,19642.0,21927.0,7367.0,4226115.0,0.0
1157,1.0,7.149866064920685e+18,20720716.0,34495.0,2.0,1.0,249115.0,174977.0,1298380.0,1042902.0,0.0,0.0
1158,1.0,3.9182019527261594e+18,4399493.0,1575.0,3.0,1.0,266492.0,38553.0,952592.0,761426.0,192289.0,1.0
1159,1.0,7.143518654485987e+18,20393504.0,33093.0,3.0,1.0,51477.0,82.0,133.0,544.0,0.0,0.0
1160,1.0,1.205787899908646e+19,20163161.0,27961.0,1.0,1.0,25429164.0,29013.0,44189.0,43825.0,4009180.0,0.0
1161,1.0,1.265502459667583e+17,21243957.0,36263.0,2.0,1.0,48511.0,11953.0,136165.0,179.0,15251381.0,1.0
1162,1.0,4.109622053395158e+18,20757971.0,34160.0,2.0,2.0,201367.0,118623.0,109897.0,96168.0,2597698.0,1.0
1163,1.0,7.484333488664585e+18,21090281.0,34691.0,3.0,3.0,2.0,67.0,78.0,103.0,4535679.0,0.0
1164,1.0,1.205787899908646e+19,20174763.0,27961.0,1.0,1.0,479174.0,52479.0,89808.0,82428.0,2204505.0,0.0
1165,1.0,5.17059581273531e+18,2683013.0,19472.0,2.0,1.0,116.0,352.0,659.0,1114.0,5574934.0,0.0
1166,1.0,1.4340390157469403e+19,9027524.0,23808.0,3.0,2.0,1650329.0,1671.0,754.0,950.0,788526.0,1.0
1167,1.0,3.888530780821654e+18,21244276.0,28411.0,1.0,1.0,2867.0,3371.0,2144.0,2569.0,22977253.0,0.0
1168,1.0,1.205787899908646e+19,20163591.0,27961.0,2.0,1.0,3928112.0,9.0,18.0,837.0,5661615.0,0.0
1169,1.0,1.3359361103803858e+18,20898489.0,33847.0,2.0,1.0,23810.0,73286.0,463204.0,544758.0,12088376.0,0.0
1170,1.0,7.903914528320191e+18,21162353.0,1325.0,1.0,1.0,47062.0,649.0,1040.0,1320.0,5264226.0,1.0
1171,1.0,2.470253408587162e+18,21193219.0,35900.0,3.0,1.0,7.0,5.0,148.0,195.0,307989.0,0.0
1172,2.0,1.4140300435418186e+18,21246154.0,1502.0,2.0,1.0,15.0,10.0,113.0,153.0,655859.0,1.0
1173,3.0,1.4340390157469403e+19,3126762.0,23777.0,3.0,2.0,31192.0,540.0,7792.0,7953.0,4419734.0,0.0
1174,1.0,8.134264174510893e+18,10593105.0,1268.0,2.0,1.0,4733.0,2510.0,5718.0,2.0,98497.0,1.0
1175,2.0,9.175736586663888e+18,22073165.0,38327.0,3.0,2.0,109153.0,14289.0,599690.0,131183.0,0.0,0.0
1176,1.0,1.3384857948156529e+18,20758982.0,33931.0,2.0,1.0,11947124.0,23745.0,511184.0,4902.0,0.0,0.0
1177,1.0,1.205787899908646e+19,20183784.0,27961.0,2.0,2.0,9209474.0,12600.0,18141.0,19505.0,0.0,1.0
1178,1.0,1.8054023944582975e+19,21156626.0,29479.0,2.0,2.0,411737.0,343766.0,76180.0,878.0,32466.0,0.0
1179,1.0,1.5016806540739244e+19,21211077.0,35399.0,2.0,2.0,1342954.0,163810.0,235011.0,138385.0,0.0,1.0
1180,1.0,7.903914528320191e+18,21162434.0,1325.0,2.0,2.0,3477109.0,10850.0,30217.0,31834.0,0.0,1.0
1181,2.0,1.205787899908646e+19,20163505.0,27961.0,1.0,1.0,104326.0,76.0,359.0,534.0,1018165.0,0.0
1182,1.0,1.205787899908646e+19,20163505.0,27961.0,2.0,2.0,2736538.0,76.0,90.0,528.0,0.0,0.0
1183,2.0,1.4340390157469403e+19,9027118.0,23808.0,2.0,2.0,4676808.0,4038.0,2626.0,2901.0,3902544.0,0.0
1184,1.0,1.6742159257768634e+19,10869217.0,2218.0,1.0,1.0,1541.0,4103.0,1585.0,4294.0,2906780.0,0.0
1185,1.0,1.537110493640385e+19,20569721.0,11676.0,2.0,1.0,14777701.0,5516.0,56779.0,128443.0,1282720.0,1.0
1186,1.0,8.848021695083077e+18,20418979.0,2387.0,2.0,2.0,4079.0,31350.0,90483.0,84494.0,5480632.0,1.0
1187,1.0,1.4340390157469403e+19,20640054.0,23808.0,1.0,1.0,7694770.0,5735.0,702.0,906.0,571540.0,0.0
1188,5.0,7.903914528320191e+18,21162433.0,1325.0,2.0,2.0,139937.0,77158.0,203440.0,185989.0,28752.0,1.0
1189,2.0,1.6644942489091598e+19,21156257.0,34770.0,2.0,2.0,8.0,15.0,3774.0,3552.0,405370.0,0.0
1190,1.0,1.746745400867403e+19,20201847.0,26761.0,3.0,2.0,61436.0,25067.0,776244.0,347823.0,0.0,0.0
1191,1.0,1.4600073692226415e+19,21514967.0,4004.0,2.0,1.0,11598.0,19231.0,150127.0,2436.0,2279487.0,1.0
1192,1.0,9.329161806660276e+18,21328230.0,30027.0,2.0,1.0,68129.0,41943.0,470941.0,528908.0,0.0,1.0
1193,2.0,1.205787899908646e+19,20203753.0,27961.0,1.0,1.0,459.0,810.0,83.0,109.0,16186096.0,1.0
1194,1.0,8.99455707050858e+18,20030165.0,23799.0,2.0,1.0,19.0,28.0,41.0,52.0,2511200.0,1.0
1195,1.0,1.2452315402631199e+19,4420525.0,28336.0,1.0,1.0,140612.0,4634.0,5917.0,7387.0,96715.0,0.0
1196,1.0,1.4340390157469403e+19,9027206.0,23808.0,1.0,1.0,9885.0,18294.0,2073.0,2305.0,23040362.0,1.0
1197,1.0,1.584902515794882e+19,4411706.0,21997.0,2.0,2.0,15555514.0,53.0,287.0,446.0,2589423.0,1.0
1198,1.0,1.3756257544627677e+19,10794010.0,24354.0,2.0,2.0,10443.0,10937.0,760.0,828.0,15823458.0,0.0
1199,1.0,1.4340390157469403e+19,9027213.0,23808.0,2.0,1.0,1.0,1.0,0.0,0.0,2484168.0,1.0
1200,1.0,6.386909514347191e+18,21375236.0,9032.0,2.0,2.0,11273.0,270569.0,2417751.0,90458.0,6311378.0,0.0
1201,7.0,1.5989049276530887e+19,20313584.0,23828.0,3.0,1.0,47040.0,70869.0,344080.0,140.0,4561.0,1.0
1202,1.0,4.3945255389402655e+18,10404502.0,10794.0,2.0,1.0,4762.0,7325.0,5183.0,3460.0,1665103.0,1.0
1203,1.0,1.7363854844105064e+19,20017083.0,23798.0,1.0,1.0,7349.0,1645.0,1418.0,1678.0,23760640.0,1.0
1204,1.0,4.810448850616925e+18,4384298.0,14353.0,3.0,3.0,7930607.0,37460.0,2431101.0,2710456.0,0.0,0.0
1205,1.0,1.013255895926795e+19,20967980.0,35180.0,2.0,1.0,147.0,334.0,1036.0,1054.0,2822720.0,1.0
1206,2.0,7.536841130902041e+18,21765592.0,34619.0,1.0,1.0,99.0,1279.0,836.0,1035.0,2558057.0,0.0
1207,1.0,1.7299638493773875e+18,9585571.0,23637.0,1.0,1.0,13386775.0,32.0,306.0,155.0,15751483.0,0.0
1208,1.0,1.205787899908646e+19,20170569.0,27961.0,1.0,1.0,3678.0,416.0,2122.0,2547.0,107422.0,0.0
1209,97.0,1.2236336944143577e+19,21300439.0,35141.0,2.0,2.0,2490.0,5670.0,9647.0,9751.0,0.0,1.0
1210,1.0,1.1315908569713166e+19,20044210.0,18070.0,2.0,2.0,5343.0,9397.0,2731.0,956.0,0.0,0.0
1211,4.0,1.4340390157469403e+19,3060558.0,23777.0,2.0,1.0,849099.0,7904.0,10534.0,10549.0,0.0,1.0
1212,1.0,1.4340390157469403e+19,4757625.0,23777.0,2.0,2.0,13414.0,15965.0,13421.0,13229.0,105942.0,0.0
1213,1.0,1.3090221289647714e+19,20174982.0,23795.0,1.0,1.0,460.0,1579.0,3.0,7.0,843148.0,1.0
1214,3.0,6.093767552847264e+18,20493375.0,33475.0,1.0,1.0,1695203.0,505413.0,2300865.0,784015.0,0.0,1.0
1215,1.0,1.2591304309598136e+18,5845657.0,8097.0,2.0,2.0,1893083.0,30755.0,69711.0,56151.0,0.0,0.0
1216,1.0,1.4531867648059392e+19,21773700.0,27482.0,2.0,2.0,9923.0,25311.0,23692.0,6.0,6421076.0,0.0
1217,1.0,7.768630982395624e+18,2771458.0,24723.0,1.0,1.0,23364961.0,3377.0,2466.0,2848.0,2257188.0,1.0
1218,1.0,2.0021430589649848e+18,21364479.0,24124.0,1.0,1.0,20287355.0,25727.0,168600.0,152042.0,0.0,0.0
1219,1.0,1.8106872618750482e+19,21176632.0,35882.0,3.0,1.0,171560.0,1873.0,5200.0,13047.0,0.0,0.0
1220,2.0,1.4340390157469403e+19,3111433.0,23777.0,1.0,1.0,15619173.0,2236.0,1447.0,1703.0,0.0,0.0
1221,1.0,1.5801307484919964e+19,20128846.0,28748.0,2.0,2.0,7381612.0,4753.0,49637.0,51290.0,0.0,0.0
1222,1.0,1.2087105336300669e+19,21250788.0,2521.0,2.0,2.0,254306.0,101604.0,734740.0,619722.0,8198278.0,1.0
1223,1.0,1.4340390157469403e+19,21163928.0,23808.0,3.0,1.0,139892.0,4216.0,12979.0,342.0,2008069.0,0.0
1224,1.0,3.6026075286546156e+18,21471359.0,37089.0,1.0,1.0,652.0,1102.0,2815.0,3079.0,8368008.0,0.0
1225,1.0,7.408403959748027e+18,20348790.0,17016.0,2.0,2.0,11029591.0,99505.0,1170326.0,932182.0,11916301.0,0.0
1226,3.0,1.205787899908646e+19,20222970.0,27961.0,1.0,1.0,9478804.0,102.0,352.0,1068.0,438283.0,1.0
1227,1.0,1.4779372599199648e+19,20601293.0,2494.0,2.0,2.0,14198053.0,103163.0,344.0,260.0,93748.0,0.0
1228,3.0,1.205787899908646e+19,20185839.0,27961.0,1.0,1.0,16430941.0,23345.0,32273.0,33699.0,881783.0,0.0
1229,1.0,1.067141056038655e+19,22082893.0,38328.0,3.0,2.0,769284.0,11852.0,155941.0,17591.0,0.0,0.0
1230,1.0,7.903914528320191e+18,21162311.0,1325.0,1.0,1.0,18426.0,191099.0,510442.0,413987.0,2191736.0,0.0
1231,1.0,1.205787899908646e+19,20163505.0,27961.0,3.0,3.0,8599401.0,76.0,359.0,719.0,0.0,0.0
1232,1.0,1.3090221289647714e+19,20174982.0,23795.0,1.0,1.0,19567055.0,1198.0,3.0,7.0,9570091.0,1.0
1233,1.0,5.164917569511027e+18,21260064.0,35748.0,1.0,1.0,23028354.0,4464.0,9621.0,1083.0,0.0,0.0
1234,1.0,1.7299638493773875e+18,9585571.0,23637.0,2.0,2.0,3717.0,32.0,956.0,185.0,5360598.0,0.0
1235,1.0,9.75107224858461e+18,10939492.0,29713.0,1.0,1.0,7998.0,8563.0,17617.0,17052.0,21278401.0,0.0
1236,1.0,7.812149492765216e+18,1763269.0,6889.0,2.0,2.0,3522302.0,10315.0,22015.0,24870.0,323010.0,1.0
1237,1.0,1.4231493512413106e+19,4253952.0,26608.0,2.0,1.0,31477.0,3578.0,6163.0,7526.0,571313.0,1.0
1238,1.0,2.8204411734907955e+18,4299400.0,16583.0,2.0,1.0,11389560.0,2442.0,9219.0,9444.0,29899.0,0.0
1239,1.0,3.5362454920521805e+18,20582851.0,1998.0,1.0,1.0,3707859.0,5011.0,15614.0,15217.0,17375602.0,1.0
1240,1.0,7.51428784196471e+18,4451860.0,22947.0,2.0,1.0,2248.0,308.0,632.0,850.0,167425.0,0.0
1241,1.0,2.6272576099363994e+18,3839304.0,12041.0,2.0,1.0,89871.0,81033.0,1234758.0,1137507.0,7826102.0,1.0
1242,2.0,1.4340390157469403e+19,6434934.0,23777.0,2.0,1.0,3639.0,14.0,10.0,17.0,379138.0,0.0
1243,1.0,3.3913795723357266e+18,20741829.0,34169.0,2.0,1.0,5629.0,1281.0,339586.0,279927.0,6808251.0,1.0
1244,1.0,5.468727571223081e+18,20000937.0,1381.0,2.0,1.0,3061007.0,1404.0,16308.0,19605.0,0.0,1.0
1245,1.0,1.3311279192793553e+19,22222379.0,39083.0,3.0,1.0,1831115.0,24143.0,531259.0,328851.0,1216647.0,0.0
1246,1.0,1.205787899908646e+19,20192676.0,27961.0,1.0,1.0,63.0,39.0,72.0,100.0,12176783.0,0.0
1247,1.0,1.4340390157469403e+19,20643970.0,23808.0,2.0,1.0,38.0,20.0,9.0,9.0,15411166.0,1.0
1248,2.0,1.4600073692226415e+19,21432657.0,4004.0,2.0,1.0,842320.0,664370.0,2073305.0,1486045.0,0.0,1.0
1249,1.0,6.562812842123812e+18,20936887.0,20955.0,1.0,1.0,1415.0,823.0,3861.0,5691.0,7879338.0,0.0
1250,1.0,1.5860193830590669e+19,2878230.0,23777.0,2.0,1.0,6.0,4.0,21.0,22.0,5088551.0,0.0
1251,3.0,1.4340390157469403e+19,9027933.0,23808.0,3.0,2.0,254194.0,325818.0,3200.0,10.0,122684.0,0.0
1252,1.0,1.205787899908646e+19,20174654.0,27961.0,2.0,1.0,172915.0,45725.0,166232.0,155034.0,1939748.0,1.0
1253,1.0,1.4340390157469403e+19,3074337.0,23777.0,3.0,2.0,3328742.0,1812.0,54210.0,49102.0,724526.0,1.0
1254,3.0,1.034946865176566e+19,21522776.0,37422.0,3.0,1.0,0.0,0.0,12.0,4.0,4335659.0,0.0
1255,1.0,8.429269681940447e+18,4325847.0,8285.0,2.0,1.0,83.0,34.0,561.0,738.0,9724888.0,1.0
1256,1.0,7.903914528320191e+18,21162262.0,1325.0,1.0,1.0,6653.0,462.0,991.0,1746.0,487292.0,1.0
1257,5.0,1.205787899908646e+19,20180670.0,27961.0,2.0,1.0,476686.0,1344.0,8911.0,9355.0,13031648.0,0.0
1258,1.0,1.021800488877112e+19,20035793.0,24159.0,2.0,2.0,5.0,1.0,1419.0,1766.0,11771827.0,0.0
1259,2.0,1.4340390157469403e+19,9027213.0,23808.0,2.0,1.0,1.0,1.0,0.0,0.0,784593.0,1.0
1260,1.0,9.806838428950888e+18,21811758.0,37737.0,2.0,2.0,3702.0,551.0,2416.0,13108.0,6201657.0,0.0
1261,1.0,3.5168895657275873e+18,20423754.0,1267.0,3.0,1.0,39703.0,356.0,255.0,1813.0,294288.0,0.0
1262,1.0,6.263749423537724e+18,21881309.0,36720.0,1.0,1.0,20664.0,1030.0,1522.0,137.0,21502637.0,0.0
1263,3.0,1.4340390157469403e+19,9027437.0,23808.0,2.0,2.0,24.0,19.0,20.0,20.0,3359272.0,0.0
1264,1.0,5.260594170071819e+16,3048011.0,23782.0,2.0,1.0,13387674.0,372.0,245.0,357.0,0.0,0.0
1265,1.0,1.570947928247294e+19,20588401.0,33692.0,2.0,2.0,1858.0,1633.0,3356.0,4340.0,172043.0,1.0
1266,1.0,7.903914528320191e+18,21109764.0,2010.0,2.0,1.0,14233242.0,195107.0,1025587.0,501172.0,35509.0,1.0
1267,1.0,1.0664591050012752e+19,21443408.0,30128.0,3.0,1.0,435043.0,3824.0,7149.0,7325.0,5469200.0,1.0
1268,1.0,1.205787899908646e+19,20163499.0,27961.0,1.0,1.0,6096484.0,14988.0,16239.0,14949.0,2123685.0,1.0
1269,3.0,1.6709405790339167e+18,20330644.0,33157.0,2.0,1.0,123589.0,8666.0,500827.0,464.0,0.0,1.0
1270,1.0,1.3756257544627677e+19,20175571.0,24354.0,2.0,1.0,53.0,276.0,79.0,199.0,8273162.0,1.0
1271,1.0,1.3359361103803858e+18,20599536.0,33847.0,3.0,2.0,2044318.0,9025.0,32826.0,42497.0,1411618.0,1.0
1272,3.0,5.888277431783336e+18,7955185.0,6520.0,2.0,1.0,176.0,982.0,136.0,196.0,110498.0,1.0
1273,1.0,3.7306253281194304e+17,3827183.0,23792.0,1.0,1.0,282.0,834.0,61.0,77.0,21950568.0,0.0
1274,1.0,1.4340390157469403e+19,20640094.0,23808.0,2.0,2.0,11701598.0,2143.0,1614.0,1868.0,464029.0,0.0
1275,1.0,6.143811296116459e+16,3094412.0,11951.0,3.0,2.0,1422599.0,5140.0,522.0,700.0,0.0,0.0
1276,1.0,7.251627201518253e+18,20665339.0,2011.0,2.0,1.0,12954261.0,2468.0,3846.0,135.0,9986556.0,0.0
1277,3.0,1.7363854844105064e+19,20017083.0,23798.0,1.0,1.0,5135.0,1645.0,1418.0,1678.0,463472.0,1.0
1278,1.0,1.4340390157469403e+19,20644045.0,23808.0,3.0,1.0,9026.0,2.0,1.0,3.0,5184687.0,1.0
1279,1.0,1.1774836834129086e+19,8344310.0,21018.0,2.0,1.0,11221925.0,3296.0,232027.0,193280.0,848716.0,1.0
1280,1.0,5.851252814446936e+18,10437268.0,28698.0,2.0,1.0,199.0,522.0,5324.0,11777.0,1449967.0,0.0
1281,1.0,8.99455707050858e+18,20030165.0,23799.0,2.0,2.0,77493.0,296.0,251.0,756.0,0.0,0.0
1282,1.0,4.1287683139663334e+17,21093861.0,14048.0,2.0,2.0,7238.0,7144.0,3501.0,3800.0,169378.0,1.0
1283,1.0,4.579769361826681e+17,20776104.0,34559.0,1.0,1.0,18030407.0,10875.0,62789.0,65013.0,0.0,0.0
1284,1.0,1.205787899908646e+19,20149093.0,27961.0,2.0,1.0,70609.0,92.0,285.0,478.0,0.0,0.0
1285,2.0,1.4531867648059392e+19,21815472.0,27485.0,2.0,1.0,5118.0,4350.0,10950.0,76.0,1107222.0,1.0
1286,1.0,9.45917755559769e+18,21163053.0,5466.0,2.0,2.0,93571.0,99196.0,1119372.0,882692.0,1933079.0,0.0
1287,1.0,1.205787899908646e+19,20222851.0,27961.0,2.0,2.0,8327730.0,19838.0,29603.0,30167.0,14946157.0,1.0
1288,1.0,2.6928596198512824e+18,21734322.0,2051.0,2.0,2.0,168.0,107643.0,161819.0,138933.0,29565.0,1.0
1289,1.0,9.960178603418085e+18,10650041.0,29475.0,1.0,1.0,11115.0,3987.0,448432.0,631535.0,0.0,0.0
1290,1.0,7.137463797046619e+18,21340443.0,36665.0,2.0,2.0,308386.0,8460.0,121561.0,175119.0,0.0,1.0
1291,1.0,3.601754351533669e+18,10112481.0,23774.0,2.0,2.0,158861.0,5266.0,130808.0,1509.0,2627305.0,1.0
1292,1.0,1.3560782697342902e+19,4881193.0,16973.0,2.0,1.0,26777.0,45054.0,2037511.0,1606188.0,5030149.0,1.0
1293,2.0,3.1150992080209403e+18,20328091.0,22660.0,2.0,1.0,2832157.0,82214.0,205765.0,174515.0,0.0,0.0
1294,1.0,1.360523891478254e+19,7779076.0,27501.0,2.0,1.0,21.0,70.0,120.0,169.0,1298666.0,0.0
1295,2.0,1.3756257544627677e+19,10959071.0,24354.0,1.0,1.0,46591.0,97070.0,19399.0,259.0,21457.0,0.0
1296,2.0,1.7941547923985027e+19,4329507.0,19731.0,2.0,2.0,1790145.0,10389.0,53300.0,50594.0,0.0,1.0
1297,1.0,1.3756257544627677e+19,4358556.0,24035.0,1.0,1.0,2952.0,5198.0,3180.0,13585.0,18442875.0,0.0
1298,3.0,1.4340390157469403e+19,9027437.0,23808.0,2.0,1.0,1284741.0,19.0,20.0,20.0,0.0,0.0
1299,2.0,1.3393518283442651e+19,4319995.0,799.0,2.0,2.0,12983688.0,3883.0,212.0,330.0,0.0,1.0
1300,1.0,7.903914528320191e+18,21162255.0,1325.0,2.0,2.0,12297500.0,10979.0,19928.0,29621.0,0.0,0.0
1301,2.0,8.085948054257418e+18,9826156.0,5079.0,2.0,1.0,265650.0,269503.0,1184392.0,221.0,1400559.0,1.0
1302,1.0,1.609312245873959e+19,20298165.0,13093.0,1.0,1.0,794120.0,184351.0,343652.0,412719.0,2547438.0,0.0
1303,1.0,1.4340390157469403e+19,20640001.0,23808.0,1.0,1.0,144.0,244.0,115.0,160.0,8150505.0,0.0
1304,3.0,1.4601918583178455e+19,21300983.0,2369.0,1.0,1.0,945786.0,83.0,39256.0,46705.0,139106.0,1.0
1305,2.0,4.2981186814246446e+18,7831406.0,385.0,2.0,2.0,54.0,1887.0,1220.0,574.0,1771154.0,1.0
1306,1.0,1.7120538644288414e+19,20704524.0,34306.0,2.0,1.0,1704334.0,2041.0,232842.0,113829.0,0.0,1.0
1307,1.0,2.0042556180443613e+17,10752480.0,30041.0,2.0,1.0,627818.0,18766.0,37760.0,41050.0,931568.0,1.0
1308,1.0,1.4340390157469403e+19,3111381.0,23777.0,2.0,1.0,3590125.0,230.0,720.0,921.0,685065.0,0.0
1309,1.0,1.2723104141063629e+19,22134176.0,38549.0,2.0,2.0,44.0,2067.0,12167.0,12050.0,432120.0,0.0
1310,1.0,1.205787899908646e+19,20164275.0,27961.0,1.0,1.0,22116.0,1439.0,6552.0,7606.0,43023.0,1.0
1311,1.0,1.3261988164170637e+19,21233901.0,1894.0,2.0,1.0,2987180.0,5546.0,34585.0,38325.0,1932.0,0.0
1312,3.0,7.903914528320191e+18,21162519.0,1325.0,2.0,2.0,79.0,1880.0,24.0,25.0,761289.0,0.0
1313,2.0,2.137528403495601e+18,20218303.0,23801.0,1.0,1.0,1255.0,3311.0,597.0,785.0,2675868.0,1.0
1314,1.0,1.6794704970244289e+19,5059558.0,26286.0,1.0,1.0,153.0,250.0,303.0,527.0,19830804.0,1.0
1315,1.0,1.2590184450780279e+19,20681052.0,28535.0,1.0,1.0,53084.0,31956.0,31792.0,5323.0,903866.0,0.0
1316,1.0,9.45917755559769e+18,21163124.0,5466.0,2.0,1.0,73049.0,79581.0,566743.0,608767.0,0.0,1.0
1317,1.0,1.303647730543256e+19,20414143.0,33455.0,3.0,1.0,1435806.0,3429.0,244029.0,243709.0,0.0,0.0
1318,1.0,2.6928596198512824e+18,21737534.0,2051.0,3.0,2.0,234229.0,112616.0,79677.0,70833.0,3590126.0,1.0
1319,2.0,5.468727571223081e+18,20003989.0,1381.0,2.0,1.0,1933127.0,15340.0,38449.0,36722.0,807531.0,1.0
1320,1.0,1.4340390157469403e+19,20644045.0,23808.0,2.0,1.0,107.0,2.0,1.0,3.0,7672700.0,1.0
1321,1.0,1.205787899908646e+19,20185461.0,27961.0,1.0,1.0,952589.0,232.0,325.0,506.0,22943619.0,0.0
1322,1.0,1.257552877938876e+19,3112706.0,23778.0,2.0,1.0,394.0,13.0,17.0,30.0,12470470.0,1.0
1323,1.0,1.7299638493773875e+18,9584171.0,23637.0,2.0,1.0,5399.0,401.0,907.0,155.0,1525858.0,1.0
1324,1.0,2.5833788125984476e+18,21247840.0,36272.0,2.0,2.0,356.0,981.0,7787.0,9093.0,15315551.0,0.0
1325,6.0,2.670952723278905e+18,20172874.0,23805.0,2.0,2.0,1.0,3.0,35.0,16.0,1588287.0,1.0
1326,1.0,1.3756257544627677e+19,9024860.0,24354.0,2.0,1.0,4434.0,9427.0,20380.0,1658.0,644350.0,0.0
1327,1.0,1.4340390157469403e+19,6435298.0,23777.0,1.0,1.0,264123.0,4561.0,27911.0,26404.0,16597869.0,0.0
1328,1.0,5.07990106805139e+18,7727741.0,25928.0,2.0,1.0,1666440.0,456.0,13386.0,12781.0,2133828.0,0.0
1329,4.0,6.83370001616161e+18,20279111.0,2182.0,2.0,1.0,1083.0,1712.0,353934.0,345488.0,0.0,1.0
1330,1.0,2.6928596198512824e+18,4341158.0,2051.0,3.0,1.0,102.0,283.0,780.0,898.0,440350.0,1.0
1331,2.0,5.888277431783336e+18,7955186.0,6520.0,1.0,1.0,73.0,101.0,88.0,117.0,744173.0,1.0
1332,1.0,1.6613069372585526e+18,4246877.0,10647.0,2.0,1.0,263641.0,50502.0,620366.0,488338.0,13812433.0,1.0
1333,1.0,1.3077851687557714e+19,22115416.0,38623.0,2.0,2.0,15612644.0,5717.0,18971.0,18292.0,8587789.0,0.0
1334,1.0,1.0536834335786252e+18,4258625.0,1339.0,2.0,1.0,548270.0,2600.0,728.0,3456.0,4651649.0,0.0
1335,1.0,7.903914528320191e+18,21162496.0,1325.0,2.0,1.0,14353794.0,655158.0,3957002.0,2589120.0,0.0,0.0
1336,1.0,1.205787899908646e+19,20183697.0,27961.0,1.0,1.0,6736.0,3189.0,2764.0,3216.0,330680.0,0.0
1337,1.0,1.4340390157469403e+19,9027637.0,23808.0,2.0,1.0,266164.0,586.0,108.0,146.0,468662.0,1.0
1338,1.0,2.987457312022362e+18,1192718.0,2850.0,2.0,2.0,2002266.0,485.0,305.0,447.0,5696705.0,0.0
1339,2.0,3.011959141886622e+18,21400748.0,36898.0,2.0,2.0,3622.0,12736.0,208954.0,36070.0,3637083.0,1.0
1340,5.0,3.46878274902575e+18,4258471.0,10674.0,1.0,1.0,3519.0,1883.0,3844.0,2162.0,0.0,1.0
1341,1.0,6.414307266338366e+18,21248429.0,35668.0,1.0,1.0,64.0,10.0,368.0,496.0,5000062.0,0.0
1342,2.0,1.1664224860161087e+19,20464484.0,33640.0,1.0,1.0,149.0,89.0,777.0,589.0,1199313.0,1.0
1343,2.0,4.696782904677008e+18,3177723.0,23790.0,1.0,1.0,21559010.0,40087.0,32.0,236.0,1421838.0,1.0
1344,2.0,1.0135107745441843e+19,20884557.0,13527.0,3.0,2.0,1149445.0,103767.0,808844.0,653110.0,0.0,0.0
1345,2.0,1.3077851687557714e+19,22115264.0,38623.0,3.0,3.0,2025.0,38989.0,303620.0,669.0,0.0,0.0
1346,1.0,1.537110493640385e+19,20569671.0,11676.0,3.0,3.0,6879647.0,228.0,7391.0,7657.0,0.0,0.0
1347,1.0,7.168977842091373e+18,20979211.0,29232.0,2.0,1.0,46426.0,81420.0,191139.0,162993.0,10681534.0,0.0
1348,1.0,5.851252814446936e+18,21477669.0,28698.0,2.0,2.0,423.0,1296.0,1025.0,437.0,201066.0,0.0
1349,2.0,7.903914528320191e+18,21135625.0,1325.0,1.0,1.0,1248433.0,93903.0,315425.0,3121.0,0.0,1.0
1350,1.0,6.015301734198921e+18,21127652.0,10200.0,2.0,1.0,1861.0,12460.0,16122.0,3811.0,611236.0,1.0
1351,1.0,1.2144395050981569e+19,4410694.0,11751.0,2.0,1.0,578.0,2898.0,2533.0,6920.0,6497186.0,0.0
1352,2.0,1.008357241655155e+19,2038263.0,23862.0,2.0,1.0,593425.0,76981.0,1525091.0,1121370.0,0.0,0.0
1353,1.0,1.3384857948156529e+18,20802241.0,33931.0,2.0,2.0,4212620.0,19653.0,17737.0,25128.0,177873.0,1.0
1354,1.0,3.764685240610187e+18,4437752.0,17515.0,2.0,2.0,6611.0,6260.0,542195.0,71404.0,5585927.0,1.0
1355,2.0,1.540884077229357e+19,20669242.0,32921.0,1.0,1.0,1971731.0,60267.0,991884.0,1088267.0,0.0,1.0
1356,1.0,1.205787899908646e+19,20174554.0,27961.0,2.0,2.0,469933.0,8875.0,275619.0,4247.0,651.0,0.0
1357,4.0,2.9996743208167286e+18,21494420.0,32424.0,2.0,2.0,2804.0,14418.0,77513.0,68991.0,190511.0,0.0
1358,1.0,9.991057275835721e+17,20389197.0,30428.0,3.0,2.0,1656946.0,41712.0,235546.0,197701.0,0.0,0.0
1359,1.0,1.0115144601609744e+19,20137531.0,24124.0,2.0,2.0,4635294.0,1911.0,23814.0,151.0,493929.0,1.0
1360,12.0,4.56486055703511e+18,20914872.0,34893.0,2.0,2.0,278.0,892.0,11209.0,18677.0,0.0,0.0
1361,1.0,1.4531867648059392e+19,21771203.0,27482.0,1.0,1.0,6806407.0,54369.0,84317.0,6.0,0.0,0.0
1362,1.0,1.3520414124567273e+19,21020973.0,35091.0,1.0,1.0,697529.0,7204.0,18345.0,7689.0,0.0,0.0
1363,3.0,1.7805104922366202e+19,20758456.0,29700.0,1.0,1.0,2106923.0,12516.0,13622.0,16172.0,56585.0,0.0
1364,1.0,1.205787899908646e+19,20192676.0,27961.0,1.0,1.0,6.0,4.0,60.0,206.0,10854572.0,0.0
1365,1.0,1.077230928844858e+19,21881193.0,34202.0,1.0,1.0,565.0,2461.0,13358.0,13165.0,4839930.0,1.0
1366,2.0,1.4347859242938208e+19,21963775.0,33931.0,1.0,1.0,2056877.0,52020.0,113830.0,99502.0,0.0,1.0
1367,2.0,1.4340390157469403e+19,10397481.0,23808.0,1.0,1.0,1154.0,800.0,16.0,167.0,144101.0,0.0
1368,2.0,9.454444745490072e+18,9682576.0,17036.0,2.0,2.0,8.0,88.0,7984.0,9330.0,3386087.0,0.0
1369,1.0,7.903914528320191e+18,21162357.0,1325.0,2.0,2.0,86958.0,171.0,649.0,768.0,6456264.0,0.0
1370,1.0,9.32780212766001e+18,20934790.0,35099.0,2.0,2.0,12464934.0,1216.0,2659.0,3750.0,0.0,1.0
1371,1.0,1.061188555835503e+19,3574070.0,22836.0,2.0,1.0,274069.0,1232.0,91667.0,200677.0,614089.0,0.0
1372,1.0,1.7363854844105064e+19,20017078.0,23798.0,1.0,1.0,2443900.0,2420.0,4.0,208.0,8944832.0,0.0
1373,1.0,1.5859647530187389e+19,4285952.0,23778.0,1.0,1.0,50.0,66.0,19.0,66.0,6514371.0,0.0
1374,2.0,2.85622132269519e+18,21459423.0,36708.0,3.0,3.0,1183227.0,70913.0,261943.0,217267.0,129821.0,0.0
1375,13.0,4.1286333491424783e+18,20975188.0,35306.0,2.0,1.0,37111.0,70684.0,242967.0,245802.0,0.0,0.0
1376,1.0,1.4340390157469403e+19,21360115.0,23777.0,1.0,1.0,5203.0,6.0,496.0,143.0,730150.0,0.0
1377,1.0,3.7306253281194304e+17,3827183.0,23792.0,1.0,1.0,34169.0,2189.0,61.0,77.0,3302454.0,1.0
1378,1.0,1.1578726817622292e+19,21509017.0,24730.0,3.0,1.0,3269923.0,480.0,24429.0,23134.0,926064.0,1.0
1379,2.0,7.134563152622918e+18,20891927.0,33843.0,2.0,2.0,2186465.0,19419.0,213045.0,238084.0,0.0,0.0
1380,1.0,1.249659331114745e+19,3608303.0,11414.0,2.0,1.0,448937.0,348875.0,880150.0,819734.0,1539690.0,0.0
1381,1.0,1.2462462009066863e+19,10404893.0,29815.0,1.0,1.0,15399.0,15120.0,82800.0,82743.0,18753291.0,1.0
1382,1.0,7.041933894562209e+18,21313915.0,36456.0,2.0,2.0,1859605.0,6502.0,257542.0,271620.0,2088229.0,0.0
1383,1.0,1.4347859242938208e+19,21717683.0,33931.0,2.0,1.0,149469.0,1963.0,2861.0,883.0,8988019.0,0.0
1384,1.0,1.7194491571363195e+19,21353051.0,36652.0,1.0,1.0,18106.0,2853.0,119961.0,104916.0,20789343.0,0.0
1385,1.0,8.99455707050858e+18,20030165.0,23799.0,1.0,1.0,23336.0,231.0,199.0,756.0,1030253.0,1.0
1386,1.0,1.4340390157469403e+19,20644045.0,23808.0,1.0,1.0,108.0,2.0,1.0,3.0,22650162.0,0.0
1387,1.0,8.848021695083077e+18,20815842.0,2387.0,2.0,1.0,11984.0,32184.0,64101.0,67011.0,3058.0,0.0
1388,1.0,1.4340390157469403e+19,3207405.0,23777.0,2.0,1.0,578.0,3241.0,2085.0,2323.0,1248045.0,1.0
1389,1.0,1.5989049276530887e+19,20314354.0,23824.0,2.0,1.0,5624.0,15686.0,31362.0,31.0,401312.0,1.0
1390,1.0,1.4340390157469403e+19,21163927.0,23808.0,1.0,1.0,218.0,850.0,1361.0,127.0,19350649.0,0.0
1391,1.0,1.205787899908646e+19,20164726.0,27961.0,2.0,2.0,9912551.0,23689.0,56105.0,55766.0,155984.0,0.0
1392,1.0,7.341799059012098e+18,21312958.0,36527.0,3.0,3.0,243606.0,91713.0,2012.0,2434.0,1050116.0,0.0
1393,1.0,1.3503262172158704e+19,21818979.0,1185.0,3.0,1.0,22997.0,104356.0,183894.0,393.0,1006018.0,1.0
1394,1.0,1.6639217122396893e+19,20033996.0,26520.0,2.0,2.0,37325.0,27827.0,58255.0,55981.0,6288271.0,0.0
1395,1.0,6.228784066129291e+18,3923556.0,1998.0,2.0,2.0,2266.0,4550.0,7659.0,30541.0,2293576.0,1.0
1396,1.0,1.205787899908646e+19,20222693.0,27961.0,2.0,1.0,167662.0,9454.0,15373.0,17153.0,3825188.0,1.0
1397,1.0,1.205787899908646e+19,20180684.0,27961.0,1.0,1.0,9350.0,927.0,10040.0,10650.0,5152417.0,1.0
1398,1.0,1.205787899908646e+19,20183693.0,27961.0,1.0,1.0,958423.0,2862.0,2820.0,3635.0,11673594.0,0.0
1399,1.0,8.99455707050858e+18,20030165.0,23799.0,2.0,1.0,19.0,28.0,41.0,52.0,11973566.0,1.0
1400,1.0,1.205787899908646e+19,20197143.0,27961.0,1.0,1.0,668.0,1806.0,9120.0,16104.0,54889.0,0.0
1401,1.0,1.6044381745585736e+19,21751954.0,37601.0,3.0,1.0,4555.0,490.0,95667.0,17593.0,2019754.0,1.0
1402,1.0,1.445280056686617e+19,10588105.0,29696.0,2.0,1.0,14516634.0,1705.0,11625.0,12995.0,338438.0,0.0
1403,1.0,1.4340390157469403e+19,9027458.0,23808.0,2.0,2.0,2376.0,767.0,195.0,284.0,16460770.0,0.0
1404,2.0,1.4140300435418186e+18,20203896.0,1502.0,1.0,1.0,205070.0,122474.0,1490.0,404768.0,0.0,1.0
1405,1.0,1.4531867648059392e+19,3834142.0,27485.0,2.0,1.0,2.0,8.0,28.0,74.0,234416.0,1.0
1406,1.0,1.103186554642774e+19,20967182.0,28733.0,1.0,1.0,22439514.0,2990.0,6183.0,7203.0,0.0,1.0
1407,1.0,1.5689252236861137e+19,21164209.0,24130.0,1.0,1.0,19865023.0,185.0,510.0,3344.0,0.0,0.0
1408,1.0,6.853544015823758e+17,21136264.0,18071.0,1.0,1.0,6727239.0,132194.0,388503.0,345333.0,0.0,0.0
1409,1.0,9.526210837937697e+18,2102446.0,5823.0,2.0,1.0,254260.0,5919.0,14338.0,14086.0,0.0,0.0
1410,2.0,1.4340390157469403e+19,9027458.0,23808.0,2.0,2.0,480.0,767.0,195.0,284.0,183768.0,1.0
1411,1.0,1.3030602032207516e+19,20569843.0,33678.0,1.0,1.0,52.0,251.0,167964.0,143308.0,12630370.0,0.0
1412,1.0,1.0669660379403606e+18,20876927.0,34789.0,2.0,1.0,17498.0,48075.0,403595.0,380189.0,7318497.0,1.0
1413,1.0,5.206812020664086e+18,21205233.0,36100.0,3.0,2.0,4071.0,616.0,34480.0,52706.0,0.0,1.0
1414,2.0,9.573487645018952e+18,1973400.0,1339.0,2.0,1.0,81765.0,12432.0,33920.0,37673.0,326794.0,0.0
1415,1.0,1.4140300435418186e+18,20208946.0,1502.0,2.0,1.0,4523817.0,2065.0,5922.0,348.0,2379359.0,1.0
1416,1.0,1.205787899908646e+19,20174777.0,27961.0,1.0,1.0,16127483.0,64156.0,93036.0,97359.0,21731818.0,0.0
1417,1.0,7.903914528320191e+18,21162458.0,1325.0,1.0,1.0,31566.0,61680.0,178665.0,173624.0,8039910.0,0.0
1418,1.0,3.823702657028056e+18,10752611.0,23649.0,2.0,2.0,22640.0,62473.0,104224.0,112403.0,7153095.0,1.0
1419,2.0,1.4340390157469403e+19,10614904.0,23808.0,2.0,2.0,700.0,1201.0,879.0,1093.0,3021907.0,1.0
1420,1.0,1.7299638493773875e+18,9583861.0,23637.0,2.0,2.0,413.0,2826.0,36977.0,155.0,6741802.0,0.0
1421,1.0,1.205787899908646e+19,20163220.0,27961.0,1.0,1.0,4301349.0,21462.0,56390.0,58189.0,824394.0,0.0
1422,1.0,1.6956504984993012e+19,20440910.0,33490.0,1.0,1.0,16164824.0,28130.0,70286.0,80147.0,1018935.0,1.0
1423,1.0,1.5989049276530887e+19,20313456.0,23828.0,2.0,1.0,1373916.0,682130.0,1816821.0,140.0,3460784.0,1.0
1424,1.0,2.6928596198512824e+18,4291747.0,2051.0,3.0,2.0,1474.0,5582.0,2509.0,63.0,248611.0,1.0
1425,1.0,1.158869627716046e+18,20275984.0,28475.0,3.0,3.0,419459.0,175326.0,1667205.0,1034213.0,202459.0,1.0
1426,2.0,1.5860193830590669e+19,2878230.0,23777.0,2.0,1.0,6.0,4.0,21.0,22.0,831875.0,1.0
1427,1.0,1.3406198212053942e+19,20937889.0,35213.0,2.0,1.0,32173.0,3799.0,326664.0,272990.0,15866658.0,0.0
1428,3.0,8.351001617032297e+17,3854318.0,11494.0,2.0,2.0,174395.0,95234.0,344805.0,310405.0,0.0,1.0
1429,1.0,5.345544339361683e+18,5858845.0,23796.0,2.0,2.0,12001707.0,12033.0,6.0,12.0,77739.0,0.0
1430,1.0,1.5294836932684972e+19,21811282.0,36841.0,1.0,1.0,609594.0,31828.0,152540.0,131175.0,0.0,1.0
1431,1.0,6.015301734198921e+18,21414653.0,10201.0,2.0,2.0,1523592.0,332460.0,4036579.0,3160954.0,0.0,1.0
1432,1.0,7.583003028210444e+18,20619968.0,33272.0,1.0,1.0,164227.0,79393.0,142563.0,224.0,908423.0,0.0
1433,2.0,5.07990106805139e+18,7642366.0,25928.0,1.0,1.0,2580694.0,24863.0,38855.0,41853.0,5534892.0,1.0
1434,1.0,5.296087408486844e+18,21370774.0,8088.0,2.0,2.0,13711.0,21586.0,530127.0,277400.0,0.0,1.0
1435,1.0,3.355428588253943e+18,21368422.0,35992.0,2.0,2.0,27964.0,10458.0,38009.0,5023.0,2049941.0,0.0
1436,1.0,1.578511299927674e+19,20908196.0,35088.0,2.0,2.0,0.0,0.0,2.0,5.0,15394981.0,0.0
1437,1.0,1.6362773697454047e+19,20171442.0,16896.0,3.0,1.0,8.0,15.0,2394.0,3694.0,8988610.0,1.0
1438,1.0,7.45062309562295e+18,20771617.0,32065.0,1.0,1.0,128309.0,117224.0,303043.0,250757.0,13204892.0,0.0
1439,1.0,2.2188438361244534e+18,21404947.0,36890.0,2.0,1.0,2464.0,7850.0,125842.0,3281.0,11880545.0,1.0
1440,1.0,4.006403344526142e+18,21362208.0,36760.0,2.0,1.0,875.0,1426.0,23513.0,25712.0,14273448.0,1.0
1441,1.0,8.134264174510893e+18,4176358.0,1268.0,2.0,2.0,1929625.0,528.0,2123.0,772.0,10008534.0,1.0
1442,1.0,1.6867675016701037e+19,21471249.0,36826.0,2.0,2.0,13517.0,7794.0,546885.0,433998.0,10589624.0,1.0
1443,1.0,1.205787899908646e+19,20183742.0,27961.0,2.0,2.0,12161559.0,11171.0,61696.0,59752.0,6007461.0,1.0
1444,5.0,7.803498973520802e+18,20688007.0,10497.0,3.0,1.0,119596.0,18723.0,16572.0,25059.0,0.0,1.0
1445,1.0,4.022052751657998e+18,21372342.0,36495.0,2.0,2.0,312113.0,275.0,5772.0,7199.0,0.0,0.0
1446,1.0,9.69290747241699e+18,4405406.0,26819.0,2.0,2.0,12710371.0,13498.0,2086585.0,1728734.0,1959686.0,1.0
1447,1.0,1.0885290142387909e+19,20151432.0,12994.0,3.0,3.0,594168.0,116343.0,1131676.0,978152.0,0.0,0.0
1448,1.0,6.277372745388775e+18,21901522.0,37934.0,1.0,1.0,149.0,89.0,725.0,929.0,1426621.0,1.0
1449,1.0,1.4779372599199648e+19,20601284.0,2494.0,2.0,2.0,1446.0,3690.0,23604.0,260.0,8018346.0,1.0
1450,1.0,1.205787899908646e+19,20157091.0,27961.0,2.0,2.0,151.0,138.0,145.0,234.0,9359369.0,0.0
1451,1.0,1.3756257544627677e+19,20587344.0,24354.0,3.0,2.0,647785.0,58.0,1209.0,479.0,1076577.0,0.0
1452,3.0,1.050107956515272e+19,20133134.0,32070.0,1.0,1.0,473098.0,7702.0,24313.0,14611.0,0.0,1.0
1453,1.0,9.45917755559769e+18,21163041.0,5466.0,1.0,1.0,18111.0,30034.0,194564.0,25788.0,6122835.0,0.0
1454,1.0,6.412234020381601e+18,21968469.0,38076.0,2.0,1.0,9097.0,4081.0,1201.0,9261.0,64966.0,1.0
1455,1.0,8.351001617032297e+17,3854373.0,11494.0,3.0,1.0,20490.0,53622.0,65072.0,63510.0,8866522.0,1.0
1456,1.0,5.104882177771823e+18,20575270.0,421.0,1.0,1.0,7663.0,2367.0,6119.0,389.0,7787305.0,0.0
1457,1.0,2.4127717961104635e+18,20067143.0,23781.0,1.0,1.0,23087874.0,11939.0,8.0,1.0,6079.0,0.0
1458,1.0,5.851252814446936e+18,20133621.0,28698.0,2.0,1.0,6801.0,15288.0,172589.0,38461.0,3702843.0,1.0
1459,1.0,1.3906290106368934e+19,10400464.0,25472.0,2.0,2.0,257682.0,248089.0,478730.0,982.0,165970.0,0.0
1460,1.0,8.119057108691817e+18,20876635.0,34760.0,2.0,1.0,336866.0,100.0,34.0,40.0,0.0,1.0
1461,1.0,1.652294845568858e+19,21834246.0,37629.0,2.0,2.0,12890563.0,222953.0,403422.0,330139.0,0.0,0.0
1462,2.0,1.4340390157469403e+19,21163924.0,23808.0,1.0,1.0,459540.0,94.0,442.0,67.0,10612470.0,1.0
1463,1.0,4.945098023753992e+18,10770429.0,30157.0,2.0,1.0,8033.0,22901.0,144.0,641.0,12534061.0,1.0
1464,1.0,7.070016187318345e+18,21465742.0,37044.0,1.0,1.0,10730829.0,8971.0,13871.0,13663.0,1691672.0,1.0
1465,1.0,1.160376848368766e+19,20051190.0,29562.0,2.0,1.0,10745604.0,150008.0,1088741.0,492060.0,241228.0,1.0
1466,1.0,1.3756257544627677e+19,20416864.0,24354.0,2.0,1.0,3554.0,558.0,7868.0,8032.0,5858726.0,1.0
1467,1.0,1.7299638493773875e+18,9584419.0,23637.0,3.0,2.0,17970.0,1736.0,12474.0,289.0,5147812.0,0.0
1468,1.0,1.689028136318244e+19,20443593.0,33281.0,3.0,1.0,8597784.0,43155.0,239174.0,208215.0,4509338.0,1.0
1469,1.0,1.4340390157469403e+19,9027215.0,23808.0,2.0,1.0,185.0,995.0,387.0,514.0,13542970.0,0.0
1470,3.0,1.2902129976731994e+19,3067652.0,23785.0,1.0,1.0,24204427.0,5451.0,5158.0,181.0,3070594.0,0.0
1471,1.0,1.578511299927674e+19,20908196.0,35088.0,2.0,2.0,0.0,0.0,2.0,5.0,16721247.0,0.0
1472,1.0,1.3311343438192927e+19,3806502.0,23791.0,1.0,1.0,44325.0,24.0,31.0,33.0,6018589.0,1.0
1473,2.0,9.279176529507936e+18,10673605.0,23649.0,2.0,1.0,233662.0,25312.0,56819.0,73428.0,0.0,1.0
1474,1.0,1.4140300435418186e+18,20208424.0,1502.0,2.0,1.0,65336.0,1017.0,3600.0,4527.0,6304926.0,1.0
1475,1.0,8.813902859733762e+18,20886690.0,34840.0,2.0,1.0,405.0,568.0,1356.0,1826.0,6938427.0,1.0
1476,1.0,1.0456676834386284e+18,21119700.0,27887.0,3.0,2.0,7792563.0,267443.0,532449.0,827652.0,0.0,0.0
1477,1.0,7.039415704389592e+18,21340751.0,36573.0,2.0,1.0,50429.0,53186.0,439402.0,1284.0,10135498.0,0.0
1478,4.0,6.715049002232656e+18,3065545.0,23783.0,1.0,1.0,329894.0,504.0,339.0,168.0,14449077.0,1.0
1479,1.0,5.849362948689697e+18,10404893.0,29815.0,1.0,1.0,22774762.0,189973.0,27100.0,9870.0,0.0,0.0
1480,1.0,1.205787899908646e+19,20186219.0,27961.0,1.0,1.0,17473721.0,1561.0,1573.0,25350.0,23266791.0,1.0
1481,1.0,5.91600881815932e+17,21130267.0,35178.0,2.0,1.0,892324.0,51329.0,1802007.0,1397203.0,191061.0,1.0
1482,1.0,8.497865689886469e+18,4181412.0,17916.0,3.0,3.0,81060.0,37539.0,289013.0,4219.0,0.0,0.0
1483,1.0,1.5145480155589095e+19,21954109.0,23807.0,3.0,1.0,7531131.0,2886.0,34659.0,32248.0,7203292.0,0.0
1484,2.0,2.670952723278905e+18,20172874.0,23805.0,2.0,2.0,5.0,3.0,35.0,16.0,6835893.0,0.0
1485,1.0,4.4281482458743736e+18,21326127.0,28441.0,1.0,1.0,23929027.0,58073.0,3068.0,3337.0,7440118.0,0.0
1486,3.0,1.2837277274832701e+19,21340657.0,15001.0,1.0,1.0,696127.0,262674.0,875374.0,704267.0,0.0,0.0
1487,1.0,1.8060548833442497e+19,4325929.0,27517.0,1.0,1.0,21728347.0,2110.0,9943.0,9453.0,1585939.0,1.0
1488,3.0,1.089356239829434e+19,20202868.0,879.0,2.0,1.0,4650539.0,951.0,5108.0,5362.0,0.0,0.0
1489,1.0,1.4531867648059392e+19,21780370.0,27482.0,1.0,1.0,75632.0,7495.0,400111.0,6.0,1544886.0,0.0
1490,1.0,1.4340390157469403e+19,3207415.0,23777.0,2.0,1.0,144.0,651.0,455.0,594.0,3611303.0,1.0
1491,1.0,8.100171096348295e+18,4228024.0,19608.0,3.0,1.0,77740.0,43843.0,728574.0,612003.0,1424446.0,0.0
1492,1.0,4.192533441706128e+18,20967984.0,2533.0,2.0,1.0,1163960.0,343.0,3708.0,4672.0,4661058.0,1.0
1493,1.0,2.3505072115206287e+18,7695200.0,2419.0,2.0,1.0,7771.0,14151.0,74203.0,8706.0,409552.0,1.0
1494,1.0,1.3742635301971245e+19,21345298.0,36687.0,2.0,2.0,462.0,601.0,10776.0,308.0,1645370.0,1.0
1495,2.0,1.4340390157469403e+19,9027213.0,23808.0,2.0,1.0,5.0,1.0,0.0,0.0,9382099.0,0.0
1496,1.0,1.4340390157469403e+19,10110380.0,23808.0,2.0,1.0,344270.0,54170.0,72381.0,10.0,14048258.0,0.0
1497,1.0,1.6794704970244289e+19,5059561.0,26286.0,2.0,1.0,883.0,2703.0,12708.0,139.0,242887.0,1.0
1498,2.0,4.99972643309028e+18,20964454.0,34096.0,1.0,1.0,14395429.0,55364.0,328908.0,261313.0,272906.0,1.0
1499,1.0,4.56486055703511e+18,20931388.0,34893.0,2.0,1.0,2155217.0,262106.0,2673391.0,2098430.0,20363.0,1.0
1500,1.0,1.212329446591956e+19,6825613.0,10805.0,1.0,1.0,23823091.0,114829.0,275964.0,64641.0,646096.0,1.0
1501,1.0,1.4340390157469403e+19,21163924.0,23808.0,3.0,1.0,98854.0,90.0,1651.0,67.0,3018148.0,1.0
1502,1.0,1.1458769076732013e+19,21116472.0,34188.0,2.0,2.0,4887167.0,67536.0,874919.0,787209.0,0.0,0.0
1503,1.0,4.2981186814246446e+18,21866027.0,385.0,2.0,1.0,9551325.0,12908.0,41533.0,38272.0,0.0,1.0
1504,1.0,5.589649412465737e+18,20950078.0,35067.0,2.0,2.0,11540168.0,309636.0,1300775.0,42.0,1469299.0,1.0
1505,1.0,2.987457312022362e+18,1192713.0,2850.0,2.0,1.0,1819603.0,121.0,100.0,149.0,10662396.0,1.0
1506,1.0,1.3586139814063182e+19,21340841.0,33337.0,1.0,1.0,23031972.0,7003.0,308362.0,83018.0,34881.0,0.0
1507,3.0,2.6009916479816904e+18,21822251.0,37492.0,1.0,1.0,1120595.0,707.0,366.0,2875.0,0.0,1.0
1508,1.0,1.2298796029650491e+19,20904143.0,35014.0,2.0,2.0,11671715.0,414.0,41912.0,40879.0,0.0,1.0
1509,1.0,1.8390644256412522e+19,20319969.0,879.0,3.0,1.0,2869226.0,1076.0,2169.0,435.0,0.0,1.0
1510,1.0,1.205787899908646e+19,20164767.0,27961.0,3.0,3.0,980330.0,6721.0,13472.0,15100.0,0.0,0.0
1511,1.0,1.3295553625225822e+19,1009732.0,1002.0,2.0,2.0,61089.0,2278.0,2800.0,3624.0,7885693.0,1.0
1512,1.0,8.624410930658001e+18,4305738.0,20853.0,1.0,1.0,16906100.0,3234.0,2218.0,2018.0,19287181.0,0.0
1513,2.0,1.1715336195404918e+17,10940715.0,8373.0,2.0,2.0,15389.0,168826.0,311128.0,257513.0,4326.0,0.0
1514,1.0,1.4340390157469403e+19,21163923.0,23808.0,3.0,1.0,2584.0,5696.0,17302.0,37.0,324761.0,1.0
1515,1.0,5.684586393439634e+18,20680086.0,34170.0,2.0,2.0,163371.0,16373.0,468202.0,11098.0,60438.0,1.0
1516,2.0,1.0487429021452035e+18,21343575.0,8479.0,3.0,1.0,1104.0,6965.0,21630.0,24751.0,4700993.0,1.0
1517,1.0,2.9623362932775173e+18,4345084.0,11644.0,2.0,1.0,83468.0,12785.0,25507.0,29507.0,0.0,0.0
1518,1.0,5.07990106805139e+18,7603947.0,25928.0,3.0,3.0,45604.0,33340.0,66382.0,73044.0,0.0,0.0
1519,1.0,1.205787899908646e+19,20193004.0,27961.0,1.0,1.0,65883.0,8863.0,12974.0,25887.0,2217306.0,0.0
1520,1.0,1.205787899908646e+19,20163505.0,27961.0,1.0,1.0,17442.0,17547.0,69964.0,66996.0,4536134.0,0.0
1521,1.0,9.621865444227486e+18,4180529.0,10566.0,2.0,2.0,9033475.0,3061.0,15380.0,17261.0,3599981.0,1.0
1522,1.0,7.903914528320191e+18,21162417.0,1325.0,1.0,1.0,358653.0,29884.0,67998.0,69149.0,0.0,0.0
1523,1.0,1.4921691488546759e+19,4265122.0,13907.0,2.0,2.0,123687.0,351.0,18426.0,17788.0,1149678.0,0.0
1524,1.0,7.973994351429679e+18,20969733.0,35351.0,2.0,2.0,19.0,12.0,575.0,755.0,6467712.0,0.0
1525,1.0,1.841489264235657e+19,21222363.0,36185.0,3.0,1.0,107650.0,183.0,8171.0,8457.0,0.0,1.0
1526,1.0,5.345544339361683e+18,5858542.0,23796.0,1.0,1.0,20679417.0,1958.0,6.0,12.0,0.0,0.0
1527,1.0,1.8144509077414613e+19,21325720.0,2808.0,1.0,1.0,261779.0,857701.0,3458500.0,309129.0,11812.0,0.0
1528,2.0,1.0468467911880278e+19,20595054.0,854.0,2.0,1.0,752.0,2096.0,8488.0,7025.0,91864.0,1.0
1529,1.0,1.4340390157469403e+19,3107835.0,23777.0,2.0,2.0,12565419.0,59829.0,145774.0,125283.0,0.0,1.0
1530,1.0,1.4642845138287825e+19,6128401.0,3121.0,2.0,2.0,113473.0,31140.0,563556.0,520152.0,0.0,0.0
1531,1.0,2.6928596198512824e+18,4291675.0,2051.0,2.0,1.0,430999.0,3327.0,2678.0,63.0,0.0,1.0
1532,2.0,9.004035880665279e+18,20595493.0,33800.0,2.0,2.0,5312.0,3140.0,3651.0,4578.0,5724208.0,0.0
1533,1.0,5.260594170071819e+16,3048011.0,23782.0,1.0,1.0,39683.0,484.0,322.0,463.0,5902007.0,1.0
1534,1.0,1.6808552398964148e+19,4423680.0,28451.0,3.0,2.0,3093191.0,12837.0,72337.0,448.0,0.0,1.0
1535,1.0,1.5145480155589095e+19,21173411.0,23807.0,2.0,1.0,4045597.0,18453.0,506.0,8.0,1553159.0,0.0
1536,1.0,1.14543135635552e+19,1563764.0,11192.0,3.0,1.0,3535222.0,3195.0,19924.0,37250.0,8699132.0,0.0
1537,1.0,1.4573999216582877e+19,20440529.0,33431.0,2.0,2.0,1377729.0,1065.0,6022.0,4977.0,71030.0,0.0
1538,2.0,1.4340390157469403e+19,3207415.0,23777.0,2.0,2.0,6082.0,651.0,455.0,594.0,7645099.0,1.0
1539,2.0,1.388181391131223e+19,21112823.0,35361.0,3.0,1.0,4770672.0,10516.0,30581.0,14185.0,0.0,0.0
1540,1.0,4.921569485144324e+18,21935451.0,38077.0,3.0,1.0,1727.0,2458.0,157632.0,135796.0,10787722.0,1.0
1541,1.0,5.345544339361683e+18,5858499.0,23796.0,1.0,1.0,20685268.0,13516.0,6.0,12.0,404468.0,0.0
1542,1.0,1.1750785036486371e+19,21325100.0,36427.0,2.0,1.0,265.0,90.0,2331.0,3059.0,3304593.0,0.0
1543,1.0,1.7390114146008963e+19,4363555.0,15273.0,1.0,1.0,4345641.0,64159.0,77914.0,34012.0,0.0,0.0
1544,1.0,2.1957294574080543e+18,20340571.0,4218.0,1.0,1.0,1050.0,3475.0,40013.0,36836.0,4407491.0,1.0
1545,1.0,1.205787899908646e+19,20160314.0,27961.0,1.0,1.0,24437549.0,37872.0,174446.0,172318.0,4213304.0,0.0
1546,2.0,1.691774817344355e+19,8608783.0,13243.0,2.0,2.0,8679991.0,56629.0,971490.0,784034.0,6474499.0,1.0
1547,1.0,5.728541544103179e+18,20137873.0,30660.0,2.0,1.0,4549.0,5456.0,86483.0,91289.0,5453052.0,0.0
1548,2.0,8.99455707050858e+18,20030149.0,23799.0,2.0,2.0,781.0,11236.0,15.0,19.0,5468846.0,1.0
1549,1.0,2.367872280875849e+18,4383898.0,9411.0,3.0,3.0,59903.0,8094.0,74039.0,70007.0,0.0,0.0
1550,1.0,1.4340390157469403e+19,20789160.0,23808.0,2.0,1.0,1355964.0,343233.0,1250403.0,1018118.0,7768331.0,1.0
1551,2.0,1.734180435361551e+19,21882834.0,37622.0,2.0,2.0,370.0,82.0,109.0,97.0,1447857.0,1.0
1552,1.0,1.5189591743514771e+19,20183299.0,32789.0,3.0,1.0,1494.0,349.0,95063.0,7220.0,5261598.0,1.0
1553,1.0,3.269918920817855e+18,21960434.0,38196.0,2.0,2.0,531.0,1219.0,9582.0,8017.0,13811708.0,0.0
1554,2.0,9.45917755559769e+18,21163121.0,5466.0,2.0,1.0,61778.0,74797.0,314841.0,24852.0,0.0,0.0
1555,4.0,1.205787899908646e+19,20110124.0,27961.0,1.0,1.0,1086952.0,331922.0,689634.0,604244.0,0.0,1.0
1556,3.0,9.685311741858013e+18,3956926.0,1969.0,2.0,1.0,11830.0,10426.0,169891.0,144965.0,0.0,0.0
1557,1.0,1.3676343896596736e+18,21401010.0,36897.0,2.0,1.0,396112.0,4230.0,198342.0,480.0,0.0,0.0
1558,1.0,5.468727571223081e+18,20001249.0,1381.0,2.0,1.0,166.0,443.0,1909.0,2482.0,2485791.0,0.0
1559,1.0,6.69802967190948e+18,20050671.0,32154.0,2.0,2.0,100.0,1004.0,3781.0,5167.0,1017647.0,1.0
1560,1.0,9.284862564570302e+18,21916495.0,21749.0,1.0,1.0,1535051.0,28679.0,301973.0,251985.0,0.0,1.0
1561,1.0,1.4340390157469403e+19,21360115.0,23777.0,2.0,1.0,12852.0,31.0,1576.0,158.0,3804753.0,0.0
1562,1.0,7.536841130902041e+18,21765592.0,34619.0,2.0,2.0,507.0,54.0,1091.0,1298.0,6686785.0,1.0
1563,1.0,5.178025142705853e+18,20294151.0,30032.0,2.0,2.0,8763130.0,126884.0,375947.0,347452.0,2515856.0,0.0
1564,7.0,1.2089732170889036e+19,20360290.0,4218.0,1.0,1.0,233.0,730.0,1022.0,3797.0,2979429.0,1.0
1565,2.0,7.269043601771363e+18,10365638.0,4862.0,1.0,1.0,12056034.0,2432.0,586.0,782.0,0.0,0.0
1566,1.0,1.0906079540227246e+19,21880416.0,14289.0,2.0,1.0,14605072.0,8497.0,166403.0,142146.0,0.0,1.0
1567,2.0,2.8204411734907955e+18,4299423.0,16583.0,2.0,2.0,1077477.0,1320.0,4867.0,5226.0,89615.0,0.0
1568,1.0,7.143518654485987e+18,20393504.0,33093.0,2.0,1.0,2100.0,3614.0,133.0,14263.0,3343431.0,1.0
1569,1.0,1.695570341110256e+19,2183137.0,7090.0,2.0,2.0,5177.0,4886.0,3669.0,4897.0,8696044.0,0.0
1570,3.0,1.4340390157469403e+19,9027213.0,23808.0,2.0,1.0,1.0,1.0,0.0,0.0,3837489.0,1.0
1571,1.0,1.4531867648059392e+19,7145326.0,27484.0,1.0,1.0,7396178.0,16647.0,5662.0,65133.0,644877.0,1.0
1572,1.0,1.4340390157469403e+19,9027213.0,23808.0,2.0,2.0,4696374.0,1.0,0.0,0.0,5435441.0,0.0
1573,1.0,4.192533441706128e+18,20148696.0,2533.0,1.0,1.0,16004.0,4296.0,9030.0,9645.0,375776.0,0.0
1574,1.0,2.7371091025952486e+18,20383606.0,32615.0,3.0,2.0,2214317.0,44406.0,267385.0,59965.0,3079180.0,0.0
1575,1.0,8.119057108691817e+18,20876635.0,34760.0,2.0,1.0,596.0,199.0,34.0,40.0,11958984.0,1.0
1576,1.0,1.1121833691387079e+19,21156859.0,23807.0,2.0,1.0,177.0,94.0,826.0,8.0,7956809.0,0.0
1577,1.0,7.143518654485987e+18,20393504.0,33093.0,2.0,1.0,408.0,696.0,133.0,3334.0,14471603.0,1.0
1578,3.0,1.4340390157469403e+19,20644045.0,23808.0,1.0,1.0,587692.0,2.0,1.0,3.0,0.0,0.0
1579,1.0,1.205787899908646e+19,20174623.0,27961.0,1.0,1.0,58837.0,257.0,262.0,419.0,8484579.0,0.0
1580,1.0,1.7363854844105064e+19,20017082.0,23798.0,1.0,1.0,65431.0,8290.0,6063.0,6395.0,1022723.0,0.0
1581,1.0,1.4340390157469403e+19,3110734.0,23777.0,2.0,1.0,102620.0,64.0,121.0,170.0,2805061.0,0.0
1582,3.0,1.534580965468811e+19,4231387.0,9375.0,1.0,1.0,42986.0,648.0,3318.0,4085.0,0.0,1.0
1583,1.0,1.3416878294870458e+19,3066490.0,23786.0,2.0,2.0,3715.0,2088.0,1335.0,115.0,7372724.0,1.0
1584,1.0,2.2188438361244534e+18,21405885.0,36890.0,1.0,1.0,1140.0,2207.0,20210.0,2853.0,20361991.0,1.0
1585,1.0,8.134264174510893e+18,10950985.0,1268.0,2.0,1.0,3910356.0,479.0,3002.0,2.0,5610427.0,0.0
1586,2.0,3.4768099784495734e+18,4382551.0,26792.0,2.0,2.0,1535.0,2742.0,8950.0,9071.0,156523.0,1.0
1587,1.0,1.4340390157469403e+19,21163923.0,23808.0,1.0,1.0,2239.0,769.0,1408.0,37.0,21428551.0,1.0
1588,3.0,4.2981186814246446e+18,6226324.0,385.0,2.0,1.0,136727.0,161148.0,302824.0,250801.0,125910.0,0.0
1589,1.0,1.3756257544627677e+19,8350700.0,24035.0,2.0,1.0,55.0,195.0,1151.0,737.0,8264459.0,1.0
1590,1.0,1.4340390157469403e+19,9027549.0,23808.0,3.0,1.0,2161.0,5340.0,14.0,18.0,1231877.0,0.0
1591,1.0,2.8275773662324854e+17,21186478.0,35793.0,2.0,2.0,1248680.0,237142.0,636526.0,511416.0,294198.0,1.0
1592,1.0,1.6794704970244289e+19,7207038.0,26286.0,3.0,1.0,5135108.0,2374.0,2738.0,139.0,2771990.0,0.0
1593,1.0,1.008357241655155e+19,2552838.0,23904.0,2.0,2.0,30356.0,10090.0,263977.0,253149.0,505369.0,1.0
1594,2.0,2.987457312022362e+18,1192698.0,2850.0,2.0,2.0,9427.0,500.0,8204.0,592.0,178235.0,1.0
1595,2.0,1.0690898138793097e+19,20109144.0,23794.0,1.0,1.0,178158.0,153176.0,3287.0,3569.0,8104707.0,1.0
1596,6.0,1.4531867648059392e+19,21780507.0,27482.0,1.0,1.0,4939549.0,203715.0,363076.0,6.0,0.0,1.0
1597,1.0,4.1831589791965384e+18,20363801.0,27830.0,2.0,2.0,10523957.0,462581.0,1279638.0,1017111.0,1384725.0,1.0
1598,1.0,8.119057108691817e+18,20876635.0,34760.0,1.0,1.0,68.0,100.0,34.0,40.0,500906.0,0.0
1599,2.0,1.3756257544627677e+19,20346739.0,24354.0,3.0,1.0,5818.0,16835.0,8139.0,8172.0,2134062.0,1.0
1600,1.0,1.5876638847899261e+18,20952326.0,33991.0,2.0,2.0,8745487.0,112.0,1086.0,2704.0,153915.0,0.0
1601,1.0,1.194581708171779e+19,8604991.0,12755.0,1.0,1.0,612.0,1225.0,1116.0,1315.0,19467181.0,1.0
1602,1.0,1.6035207317495608e+18,20357051.0,33204.0,3.0,2.0,10992.0,3923.0,130775.0,115437.0,2086233.0,0.0
1603,1.0,5.260594170071819e+16,3048011.0,23782.0,1.0,1.0,275.0,761.0,484.0,735.0,2098915.0,1.0
1604,1.0,1.205787899908646e+19,20164368.0,27961.0,2.0,2.0,9.0,992.0,969.0,1243.0,1525167.0,0.0
1605,1.0,1.4340390157469403e+19,9027213.0,23808.0,2.0,1.0,5.0,1.0,0.0,0.0,10913336.0,0.0
1606,1.0,5.468727571223081e+18,20001249.0,1381.0,3.0,3.0,440.0,38.0,805.0,3427.0,9645016.0,0.0
1607,1.0,7.287469959561953e+18,2934609.0,23778.0,2.0,1.0,2148.0,1935.0,498.0,667.0,228389.0,1.0
1608,1.0,9.486687491074087e+18,20050474.0,20511.0,2.0,1.0,2211.0,7066.0,8841.0,10425.0,3208915.0,0.0
1609,1.0,6.263749423537724e+18,21881309.0,36720.0,2.0,2.0,2289.0,1030.0,1509.0,137.0,11412889.0,0.0
1610,1.0,1.205787899908646e+19,20203753.0,27961.0,1.0,1.0,6850.0,2525.0,83.0,109.0,19162400.0,1.0
1611,1.0,9.860713142308876e+18,21197821.0,35826.0,2.0,1.0,8.0,15.0,1734.0,1063.0,3773307.0,1.0
1612,1.0,1.273464786797258e+19,22072937.0,38260.0,3.0,1.0,1289445.0,148989.0,475849.0,9848.0,0.0,1.0
1613,1.0,1.5243044449399601e+19,10601457.0,29930.0,2.0,1.0,206495.0,1347.0,211504.0,216954.0,7839017.0,0.0
1614,3.0,1.205787899908646e+19,20222693.0,27961.0,2.0,2.0,11577.0,326.0,215.0,319.0,2083425.0,1.0
1615,1.0,7.341357633475134e+18,21273783.0,5124.0,2.0,1.0,29709.0,23008.0,443810.0,4535.0,139799.0,1.0
1616,2.0,7.484333488664585e+18,21090281.0,34691.0,1.0,1.0,23.0,67.0,78.0,103.0,3166064.0,0.0
1617,1.0,2.6928596198512824e+18,4351094.0,2051.0,1.0,1.0,745573.0,61.0,170.0,249.0,0.0,0.0
1618,1.0,1.0460794781478122e+18,22129963.0,37956.0,3.0,3.0,5.0,3.0,29.0,245.0,2186344.0,0.0
1619,3.0,9.75107224858461e+18,10939139.0,29713.0,2.0,1.0,4690.0,1403.0,934.0,1138.0,5295369.0,1.0
1620,1.0,5.468727571223081e+18,20002925.0,1381.0,3.0,3.0,5219880.0,765.0,4776.0,6285.0,7201498.0,0.0
1621,1.0,1.3906290106368934e+19,4251668.0,25472.0,2.0,2.0,76888.0,37511.0,39348.0,13480.0,260740.0,1.0
1622,1.0,1.205787899908646e+19,20222693.0,27961.0,2.0,1.0,140.0,326.0,215.0,319.0,2063277.0,0.0
1623,1.0,1.0690898138793097e+19,5789303.0,23794.0,1.0,1.0,7165.0,64674.0,514.0,5128.0,3105870.0,1.0
1624,1.0,7.347368214218405e+18,20005265.0,28034.0,2.0,1.0,24486.0,135599.0,938440.0,3208.0,434703.0,1.0
1625,1.0,9.004035880665279e+18,20595493.0,33800.0,1.0,1.0,1224562.0,3100.0,4124.0,668.0,2267672.0,1.0
1626,1.0,6.095780829628938e+18,21247795.0,36260.0,3.0,2.0,109716.0,29.0,4953.0,4608.0,1231893.0,0.0
1627,1.0,1.4340390157469403e+19,20644045.0,23808.0,1.0,1.0,32.0,2.0,1.0,3.0,8161605.0,0.0
1628,1.0,1.6644942489091598e+19,21156257.0,34770.0,2.0,2.0,335106.0,15.0,3774.0,3552.0,58743.0,0.0
1629,3.0,2.9274417732553446e+18,3406823.0,17108.0,1.0,1.0,1752351.0,20502.0,30671.0,44319.0,0.0,0.0
1630,1.0,1.0640641837842622e+19,20929422.0,35009.0,2.0,1.0,18915.0,7539.0,63569.0,57075.0,1046854.0,1.0
1631,1.0,5.260594170071819e+16,3048011.0,23782.0,1.0,1.0,2103.0,84.0,68.0,215.0,8366843.0,1.0
1632,2.0,4.4518679174189957e+18,4396727.0,9120.0,3.0,3.0,3896627.0,1013.0,14684.0,18860.0,0.0,0.0
1633,2.0,7.903914528320191e+18,21162435.0,1325.0,1.0,1.0,166734.0,245527.0,793849.0,724587.0,0.0,1.0
1634,2.0,2.470253408587162e+18,21193219.0,35900.0,2.0,2.0,7.0,5.0,141.0,187.0,4406428.0,1.0
1635,1.0,1.4340390157469403e+19,3111383.0,23777.0,3.0,1.0,6329028.0,3863.0,4965.0,5305.0,241882.0,0.0
1636,1.0,8.363781040394014e+18,10959866.0,23806.0,2.0,1.0,23183.0,109.0,37.0,46.0,96278.0,0.0
1637,1.0,1.7962103236755943e+19,20436404.0,12248.0,1.0,1.0,3552.0,378.0,547.0,726.0,18958920.0,1.0
1638,1.0,8.363781040394014e+18,10959866.0,23806.0,3.0,1.0,138.0,880.0,37.0,46.0,9547758.0,1.0
1639,1.0,1.6142515395108907e+19,4430548.0,28888.0,3.0,3.0,68385.0,73481.0,2276.0,5125.0,5647532.0,0.0
1640,1.0,2.6928596198512824e+18,4341158.0,2051.0,2.0,1.0,102.0,283.0,780.0,898.0,12537836.0,1.0
1641,1.0,1.5699833681633649e+19,20687022.0,26685.0,3.0,3.0,72076.0,143632.0,363431.0,303963.0,352356.0,1.0
1642,1.0,1.7363854844105064e+19,20017078.0,23798.0,1.0,1.0,5164994.0,5500.0,4.0,4697.0,2240467.0,0.0
1643,1.0,1.4600073692226415e+19,21520683.0,4004.0,1.0,1.0,292821.0,31711.0,104051.0,91108.0,5851846.0,1.0
1644,1.0,1.4340390157469403e+19,21163924.0,23808.0,3.0,1.0,593.0,145.0,606.0,67.0,690859.0,0.0
1645,1.0,8.097260026740229e+18,10752397.0,30282.0,2.0,1.0,1974.0,15237.0,32919.0,4128.0,1338495.0,1.0
1646,1.0,1.4340390157469403e+19,9027564.0,23808.0,2.0,2.0,229.0,2026.0,591.0,777.0,14683362.0,0.0
1647,1.0,7.903914528320191e+18,21162350.0,1325.0,2.0,1.0,3151.0,1585.0,2737.0,15927.0,12467318.0,0.0
1648,1.0,1.4340390157469403e+19,4418725.0,23808.0,2.0,1.0,21685.0,47245.0,7304.0,7467.0,1758042.0,1.0
1649,1.0,1.7654447561421345e+19,20369405.0,33205.0,2.0,1.0,1857.0,5361.0,65888.0,728.0,1921711.0,1.0
1650,1.0,1.2973938068772772e+19,4342321.0,14635.0,2.0,2.0,2322883.0,595.0,15225.0,2450.0,1562928.0,0.0
1651,1.0,1.170054522217993e+19,22182295.0,38901.0,3.0,1.0,30598.0,6158.0,475943.0,291345.0,137386.0,1.0
1652,1.0,1.154854293114536e+19,21186690.0,17432.0,3.0,1.0,28566.0,42828.0,1089481.0,580384.0,408561.0,1.0
1653,2.0,1.4340390157469403e+19,3208344.0,23777.0,2.0,1.0,12637.0,10991.0,8524.0,8668.0,3831835.0,1.0
1654,1.0,5.851252814446936e+18,10437242.0,28698.0,2.0,1.0,15837758.0,6415.0,657978.0,1731.0,318193.0,1.0
1655,1.0,1.0885508704966574e+19,20576177.0,33536.0,1.0,1.0,880263.0,23639.0,49940.0,108582.0,0.0,0.0
1656,3.0,1.3090221289647714e+19,20174993.0,23795.0,1.0,1.0,9859.0,34208.0,3.0,7.0,7599978.0,1.0
1657,2.0,2.4127717961104635e+18,20067148.0,23781.0,1.0,1.0,5746.0,6675.0,8.0,1.0,18558730.0,1.0
1658,2.0,7.771884441258275e+18,20108617.0,32367.0,1.0,1.0,23600457.0,2628.0,177.0,64.0,6343397.0,1.0
1659,1.0,7.583003028210444e+18,20895753.0,33272.0,2.0,2.0,9655836.0,37317.0,59832.0,224.0,5412.0,1.0
1660,3.0,5.468727571223081e+18,20002590.0,1381.0,2.0,1.0,2055.0,481.0,6574.0,8613.0,674700.0,1.0
1661,1.0,3.7306253281194304e+17,3827183.0,23792.0,1.0,1.0,4723196.0,701.0,61.0,77.0,128366.0,0.0
1662,1.0,1.7955036552515064e+19,20588317.0,33793.0,2.0,1.0,623.0,4444.0,9195.0,293.0,7257200.0,0.0
1663,1.0,1.4340390157469403e+19,9027640.0,23808.0,2.0,2.0,833.0,3008.0,108.0,146.0,4780491.0,1.0
1664,1.0,1.3366093940751417e+19,10614791.0,30118.0,3.0,1.0,1953809.0,317.0,37223.0,18365.0,0.0,1.0
1665,1.0,8.134264174510893e+18,1610015.0,1268.0,2.0,1.0,13673361.0,48533.0,425084.0,1461.0,4251490.0,1.0
1666,3.0,1.205787899908646e+19,20180549.0,27961.0,1.0,1.0,12305628.0,2439.0,4559.0,7016.0,0.0,0.0
1667,1.0,1.3557133018779933e+19,20705979.0,34246.0,2.0,1.0,18825.0,7938.0,7459.0,403.0,0.0,0.0
1668,1.0,1.4340390157469403e+19,3111562.0,23777.0,2.0,1.0,1394.0,1494.0,966.0,1172.0,4792160.0,1.0
1669,1.0,6.828193162136375e+17,21345286.0,36690.0,2.0,1.0,525.0,112.0,1103.0,203.0,6942372.0,1.0
1670,1.0,1.205787899908646e+19,20192903.0,27961.0,2.0,2.0,8051.0,2.0,82.0,272.0,8575982.0,0.0
1671,2.0,1.4202400320781967e+19,20898383.0,27503.0,2.0,1.0,85471.0,106994.0,1050861.0,839043.0,0.0,1.0
1672,1.0,1.205787899908646e+19,20163506.0,27961.0,1.0,1.0,446675.0,12739.0,177468.0,158927.0,137290.0,0.0
1673,1.0,6.536196353929531e+18,22136134.0,38741.0,3.0,1.0,13416.0,15838.0,667132.0,497500.0,10209.0,0.0
1674,1.0,1.841489264235657e+19,21222476.0,36185.0,3.0,3.0,15126.0,78937.0,310879.0,257369.0,3786183.0,0.0
1675,1.0,3.858745227068633e+18,20592705.0,33776.0,2.0,1.0,965525.0,2887.0,6600.0,7636.0,8068288.0,0.0
1676,1.0,1.606820538117928e+19,7097036.0,24232.0,1.0,1.0,16.0,1442.0,2215.0,3385.0,6392919.0,0.0
1677,1.0,1.2462462009066863e+19,10404893.0,29815.0,3.0,3.0,4629.0,10399.0,30530.0,32578.0,217584.0,0.0
1678,1.0,1.2039333191230253e+19,20606534.0,30067.0,2.0,2.0,10509895.0,613.0,19181.0,6412.0,0.0,0.0
1679,1.0,1.7358815512676207e+19,21020993.0,35308.0,2.0,2.0,19731.0,22030.0,926750.0,791144.0,448919.0,1.0
1680,1.0,1.205787899908646e+19,20192652.0,27961.0,2.0,1.0,4514105.0,46163.0,199525.0,359857.0,0.0,0.0
1681,1.0,5.07990106805139e+18,7611761.0,25928.0,1.0,1.0,76195.0,42583.0,62272.0,63763.0,20368595.0,1.0
1682,1.0,5.07990106805139e+18,4320097.0,25928.0,1.0,1.0,15155127.0,15897.0,23931.0,22654.0,0.0,1.0
1683,2.0,7.015903860856274e+18,4276920.0,6093.0,2.0,1.0,158899.0,5125.0,1166.0,1379.0,10058778.0,1.0
1684,1.0,4.307695610000461e+18,21263733.0,35824.0,2.0,2.0,12521934.0,37564.0,85489.0,45570.0,0.0,1.0
1685,1.0,1.3503028136872698e+19,20023435.0,32052.0,2.0,1.0,741309.0,1075.0,177517.0,170582.0,0.0,0.0
1686,1.0,1.4756578758696272e+19,22139550.0,3625.0,1.0,1.0,328.0,6883.0,69864.0,43874.0,22928087.0,1.0
1687,1.0,6.306604626543082e+18,21019008.0,35424.0,3.0,2.0,49558.0,63204.0,162503.0,147786.0,74432.0,1.0
1688,10.0,7.333993777987622e+18,10401290.0,29359.0,2.0,2.0,1427.0,1097.0,1405.0,2946.0,0.0,0.0
1689,3.0,1.4340390157469403e+19,6434934.0,23777.0,1.0,1.0,25.0,14.0,10.0,17.0,1514162.0,1.0
1690,1.0,1.205787899908646e+19,20192651.0,27961.0,1.0,1.0,22515176.0,3451.0,8228.0,18306.0,0.0,0.0
1691,2.0,1.3243640383761205e+19,20900484.0,2401.0,2.0,1.0,109642.0,1047.0,6956.0,10406.0,13221.0,0.0
1692,1.0,7.641759798473013e+18,21224178.0,30440.0,2.0,2.0,4907966.0,25708.0,183394.0,155955.0,5987152.0,1.0
1693,1.0,7.05193359011484e+18,3323279.0,14792.0,2.0,2.0,316398.0,2548.0,16643.0,20347.0,0.0,1.0
1694,1.0,6.253008145208041e+18,21572574.0,2218.0,2.0,1.0,11017344.0,951.0,275261.0,230142.0,7620.0,1.0
1695,2.0,1.5859647530187389e+19,4291071.0,23778.0,3.0,2.0,14105.0,25.0,11.0,24.0,2524220.0,0.0
1696,1.0,1.4340390157469403e+19,20640005.0,23808.0,2.0,1.0,4419206.0,994.0,187.0,271.0,7122.0,0.0
1697,1.0,3.5873902269220603e+18,21115561.0,23279.0,2.0,1.0,1647.0,853.0,1083.0,2184.0,810823.0,1.0
1698,1.0,9.102118953715763e+18,4331399.0,13140.0,3.0,3.0,4805472.0,87377.0,117486.0,577.0,174336.0,0.0
1699,1.0,1.7446436672557894e+19,1590318.0,357.0,2.0,1.0,15153223.0,14850.0,18941.0,18114.0,488176.0,0.0
1700,1.0,1.1751890852108218e+19,6575630.0,23801.0,1.0,1.0,20681.0,5416.0,238.0,430.0,1578387.0,1.0
1701,3.0,1.205787899908646e+19,20163238.0,27961.0,1.0,1.0,3152521.0,15772.0,24618.0,25933.0,2253080.0,0.0
1702,1.0,4.2981186814246446e+18,3053016.0,385.0,3.0,3.0,5637650.0,235973.0,441900.0,172.0,9014.0,0.0
1703,1.0,1.0699990136973173e+19,21249987.0,36267.0,2.0,1.0,14936.0,9222.0,1064671.0,802833.0,0.0,0.0
1704,1.0,4.492185564121211e+18,21386226.0,36828.0,2.0,1.0,31322.0,49033.0,234663.0,4074.0,2514021.0,1.0
1705,2.0,7.903914528320191e+18,20885555.0,2010.0,2.0,1.0,10502638.0,260330.0,1013314.0,818702.0,1396502.0,1.0
1706,1.0,8.536831515625843e+18,21229714.0,13267.0,1.0,1.0,1158.0,278002.0,1235367.0,990161.0,17348573.0,1.0
1707,1.0,1.7641142304970238e+19,20730632.0,34101.0,2.0,1.0,23146.0,6223.0,103329.0,104844.0,0.0,0.0
1708,1.0,1.7361669942081012e+19,21250945.0,30568.0,3.0,3.0,12204.0,6607.0,187930.0,159509.0,1584625.0,1.0
1709,2.0,5.260594170071819e+16,3048013.0,23782.0,1.0,1.0,9573.0,6719.0,4678.0,885.0,22609730.0,1.0
1710,1.0,1.205787899908646e+19,20183655.0,27961.0,2.0,2.0,98931.0,163.0,217.0,336.0,3137757.0,1.0
1711,1.0,1.4340390157469403e+19,10110373.0,23808.0,1.0,1.0,11170.0,333.0,513.0,10.0,741661.0,0.0
1712,1.0,5.733207390144097e+18,21138782.0,35744.0,1.0,1.0,54926.0,9125.0,6838.0,4485.0,4036518.0,1.0
1713,1.0,2.061296188583326e+18,4971372.0,387.0,2.0,2.0,678913.0,4360.0,9477.0,482.0,41900.0,0.0
1714,2.0,1.0726002060893145e+19,20036558.0,23800.0,1.0,1.0,127.0,49.0,44.0,75.0,6496435.0,0.0
1715,1.0,5.998778395684809e+18,20319702.0,33117.0,2.0,2.0,3502.0,1572.0,39873.0,799.0,980262.0,1.0
1716,1.0,9.662243402272995e+18,21273478.0,36286.0,2.0,1.0,54.0,67.0,11292.0,540.0,2917352.0,1.0
1717,1.0,6.715049002232656e+18,3065545.0,23783.0,1.0,1.0,129378.0,167.0,128.0,212.0,2688749.0,1.0
1718,1.0,1.205787899908646e+19,20110163.0,27961.0,1.0,1.0,238003.0,101107.0,309413.0,8407.0,18800263.0,1.0
1719,1.0,1.4170743816979116e+19,3923555.0,1998.0,1.0,1.0,1870942.0,10327.0,11331.0,58019.0,0.0,0.0
1720,2.0,1.043061867439321e+19,20527537.0,28837.0,1.0,1.0,39540.0,2884.0,308.0,418.0,1775969.0,1.0
1721,1.0,1.5544624466860802e+19,21300689.0,16202.0,3.0,2.0,238726.0,64831.0,27758.0,48092.0,14315.0,0.0
1722,1.0,1.3090221289647714e+19,20174985.0,23795.0,2.0,2.0,11186758.0,79.0,3.0,7.0,200357.0,0.0
1723,1.0,1.3191233395662578e+19,2685949.0,4341.0,2.0,1.0,4030520.0,365837.0,989894.0,909520.0,1039537.0,1.0
1724,1.0,1.205787899908646e+19,20192903.0,27961.0,1.0,1.0,8051.0,2.0,82.0,272.0,23886780.0,1.0
1725,2.0,7.903914528320191e+18,21162526.0,1325.0,2.0,1.0,15.0,10.0,22.0,23.0,1333708.0,0.0
1726,1.0,9.220078877411736e+18,20414967.0,5030.0,1.0,1.0,3325.0,15699.0,811.0,1003.0,20210625.0,0.0
1727,1.0,9.390444283884915e+18,4298503.0,10655.0,3.0,1.0,98819.0,7711.0,112208.0,98179.0,1560894.0,0.0
1728,1.0,1.4756578758696272e+19,21260656.0,3625.0,3.0,3.0,1646.0,118294.0,497532.0,404409.0,146329.0,0.0
1729,2.0,1.4531867648059392e+19,7144617.0,27484.0,2.0,1.0,5028.0,15906.0,110.0,764.0,1778958.0,1.0
1730,1.0,7.663042434358849e+18,21220294.0,36180.0,2.0,2.0,10844.0,1332.0,63587.0,59790.0,2565664.0,0.0
1731,1.0,1.5989049276530887e+19,20315065.0,23824.0,2.0,1.0,2001.0,6025.0,14555.0,31.0,14640349.0,1.0
1732,3.0,3.010475069228332e+18,21259993.0,35824.0,3.0,2.0,1602.0,1640.0,7472.0,325.0,0.0,0.0
1733,1.0,1.516614837400614e+19,20230625.0,948.0,2.0,1.0,364745.0,30203.0,4594.0,50301.0,16597924.0,1.0
1734,1.0,3.9898768108421217e+18,20325760.0,8522.0,2.0,1.0,21297.0,19388.0,297165.0,149062.0,1411358.0,1.0
1735,1.0,8.335105002517451e+18,20582549.0,33524.0,2.0,1.0,11012189.0,35708.0,47174.0,58918.0,0.0,1.0
1736,1.0,1.4340390157469403e+19,4802457.0,23777.0,2.0,2.0,12616638.0,1764.0,2176.0,2421.0,0.0,0.0
1737,1.0,6.715049002232656e+18,3065545.0,23783.0,1.0,1.0,310.0,60.0,54.0,78.0,2182048.0,1.0
1738,63.0,3.595206123608678e+17,21261604.0,36371.0,3.0,3.0,222.0,3491.0,17819.0,16799.0,0.0,1.0
1739,1.0,7.703279069701543e+18,21299640.0,4983.0,2.0,2.0,14.0,26.0,38.0,51.0,59948.0,0.0
1740,1.0,2.994924845956282e+18,20061261.0,23803.0,1.0,1.0,161652.0,2497.0,1808.0,2065.0,17861141.0,0.0
1741,1.0,8.710026386227672e+18,20187769.0,24362.0,1.0,1.0,442.0,532.0,550.0,265.0,3225409.0,1.0
1742,1.0,4.192533441706128e+18,20445193.0,2533.0,2.0,1.0,9343809.0,46759.0,100388.0,89495.0,4274844.0,0.0
1743,1.0,1.722630557922944e+19,21647556.0,37540.0,2.0,1.0,89950.0,2022.0,426.0,374.0,0.0,0.0
1744,1.0,1.205787899908646e+19,20157628.0,27961.0,3.0,3.0,0.0,0.0,7.0,14.0,8624181.0,0.0
1745,1.0,9.662243402272995e+18,21273957.0,36286.0,2.0,2.0,12954979.0,43637.0,303231.0,1390.0,11830551.0,1.0
1746,1.0,1.0245113888481139e+19,21134385.0,33296.0,3.0,3.0,1.0,3.0,1430.0,2751.0,1205116.0,0.0
1747,2.0,1.205787899908646e+19,20163506.0,27961.0,1.0,1.0,24667480.0,9.0,18.0,27.0,7907555.0,1.0
1748,2.0,6.685131375802044e+18,21174631.0,35893.0,2.0,2.0,9780.0,62.0,64279.0,502.0,229428.0,0.0
1749,1.0,4.876702067173951e+17,20501786.0,24027.0,2.0,1.0,159079.0,222135.0,1433955.0,1136104.0,0.0,1.0
1750,3.0,1.631782842312267e+19,21855453.0,37338.0,3.0,2.0,76797.0,4384.0,11258.0,3210.0,0.0,0.0
1751,1.0,1.4347859242938208e+19,21717679.0,33931.0,2.0,1.0,2672.0,97639.0,152364.0,215851.0,4598420.0,1.0
1752,1.0,1.3756257544627677e+19,10959076.0,24354.0,3.0,1.0,9365.0,19805.0,331.0,259.0,7235641.0,1.0
1753,2.0,2.039620248402007e+18,21194519.0,34292.0,2.0,1.0,18808.0,23843.0,71230.0,63668.0,4016482.0,0.0
1754,1.0,1.265502459667583e+17,21243951.0,36263.0,1.0,1.0,24347532.0,3378.0,25018.0,179.0,4681886.0,1.0
1755,2.0,5.260594170071819e+16,3048013.0,23782.0,1.0,1.0,1970.0,369.0,240.0,405.0,223345.0,1.0
1756,1.0,1.4492523977312543e+19,21275627.0,36379.0,2.0,1.0,2575530.0,885.0,178.0,257.0,654841.0,1.0
1757,5.0,7.420936297290872e+18,21867772.0,37851.0,3.0,3.0,530312.0,317342.0,2136992.0,2080215.0,0.0,0.0
1758,1.0,7.19827929135142e+18,21939543.0,38115.0,1.0,1.0,27.0,91.0,228.0,303.0,8040488.0,0.0
1759,1.0,5.93057146231575e+18,8113879.0,10986.0,3.0,2.0,6732767.0,6785.0,203388.0,1952.0,158118.0,0.0
1760,1.0,5.851252814446936e+18,10432431.0,28698.0,2.0,1.0,464.0,354.0,27670.0,10875.0,9538485.0,1.0
1761,1.0,7.124053425856431e+17,20917588.0,34777.0,2.0,1.0,8716237.0,301.0,408.0,384.0,7251917.0,1.0
1762,1.0,5.260594170071819e+16,3048011.0,23782.0,1.0,1.0,2255.0,84.0,68.0,104.0,23084564.0,1.0
1763,1.0,3.533061135900257e+18,21417328.0,11158.0,2.0,1.0,22891.0,134426.0,465962.0,18861.0,3180891.0,1.0
1764,1.0,7.560173807140246e+18,21750181.0,18277.0,2.0,1.0,57475.0,103504.0,599633.0,477386.0,0.0,1.0
1765,1.0,6.912851286990253e+18,20041177.0,18918.0,1.0,1.0,1217074.0,367521.0,1153792.0,1044255.0,762633.0,1.0
1766,1.0,8.134264174510893e+18,4226101.0,1268.0,2.0,2.0,402163.0,408.0,1846.0,1767.0,0.0,0.0
1767,1.0,1.4340390157469403e+19,4407965.0,23808.0,2.0,1.0,1196.0,4808.0,3247.0,926.0,81445.0,1.0
1768,1.0,5.260594170071819e+16,3048011.0,23782.0,1.0,1.0,1580.0,84.0,68.0,104.0,3604911.0,1.0
1769,1.0,1.4637152173037423e+19,4344695.0,21894.0,2.0,1.0,1777.0,2705.0,96340.0,111312.0,14409692.0,1.0
1770,1.0,1.205787899908646e+19,20174661.0,27961.0,1.0,1.0,16805838.0,85745.0,139197.0,18639.0,4118712.0,1.0
1771,1.0,1.4964837739872602e+19,20877150.0,2332.0,3.0,3.0,5519.0,454.0,30136.0,31078.0,8597805.0,1.0
1772,1.0,5.271976168082996e+18,20215198.0,28187.0,3.0,2.0,98428.0,9511.0,1235133.0,1618348.0,317.0,0.0
1773,1.0,5.468727571223081e+18,20001293.0,1381.0,2.0,2.0,9814293.0,639.0,4900.0,5314.0,3231597.0,0.0
1774,1.0,7.903914528320191e+18,21162526.0,1325.0,3.0,1.0,37.0,297.0,22.0,23.0,7372124.0,0.0
1775,1.0,9.96395034207863e+18,21811947.0,36438.0,2.0,1.0,946627.0,442068.0,2880585.0,2526243.0,0.0,0.0
1776,1.0,1.1860409689745498e+19,21664106.0,37418.0,3.0,2.0,2236084.0,3956.0,53802.0,7321.0,0.0,0.0
1777,1.0,1.205787899908646e+19,20163199.0,27961.0,1.0,1.0,24525420.0,8993.0,6774.0,7971.0,0.0,0.0
1778,1.0,3.9740883866513833e+18,1000957.0,2747.0,2.0,2.0,4814.0,10185.0,37341.0,8966.0,9716441.0,1.0
1779,4.0,6.715049002232656e+18,3065545.0,23783.0,2.0,2.0,2406316.0,45.0,40.0,168.0,387789.0,1.0
1780,1.0,1.3475356637420884e+19,4424034.0,28699.0,2.0,2.0,89088.0,94563.0,326.0,450.0,70472.0,1.0
1781,1.0,1.4340390157469403e+19,9027213.0,23808.0,2.0,1.0,1.0,1.0,0.0,0.0,2507682.0,1.0
1782,1.0,5.551057286436206e+16,4288120.0,26054.0,2.0,2.0,170503.0,108502.0,2511.0,2772.0,10296852.0,1.0
1783,1.0,1.1121833691387079e+19,21925290.0,23807.0,2.0,1.0,26.0,52.0,5.0,4228.0,12744501.0,0.0
1784,1.0,1.4340390157469403e+19,6435043.0,23777.0,2.0,2.0,1573.0,824.0,955.0,1158.0,4437278.0,0.0
1785,1.0,1.0600145366713356e+19,20595897.0,23040.0,3.0,3.0,342009.0,82623.0,150628.0,21505.0,0.0,0.0
1786,1.0,1.0455206984075168e+19,21506659.0,37430.0,2.0,1.0,1890.0,600.0,102191.0,1676.0,4795980.0,0.0
1787,1.0,1.205787899908646e+19,20222697.0,27961.0,3.0,2.0,487809.0,1698.0,58860.0,54649.0,8519649.0,0.0
1788,1.0,5.888277431783336e+18,7955190.0,6520.0,1.0,1.0,24773179.0,14708.0,22833.0,24117.0,1751589.0,1.0
1789,2.0,2.8592948330191e+18,21649446.0,2437.0,1.0,1.0,552532.0,7420.0,13036.0,1610.0,1400355.0,1.0
1790,1.0,1.7446436672557894e+19,1590297.0,357.0,2.0,1.0,47.0,165.0,143.0,723.0,16386074.0,0.0
1791,1.0,2.0345947104470825e+18,2847938.0,7391.0,1.0,1.0,20873635.0,8985.0,21185.0,5401.0,0.0,0.0
1792,1.0,1.0309024480928905e+19,4389783.0,5255.0,3.0,3.0,5694260.0,13575.0,2419.0,2663.0,177341.0,0.0
1793,1.0,2.961301599190014e+18,21249755.0,36352.0,2.0,1.0,472.0,4521.0,14841.0,14815.0,15322043.0,1.0
1794,1.0,1.115617728638543e+19,21220345.0,35873.0,3.0,2.0,3417428.0,3032.0,46857.0,37099.0,0.0,0.0
1795,1.0,5.315378418122699e+18,20016716.0,30911.0,2.0,1.0,10415800.0,4264.0,10393.0,1321.0,4211316.0,1.0
1796,1.0,1.2485598954401746e+18,21334747.0,36643.0,2.0,2.0,9092.0,3403.0,92103.0,257572.0,1403899.0,0.0
1797,1.0,1.205787899908646e+19,20222931.0,27961.0,2.0,1.0,588.0,2291.0,2226.0,2947.0,9967841.0,1.0
1798,1.0,4.6102694262283095e+18,21812918.0,2238.0,3.0,1.0,39533.0,8031.0,157394.0,134845.0,1039363.0,1.0
1799,1.0,6.425551902426095e+18,20552693.0,33655.0,1.0,1.0,13790222.0,28589.0,33773.0,33552.0,3868922.0,0.0
1800,1.0,1.5859647530187389e+19,4285938.0,23778.0,2.0,2.0,57913.0,24900.0,19.0,83.0,15297805.0,1.0
1801,1.0,1.205787899908646e+19,20183636.0,27961.0,3.0,3.0,1622.0,3027.0,18182.0,18371.0,376681.0,0.0
1802,2.0,2.324343277850217e+18,21853975.0,37773.0,2.0,2.0,20503.0,30484.0,2055056.0,1434226.0,0.0,0.0
1803,1.0,6.263749423537724e+18,21881309.0,36720.0,1.0,1.0,36.0,910.0,2967.0,137.0,602743.0,0.0
1804,9.0,1.523471329505401e+19,3499915.0,23964.0,2.0,1.0,42429.0,6004.0,13605.0,1918.0,0.0,1.0
1805,1.0,1.205787899908646e+19,20174645.0,27961.0,2.0,1.0,236273.0,18156.0,68306.0,67007.0,4547745.0,1.0
1806,1.0,1.4531867648059392e+19,21775716.0,27482.0,1.0,1.0,306.0,542.0,424.0,6.0,23742362.0,0.0
1807,1.0,9.454444745490072e+18,9682526.0,17036.0,2.0,1.0,9963.0,6276.0,512546.0,441652.0,1498721.0,0.0
1808,1.0,1.3436628931176526e+19,1970343.0,1396.0,2.0,1.0,569120.0,1260.0,10082.0,10057.0,664044.0,1.0
1809,3.0,1.8297432942820456e+19,7207256.0,13857.0,1.0,1.0,759391.0,92.0,615.0,1036.0,0.0,1.0
1810,1.0,6.324020793843805e+18,20711342.0,27500.0,3.0,3.0,4.0,12.0,188.0,124.0,470344.0,0.0
1811,1.0,1.0229764868502155e+19,20920982.0,35006.0,1.0,1.0,22288.0,59620.0,183178.0,621.0,17502626.0,0.0
1812,1.0,1.358151347341538e+19,21219998.0,35734.0,2.0,2.0,12278628.0,69918.0,372392.0,305534.0,548670.0,1.0
1813,1.0,9.012980267211674e+18,21167095.0,35857.0,2.0,1.0,10935.0,39803.0,204296.0,172386.0,1101647.0,1.0
1814,1.0,8.710026386227672e+18,20187769.0,24362.0,1.0,1.0,442.0,532.0,550.0,265.0,4176789.0,1.0
1815,2.0,1.3741361885619681e+19,20220680.0,32663.0,3.0,1.0,7873015.0,3066.0,788837.0,633632.0,218481.0,0.0
1816,1.0,5.108201723211251e+18,20140225.0,11506.0,3.0,3.0,6151085.0,58102.0,205763.0,103691.0,0.0,0.0
1817,1.0,1.4340390157469403e+19,10110405.0,23808.0,3.0,2.0,562.0,305.0,697.0,10.0,6178799.0,0.0
1818,1.0,7.903914528320191e+18,21162526.0,1325.0,2.0,1.0,15.0,10.0,22.0,23.0,12951452.0,0.0
1819,1.0,9.784183212309164e+17,10405419.0,29909.0,1.0,1.0,2165469.0,212543.0,378661.0,323626.0,0.0,0.0
1820,1.0,2.4127717961104635e+18,20067145.0,23781.0,1.0,1.0,113.0,1897.0,8.0,1.0,10221134.0,1.0
1821,1.0,7.867421005620053e+18,10613272.0,28992.0,3.0,3.0,1278249.0,15872.0,40596.0,25856.0,0.0,0.0
1822,1.0,1.8045561712109976e+19,21381810.0,35978.0,2.0,1.0,3328.0,2075.0,19576.0,1867.0,5955486.0,1.0
1823,1.0,1.205787899908646e+19,20170560.0,27961.0,1.0,1.0,1985875.0,14248.0,18699.0,20580.0,2969225.0,0.0
1824,1.0,1.5969982169866676e+19,21249862.0,2235.0,2.0,1.0,14411713.0,16508.0,5409.0,5712.0,0.0,0.0
1825,3.0,1.7989747235538194e+19,20395188.0,24036.0,1.0,1.0,4059.0,8698.0,20615.0,21689.0,84741.0,1.0
1826,1.0,1.1689327222955583e+19,21021317.0,27701.0,2.0,2.0,37439.0,5238.0,14714.0,13402.0,771452.0,1.0
1827,2.0,1.4202400320781967e+19,9681157.0,27503.0,2.0,2.0,1735.0,1233.0,38538.0,35572.0,668923.0,1.0
1828,1.0,4.1286333491424783e+18,20975188.0,35306.0,1.0,1.0,42165.0,36562.0,114232.0,113593.0,57267.0,1.0
1829,1.0,2.589034224486342e+18,21118823.0,30659.0,3.0,2.0,354.0,1149.0,85405.0,85435.0,2302889.0,0.0
1830,1.0,9.949727202638932e+18,21365545.0,36770.0,1.0,1.0,2735.0,5705.0,2080675.0,1627847.0,8837429.0,1.0
1831,1.0,5.345544339361683e+18,5858720.0,23796.0,1.0,1.0,125447.0,46385.0,6.0,12.0,11535035.0,1.0
1832,1.0,1.205787899908646e+19,20174623.0,27961.0,1.0,1.0,2316.0,257.0,1315.0,1690.0,6185373.0,0.0
1833,2.0,7.903914528320191e+18,21162491.0,1325.0,2.0,2.0,175087.0,43542.0,108297.0,155934.0,0.0,1.0
1834,2.0,1.205787899908646e+19,20180258.0,27961.0,1.0,1.0,113.0,452.0,559.0,736.0,8272264.0,1.0
1835,1.0,1.360523891478254e+19,7778998.0,27501.0,3.0,2.0,10296.0,63077.0,112212.0,98187.0,1595980.0,0.0
1836,3.0,1.3090221289647714e+19,20174982.0,23795.0,1.0,1.0,25505.0,1547.0,3.0,7.0,3743630.0,1.0
1837,2.0,9.187819620593032e+18,2819190.0,7382.0,3.0,3.0,16072.0,3850.0,84770.0,107905.0,0.0,1.0
1838,1.0,1.5989049276530887e+19,20311864.0,23824.0,2.0,1.0,6285.0,21881.0,44277.0,31.0,9602020.0,1.0
1839,1.0,1.570947928247294e+19,20588401.0,33692.0,3.0,2.0,80552.0,5269.0,4418.0,5224.0,752971.0,1.0
1840,1.0,1.4340390157469403e+19,9027213.0,23808.0,1.0,1.0,5.0,1.0,0.0,0.0,23039256.0,1.0
1841,1.0,1.4206105319997252e+19,20591420.0,21047.0,2.0,1.0,4831764.0,655801.0,2973383.0,2331843.0,21520.0,1.0
1842,1.0,1.6080155757036904e+19,20365865.0,33136.0,3.0,3.0,6396157.0,650.0,699.0,899.0,11112203.0,1.0
1843,1.0,5.108201723211251e+18,20140214.0,11506.0,3.0,1.0,32328.0,94825.0,267298.0,222686.0,1902935.0,1.0
1844,3.0,2.4127717961104635e+18,20067139.0,23781.0,1.0,1.0,1044.0,1301.0,8.0,1.0,211147.0,1.0
1845,2.0,7.070442192686642e+18,21408216.0,8176.0,3.0,3.0,210579.0,13554.0,467961.0,244905.0,0.0,0.0
1846,1.0,8.429269681940447e+18,4325847.0,8285.0,2.0,1.0,314.0,34.0,561.0,738.0,36044.0,1.0
1847,1.0,3.163997420314436e+18,7409244.0,26288.0,2.0,1.0,4409.0,8731.0,32056.0,30000.0,6736546.0,0.0
1848,1.0,1.7205209354761026e+19,21763286.0,37634.0,3.0,1.0,5333100.0,7341.0,8704.0,8856.0,0.0,0.0
1849,66.0,1.4531867648059392e+19,6792532.0,27486.0,1.0,1.0,31603.0,40299.0,91412.0,59.0,0.0,1.0
1850,1.0,4.774481492345202e+18,21329909.0,36540.0,3.0,3.0,14492.0,8119.0,60018.0,65074.0,87759.0,1.0
1851,1.0,9.498355853647116e+18,3752024.0,15317.0,2.0,1.0,16.0,117.0,59347.0,53532.0,6079295.0,0.0
1852,1.0,1.5860193830590669e+19,2878230.0,23777.0,2.0,2.0,6.0,4.0,21.0,22.0,2547247.0,1.0
1853,1.0,1.203986170175328e+19,21705071.0,37370.0,2.0,2.0,169178.0,2048.0,29810.0,2889.0,1689025.0,0.0
1854,1.0,1.4369597025772667e+19,20041963.0,29562.0,3.0,2.0,8.0,143.0,6952.0,413.0,4111664.0,0.0
1855,1.0,1.3384857948156529e+18,20758982.0,33931.0,2.0,2.0,41017.0,179155.0,299591.0,4902.0,14938526.0,0.0
1856,4.0,1.699667232812278e+19,21930790.0,37629.0,1.0,1.0,62203.0,395537.0,881660.0,705824.0,2052569.0,1.0
1857,2.0,1.578511299927674e+19,20908196.0,35088.0,2.0,2.0,0.0,0.0,2.0,5.0,4106832.0,0.0
1858,1.0,6.263749423537724e+18,21881309.0,36720.0,1.0,1.0,36.0,817.0,1204.0,137.0,3473882.0,0.0
1859,1.0,9.826874093159277e+18,21916995.0,37510.0,2.0,2.0,11341249.0,350.0,31619.0,210891.0,1934637.0,1.0
1860,1.0,8.134264174510893e+18,10950964.0,1268.0,3.0,3.0,3543528.0,12882.0,33495.0,2.0,0.0,0.0
1861,2.0,1.0920181570207228e+19,4387287.0,8374.0,2.0,2.0,8618340.0,30171.0,127243.0,167328.0,4532848.0,1.0
1862,1.0,7.903914528320191e+18,21162352.0,1325.0,2.0,1.0,1215.0,2065.0,9244.0,485.0,15527944.0,1.0
1863,1.0,1.5640377425824471e+19,20205159.0,32800.0,2.0,1.0,10677681.0,23772.0,13437.0,53604.0,1923878.0,0.0
1864,1.0,1.205787899908646e+19,20192903.0,27961.0,1.0,1.0,1298427.0,2.0,82.0,275.0,199586.0,0.0
1865,1.0,1.8386200683758092e+19,2373991.0,7177.0,1.0,1.0,16981326.0,2415.0,17730.0,17155.0,129204.0,0.0
1866,1.0,2.526921860587084e+17,4546188.0,3436.0,2.0,1.0,2265894.0,723813.0,3447549.0,2696406.0,2170372.0,1.0
1867,1.0,1.4531867648059392e+19,21770924.0,27482.0,2.0,2.0,184254.0,8216.0,6029.0,6.0,702274.0,0.0
1868,1.0,8.848021695083077e+18,20436207.0,2387.0,2.0,1.0,2188.0,7357.0,21789.0,23534.0,14801497.0,1.0
1869,1.0,2.137528403495601e+18,20218301.0,23801.0,2.0,2.0,4.0,7.0,48.0,58.0,3083109.0,0.0
1870,1.0,1.5859647530187389e+19,4285952.0,23778.0,2.0,1.0,12026273.0,10727.0,19.0,66.0,89088.0,0.0
1871,1.0,8.718971903532905e+18,20897068.0,35075.0,2.0,1.0,3240.0,3329.0,139.0,201.0,893885.0,0.0
1872,1.0,1.2086317373888336e+19,21372918.0,36785.0,2.0,1.0,8401.0,600.0,45800.0,42036.0,882968.0,0.0
1873,1.0,4.695790928701425e+16,21311941.0,36427.0,2.0,1.0,663.0,1522.0,1266.0,8675.0,5945051.0,0.0
1874,1.0,2.994924845956282e+18,20061256.0,23803.0,1.0,1.0,3645027.0,251060.0,476702.0,20643.0,190080.0,0.0
1875,1.0,1.4140300435418186e+18,20384437.0,1502.0,2.0,1.0,299.0,839.0,919.0,1131.0,13954131.0,1.0
1876,1.0,1.4340390157469403e+19,9027549.0,23808.0,2.0,2.0,64735.0,101460.0,14.0,18.0,1635797.0,0.0
1877,1.0,1.205787899908646e+19,20192675.0,27961.0,2.0,1.0,7364477.0,1033.0,2824.0,6913.0,7672089.0,1.0
1878,1.0,2.4347563200652785e+18,21173714.0,29273.0,1.0,1.0,4.0,7.0,169.0,69.0,670925.0,1.0
1879,1.0,1.1751890852108218e+19,6578726.0,23801.0,1.0,1.0,1739136.0,97850.0,238.0,430.0,3383873.0,0.0
1880,1.0,3.4768099784495734e+18,4382541.0,26792.0,2.0,1.0,9411.0,8730.0,18295.0,17426.0,1303787.0,1.0
1881,1.0,1.6794704970244289e+19,8350232.0,26286.0,2.0,1.0,227.0,731.0,505.0,2426.0,3832257.0,1.0
1882,1.0,1.4756578758696272e+19,22139420.0,3625.0,2.0,2.0,1124.0,1811.0,44499.0,118.0,1652829.0,0.0
1883,1.0,1.3384857948156529e+18,20758977.0,33931.0,2.0,1.0,15649631.0,748.0,7085.0,3076.0,0.0,1.0
1884,1.0,9.991057275835721e+17,10866955.0,30428.0,2.0,2.0,38516.0,72233.0,229794.0,193408.0,8866749.0,0.0
1885,1.0,6.912851286990253e+18,20027586.0,18918.0,2.0,1.0,53765.0,124824.0,329948.0,32865.0,7610673.0,0.0
1886,2.0,1.7363854844105064e+19,20017077.0,23798.0,2.0,1.0,185.0,2537.0,4.0,957.0,426466.0,0.0
1887,1.0,5.260594170071819e+16,3048011.0,23782.0,1.0,1.0,1434.0,1068.0,695.0,215.0,1474750.0,1.0
1888,1.0,1.5280555057598601e+19,20864341.0,22609.0,1.0,1.0,11008584.0,2434.0,303276.0,222439.0,0.0,0.0
1889,1.0,1.3616247906704456e+19,21340668.0,21102.0,2.0,1.0,632871.0,46710.0,1080287.0,1604.0,1882405.0,0.0
1890,1.0,1.3359361103803858e+18,20599600.0,33847.0,1.0,1.0,4806809.0,886522.0,3664388.0,2933799.0,0.0,0.0
1891,1.0,6.228784066129291e+18,4341900.0,1998.0,2.0,1.0,18815.0,4967.0,23049.0,24379.0,3925489.0,1.0
1892,1.0,1.5989049276530887e+19,20314969.0,23824.0,2.0,1.0,2454.0,5209.0,17117.0,31.0,13461641.0,1.0
1893,1.0,1.4756578758696272e+19,21547308.0,3625.0,2.0,1.0,1793.0,4499.0,22589.0,21546.0,14360657.0,0.0
1894,1.0,1.4340390157469403e+19,4708164.0,23777.0,3.0,1.0,17826.0,19029.0,53043.0,48162.0,3935995.0,0.0
1895,1.0,1.5739646675014742e+19,20845995.0,833.0,3.0,2.0,1306.0,16483.0,19502.0,16758.0,1656799.0,1.0
1896,1.0,9.329161806660276e+18,21362385.0,30027.0,3.0,1.0,3569986.0,12924.0,29473.0,25833.0,11023379.0,0.0
1897,1.0,1.034946865176566e+19,21522776.0,37422.0,2.0,1.0,0.0,0.0,12.0,4.0,13556843.0,0.0
1898,1.0,1.3039471653391604e+19,21197506.0,35997.0,3.0,3.0,46186.0,8492.0,214820.0,200348.0,957341.0,0.0
1899,1.0,5.5111324610218e+18,20578712.0,10040.0,2.0,1.0,14086191.0,97035.0,141574.0,29401.0,5292347.0,1.0
1900,2.0,1.4340390157469403e+19,4468209.0,23777.0,1.0,1.0,482.0,710.0,463.0,600.0,19440476.0,1.0
1901,1.0,1.205787899908646e+19,20222563.0,27961.0,1.0,1.0,437982.0,287.0,390.0,559.0,375718.0,0.0
1902,1.0,1.205787899908646e+19,20180629.0,27961.0,2.0,1.0,13378428.0,1526.0,3177.0,3704.0,14348383.0,1.0
1903,1.0,7.010385989455118e+18,9584905.0,23637.0,2.0,2.0,32795.0,789.0,10381.0,185.0,261254.0,0.0
1904,1.0,7.771884441258275e+18,20448222.0,32367.0,2.0,1.0,11595.0,22080.0,460815.0,377745.0,4505989.0,1.0
1905,1.0,8.265651261671431e+18,20326404.0,16822.0,2.0,2.0,2031.0,1920.0,62743.0,61432.0,333171.0,0.0
1906,1.0,1.7962103236755943e+19,20436404.0,12248.0,1.0,1.0,4860707.0,97.0,172.0,250.0,7448900.0,0.0
1907,1.0,8.620895344436541e+18,4244198.0,27547.0,1.0,1.0,3130.0,1010.0,1505.0,1717.0,14359358.0,0.0
1908,1.0,1.2930459048655954e+19,20877878.0,32345.0,2.0,1.0,1418967.0,18874.0,67600.0,70977.0,371349.0,1.0
1909,1.0,1.6894108537068972e+19,20877211.0,19865.0,2.0,1.0,14880323.0,44040.0,492404.0,403202.0,504214.0,1.0
1910,2.0,1.3756257544627677e+19,8350719.0,24035.0,3.0,1.0,4773306.0,6956.0,61151.0,26835.0,70284.0,1.0
1911,1.0,1.205787899908646e+19,20149044.0,27961.0,2.0,2.0,10320106.0,5224.0,10865.0,16600.0,17460.0,0.0
1912,1.0,7.269043601771363e+18,10365637.0,4862.0,1.0,1.0,22538536.0,505.0,981.0,1188.0,9847536.0,0.0
1913,1.0,1.5145480155589095e+19,20889026.0,23807.0,2.0,2.0,2.0,11.0,5.0,11.0,832129.0,0.0
1914,1.0,8.813902859733762e+18,20886690.0,34840.0,3.0,2.0,32210.0,206.0,552.0,822.0,1717343.0,0.0
1915,9.0,1.4340390157469403e+19,3111363.0,23777.0,1.0,1.0,1573293.0,900.0,596.0,784.0,0.0,1.0
1916,1.0,1.8425200088803072e+19,20033132.0,23790.0,2.0,1.0,42.0,598.0,27.0,29.0,2164349.0,1.0
1917,1.0,5.851252814446936e+18,21477706.0,28698.0,3.0,1.0,85460.0,44848.0,598340.0,484159.0,0.0,0.0
1918,1.0,6.715049002232656e+18,3065545.0,23783.0,1.0,1.0,23677452.0,167.0,128.0,212.0,0.0,1.0
1919,2.0,1.205787899908646e+19,20163530.0,27961.0,1.0,1.0,132428.0,120746.0,577916.0,516425.0,0.0,0.0
1920,1.0,1.4340390157469403e+19,9027614.0,23808.0,1.0,1.0,9793924.0,1508.0,138.0,198.0,163940.0,1.0
1921,1.0,1.3756257544627677e+19,10959058.0,24354.0,3.0,3.0,2.0,11.0,242.0,383.0,10543169.0,0.0
1922,1.0,5.497402316540119e+18,21464746.0,37086.0,2.0,1.0,2610623.0,153.0,1665.0,775.0,0.0,0.0
1923,1.0,1.5989049276530887e+19,20314414.0,23824.0,2.0,1.0,1195.0,3553.0,12066.0,31.0,11190234.0,1.0
1924,1.0,1.205787899908646e+19,20192654.0,27961.0,2.0,2.0,3167440.0,8285.0,16829.0,20398.0,4802410.0,1.0
1925,1.0,1.205787899908646e+19,20192676.0,27961.0,1.0,1.0,6.0,4.0,60.0,206.0,6997412.0,1.0
1926,1.0,1.7306989255290333e+19,20443381.0,1235.0,3.0,2.0,1280677.0,52718.0,28819.0,25049.0,0.0,0.0
1927,1.0,1.4340390157469403e+19,3126848.0,23777.0,3.0,2.0,2283501.0,17520.0,57934.0,52315.0,0.0,0.0
1928,1.0,1.4340390157469403e+19,9027314.0,23808.0,1.0,1.0,18844305.0,6.0,70.0,89.0,0.0,0.0
1929,1.0,2.470253408587162e+18,21193219.0,35900.0,1.0,1.0,7.0,5.0,141.0,187.0,9665092.0,0.0
1930,1.0,9.00808409934082e+17,21822374.0,37702.0,3.0,1.0,20092.0,6924.0,113230.0,98873.0,6239695.0,1.0
1931,1.0,1.3756257544627677e+19,8178430.0,24354.0,2.0,1.0,13156695.0,230194.0,50506.0,14976.0,8352965.0,1.0
1932,1.0,4.1783567378429507e+18,3410099.0,9209.0,2.0,2.0,4466122.0,570.0,239121.0,203841.0,0.0,0.0
1933,1.0,3.3267037515277716e+18,20558558.0,33584.0,3.0,2.0,2838066.0,200.0,7044.0,1413.0,753408.0,1.0
1934,1.0,1.034946865176566e+19,21522776.0,37422.0,2.0,1.0,0.0,0.0,26.0,28.0,3914590.0,0.0
1935,1.0,1.3642254388060762e+19,20568386.0,33733.0,1.0,1.0,17264073.0,3205.0,7877.0,9256.0,0.0,0.0
1936,1.0,1.205787899908646e+19,20180687.0,27961.0,2.0,2.0,2829669.0,53101.0,324297.0,272765.0,254602.0,1.0
1937,4.0,1.4340390157469403e+19,9027213.0,23808.0,2.0,1.0,1.0,1.0,0.0,0.0,4389398.0,1.0
1938,1.0,1.5145480155589095e+19,22072941.0,23807.0,1.0,1.0,2957420.0,74.0,2587.0,2864.0,7675977.0,1.0
1939,1.0,1.5234067465152874e+19,9821370.0,16951.0,2.0,1.0,11002.0,18186.0,166037.0,177118.0,92507.0,0.0
1940,2.0,5.120683440510468e+18,8676736.0,1268.0,2.0,1.0,404391.0,1679.0,6142.0,35.0,4340158.0,1.0
1941,2.0,1.3359361103803858e+18,20599534.0,33847.0,2.0,1.0,7128468.0,57640.0,366889.0,359154.0,2508363.0,1.0
1942,1.0,1.703675381942866e+19,21425260.0,36955.0,2.0,1.0,4375.0,14622.0,343247.0,286699.0,54203.0,1.0
1943,17.0,1.326252439573052e+19,21243572.0,24730.0,2.0,1.0,6817.0,2685.0,20207.0,37012.0,0.0,1.0
1944,1.0,1.4340390157469403e+19,10397422.0,23808.0,1.0,1.0,135.0,13.0,50.0,15.0,12619649.0,1.0
1945,1.0,1.1121833691387079e+19,21134703.0,23807.0,2.0,1.0,25516.0,6.0,73.0,8.0,202666.0,0.0
1946,1.0,6.228784066129291e+18,4357295.0,1998.0,1.0,1.0,21314768.0,5444.0,9432.0,12825.0,170135.0,1.0
1947,1.0,1.205787899908646e+19,20185523.0,27961.0,3.0,1.0,143.0,2747.0,5478.0,5903.0,5148324.0,1.0
1948,3.0,2.4127717961104635e+18,20067144.0,23781.0,1.0,1.0,3354.0,826.0,8.0,1.0,2294536.0,0.0
1949,1.0,1.205787899908646e+19,20148759.0,27961.0,1.0,1.0,20824700.0,5471.0,5924.0,8390.0,1984288.0,0.0
1950,1.0,3.163997420314436e+18,7409299.0,26288.0,2.0,2.0,2540384.0,42.0,1397.0,2094.0,0.0,0.0
1951,3.0,1.4340390157469403e+19,4821678.0,23777.0,1.0,1.0,258825.0,155108.0,458294.0,372054.0,0.0,1.0
1952,2.0,1.1809797616920572e+19,22111428.0,38598.0,1.0,1.0,87020.0,15887.0,398558.0,1869.0,0.0,0.0
1953,1.0,1.329277514554149e+19,7695198.0,7710.0,2.0,1.0,8787945.0,671996.0,2114403.0,1665634.0,27556.0,0.0
1954,1.0,4.144035774470012e+18,2683585.0,23064.0,3.0,1.0,325.0,786.0,675.0,707.0,213945.0,1.0
1955,6.0,1.540148511873013e+19,21527257.0,29703.0,2.0,2.0,6650.0,175330.0,1111182.0,14787.0,0.0,0.0
1956,1.0,1.4340390157469403e+19,4802470.0,23777.0,1.0,1.0,13383584.0,3414.0,4877.0,5221.0,1172312.0,1.0
1957,1.0,1.2008802452575791e+19,22158484.0,38640.0,1.0,1.0,3871.0,410.0,420.0,552.0,5228219.0,0.0
1958,1.0,7.771884441258275e+18,20108617.0,32367.0,1.0,1.0,22112222.0,460.0,177.0,64.0,649097.0,0.0
1959,1.0,1.3756257544627677e+19,20175386.0,24354.0,3.0,1.0,36168.0,7362.0,79.0,701.0,2119954.0,0.0
1960,1.0,1.2012218713126756e+19,21247907.0,36292.0,2.0,2.0,12071979.0,5600.0,340453.0,150046.0,0.0,0.0
1961,1.0,1.3742635301971245e+19,21345355.0,36687.0,2.0,2.0,1799.0,2779.0,117290.0,549.0,11815789.0,0.0
1962,1.0,5.468727571223081e+18,20002483.0,1381.0,2.0,1.0,15389448.0,1443.0,3978.0,6705.0,0.0,1.0
1963,1.0,8.134264174510893e+18,10950951.0,1268.0,3.0,1.0,577.0,2983.0,2228.0,2.0,8824276.0,1.0
1964,1.0,1.5859647530187389e+19,4291071.0,23778.0,3.0,1.0,5186761.0,439.0,11.0,24.0,8632646.0,1.0
1965,1.0,1.3090221289647714e+19,20174985.0,23795.0,1.0,1.0,31.0,135.0,3.0,7.0,17468611.0,1.0
1966,1.0,6.912851286990253e+18,21018899.0,18918.0,1.0,1.0,19997546.0,83136.0,209484.0,211996.0,20367503.0,0.0
1967,1.0,1.3516559178445044e+19,20393732.0,24355.0,2.0,1.0,6484.0,11584.0,3854.0,1682.0,29428.0,1.0
1968,1.0,2.4127717961104635e+18,20067154.0,23781.0,2.0,2.0,387326.0,119.0,8595.0,1.0,4587705.0,0.0
1969,1.0,1.0468467911880278e+19,20952393.0,854.0,1.0,1.0,2267115.0,27669.0,78317.0,60953.0,1100620.0,1.0
1970,1.0,2.7659720161423985e+18,4419916.0,4862.0,2.0,1.0,2.0,142.0,180.0,258.0,1872393.0,0.0
1971,1.0,1.4340390157469403e+19,3126697.0,23777.0,1.0,1.0,7.0,5.0,47.0,57.0,16287149.0,1.0
1972,1.0,1.827775781617713e+19,20938640.0,35206.0,3.0,1.0,746576.0,570.0,7819.0,6084.0,0.0,0.0
1973,1.0,5.830600748260713e+18,4241441.0,21347.0,2.0,2.0,936653.0,4244.0,3138.0,1563.0,5501836.0,1.0
1974,5.0,1.4340390157469403e+19,9027213.0,23808.0,2.0,1.0,1.0,1.0,0.0,0.0,1601919.0,0.0
1975,1.0,1.4340390157469403e+19,21163921.0,23808.0,2.0,1.0,3563509.0,535.0,2691.0,38.0,0.0,0.0
1976,1.0,1.2499425197522735e+19,20159698.0,27639.0,2.0,1.0,7227.0,322874.0,181072.0,153287.0,5565544.0,1.0
1977,1.0,4.3388284227875164e+18,21263361.0,36399.0,2.0,2.0,15071041.0,1029.0,6079.0,5974.0,45661.0,1.0
1978,2.0,1.5517319812696228e+19,21551364.0,37467.0,3.0,1.0,23434.0,8693.0,1928503.0,1546752.0,0.0,1.0
1979,1.0,5.467921431274186e+18,10863386.0,30495.0,2.0,2.0,12475279.0,67855.0,84675.0,48616.0,0.0,0.0
1980,1.0,1.4340390157469403e+19,10110503.0,23808.0,2.0,2.0,6568585.0,13001.0,10320.0,141.0,5360.0,0.0
1981,1.0,2.2893957641570243e+18,20588318.0,33793.0,2.0,1.0,33518.0,1861.0,5033.0,306.0,2236314.0,1.0
1982,1.0,1.4340390157469403e+19,21360099.0,23777.0,2.0,1.0,38.0,3245.0,488.0,211.0,1842185.0,1.0
1983,1.0,1.6043904649017862e+19,21287791.0,36461.0,3.0,1.0,392083.0,603.0,12847.0,25731.0,404190.0,1.0
1984,1.0,4.088743391718801e+17,2584735.0,23955.0,2.0,1.0,5006747.0,5543.0,6989.0,6936.0,966058.0,0.0
1985,1.0,1.205787899908646e+19,20222843.0,27961.0,1.0,1.0,7122.0,517.0,660.0,900.0,535293.0,0.0
1986,1.0,1.8045561712109976e+19,21382293.0,35978.0,3.0,1.0,504941.0,235601.0,839702.0,611305.0,365646.0,1.0
1987,1.0,7.903914528320191e+18,21162526.0,1325.0,1.0,1.0,15794320.0,10.0,22.0,23.0,0.0,0.0
1988,6.0,1.1121833691387079e+19,21130287.0,23807.0,2.0,1.0,809.0,2185.0,8036.0,8.0,926320.0,1.0
1989,2.0,1.187970393501931e+19,4290266.0,22258.0,2.0,2.0,8221390.0,596829.0,1521347.0,1653191.0,0.0,1.0
1990,1.0,7.251627201518253e+18,20665410.0,2011.0,2.0,2.0,10593619.0,14934.0,15484.0,443.0,0.0,0.0
1991,1.0,1.4340390157469403e+19,7103506.0,23777.0,1.0,1.0,497.0,540.0,435.0,572.0,3465.0,0.0
1992,1.0,1.7363854844105064e+19,20017073.0,23798.0,1.0,1.0,1405.0,1435.0,4.0,1062.0,2767189.0,1.0
1993,1.0,1.4340390157469403e+19,4803013.0,23777.0,2.0,1.0,2959945.0,5820.0,17724.0,17146.0,2010668.0,1.0
1994,1.0,5.737078242359076e+18,3714118.0,26516.0,2.0,1.0,3219.0,2446.0,1045579.0,834749.0,61146.0,1.0
1995,1.0,1.1171636131419625e+19,2494986.0,19005.0,2.0,1.0,9078590.0,27718.0,71980.0,78886.0,5047760.0,0.0
1996,2.0,8.797475995675113e+18,20332170.0,33066.0,2.0,1.0,445483.0,3057.0,5373.0,6865.0,6707.0,0.0
1997,3.0,5.5111324610218e+18,4236065.0,10040.0,3.0,2.0,3000190.0,4548.0,3241.0,3896.0,0.0,0.0
1998,1.0,7.903914528320191e+18,21162108.0,1325.0,1.0,1.0,757345.0,1537.0,11220.0,36.0,7320404.0,0.0
1999,1.0,9.394808952061325e+18,20619641.0,10930.0,1.0,1.0,19899662.0,564.0,2593.0,2198.0,7501820.0,1.0
2000,1.0,8.683597619805982e+18,20717380.0,29127.0,2.0,1.0,206519.0,88408.0,417903.0,364572.0,7792898.0,1.0
2001,1.0,2.5334514414076124e+18,21020157.0,35266.0,2.0,1.0,10600.0,55491.0,320384.0,307853.0,7049798.0,1.0
2002,1.0,1.3991216566165025e+19,20886608.0,34963.0,3.0,3.0,3663725.0,2888.0,14632.0,50125.0,0.0,0.0
2003,2.0,1.624815824069137e+19,20580645.0,5315.0,2.0,1.0,4652382.0,4556.0,6068.0,7527.0,0.0,0.0
2004,1.0,1.6361653023823923e+19,21476202.0,37225.0,1.0,1.0,18733756.0,3704.0,29736.0,13518.0,0.0,0.0
2005,1.0,2.6928596198512824e+18,21733896.0,2051.0,2.0,2.0,815224.0,14066.0,33319.0,36372.0,0.0,1.0
2006,2.0,1.4340390157469403e+19,3110597.0,23777.0,1.0,1.0,17078598.0,330.0,154.0,226.0,7769432.0,0.0
2007,1.0,1.205787899908646e+19,20192676.0,27961.0,2.0,2.0,3756812.0,73662.0,139220.0,128376.0,0.0,1.0
2008,1.0,2.7882741784183728e+17,1772756.0,20040.0,2.0,2.0,2470195.0,423016.0,885131.0,867672.0,233659.0,1.0
2009,1.0,1.2704534509178712e+19,20006708.0,29579.0,2.0,1.0,13507855.0,171829.0,13727.0,13514.0,592760.0,0.0
2010,1.0,1.5159359595724335e+19,22127477.0,36938.0,3.0,3.0,3344247.0,3714.0,475015.0,386565.0,27069.0,0.0
2011,1.0,1.3756257544627677e+19,8182267.0,24354.0,2.0,2.0,401983.0,382.0,5727.0,3443.0,13676.0,1.0
2012,1.0,3.198458657650422e+18,21218541.0,28112.0,2.0,2.0,2535260.0,198367.0,392048.0,474627.0,1186883.0,0.0
2013,1.0,1.4531867648059392e+19,7144875.0,27484.0,1.0,1.0,72.0,585.0,110.0,279.0,100952.0,1.0
2014,1.0,6.742248511424272e+18,21019507.0,17992.0,2.0,1.0,15156059.0,102429.0,208369.0,179578.0,0.0,0.0
2015,1.0,1.7162033426281167e+19,10444757.0,941.0,1.0,1.0,962582.0,36977.0,38305.0,40350.0,60431.0,0.0
2016,2.0,1.3090221289647714e+19,20174985.0,23795.0,1.0,1.0,76.0,79.0,3.0,7.0,1189097.0,0.0
2017,1.0,1.205787899908646e+19,20192990.0,27961.0,3.0,2.0,264.0,58.0,350.0,99.0,10252601.0,1.0
2018,1.0,1.1663288590002938e+19,21970113.0,8323.0,1.0,1.0,4155.0,1847.0,14330.0,14081.0,21657623.0,1.0
2019,1.0,1.4340390157469403e+19,21163926.0,23808.0,1.0,1.0,303308.0,704.0,2364.0,296.0,0.0,0.0
2020,2.0,1.3756257544627677e+19,8350705.0,24035.0,1.0,1.0,212.0,594.0,4014.0,1614.0,307685.0,0.0
2021,1.0,1.830102551574794e+19,3213819.0,4663.0,2.0,2.0,37372.0,18408.0,1050863.0,838863.0,1513.0,0.0
2022,1.0,1.9553262913159972e+18,2104064.0,3880.0,2.0,2.0,1290638.0,251527.0,796124.0,665271.0,0.0,0.0
2023,2.0,8.99455707050858e+18,20030165.0,23799.0,1.0,1.0,24619192.0,28.0,41.0,756.0,3061126.0,0.0
2024,1.0,1.7313255053256755e+19,4362703.0,843.0,2.0,1.0,51680.0,32967.0,167342.0,23462.0,2536677.0,0.0
2025,1.0,1.2972158645927619e+19,10394298.0,29128.0,1.0,1.0,4807.0,12581.0,11686.0,15672.0,179509.0,1.0
2026,1.0,1.2837504198869455e+19,21947171.0,30627.0,3.0,1.0,270544.0,1158.0,85991.0,124570.0,0.0,1.0
2027,1.0,8.134264174510893e+18,10950949.0,1268.0,3.0,2.0,500609.0,5887.0,9389.0,2.0,257545.0,0.0
2028,1.0,4.80889109891519e+18,21139779.0,660.0,2.0,1.0,6855.0,97528.0,153587.0,1979.0,4083927.0,0.0
2029,1.0,1.3416878294870458e+19,3066490.0,23786.0,1.0,1.0,281.0,375.0,246.0,115.0,14338819.0,1.0
2030,1.0,1.5145480155589095e+19,20888541.0,23807.0,1.0,1.0,7.0,5.0,5.0,11.0,23315120.0,0.0
2031,1.0,5.468727571223081e+18,20001254.0,1381.0,2.0,2.0,5067703.0,848.0,674.0,935.0,899676.0,0.0
2032,1.0,1.205787899908646e+19,20183784.0,27961.0,3.0,3.0,4032.0,499.0,5837.0,7474.0,0.0,0.0
2033,1.0,1.5889052232801778e+19,3137471.0,7570.0,1.0,1.0,188.0,445.0,823.0,1898.0,21010464.0,1.0
2034,1.0,1.4340390157469403e+19,3063296.0,23777.0,2.0,1.0,12415959.0,11174.0,22183.0,21191.0,600784.0,1.0
2035,1.0,8.802768287123155e+18,20121265.0,29106.0,1.0,1.0,17241092.0,962071.0,48689.0,432.0,20028454.0,1.0
2036,4.0,1.4340390157469403e+19,21360115.0,23777.0,2.0,1.0,182150.0,6.0,574.0,158.0,114088.0,1.0
2037,3.0,1.205787899908646e+19,20174599.0,27961.0,2.0,1.0,279189.0,131683.0,413063.0,416660.0,0.0,1.0
2038,1.0,1.205787899908646e+19,20192903.0,27961.0,1.0,1.0,154.0,2.0,175.0,261.0,193647.0,1.0
2039,1.0,7.391531180177239e+18,20691796.0,34245.0,2.0,1.0,1361.0,789.0,2081.0,270.0,957717.0,1.0
2040,1.0,7.903914528320191e+18,21162259.0,1325.0,1.0,1.0,394996.0,14654.0,24260.0,33301.0,1027772.0,1.0
2041,1.0,9.423409948133075e+18,21881621.0,37869.0,3.0,3.0,6978179.0,3533.0,19135.0,18425.0,914224.0,1.0
2042,1.0,1.7759510457088795e+19,20361186.0,879.0,1.0,1.0,10803073.0,2111.0,6024.0,5129.0,0.0,0.0
2043,2.0,1.7962103236755943e+19,20436404.0,12248.0,1.0,1.0,20999201.0,97.0,172.0,250.0,19644751.0,0.0
2044,1.0,6.912851286990253e+18,20027186.0,18918.0,2.0,1.0,12532.0,21730.0,45808.0,411279.0,4684579.0,1.0
2045,2.0,4.2981186814246446e+18,20414993.0,385.0,2.0,2.0,40.0,7768.0,5577.0,48.0,6217869.0,0.0
2046,1.0,4.437233013557785e+18,4328653.0,14998.0,1.0,1.0,4099230.0,61465.0,321021.0,161016.0,0.0,0.0
2047,1.0,6.414307266338366e+18,21248660.0,35668.0,3.0,3.0,649026.0,107729.0,695858.0,1010.0,0.0,0.0
2048,26.0,1.7741275671651385e+19,20170845.0,7357.0,1.0,1.0,6360.0,215.0,12569.0,13696.0,0.0,1.0
2049,1.0,1.205787899908646e+19,20164368.0,27961.0,3.0,2.0,1899.0,265.0,291.0,423.0,5611260.0,1.0
2050,1.0,2.470253408587162e+18,21193216.0,35900.0,1.0,1.0,1204.0,4280.0,10881.0,187.0,16636909.0,1.0
2051,3.0,1.8131263588689197e+19,21899428.0,24607.0,2.0,2.0,1401533.0,1643.0,47806.0,11742.0,423819.0,0.0
2052,5.0,1.157259655396508e+19,6803521.0,10790.0,2.0,1.0,326605.0,314416.0,882021.0,706191.0,0.0,1.0
2053,1.0,1.3840338303328987e+19,4391478.0,26241.0,2.0,2.0,20077.0,24333.0,29816.0,31731.0,13777218.0,0.0
2054,1.0,4.3388284227875164e+18,21263362.0,36399.0,2.0,2.0,1165.0,1979.0,20257.0,12890.0,2340415.0,1.0
2055,2.0,6.715049002232656e+18,3065545.0,23783.0,1.0,1.0,1414252.0,45.0,40.0,53.0,9044466.0,0.0
2056,1.0,1.4399505795670258e+19,2909588.0,23778.0,2.0,1.0,26762.0,43713.0,465.0,605.0,238890.0,0.0
2057,2.0,1.1488754460735891e+19,21834765.0,37791.0,2.0,2.0,6908629.0,9099.0,2293021.0,1692342.0,4199301.0,1.0
2058,1.0,1.4340390157469403e+19,4882745.0,23777.0,1.0,1.0,17652033.0,15011.0,39323.0,36214.0,715477.0,1.0
2059,3.0,1.4173900825783489e+19,21965960.0,38245.0,3.0,1.0,223150.0,40066.0,75111.0,66977.0,0.0,1.0
2060,1.0,5.120683440510468e+18,8676727.0,1268.0,3.0,3.0,1524.0,1807.0,1856.0,13.0,168234.0,0.0
2061,1.0,9.585868690522626e+18,21340684.0,35377.0,2.0,2.0,2419225.0,4939.0,93428.0,88810.0,0.0,1.0
2062,1.0,1.733445727023105e+18,21140357.0,30760.0,1.0,1.0,293.0,3289.0,7836.0,1528.0,4671831.0,0.0
2063,1.0,2.8098970703225876e+18,3996255.0,7571.0,2.0,2.0,74930.0,63294.0,97795.0,86065.0,77009.0,0.0
2064,1.0,1.0053333393464848e+19,3867549.0,13697.0,2.0,1.0,240679.0,39465.0,2308770.0,1164269.0,1338532.0,0.0
2065,1.0,1.0664591050012752e+19,20620168.0,30128.0,3.0,1.0,148.0,753.0,5539.0,12678.0,9170.0,0.0
2066,1.0,4.850184614296115e+18,21329450.0,28647.0,3.0,1.0,440220.0,21504.0,116689.0,116182.0,0.0,0.0
2067,1.0,9.866428542214527e+18,21834112.0,37794.0,2.0,1.0,14549.0,3467.0,78809.0,703.0,13727724.0,0.0
2068,1.0,4.3388284227875164e+18,21263367.0,36399.0,2.0,2.0,82373.0,15798.0,361787.0,12702.0,194509.0,0.0
2069,1.0,1.2959697490333678e+19,20125793.0,2594.0,2.0,1.0,11898243.0,2053.0,7412.0,7574.0,5633866.0,0.0
2070,1.0,7.109128932074777e+18,20330316.0,18206.0,2.0,2.0,3789756.0,7678.0,131827.0,33088.0,50304.0,0.0
2071,1.0,1.734180435361551e+19,20073740.0,30213.0,3.0,1.0,7808800.0,1027.0,2714.0,2828.0,224781.0,1.0
2072,2.0,1.4140300435418186e+18,20208671.0,1502.0,3.0,1.0,6534.0,107.0,155.0,428.0,0.0,1.0
2073,1.0,8.99455707050858e+18,20030165.0,23799.0,2.0,2.0,13075891.0,296.0,251.0,375.0,1503791.0,1.0
2074,1.0,7.903914528320191e+18,20885621.0,2010.0,2.0,1.0,1054763.0,112.0,555.0,630.0,6534297.0,1.0
2075,1.0,1.205787899908646e+19,20157587.0,27961.0,3.0,3.0,0.0,0.0,7.0,14.0,8878838.0,0.0
2076,1.0,1.4340390157469403e+19,10110551.0,23808.0,3.0,3.0,90275.0,129.0,2627.0,10.0,1239142.0,0.0
2077,2.0,2.0021430589649848e+18,20188698.0,24124.0,2.0,1.0,2.0,266.0,55.0,95.0,6462971.0,1.0
2078,1.0,6.324020793843805e+18,20711342.0,27500.0,3.0,3.0,9959.0,12.0,189.0,124.0,8613439.0,0.0
2079,1.0,1.4340390157469403e+19,2909954.0,23777.0,3.0,3.0,2716522.0,44606.0,928968.0,743016.0,24524.0,0.0
2080,1.0,7.718107921866424e+18,4239063.0,10647.0,2.0,1.0,2625.0,1941.0,6671.0,7381.0,170308.0,1.0
2081,1.0,4.6055291155997635e+18,20970074.0,6017.0,2.0,1.0,9109668.0,5005.0,7829.0,9143.0,13956845.0,1.0
2082,1.0,1.3756257544627677e+19,21248268.0,24354.0,1.0,1.0,39911.0,67044.0,1210.0,2643.0,17428404.0,0.0
2083,1.0,1.4756578758696272e+19,21547618.0,3625.0,1.0,1.0,1241.0,8445.0,81426.0,72242.0,378020.0,1.0
2084,33.0,1.3243640383761205e+19,20900491.0,2401.0,2.0,1.0,9743.0,617.0,1189.0,1332.0,0.0,1.0
2085,1.0,1.2030293676564158e+19,21910036.0,37833.0,2.0,1.0,2697.0,24276.0,9921.0,9976.0,11716083.0,0.0
2086,1.0,6.955427876506802e+17,4368648.0,5567.0,2.0,2.0,1411195.0,8769.0,13411.0,7822.0,39120.0,1.0
2087,1.0,1.205787899908646e+19,20110120.0,27961.0,1.0,1.0,7746454.0,304409.0,1121698.0,970577.0,284547.0,1.0
2088,1.0,1.6794704970244289e+19,5059558.0,26286.0,1.0,1.0,153.0,250.0,303.0,527.0,6720516.0,1.0
2089,1.0,4.2981186814246446e+18,21866029.0,385.0,1.0,1.0,247926.0,22107.0,48054.0,44031.0,17047014.0,0.0
2090,1.0,1.4531867648059392e+19,3834142.0,27485.0,2.0,1.0,11.0,8.0,28.0,74.0,16012773.0,1.0
2091,2.0,1.205787899908646e+19,20163505.0,27961.0,2.0,2.0,2652362.0,76.0,90.0,142.0,0.0,1.0
2092,2.0,1.6446636430487398e+19,20031071.0,28112.0,2.0,2.0,78175.0,45556.0,722441.0,221084.0,1581819.0,1.0
2093,1.0,2.4347563200652785e+18,20035837.0,29273.0,2.0,2.0,4.0,7.0,104.0,91.0,3101731.0,0.0
2094,1.0,1.475960458026406e+19,22004686.0,13429.0,3.0,1.0,5089569.0,43415.0,196643.0,195968.0,1595719.0,0.0
2095,1.0,1.5989049276530887e+19,20314160.0,23823.0,2.0,2.0,948.0,844.0,7879.0,1939.0,16277051.0,1.0
2096,1.0,1.6583435308151357e+18,21263857.0,2298.0,3.0,2.0,24058.0,5447.0,9499.0,14543.0,154005.0,0.0
2097,6.0,1.2089732170889036e+19,20360290.0,4218.0,1.0,1.0,233.0,730.0,1022.0,1932.0,361832.0,1.0
2098,1.0,2.6989237001324452e+16,1757401.0,1308.0,2.0,1.0,93317.0,86197.0,1018506.0,155372.0,13840682.0,1.0
2099,1.0,1.2837504198869455e+19,21947194.0,30627.0,3.0,1.0,8.0,15.0,1329.0,1550.0,2651109.0,1.0
2100,1.0,7.895144444391802e+17,22096081.0,38273.0,2.0,2.0,3467955.0,184469.0,1807576.0,1448336.0,0.0,0.0
2101,3.0,1.205787899908646e+19,20203709.0,27961.0,1.0,1.0,67.0,158.0,83.0,109.0,393840.0,1.0
2102,1.0,8.323416633313459e+18,21261705.0,36135.0,2.0,2.0,1.0,18.0,477.0,825.0,588492.0,0.0
2103,2.0,1.830102551574794e+19,4291354.0,4663.0,1.0,1.0,12813934.0,162988.0,1468756.0,405263.0,5990046.0,1.0
2104,1.0,7.903914528320191e+18,21162543.0,1325.0,1.0,1.0,271932.0,238.0,727.0,1095.0,3751119.0,1.0
2105,1.0,1.7447969923993678e+19,20763226.0,2334.0,2.0,2.0,356.0,981.0,8845.0,7735.0,3981485.0,0.0
2106,2.0,2.670952723278905e+18,20172874.0,23805.0,2.0,2.0,1.0,3.0,35.0,16.0,4429284.0,1.0
2107,1.0,1.4340390157469403e+19,20640000.0,23808.0,1.0,1.0,30.0,69.0,52.0,61.0,5164596.0,0.0
2108,1.0,2.4127717961104635e+18,20067139.0,23781.0,1.0,1.0,3683.0,236.0,8.0,1.0,13552175.0,1.0
2109,1.0,1.3191233395662578e+19,21249460.0,4341.0,2.0,1.0,23772.0,572.0,3191.0,94071.0,1880458.0,0.0
2110,24.0,1.4340390157469403e+19,10397538.0,23808.0,1.0,1.0,80076.0,22274.0,16.0,167.0,0.0,1.0
2111,1.0,1.6709405790339167e+18,20330702.0,33157.0,2.0,2.0,37162.0,46603.0,519308.0,588550.0,63656.0,1.0
2112,2.0,3.823702657028056e+18,20681762.0,23649.0,2.0,2.0,128010.0,78010.0,100616.0,106752.0,5762896.0,1.0
2113,1.0,1.3940230668535685e+19,20386990.0,22720.0,1.0,1.0,392.0,1104.0,11733.0,12293.0,1791162.0,1.0
2114,3.0,1.1363457806790746e+19,20137552.0,26278.0,2.0,1.0,184.0,57.0,124.0,176.0,396793.0,1.0
2115,1.0,1.4340390157469403e+19,3061769.0,23777.0,2.0,1.0,12753.0,11175.0,51768.0,47096.0,5163690.0,1.0
2116,1.0,8.893439702406565e+18,21205790.0,29914.0,2.0,1.0,1.0,28.0,5892.0,3931.0,2820464.0,1.0
2117,1.0,1.3359361103803858e+18,20898497.0,33847.0,2.0,2.0,258457.0,61441.0,279654.0,278023.0,279627.0,0.0
2118,2.0,1.595507548723284e+18,20187608.0,24362.0,1.0,1.0,112.0,418.0,392.0,265.0,1106069.0,1.0
2119,1.0,4.872445946123203e+18,21371484.0,2089.0,2.0,2.0,16.0,117.0,3713.0,1571.0,4545811.0,1.0
2120,10.0,1.205787899908646e+19,20174581.0,27961.0,1.0,1.0,70170.0,7846.0,5660.0,6663.0,0.0,0.0
2121,1.0,7.903914528320191e+18,21162519.0,1325.0,1.0,1.0,79.0,1880.0,24.0,25.0,3272566.0,0.0
2122,1.0,5.30035548654841e+17,21373102.0,36788.0,2.0,2.0,42984.0,23962.0,161515.0,149256.0,1945155.0,1.0
2123,1.0,1.2746032365649443e+19,9822476.0,7122.0,2.0,2.0,8857.0,8485.0,458226.0,371293.0,1849916.0,0.0
2124,1.0,9.621865444227486e+18,4180612.0,10566.0,3.0,1.0,3038.0,2975.0,5713.0,998.0,4483536.0,1.0
2125,1.0,1.6695787066084442e+19,2181384.0,17529.0,2.0,1.0,12856.0,567.0,102693.0,90191.0,0.0,1.0
2126,1.0,1.1547636679726547e+19,21229137.0,36219.0,3.0,1.0,3147680.0,2231.0,168863.0,1155.0,23286.0,0.0
2127,1.0,7.143518654485987e+18,20393504.0,33093.0,2.0,1.0,5840.0,9370.0,133.0,37528.0,3294104.0,1.0
2128,1.0,5.701018884911991e+18,20137947.0,9898.0,3.0,1.0,5255877.0,13189.0,145445.0,108945.0,0.0,0.0
2129,1.0,1.80950952658837e+17,3009538.0,17611.0,2.0,2.0,112817.0,304.0,20366.0,20550.0,0.0,0.0
2130,1.0,7.718107921866424e+18,4246788.0,10647.0,2.0,2.0,3744355.0,45089.0,861.0,1070.0,0.0,0.0
2131,2.0,1.4779372599199648e+19,20601281.0,2494.0,2.0,1.0,575408.0,106644.0,468836.0,3481.0,0.0,0.0
2132,1.0,1.7726715653219592e+19,21163892.0,9785.0,1.0,1.0,19636979.0,153.0,412.0,133.0,4413.0,0.0
2133,1.0,1.4399505795670258e+19,2909590.0,23778.0,3.0,2.0,8140649.0,893.0,85.0,113.0,9065502.0,0.0
2134,1.0,1.3359361103803858e+18,21381384.0,33847.0,1.0,1.0,8018.0,8391.0,576.0,5530.0,3269948.0,0.0
2135,2.0,1.2972158645927619e+19,10409436.0,29128.0,1.0,1.0,120.0,30.0,5815.0,5967.0,169917.0,1.0
2136,1.0,3.823702657028056e+18,20681760.0,23649.0,1.0,1.0,706066.0,167722.0,274408.0,234433.0,0.0,1.0
2137,1.0,1.4140300435418186e+18,20384437.0,1502.0,3.0,1.0,299.0,839.0,919.0,1131.0,8270184.0,1.0
2138,1.0,1.205787899908646e+19,20174778.0,27961.0,3.0,1.0,6480.0,1233.0,2346.0,3054.0,8223898.0,1.0
2139,1.0,1.4340390157469403e+19,9027213.0,23808.0,2.0,2.0,1.0,1.0,0.0,0.0,3376690.0,1.0
2140,1.0,7.287469959561953e+18,2934609.0,23778.0,2.0,2.0,88465.0,4478.0,498.0,667.0,210267.0,0.0
2141,1.0,1.1315908569713166e+19,20311006.0,18070.0,2.0,1.0,66.0,71.0,607.0,796.0,3217287.0,0.0
2142,2.0,7.903914528320191e+18,21162514.0,1325.0,3.0,2.0,22.0,36.0,24.0,25.0,1673111.0,0.0
2143,1.0,1.2006259939391349e+19,10106656.0,20687.0,3.0,1.0,5391269.0,953801.0,2787860.0,380991.0,0.0,0.0
2144,2.0,1.4758798219331756e+19,3562635.0,6097.0,3.0,1.0,5192.0,854.0,12346.0,356.0,0.0,0.0
2145,1.0,1.205787899908646e+19,20192654.0,27961.0,1.0,1.0,25139887.0,3695.0,7675.0,15945.0,0.0,1.0
2146,1.0,1.4202400320781967e+19,20890861.0,27503.0,3.0,3.0,8.0,15.0,1425.0,1347.0,142563.0,0.0
2147,1.0,8.390751886332699e+18,20869961.0,854.0,1.0,1.0,1166588.0,5733.0,31465.0,21380.0,248908.0,0.0
2148,1.0,1.5860193830590669e+19,2878230.0,23777.0,3.0,1.0,6.0,4.0,21.0,22.0,9211444.0,0.0
2149,1.0,8.848021695083077e+18,20287136.0,2387.0,2.0,2.0,1995054.0,118566.0,300912.0,7830.0,113114.0,1.0
2150,1.0,1.205787899908646e+19,20174581.0,27961.0,2.0,2.0,206851.0,72.0,183.0,273.0,11654925.0,1.0
2151,1.0,1.2871563470264744e+19,21320379.0,35831.0,1.0,1.0,1722928.0,210932.0,515540.0,418559.0,11237672.0,1.0
2152,2.0,7.903914528320191e+18,21372569.0,2010.0,2.0,1.0,366140.0,6.0,146.0,500.0,47004.0,0.0
2153,3.0,3.3898142717082214e+18,10673573.0,23649.0,3.0,1.0,79045.0,113828.0,278052.0,244140.0,0.0,1.0
2154,1.0,7.7398015565227e+18,20666627.0,29926.0,2.0,2.0,275840.0,35156.0,248669.0,19833.0,1589721.0,1.0
2155,1.0,1.130902570404585e+19,22002401.0,38263.0,2.0,1.0,2298394.0,170.0,69.0,88.0,2479044.0,1.0
2156,1.0,8.29999447352557e+18,20669873.0,2156.0,2.0,2.0,111159.0,322200.0,905753.0,844094.0,1543693.0,1.0
2157,1.0,1.5989049276530887e+19,20313577.0,23828.0,2.0,1.0,1800.0,15299.0,25423.0,140.0,11923550.0,1.0
2158,1.0,1.569083990533624e+19,21483547.0,37283.0,2.0,1.0,214.0,239.0,85584.0,75952.0,6950219.0,1.0
2159,1.0,7.465012777318675e+18,20183488.0,6261.0,2.0,1.0,5489347.0,591135.0,3341676.0,2939855.0,0.0,0.0
2160,1.0,1.205787899908646e+19,20192903.0,27961.0,1.0,1.0,154.0,2.0,175.0,261.0,549814.0,0.0
2161,1.0,1.4340390157469403e+19,7103484.0,23777.0,2.0,2.0,624414.0,4987.0,127.0,138.0,2078903.0,0.0
2162,1.0,1.4340390157469403e+19,9027213.0,23808.0,2.0,1.0,1.0,1.0,0.0,0.0,3059959.0,1.0
2163,4.0,2.338929193756991e+18,20286637.0,879.0,1.0,1.0,768973.0,276632.0,744084.0,533076.0,1224524.0,1.0
2164,1.0,3.583186794558268e+18,21402173.0,36906.0,2.0,2.0,2671991.0,1715.0,2229.0,6512.0,16333121.0,0.0
2165,1.0,1.1363457806790746e+19,20137552.0,26278.0,2.0,1.0,11445597.0,57.0,124.0,176.0,0.0,1.0
2166,2.0,6.715049002232656e+18,3065545.0,23783.0,1.0,1.0,54728.0,167.0,128.0,212.0,4910412.0,1.0
2167,1.0,1.4756578758696272e+19,20716791.0,3625.0,3.0,1.0,7848295.0,124032.0,279785.0,286663.0,3078626.0,0.0
2168,1.0,1.7299638493773875e+18,9585571.0,23637.0,1.0,1.0,9.0,32.0,249.0,110.0,18655999.0,0.0
2169,1.0,1.7363854844105064e+19,20017078.0,23798.0,1.0,1.0,478.0,1299.0,4.0,1104.0,4599627.0,0.0
2170,1.0,8.323416633313459e+18,21261705.0,36135.0,2.0,2.0,3729.0,7472.0,8242.0,8385.0,11606978.0,0.0
2171,1.0,5.5111324610218e+18,2710689.0,10040.0,2.0,2.0,28154.0,8694.0,329509.0,300630.0,261187.0,1.0
2172,1.0,1.4340390157469403e+19,9027213.0,23808.0,2.0,1.0,5.0,1.0,0.0,0.0,1034235.0,1.0
2173,2.0,1.205787899908646e+19,20180258.0,27961.0,1.0,1.0,113.0,452.0,559.0,736.0,19966610.0,1.0
2174,1.0,8.99014896145869e+18,4383481.0,2853.0,2.0,2.0,3511.0,7915.0,5839.0,6129.0,15980413.0,1.0
2175,1.0,1.2089732170889036e+19,20360290.0,4218.0,1.0,1.0,233.0,730.0,1022.0,1932.0,799058.0,1.0
2176,1.0,1.4051611837622872e+19,9466201.0,21074.0,2.0,2.0,15001509.0,589.0,542.0,721.0,6303585.0,0.0
2177,1.0,2.0337499713940165e+18,20970238.0,32461.0,3.0,1.0,6077630.0,5327.0,25797.0,17042.0,0.0,0.0
2178,1.0,9.991057275835721e+17,20389232.0,30428.0,1.0,1.0,387035.0,29168.0,29021.0,27268.0,22288832.0,0.0
2179,1.0,1.4340390157469403e+19,9027130.0,23808.0,2.0,2.0,14268837.0,38411.0,89.0,106.0,130522.0,0.0
2180,1.0,1.205787899908646e+19,20163506.0,27961.0,1.0,1.0,24890857.0,9.0,18.0,27.0,4139719.0,1.0
2181,1.0,5.07990106805139e+18,7616071.0,25928.0,2.0,2.0,169368.0,108019.0,328619.0,372895.0,2174086.0,0.0
2182,1.0,1.320408634329364e+19,21958920.0,879.0,2.0,2.0,1062610.0,88578.0,242608.0,205406.0,847426.0,0.0
2183,2.0,1.3021740539055374e+19,21197818.0,8222.0,2.0,2.0,14221260.0,2903.0,1828.0,2496.0,15048019.0,0.0
2184,1.0,5.93057146231575e+18,8113880.0,10986.0,2.0,1.0,936.0,440.0,9894.0,6699.0,13747205.0,1.0
2185,1.0,1.205787899908646e+19,20159197.0,27961.0,1.0,1.0,433251.0,171407.0,341078.0,312369.0,1669812.0,1.0
2186,5.0,1.417628673474559e+19,8188474.0,24674.0,3.0,2.0,29802.0,289859.0,871251.0,375504.0,0.0,0.0
2187,2.0,4.1286333491424783e+18,20975187.0,35306.0,2.0,1.0,11910.0,345.0,3087.0,986.0,4081296.0,1.0
2188,2.0,5.468727571223081e+18,20001249.0,1381.0,3.0,3.0,252534.0,181.0,193.0,283.0,0.0,0.0
2189,1.0,8.178815518285778e+18,21924788.0,38072.0,2.0,2.0,318276.0,1233.0,24225.0,595.0,12911588.0,1.0
2190,1.0,1.4340390157469403e+19,20644076.0,23808.0,2.0,2.0,14057653.0,898.0,201.0,297.0,0.0,0.0
2191,1.0,8.99455707050858e+18,20030165.0,23799.0,2.0,1.0,19.0,28.0,41.0,52.0,1437104.0,1.0
2192,1.0,9.763418162775226e+18,21560548.0,36903.0,1.0,1.0,10848582.0,171178.0,281967.0,234290.0,6198.0,0.0
2193,1.0,8.99455707050858e+18,20030165.0,23799.0,1.0,1.0,28.0,28.0,41.0,52.0,19559555.0,1.0
2194,3.0,1.4340390157469403e+19,9027213.0,23808.0,2.0,1.0,1.0,1.0,0.0,0.0,14146802.0,0.0
2195,1.0,1.4340390157469403e+19,9027213.0,23808.0,2.0,1.0,1.0,1.0,0.0,0.0,8355869.0,1.0
2196,1.0,1.5145480155589095e+19,20888595.0,23807.0,1.0,1.0,23.0,48.0,5.0,11.0,23308379.0,0.0
2197,1.0,1.6862750135996254e+19,21258973.0,21015.0,3.0,2.0,236.0,519.0,24279.0,22221.0,6614523.0,1.0
2198,2.0,7.903914528320191e+18,20623365.0,2012.0,1.0,1.0,16792638.0,18313.0,35720.0,229.0,0.0,1.0
2199,1.0,1.5167927993406933e+19,20207854.0,781.0,3.0,2.0,609543.0,257962.0,492106.0,295.0,6572.0,0.0
2200,1.0,1.205787899908646e+19,20163515.0,27961.0,2.0,2.0,9210475.0,20902.0,199866.0,190315.0,11345269.0,1.0
2201,1.0,1.043061867439321e+19,20527537.0,28837.0,1.0,1.0,218.0,2884.0,308.0,418.0,6660113.0,1.0
2202,1.0,1.205787899908646e+19,20170569.0,27961.0,1.0,1.0,2573271.0,26214.0,35075.0,33862.0,0.0,1.0
2203,1.0,1.4237554101724912e+19,4344840.0,24224.0,3.0,2.0,45082.0,6732.0,26323.0,24849.0,1171861.0,0.0
2204,1.0,1.4340390157469403e+19,21360102.0,23777.0,2.0,1.0,4262080.0,746.0,45148.0,1680.0,1143176.0,1.0
2205,1.0,1.0785497142245186e+19,20812968.0,34517.0,2.0,1.0,6317445.0,631.0,1513.0,1410.0,2340365.0,1.0
2206,1.0,5.851252814446936e+18,21477819.0,28698.0,2.0,1.0,22491.0,111886.0,313048.0,258964.0,303652.0,1.0
2207,1.0,1.0366511567377787e+19,21191956.0,7631.0,3.0,1.0,918672.0,26151.0,173847.0,27636.0,668149.0,0.0
2208,3.0,1.7074040671271578e+19,21521974.0,37348.0,2.0,2.0,880676.0,7922.0,72482.0,27915.0,0.0,0.0
2209,3.0,5.260594170071819e+16,3048011.0,23782.0,1.0,1.0,200.0,84.0,68.0,215.0,19427732.0,0.0
2210,1.0,3.450788058282117e+16,3777021.0,4820.0,3.0,3.0,183252.0,103831.0,2339321.0,1838023.0,115976.0,0.0
2211,1.0,9.420883265985817e+18,4423680.0,28451.0,2.0,2.0,83528.0,81.0,314.0,426.0,0.0,1.0
2212,1.0,1.4340390157469403e+19,9027549.0,23808.0,1.0,1.0,2306.0,27.0,14.0,18.0,675989.0,1.0
2213,1.0,3.409970952768418e+18,10867790.0,29603.0,1.0,1.0,21802769.0,60948.0,565600.0,472560.0,3215628.0,1.0
2214,1.0,8.863925825252582e+18,20378648.0,33231.0,1.0,1.0,119588.0,12970.0,19291.0,16927.0,21086513.0,0.0
2215,1.0,1.4531867648059392e+19,3834142.0,27485.0,2.0,1.0,2.0,8.0,28.0,74.0,15416568.0,0.0
2216,1.0,1.5145480155589095e+19,20888541.0,23807.0,1.0,1.0,7.0,5.0,5.0,11.0,19155194.0,1.0
2217,2.0,1.7363854844105064e+19,20017078.0,23798.0,1.0,1.0,56373.0,12566.0,4.0,11385.0,13769167.0,1.0
2218,6.0,1.1624066761054958e+19,3373958.0,5962.0,1.0,1.0,242714.0,5534.0,171.0,217.0,0.0,0.0
2219,1.0,1.4756578758696272e+19,21437452.0,3625.0,1.0,1.0,450.0,36906.0,38224.0,35293.0,22113631.0,1.0
2220,3.0,1.2334214591690467e+19,21572090.0,37473.0,2.0,2.0,4210555.0,9668.0,405638.0,331830.0,0.0,1.0
2221,1.0,1.4964837739872602e+19,20036920.0,2332.0,2.0,2.0,3895430.0,182.0,1848.0,2290.0,457655.0,1.0
2222,1.0,2.0021430589649848e+18,21364499.0,24124.0,1.0,1.0,1494817.0,79487.0,190822.0,5566.0,595149.0,0.0
2223,1.0,1.4340390157469403e+19,21163927.0,23808.0,2.0,1.0,2882.0,2524.0,6646.0,127.0,8154483.0,1.0
2224,1.0,1.7299638493773875e+18,20882080.0,23637.0,2.0,1.0,2041.0,12500.0,395165.0,185.0,1835679.0,1.0
2225,1.0,1.205787899908646e+19,20180353.0,27961.0,1.0,1.0,124.0,277.0,273.0,424.0,23472596.0,0.0
2226,1.0,1.205787899908646e+19,20163505.0,27961.0,2.0,2.0,2955171.0,10181.0,57479.0,52653.0,2591382.0,0.0
2227,1.0,4.192533441706128e+18,20507524.0,2533.0,2.0,2.0,31358.0,14586.0,149823.0,143625.0,1841201.0,1.0
2228,1.0,7.703279069701543e+18,6274887.0,4983.0,2.0,2.0,13873902.0,12822.0,24269.0,25896.0,488090.0,0.0
2229,1.0,1.4340390157469403e+19,10110286.0,23808.0,3.0,2.0,5832711.0,703.0,4947.0,43.0,49479.0,0.0
2230,1.0,1.3885689397823064e+19,2147094.0,10115.0,2.0,1.0,135.0,4987.0,21793.0,20884.0,77896.0,0.0
2231,2.0,1.5860193830590669e+19,2878230.0,23777.0,2.0,1.0,6.0,4.0,21.0,22.0,15918528.0,1.0
2232,1.0,1.4340390157469403e+19,20643968.0,23808.0,2.0,2.0,12372058.0,4383.0,9.0,9.0,0.0,0.0
2233,1.0,1.296126007453837e+19,21019223.0,22778.0,2.0,2.0,3467757.0,125198.0,445621.0,363423.0,0.0,0.0
2234,3.0,1.4340390157469403e+19,9027213.0,23808.0,1.0,1.0,5.0,1.0,0.0,0.0,16987174.0,1.0
2235,45.0,9.00808409934082e+17,21822364.0,37702.0,3.0,3.0,590.0,1428.0,51707.0,47042.0,0.0,1.0
2236,2.0,1.4756578758696272e+19,20715829.0,3625.0,2.0,1.0,8443.0,100354.0,469928.0,2225.0,0.0,1.0
2237,1.0,1.205787899908646e+19,20163517.0,27961.0,1.0,1.0,2659.0,2149.0,10326.0,12514.0,460682.0,1.0
2238,1.0,1.205787899908646e+19,20183689.0,27961.0,2.0,1.0,18736.0,19827.0,36407.0,39152.0,262982.0,0.0
2239,1.0,1.4615133296385305e+19,20210934.0,17148.0,1.0,1.0,23415296.0,945.0,5332.0,3094.0,12700810.0,0.0
2240,2.0,1.5989049276530887e+19,20315269.0,23824.0,2.0,2.0,11641.0,52930.0,60798.0,31.0,76262.0,1.0
2241,1.0,9.345208734657673e+18,4405347.0,16074.0,2.0,1.0,1985917.0,87120.0,170939.0,38318.0,432341.0,1.0
2242,1.0,1.4340390157469403e+19,20644045.0,23808.0,1.0,1.0,32.0,2.0,1.0,3.0,2595342.0,0.0
2243,2.0,5.260594170071819e+16,3048011.0,23782.0,1.0,1.0,200.0,84.0,68.0,104.0,244037.0,1.0
2244,3.0,1.0876803766691115e+19,4830475.0,20276.0,1.0,1.0,18867463.0,1011481.0,3341890.0,402152.0,0.0,1.0
2245,1.0,1.3311343438192927e+19,3806502.0,23791.0,1.0,1.0,270.0,24.0,31.0,33.0,22686560.0,1.0
2246,1.0,1.4340390157469403e+19,9027130.0,23808.0,1.0,1.0,921.0,379.0,89.0,106.0,168880.0,1.0
2247,1.0,1.205787899908646e+19,20183655.0,27961.0,2.0,1.0,104.0,163.0,217.0,336.0,2341994.0,0.0
2248,2.0,8.119057108691817e+18,20876635.0,34760.0,1.0,1.0,68.0,100.0,34.0,40.0,4889272.0,1.0
2249,1.0,5.260594170071819e+16,3048011.0,23782.0,1.0,1.0,6671.0,705.0,470.0,769.0,6027814.0,0.0
2250,1.0,1.3243640383761205e+19,20900491.0,2401.0,3.0,1.0,2013.0,1321.0,6441.0,7896.0,8454509.0,1.0
2251,1.0,9.264217531000919e+17,21204861.0,36039.0,2.0,1.0,146376.0,19124.0,184947.0,1929.0,14468701.0,1.0
2252,1.0,1.5989049276530887e+19,20311857.0,23824.0,3.0,1.0,513.0,1641.0,4021.0,31.0,10629797.0,1.0
2253,1.0,1.329119801441296e+19,2937019.0,2940.0,2.0,2.0,2661552.0,235.0,20293.0,2063.0,0.0,0.0
2254,1.0,1.1315908569713166e+19,20044318.0,18070.0,2.0,1.0,8707.0,221651.0,220.0,324.0,42947.0,0.0
2255,1.0,6.715049002232656e+18,3065545.0,23783.0,1.0,1.0,24949771.0,167.0,128.0,212.0,13940854.0,1.0
2256,2.0,3.5873902269220603e+18,21021465.0,23281.0,1.0,1.0,860659.0,325065.0,1008116.0,84074.0,638925.0,1.0
2257,7.0,4.2981186814246446e+18,21866030.0,385.0,3.0,1.0,12878.0,47109.0,102873.0,90408.0,0.0,1.0
2258,1.0,1.265502459667583e+17,21243951.0,36263.0,2.0,2.0,716.0,849.0,10648.0,179.0,1819088.0,1.0
2259,1.0,1.6794704970244289e+19,5059558.0,26286.0,2.0,2.0,279676.0,250.0,303.0,527.0,402085.0,1.0
2260,2.0,1.4340390157469403e+19,21163923.0,23808.0,2.0,1.0,78.0,57.0,635.0,34.0,2430339.0,1.0
2261,1.0,1.4347859242938208e+19,21022176.0,33931.0,2.0,2.0,322059.0,1059.0,4647.0,5092.0,7656547.0,0.0
2262,1.0,1.3089328464596462e+19,21192184.0,11171.0,3.0,1.0,69065.0,12959.0,25625.0,13550.0,488934.0,1.0
2263,1.0,1.5145480155589095e+19,20970273.0,23807.0,2.0,1.0,560.0,510.0,261.0,2375.0,11924095.0,1.0
2264,1.0,7.015903860856274e+18,4276920.0,6093.0,2.0,2.0,656680.0,5125.0,1166.0,1379.0,2744787.0,0.0
2265,1.0,1.4340390157469403e+19,6435022.0,23777.0,1.0,1.0,47948.0,1968.0,2410.0,2656.0,343089.0,0.0
2266,1.0,1.205787899908646e+19,20164368.0,27961.0,2.0,1.0,22173.0,992.0,969.0,1243.0,87684.0,0.0
2267,1.0,3.5168895657275873e+18,4370406.0,1267.0,2.0,1.0,12773.0,38.0,3417.0,3707.0,437152.0,1.0
2268,1.0,1.523471329505401e+19,3500007.0,23964.0,2.0,1.0,490.0,5359.0,4490.0,5239.0,6730872.0,0.0
2269,2.0,1.2048363744290466e+19,20365980.0,33274.0,3.0,2.0,8.0,1341.0,459031.0,44656.0,0.0,0.0
2270,1.0,5.260594170071819e+16,3048011.0,23782.0,1.0,1.0,194028.0,372.0,245.0,357.0,6759523.0,1.0
2271,3.0,2.994924845956282e+18,20061287.0,23803.0,1.0,1.0,518749.0,1731.0,106.0,73.0,0.0,0.0
2272,1.0,1.205787899908646e+19,20163623.0,27961.0,1.0,1.0,4277437.0,2441.0,2155.0,2671.0,0.0,0.0
2273,1.0,3.5873902269220603e+18,21021506.0,23281.0,1.0,1.0,16599.0,853.0,6059.0,6213.0,18546568.0,0.0
2274,1.0,1.4340390157469403e+19,6434912.0,23777.0,1.0,1.0,5281.0,16.0,36.0,44.0,2489480.0,0.0
2275,1.0,9.700442040794313e+18,21361973.0,1007.0,1.0,1.0,43242.0,27283.0,72436.0,100145.0,11136377.0,1.0
2276,18.0,1.4340390157469403e+19,9027437.0,23808.0,1.0,1.0,24.0,19.0,20.0,20.0,1645526.0,1.0
2277,1.0,1.205787899908646e+19,20203709.0,27961.0,2.0,1.0,538.0,1850.0,83.0,109.0,339459.0,1.0
2278,110.0,1.7741456305373202e+19,21293850.0,36500.0,3.0,3.0,141.0,291.0,345.0,1553.0,0.0,1.0
2279,1.0,1.205787899908646e+19,20157165.0,27961.0,2.0,1.0,2004.0,138.0,145.0,234.0,6567622.0,0.0
2280,1.0,1.205787899908646e+19,20174645.0,27961.0,2.0,2.0,92987.0,175952.0,309524.0,276888.0,1664248.0,1.0
2281,1.0,7.903914528320191e+18,21162436.0,1325.0,2.0,1.0,238749.0,2905.0,17259.0,18058.0,42030.0,0.0
2282,1.0,6.791565021519463e+18,21920339.0,37956.0,3.0,1.0,3.0,93.0,93.0,171.0,10431683.0,0.0
2283,1.0,4.1286333491424783e+18,20975184.0,35306.0,2.0,2.0,2389.0,28558.0,95228.0,13683.0,16167.0,0.0
2284,1.0,1.4340390157469403e+19,3126778.0,23777.0,2.0,1.0,3758101.0,8249.0,6327.0,6600.0,14877089.0,1.0
2285,4.0,1.205787899908646e+19,20163507.0,27961.0,2.0,2.0,109593.0,2615.0,60470.0,59271.0,0.0,1.0
2286,1.0,8.780559915330694e+18,4314580.0,11625.0,1.0,1.0,23029566.0,46654.0,57499.0,56119.0,18963201.0,1.0
2287,1.0,4.2981186814246446e+18,7828059.0,385.0,1.0,1.0,3094.0,6906.0,136591.0,48.0,2106324.0,0.0
2288,1.0,2.8204411734907955e+18,4299421.0,16583.0,2.0,1.0,8175.0,6139.0,35128.0,33029.0,4500715.0,1.0
2289,1.0,1.0491451193565667e+19,21222162.0,750.0,2.0,2.0,213.0,496.0,7997.0,1366.0,34676.0,1.0
2290,1.0,2.0109922694477169e+18,22141720.0,38772.0,3.0,3.0,1570566.0,55559.0,892616.0,24682.0,1984641.0,0.0
2291,1.0,1.4340390157469403e+19,6434934.0,23777.0,2.0,1.0,3165108.0,14.0,10.0,17.0,824677.0,0.0
2292,1.0,1.4145357220894478e+19,21333916.0,36618.0,2.0,2.0,128.0,576.0,13656.0,4458.0,5512347.0,0.0
2293,1.0,5.888277431783336e+18,7955185.0,6520.0,2.0,2.0,227.0,731.0,136.0,196.0,464280.0,0.0
2294,1.0,4.5134558761454664e+18,22095855.0,38532.0,3.0,3.0,71.0,328.0,804.0,1067.0,5967016.0,1.0
2295,1.0,1.4140300435418186e+18,20203913.0,1502.0,3.0,1.0,4283220.0,8602.0,32923.0,35338.0,0.0,0.0
2296,1.0,1.3562591520668178e+19,3707019.0,22178.0,2.0,2.0,13085590.0,74439.0,203638.0,196671.0,259309.0,0.0
2297,36.0,9.006337352287975e+18,20570535.0,1852.0,3.0,2.0,83.0,34.0,174951.0,4769.0,0.0,1.0
2298,1.0,1.4399505795670258e+19,2911720.0,23778.0,3.0,1.0,127576.0,37.0,81.0,107.0,838057.0,1.0
2299,1.0,3.188592109011308e+18,21506316.0,37299.0,2.0,2.0,816.0,53.0,468.0,678.0,16515231.0,1.0
2300,1.0,1.320408634329364e+19,21958926.0,879.0,2.0,2.0,1264860.0,10070.0,149319.0,128333.0,7433333.0,0.0
2301,1.0,1.3756257544627677e+19,8350705.0,24035.0,1.0,1.0,212.0,594.0,66813.0,11419.0,2745115.0,1.0
2302,1.0,4.876702067173951e+17,20589891.0,24027.0,2.0,1.0,3925930.0,245880.0,540760.0,465178.0,0.0,1.0
2303,2.0,1.7644778352940085e+19,20658717.0,34056.0,2.0,1.0,186422.0,39953.0,424757.0,226801.0,19785.0,1.0
2304,1.0,9.991057275835721e+17,10871016.0,30428.0,3.0,1.0,27063.0,42724.0,55756.0,50418.0,3141307.0,1.0
2305,1.0,4.517396212946768e+18,3803920.0,23793.0,1.0,1.0,352.0,975.0,59.0,130.0,22174604.0,1.0
2306,1.0,4.2981186814246446e+18,7204325.0,385.0,2.0,1.0,187624.0,2994.0,1919.0,941.0,39856.0,1.0
2307,1.0,4.2981186814246446e+18,8054540.0,385.0,3.0,1.0,51.0,486.0,460.0,322.0,9266182.0,0.0
2308,1.0,4.5349146497623955e+17,20692629.0,5730.0,1.0,1.0,10030331.0,2839.0,32639.0,32252.0,0.0,0.0
2309,1.0,1.0901270529447743e+19,6171603.0,19777.0,3.0,2.0,6057969.0,2094.0,42734.0,50286.0,100452.0,0.0
2310,1.0,1.3756257544627677e+19,8179309.0,24354.0,1.0,1.0,1889.0,1699.0,2043.0,2261.0,18961079.0,0.0
2311,1.0,7.497135137450828e+18,20926280.0,35072.0,2.0,1.0,14230051.0,156.0,8582.0,9544.0,97290.0,1.0
2312,2.0,1.205787899908646e+19,20192990.0,27961.0,2.0,2.0,6.0,4.0,39.0,55.0,109023.0,1.0
2313,1.0,7.903914528320191e+18,20896220.0,2010.0,1.0,1.0,17396648.0,3455.0,8635.0,85.0,627428.0,0.0
2314,1.0,1.5036018889995973e+19,1529772.0,6316.0,2.0,1.0,11379546.0,73871.0,1297611.0,5912.0,2801868.0,0.0
2315,1.0,1.804011248540576e+19,20908196.0,35088.0,2.0,2.0,0.0,0.0,43.0,50.0,4823743.0,0.0
2316,2.0,8.484782642365619e+18,21920637.0,37930.0,3.0,1.0,95572.0,343.0,31963.0,29805.0,0.0,1.0
2317,1.0,1.0536834335786252e+18,20368568.0,1340.0,2.0,1.0,1562301.0,83.0,33.0,18522.0,1418114.0,0.0
2318,1.0,1.4156701765172417e+19,21187221.0,35970.0,2.0,1.0,11138672.0,351.0,17365.0,29496.0,9216.0,0.0
2319,1.0,5.851252814446936e+18,10437223.0,28698.0,2.0,1.0,10418.0,11550.0,34869.0,34656.0,7541039.0,1.0
2320,1.0,1.475156409980349e+19,21093963.0,35488.0,2.0,1.0,10447037.0,619.0,293288.0,15833.0,464132.0,0.0
2321,1.0,5.5111324610218e+18,4340975.0,10040.0,1.0,1.0,128597.0,7945.0,5725.0,1014.0,7934029.0,1.0
2322,1.0,6.539424021056515e+18,3219148.0,23777.0,3.0,2.0,53.0,54.0,57.0,72.0,2546234.0,0.0
2323,1.0,8.98815497460741e+18,4328169.0,26638.0,3.0,2.0,12077.0,30.0,22320.0,105174.0,0.0,0.0
2324,1.0,5.260594170071819e+16,3048011.0,23782.0,1.0,1.0,18071897.0,84.0,68.0,104.0,12190451.0,1.0
2325,1.0,1.2837504198869455e+19,21947221.0,30627.0,3.0,1.0,647457.0,90647.0,1056006.0,2227.0,0.0,0.0
2326,1.0,1.3497616670510653e+19,21234102.0,36234.0,3.0,2.0,248922.0,13477.0,381302.0,209219.0,0.0,0.0
2327,1.0,3.163997420314436e+18,21446046.0,26288.0,2.0,2.0,14677147.0,2981.0,10793.0,12934.0,3051271.0,1.0
2328,2.0,7.208378912121049e+18,22001479.0,37349.0,1.0,1.0,17076796.0,12690.0,126002.0,106512.0,1327.0,0.0
2329,2.0,1.205787899908646e+19,20174655.0,27961.0,1.0,1.0,216438.0,130311.0,251555.0,238733.0,12068272.0,1.0
2330,1.0,1.3090221289647714e+19,20174989.0,23795.0,1.0,1.0,110.0,859.0,3.0,7.0,12565096.0,1.0
2331,1.0,1.57499655340299e+19,4393074.0,14369.0,3.0,2.0,587272.0,4189.0,9660.0,9721.0,679633.0,1.0
2332,1.0,1.205787899908646e+19,20185531.0,27961.0,1.0,1.0,395470.0,68978.0,164869.0,146368.0,0.0,0.0
2333,1.0,1.4340390157469403e+19,9027213.0,23808.0,2.0,1.0,1.0,1.0,0.0,0.0,1175091.0,1.0
2334,4.0,1.3756257544627677e+19,8350710.0,24035.0,2.0,1.0,263.0,688.0,7212.0,1845.0,492825.0,1.0
2335,2.0,1.4340390157469403e+19,3126738.0,23777.0,2.0,2.0,19935.0,1308.0,1439.0,1491.0,324775.0,0.0
2336,1.0,1.3384857948156529e+18,20759044.0,33931.0,2.0,2.0,10217862.0,2215.0,35669.0,175374.0,981793.0,0.0
2337,1.0,1.7717717616943178e+19,20815481.0,30119.0,2.0,1.0,48713.0,187.0,6560.0,7484.0,5952652.0,1.0
2338,2.0,3.282400415095218e+18,21592508.0,35847.0,2.0,2.0,1089462.0,134436.0,670270.0,540534.0,0.0,1.0
2339,1.0,1.7363854844105064e+19,20017083.0,23798.0,2.0,1.0,543.0,1645.0,1418.0,1678.0,8302275.0,0.0
2340,1.0,4.2981186814246446e+18,7204289.0,385.0,3.0,2.0,902873.0,67299.0,82873.0,2647.0,0.0,1.0
2341,1.0,1.4340390157469403e+19,21163924.0,23808.0,2.0,1.0,6501.0,145.0,588.0,62.0,505435.0,0.0
2342,1.0,9.75107224858461e+18,10939120.0,29713.0,1.0,1.0,5603.0,5132.0,3670.0,4000.0,19815158.0,1.0
2343,1.0,4.998895501216811e+18,20712793.0,34453.0,3.0,2.0,453604.0,34.0,43842.0,40292.0,10508189.0,0.0
2344,1.0,1.4340390157469403e+19,9027213.0,23808.0,1.0,1.0,35.0,1.0,0.0,0.0,2343001.0,0.0
2345,1.0,8.99455707050858e+18,20030150.0,23799.0,2.0,2.0,5.0,1.0,15.0,19.0,13138068.0,0.0
2346,2.0,1.4340390157469403e+19,20644045.0,23808.0,1.0,1.0,191.0,2.0,1.0,3.0,16616235.0,0.0
2347,1.0,1.7291005660315484e+19,21645984.0,36251.0,2.0,2.0,1904.0,3838.0,68949.0,102348.0,388499.0,0.0
2348,1.0,7.677261208198062e+17,20363859.0,33206.0,2.0,2.0,16447.0,31863.0,91078.0,93404.0,84535.0,0.0
2349,1.0,3.329167412152839e+18,22134928.0,38760.0,3.0,2.0,1956195.0,93160.0,1326089.0,1056158.0,0.0,0.0
2350,1.0,8.323416633313459e+18,21261705.0,36135.0,2.0,2.0,5.0,1.0,531.0,706.0,16105287.0,0.0
2351,1.0,1.6604442479597177e+19,21130643.0,11706.0,2.0,1.0,13238.0,35172.0,265951.0,233401.0,1549241.0,0.0
2352,3.0,1.072424945495335e+19,20078111.0,14043.0,3.0,2.0,2518.0,5204.0,65906.0,2430.0,0.0,1.0
2353,1.0,1.7291975777632039e+19,20051807.0,8384.0,2.0,2.0,85188.0,112318.0,534149.0,143271.0,19029.0,1.0
2354,1.0,1.0104207041820301e+19,22130289.0,26285.0,2.0,2.0,73.0,101.0,2952.0,3231.0,656133.0,0.0
2355,1.0,1.747484747591359e+19,21714131.0,37448.0,2.0,1.0,383.0,321.0,431.0,652.0,16428673.0,0.0
2356,1.0,5.714575606690538e+18,20385299.0,33348.0,2.0,2.0,37.0,264.0,10235.0,10273.0,5007479.0,1.0
2357,1.0,6.228784066129291e+18,3923536.0,1998.0,1.0,1.0,5069.0,9590.0,9357.0,9459.0,15837049.0,1.0
2358,1.0,1.6451181256789076e+19,20974304.0,16244.0,1.0,1.0,23764935.0,1170054.0,3745760.0,77180.0,15409924.0,1.0
2359,1.0,1.0536834335786252e+18,20363598.0,1340.0,3.0,2.0,108662.0,259.0,33.0,14010.0,0.0,0.0
2360,1.0,1.7120538644288414e+19,20704523.0,34306.0,2.0,2.0,5052708.0,4781.0,234628.0,783.0,3921235.0,0.0
2361,1.0,1.3326300081068673e+19,20621079.0,18259.0,2.0,1.0,814.0,825.0,9508.0,11096.0,543734.0,1.0
2362,2.0,4.937242031748519e+17,7083448.0,10804.0,2.0,1.0,421402.0,216739.0,618487.0,557228.0,0.0,0.0
2363,1.0,1.569083990533624e+19,21483547.0,37283.0,3.0,1.0,2080570.0,447.0,939.0,3547.0,872478.0,1.0
2364,1.0,1.1921123343780997e+18,10149704.0,25400.0,2.0,1.0,8989871.0,3589.0,56865.0,59288.0,2976735.0,0.0
2365,1.0,1.6583435308151357e+18,21248222.0,2298.0,2.0,2.0,1440.0,2401.0,4152.0,5004.0,13512357.0,0.0
2366,1.0,7.391531180177239e+18,20691786.0,34245.0,2.0,2.0,13066374.0,139.0,626.0,270.0,0.0,0.0
2367,1.0,7.124053425856431e+17,20917588.0,34777.0,2.0,2.0,34.0,6.0,408.0,384.0,1930932.0,1.0
2368,1.0,1.034946865176566e+19,21522776.0,37422.0,3.0,1.0,0.0,0.0,26.0,28.0,3514783.0,0.0
2369,1.0,1.4756578758696272e+19,20717603.0,3625.0,2.0,2.0,361474.0,123683.0,209282.0,197849.0,2033395.0,0.0
2370,2.0,1.205787899908646e+19,20180680.0,27961.0,3.0,1.0,878610.0,37689.0,121785.0,111048.0,258811.0,1.0
2371,2.0,2.961301599190014e+18,21249768.0,36352.0,2.0,2.0,186197.0,5131.0,282.0,9504.0,10828299.0,1.0
2372,1.0,1.4399505795670258e+19,2909590.0,23778.0,1.0,1.0,3649.0,191.0,85.0,113.0,637054.0,0.0
2373,1.0,1.205787899908646e+19,20183518.0,27961.0,3.0,2.0,1772151.0,1780.0,18824.0,20978.0,0.0,0.0
2374,4.0,1.5860193830590669e+19,2878322.0,23777.0,1.0,1.0,99.0,310.0,21.0,22.0,2889583.0,0.0
2375,1.0,5.738190198816057e+18,4107283.0,20258.0,2.0,2.0,361890.0,63830.0,1876724.0,870990.0,254112.0,1.0
2376,1.0,1.043061867439321e+19,20527537.0,28837.0,3.0,1.0,249.0,120.0,308.0,418.0,91417.0,1.0
2377,1.0,1.3623523963968023e+19,4223070.0,17175.0,3.0,3.0,331787.0,23487.0,33835.0,33257.0,0.0,0.0
2378,1.0,3.6466702737836605e+18,21442922.0,36907.0,2.0,1.0,520174.0,879131.0,3685894.0,2890844.0,0.0,0.0
2379,1.0,8.134264174510893e+18,4176358.0,1268.0,2.0,2.0,179852.0,41.0,105.0,164.0,8353894.0,0.0
2380,1.0,1.3240019073064182e+19,21344946.0,36721.0,2.0,1.0,2123.0,78782.0,273882.0,16194.0,1957611.0,1.0
2381,10.0,1.8425200088803072e+19,20033125.0,23790.0,1.0,1.0,42.0,160.0,27.0,29.0,140010.0,1.0
2382,2.0,1.205787899908646e+19,20192652.0,27961.0,1.0,1.0,1783134.0,9644.0,11567.0,99.0,7803107.0,1.0
2383,1.0,1.4340390157469403e+19,3200163.0,23777.0,2.0,2.0,4909620.0,10709.0,35751.0,90.0,77740.0,0.0
2384,1.0,1.2646797467727215e+19,4167378.0,7827.0,3.0,1.0,1762999.0,108980.0,435460.0,408964.0,96359.0,0.0
2385,1.0,1.5536745146689828e+18,20083853.0,23780.0,1.0,1.0,999.0,2010.0,114.0,154.0,566950.0,0.0
2386,1.0,1.3756257544627677e+19,8350714.0,24035.0,2.0,1.0,5005.0,8795.0,29597.0,17199.0,941389.0,1.0
2387,1.0,1.4531867648059392e+19,6960890.0,27485.0,3.0,1.0,16726.0,51237.0,165826.0,59.0,1720.0,1.0
2388,1.0,1.3658143607857347e+19,21407374.0,36894.0,2.0,1.0,397087.0,5913.0,310449.0,490.0,6495958.0,0.0
2389,1.0,1.205787899908646e+19,20192676.0,27961.0,2.0,1.0,98.0,39.0,131.0,436.0,6536098.0,1.0
2390,1.0,6.739974795745797e+18,7961755.0,14247.0,3.0,3.0,634446.0,29007.0,116896.0,109001.0,0.0,0.0
2391,1.0,4.876702067173951e+17,20463788.0,24027.0,2.0,1.0,3584.0,31657.0,39578.0,41154.0,15425992.0,1.0
2392,1.0,1.205787899908646e+19,20224800.0,27961.0,3.0,2.0,17192.0,404.0,3423.0,4181.0,776991.0,0.0
2393,1.0,9.75107224858461e+18,10937875.0,29713.0,1.0,1.0,273.0,802.0,582.0,759.0,3257943.0,0.0
2394,1.0,1.7741456305373202e+19,21293826.0,36500.0,2.0,2.0,154000.0,44053.0,62235.0,26364.0,1941925.0,1.0
2395,1.0,1.8045561712109976e+19,3355528.0,20075.0,2.0,2.0,120014.0,2242.0,8248.0,8177.0,0.0,0.0
2396,1.0,4.203081172173604e+18,4428478.0,28647.0,2.0,1.0,281826.0,1220.0,3186.0,3465.0,2689909.0,1.0
2397,1.0,1.4140300435418186e+18,20208817.0,1502.0,1.0,1.0,20641971.0,62.0,347.0,442.0,0.0,1.0
2398,2.0,1.2814683339980577e+19,20360377.0,29699.0,1.0,1.0,8120342.0,4816.0,9515.0,10590.0,628692.0,0.0
2399,2.0,7.903914528320191e+18,21162526.0,1325.0,2.0,2.0,15.0,10.0,22.0,23.0,1052961.0,1.0
2400,1.0,3.108748477409427e+18,21167621.0,35390.0,2.0,1.0,2595.0,6156.0,6978.0,1745.0,308216.0,1.0
2401,1.0,7.463474936665652e+18,4324830.0,15150.0,3.0,2.0,56.0,211.0,730.0,934.0,9911446.0,0.0
2402,1.0,1.4340390157469403e+19,6434934.0,23777.0,3.0,3.0,657.0,14.0,10.0,17.0,4420811.0,0.0
2403,1.0,1.4649469387153842e+19,2835805.0,549.0,2.0,1.0,11028486.0,871.0,101267.0,28636.0,3418.0,0.0
2404,1.0,7.010385989455118e+18,9585571.0,23637.0,2.0,2.0,1458.0,32.0,618.0,145.0,10522620.0,0.0
2405,1.0,1.5822134238473933e+19,20144344.0,23804.0,2.0,2.0,175970.0,160641.0,311.0,411.0,565204.0,0.0
2406,1.0,2.0021430589649848e+18,20603573.0,24124.0,2.0,1.0,1175.0,671.0,23861.0,1589.0,118128.0,1.0
2407,1.0,1.7597775805606935e+19,1000808.0,2737.0,1.0,1.0,104552.0,2499.0,23079.0,21965.0,4788613.0,1.0
2408,1.0,3.2847602447996047e+18,20758057.0,34535.0,1.0,1.0,16759651.0,25898.0,81670.0,72510.0,0.0,0.0
2409,1.0,1.205787899908646e+19,20222594.0,27961.0,2.0,2.0,78862.0,16052.0,188725.0,175040.0,966930.0,1.0
2410,2.0,3.0424043218619305e+18,2717645.0,12579.0,2.0,1.0,129729.0,109578.0,807298.0,774764.0,1188067.0,1.0
2411,1.0,9.390444283884915e+18,4336797.0,10655.0,2.0,2.0,4608063.0,223.0,979.0,1361.0,0.0,0.0
2412,1.0,1.4340390157469403e+19,4602974.0,23777.0,2.0,1.0,22039.0,33709.0,33998.0,31646.0,157530.0,1.0
2413,1.0,1.4340390157469403e+19,6434912.0,23777.0,1.0,1.0,8514.0,16.0,36.0,44.0,13332312.0,1.0
2414,1.0,1.205787899908646e+19,20163220.0,27961.0,1.0,1.0,4088034.0,359.0,422.0,602.0,0.0,1.0
2415,1.0,5.260594170071819e+16,3048011.0,23782.0,1.0,1.0,22319.0,35645.0,36689.0,37432.0,5750117.0,1.0
2416,1.0,1.5859647530187389e+19,4285952.0,23778.0,1.0,1.0,50.0,66.0,19.0,66.0,15804764.0,0.0
2417,2.0,2.6928596198512824e+18,21732779.0,2051.0,2.0,2.0,707.0,61821.0,81434.0,72206.0,159558.0,1.0
2418,1.0,5.260594170071819e+16,3048011.0,23782.0,1.0,1.0,77737.0,997.0,713.0,1059.0,7688436.0,0.0
2419,1.0,7.583003028210444e+18,20619963.0,33272.0,2.0,1.0,225026.0,138398.0,897.0,437889.0,0.0,0.0
2420,1.0,1.595507548723284e+18,20187776.0,24362.0,1.0,1.0,512.0,919.0,771.0,265.0,1503929.0,1.0
2421,1.0,1.4171222454288605e+19,21204523.0,9230.0,1.0,1.0,3305047.0,4016.0,4080.0,8701.0,0.0,0.0
2422,1.0,1.205787899908646e+19,20170566.0,27961.0,1.0,1.0,23797202.0,42669.0,50998.0,48932.0,2430232.0,1.0
2423,1.0,4.949197173803122e+18,20664779.0,24107.0,2.0,1.0,282271.0,5901.0,5036.0,4961.0,6631537.0,1.0
2424,2.0,5.260594170071819e+16,3048013.0,23782.0,1.0,1.0,53690.0,369.0,240.0,885.0,6214114.0,0.0
2425,3.0,5.388657062187064e+18,20212531.0,32426.0,1.0,1.0,6478322.0,495353.0,1521123.0,983809.0,3048112.0,1.0
2426,1.0,1.2108315088161139e+19,21301464.0,20726.0,2.0,1.0,10457340.0,26794.0,156734.0,145916.0,7131506.0,1.0
2427,2.0,1.5859647530187389e+19,4291071.0,23778.0,1.0,1.0,1.0,25.0,11.0,24.0,394675.0,0.0
2428,1.0,1.756890902322388e+19,4420325.0,28388.0,3.0,3.0,46643.0,10648.0,29917.0,18383.0,784211.0,1.0
2429,1.0,7.836424770481911e+18,4348772.0,13226.0,1.0,1.0,270450.0,290997.0,786453.0,667924.0,23659944.0,1.0
2430,1.0,9.740463035797752e+18,21421367.0,11536.0,2.0,2.0,281.0,6914.0,7553.0,7742.0,5096240.0,0.0
2431,1.0,7.143518654485987e+18,20393504.0,33093.0,2.0,2.0,1705463.0,82.0,133.0,544.0,1489295.0,0.0
2432,1.0,1.5145480155589095e+19,20889026.0,23807.0,1.0,1.0,2.0,11.0,5.0,11.0,267825.0,0.0
2433,1.0,1.457854145126214e+19,20394450.0,28411.0,1.0,1.0,39534.0,11254.0,7593.0,19413.0,3850664.0,1.0
2434,1.0,1.4340390157469403e+19,9027213.0,23808.0,3.0,1.0,5.0,1.0,0.0,0.0,816227.0,1.0
2435,1.0,1.205787899908646e+19,20180690.0,27961.0,1.0,1.0,4063761.0,76224.0,128744.0,124943.0,0.0,1.0
2436,1.0,1.5689252236861137e+19,21164209.0,24130.0,3.0,1.0,2372.0,81.0,1676.0,2854.0,6615711.0,1.0
2437,1.0,1.4340390157469403e+19,3110734.0,23777.0,1.0,1.0,86.0,64.0,121.0,170.0,1043495.0,0.0
2438,1.0,1.0496337592162181e+19,20681223.0,34200.0,1.0,1.0,25269446.0,1312.0,259.0,361.0,374096.0,1.0
2439,2.0,1.841489264235657e+19,21222468.0,36185.0,2.0,2.0,8875.0,75001.0,429888.0,350914.0,3793607.0,0.0
2440,1.0,1.205787899908646e+19,20192651.0,27961.0,2.0,2.0,4410.0,1456.0,16068.0,21557.0,12394.0,0.0
2441,1.0,5.260594170071819e+16,3048013.0,23782.0,1.0,1.0,7577400.0,6719.0,4678.0,885.0,15272.0,0.0
2442,1.0,4.4720221662821985e+18,20347477.0,1224.0,1.0,1.0,18242540.0,109088.0,480674.0,369496.0,1140627.0,0.0
2443,1.0,6.715049002232656e+18,3065545.0,23783.0,1.0,1.0,17101.0,167.0,128.0,212.0,12219445.0,0.0
2444,1.0,5.120683440510468e+18,8676728.0,1268.0,2.0,2.0,1117942.0,1268.0,1780.0,13.0,806596.0,1.0
2445,1.0,1.4140300435418186e+18,2365389.0,1502.0,2.0,2.0,66436.0,107.0,155.0,241.0,47902.0,0.0
2446,1.0,1.4340390157469403e+19,10110347.0,23808.0,2.0,2.0,1829.0,6181.0,5227.0,10.0,7172241.0,1.0
2447,1.0,5.468727571223081e+18,20001249.0,1381.0,3.0,1.0,1290277.0,2176.0,43908.0,40284.0,0.0,0.0
2448,1.0,1.2287009091067853e+18,4271311.0,23778.0,2.0,1.0,15688.0,189.0,99.0,132.0,7015.0,0.0
2449,1.0,9.60417731402901e+18,4353711.0,15651.0,3.0,1.0,6943499.0,4378.0,5761.0,12744.0,0.0,1.0
2450,1.0,1.6080155757036904e+19,20568319.0,33136.0,2.0,1.0,10011003.0,3272.0,699.0,899.0,454462.0,1.0
2451,1.0,1.205787899908646e+19,20192676.0,27961.0,1.0,1.0,454601.0,114737.0,346110.0,602156.0,0.0,0.0
2452,2.0,1.4340390157469403e+19,3110734.0,23777.0,2.0,1.0,86.0,64.0,121.0,170.0,11049833.0,0.0
2453,1.0,5.260594170071819e+16,3048011.0,23782.0,1.0,1.0,5797.0,1419.0,933.0,1226.0,20767284.0,0.0
2454,1.0,1.5989049276530887e+19,20314697.0,23828.0,3.0,1.0,2653.0,22007.0,19817.0,140.0,2351466.0,1.0
2455,1.0,1.034946865176566e+19,21522776.0,37422.0,2.0,1.0,0.0,0.0,25.0,4.0,14692908.0,0.0
2456,1.0,5.072332387264288e+18,4427268.0,16072.0,1.0,1.0,435.0,423.0,13428.0,8370.0,13619918.0,1.0
2457,1.0,1.8224086249867991e+19,21293462.0,8493.0,1.0,1.0,5865268.0,172832.0,493261.0,460880.0,612929.0,1.0
2458,2.0,5.851252814446936e+18,21477679.0,28698.0,2.0,2.0,167.0,488.0,179.0,177.0,1144980.0,0.0
2459,1.0,6.674926125994697e+18,10754119.0,29731.0,2.0,2.0,21679.0,30008.0,65503.0,69464.0,6618839.0,1.0
2460,2.0,1.4340390157469403e+19,20789161.0,23808.0,2.0,2.0,83528.0,36428.0,149860.0,71619.0,0.0,1.0
2461,1.0,5.078374240579541e+18,21727404.0,37429.0,2.0,1.0,2676523.0,28814.0,67708.0,103594.0,0.0,0.0
2462,1.0,5.888277431783336e+18,7955158.0,6520.0,2.0,1.0,3988.0,6420.0,13376.0,46457.0,14604669.0,1.0
2463,1.0,4.795168443639951e+18,21210115.0,35940.0,3.0,3.0,7858602.0,3478.0,180503.0,7510.0,0.0,0.0
2464,2.0,1.5835518436522754e+19,21390160.0,36411.0,2.0,1.0,1130201.0,18980.0,188221.0,160157.0,0.0,1.0
2465,1.0,5.5111324610218e+18,4353123.0,10040.0,2.0,2.0,14092431.0,4170.0,3094.0,2068.0,232719.0,0.0
2466,1.0,1.1592957567260473e+19,21329475.0,30128.0,2.0,1.0,1001.0,12446.0,13884.0,8355.0,10835751.0,1.0
2467,6.0,6.626630179687592e+18,4271510.0,8112.0,3.0,1.0,4021.0,11315.0,456559.0,372410.0,0.0,1.0
2468,1.0,1.8319749822209057e+19,20214657.0,32960.0,2.0,1.0,190383.0,158806.0,478939.0,395331.0,6031301.0,1.0
2469,1.0,7.269043601771363e+18,10365483.0,4862.0,2.0,2.0,14846521.0,5929.0,96157.0,102590.0,0.0,0.0
2470,1.0,1.389898619961782e+19,21111944.0,35568.0,2.0,1.0,800339.0,860.0,1007.0,1440.0,3980055.0,1.0
2471,1.0,1.578511299927674e+19,20908196.0,35088.0,3.0,2.0,0.0,0.0,2.0,5.0,8237916.0,0.0
2472,2.0,1.5989049276530887e+19,20311868.0,23824.0,2.0,2.0,3589.0,10840.0,25693.0,31.0,4467044.0,0.0
2473,1.0,7.903914528320191e+18,21162262.0,1325.0,3.0,2.0,4474158.0,7978.0,47761.0,36.0,0.0,1.0
2474,1.0,1.7741456305373202e+19,21293852.0,36500.0,2.0,2.0,1497973.0,15246.0,16795.0,47863.0,2736668.0,1.0
2475,1.0,8.021267583473906e+18,20492717.0,32082.0,2.0,1.0,9740987.0,11716.0,39190.0,41310.0,14648478.0,0.0
2476,1.0,1.8885047874824328e+18,21229852.0,36209.0,2.0,1.0,1395.0,10895.0,21988.0,21023.0,1175668.0,1.0
2477,1.0,1.7965063879397007e+19,20758536.0,33750.0,2.0,2.0,2242571.0,26461.0,52810.0,28246.0,0.0,0.0
2478,1.0,1.205787899908646e+19,20192652.0,27961.0,3.0,3.0,171174.0,6883.0,14360.0,17268.0,98830.0,0.0
2479,1.0,3.583186794558268e+18,21402172.0,36906.0,1.0,1.0,20144.0,41213.0,65179.0,177292.0,909794.0,0.0
2480,1.0,6.263749423537724e+18,21881309.0,36720.0,1.0,1.0,1205.0,1030.0,1522.0,137.0,20988655.0,1.0
2481,1.0,1.4568423718347313e+19,21156885.0,8517.0,2.0,1.0,559.0,4744.0,27656.0,33948.0,13323266.0,1.0
2482,1.0,2.5852526947050337e+18,21483358.0,37182.0,2.0,2.0,962553.0,29299.0,557240.0,15597.0,0.0,0.0
2483,1.0,8.848021695083077e+18,20047086.0,2387.0,3.0,2.0,58.0,151.0,205.0,194.0,105186.0,0.0
2484,1.0,1.7357473946378435e+19,6418209.0,3251.0,2.0,2.0,202875.0,186902.0,370849.0,10117.0,890772.0,0.0
2485,1.0,1.4756578758696272e+19,20715709.0,3625.0,2.0,1.0,314.0,10671.0,189909.0,174991.0,1283713.0,1.0
2486,1.0,7.536841130902041e+18,21208884.0,34619.0,1.0,1.0,8496256.0,6963.0,1299.0,1517.0,0.0,1.0
2487,1.0,5.467921431274186e+18,10863214.0,30495.0,2.0,2.0,128384.0,9304.0,50768.0,95593.0,809446.0,0.0
2488,1.0,1.1121833691387079e+19,21134703.0,23807.0,2.0,2.0,11786902.0,90.0,474.0,8.0,14410364.0,1.0
2489,1.0,1.1241145946944848e+19,21319811.0,21116.0,1.0,1.0,5205039.0,6363.0,10882.0,6689.0,0.0,0.0
2490,1.0,1.0508100385996243e+19,21894843.0,37910.0,2.0,1.0,165785.0,97917.0,418942.0,343469.0,0.0,1.0
2491,1.0,1.4519881306579337e+19,20563172.0,30603.0,3.0,3.0,1874193.0,3826.0,44310.0,40659.0,0.0,0.0
2492,1.0,1.205787899908646e+19,20180605.0,27961.0,2.0,1.0,561.0,927.0,1215.0,1634.0,923031.0,1.0
2493,1.0,1.2553860043513997e+19,21362025.0,36204.0,2.0,1.0,12865.0,197.0,5051.0,5372.0,3713274.0,1.0
2494,1.0,1.4492523977312543e+19,21275627.0,36379.0,3.0,3.0,252112.0,23055.0,178.0,257.0,0.0,0.0
2495,3.0,4.006403344526142e+18,21362208.0,36760.0,3.0,1.0,26856.0,547.0,4529.0,5379.0,0.0,0.0
2496,145.0,1.4340390157469403e+19,9027613.0,23808.0,1.0,1.0,3275.0,6784.0,138.0,198.0,0.0,1.0
2497,1.0,1.3736473979320947e+19,21442330.0,4778.0,2.0,1.0,6785.0,13494.0,60106.0,90861.0,9962021.0,1.0
2498,9.0,2.4127717961104635e+18,20067154.0,23781.0,2.0,1.0,162.0,412.0,1029.0,1.0,406785.0,1.0
2499,9.0,1.4340390157469403e+19,4804487.0,23777.0,1.0,1.0,21259.0,43158.0,66623.0,59703.0,1236.0,0.0
2500,1.0,1.4340390157469403e+19,10110402.0,23808.0,2.0,1.0,55565.0,35.0,58.0,10.0,630030.0,1.0
2501,1.0,1.205787899908646e+19,20174645.0,27961.0,1.0,1.0,20248011.0,57767.0,76027.0,73496.0,0.0,0.0
2502,1.0,1.4340390157469403e+19,21360106.0,23777.0,3.0,2.0,8631.0,15.0,1168.0,558.0,355173.0,0.0
2503,1.0,1.4340390157469403e+19,21360122.0,23777.0,2.0,2.0,11453076.0,4970.0,18033.0,680.0,506650.0,0.0
2504,1.0,1.4340390157469403e+19,20644076.0,23808.0,2.0,1.0,3125.0,898.0,201.0,297.0,16249816.0,1.0
2505,1.0,1.1945298859485911e+19,21094247.0,35463.0,2.0,1.0,93.0,1335.0,2115.0,192.0,4020470.0,0.0
2506,1.0,1.7989747235538194e+19,20395590.0,24036.0,1.0,1.0,1471818.0,7788.0,16566.0,8371.0,0.0,1.0
2507,1.0,5.5111324610218e+18,20589102.0,10040.0,2.0,2.0,12645427.0,137.0,38447.0,152.0,1685763.0,0.0
2508,1.0,4.876702067173951e+17,20590540.0,24027.0,2.0,1.0,2049.0,2271.0,51454.0,16580.0,777367.0,1.0
2509,1.0,1.7644778352940085e+19,20658907.0,34056.0,1.0,1.0,2603.0,5152.0,16229.0,11773.0,22369176.0,1.0
2510,1.0,1.7983776678369196e+18,21430077.0,36995.0,2.0,1.0,128.0,4057.0,6285.0,6559.0,7894302.0,1.0
2511,1.0,1.4340390157469403e+19,9027213.0,23808.0,1.0,1.0,5.0,1.0,0.0,0.0,13349897.0,1.0
2512,1.0,2.0021430589649848e+18,21273732.0,24124.0,1.0,1.0,3932405.0,162099.0,35458.0,32919.0,11083690.0,1.0
2513,1.0,1.7153861738207836e+19,21465108.0,37170.0,2.0,2.0,26916.0,15928.0,97755.0,86351.0,0.0,0.0
2514,1.0,1.2611010400425636e+19,6912009.0,27499.0,1.0,1.0,18753504.0,4788.0,14912.0,14571.0,15869411.0,1.0
2515,1.0,5.5111324610218e+18,20589102.0,10040.0,3.0,3.0,6258.0,176.0,6991.0,152.0,291156.0,0.0
2516,1.0,5.851252814446936e+18,21477562.0,28698.0,2.0,1.0,416.0,1312.0,10820.0,10819.0,3219317.0,0.0
2517,1.0,1.7299638493773875e+18,9585571.0,23637.0,2.0,2.0,287755.0,32.0,249.0,110.0,1626279.0,0.0
2518,1.0,1.3756257544627677e+19,20587299.0,24354.0,2.0,2.0,12431669.0,185.0,2279.0,2515.0,0.0,1.0
2519,1.0,5.851252814446936e+18,20130247.0,28698.0,2.0,1.0,125855.0,18458.0,340121.0,329708.0,13909614.0,1.0
2520,6.0,1.3416878294870458e+19,3066490.0,23786.0,1.0,1.0,281.0,375.0,246.0,115.0,202671.0,0.0
2521,1.0,1.205787899908646e+19,20224805.0,27961.0,3.0,3.0,524595.0,2226.0,4257.0,4854.0,0.0,0.0
2522,1.0,2.5920931542240297e+18,21140699.0,24279.0,1.0,1.0,11247.0,1280.0,7676.0,7728.0,8249073.0,0.0
2523,1.0,1.7403646774326477e+19,21967234.0,38127.0,3.0,3.0,829.0,4824.0,5336.0,5644.0,109400.0,1.0
2524,1.0,1.4202400320781967e+19,3425262.0,27503.0,1.0,1.0,67920.0,117144.0,546007.0,442065.0,8006257.0,0.0
2525,1.0,9.662243402272995e+18,21273473.0,36286.0,2.0,1.0,543244.0,3368.0,178412.0,569.0,14426587.0,1.0
2526,5.0,1.3756257544627677e+19,8350700.0,24035.0,1.0,1.0,55.0,195.0,1151.0,737.0,31573.0,1.0
2527,1.0,4.614274488554343e+18,20357569.0,5912.0,2.0,2.0,405978.0,71640.0,1219077.0,1022248.0,0.0,0.0
2528,1.0,1.205787899908646e+19,20163161.0,27961.0,1.0,1.0,25233549.0,26001.0,51401.0,804.0,0.0,0.0
2529,1.0,3.5700321603736904e+18,7436726.0,8294.0,3.0,1.0,2833684.0,3881.0,10508.0,7327.0,0.0,0.0
2530,1.0,9.991057275835721e+17,10870944.0,30428.0,1.0,1.0,85919.0,120551.0,402279.0,327825.0,1032074.0,0.0
2531,1.0,2.0016817305032584e+18,21299162.0,36436.0,1.0,1.0,701446.0,21368.0,90850.0,154112.0,18143844.0,0.0
2532,1.0,1.1578726817622292e+19,21478377.0,24730.0,1.0,1.0,8721.0,2685.0,14685.0,14370.0,18937247.0,0.0
2533,1.0,4.876702067173951e+17,20504966.0,24027.0,2.0,1.0,119.0,147.0,930.0,4261.0,14251948.0,1.0
2534,1.0,1.205787899908646e+19,20180688.0,27961.0,1.0,1.0,257.0,329.0,1877.0,2171.0,11784013.0,1.0
2535,4.0,1.205787899908646e+19,20222931.0,27961.0,2.0,2.0,4975.0,2291.0,2226.0,2947.0,150070.0,0.0
2536,1.0,1.4340390157469403e+19,6435209.0,23777.0,2.0,2.0,1511738.0,1264.0,1041.0,1239.0,15676.0,0.0
2537,1.0,1.5859647530187389e+19,2989726.0,23778.0,1.0,1.0,3226.0,104.0,62.0,79.0,19935641.0,0.0
2538,1.0,7.274413166069363e+18,20878021.0,13340.0,2.0,1.0,10940649.0,2174.0,1955.0,2033.0,0.0,0.0
2539,1.0,5.17059581273531e+18,2683013.0,19472.0,1.0,1.0,116.0,352.0,659.0,1114.0,18498695.0,0.0
2540,1.0,7.903914528320191e+18,20869505.0,2010.0,1.0,1.0,223678.0,110.0,260.0,70.0,6204007.0,1.0
2541,1.0,7.903914528320191e+18,21162257.0,1325.0,1.0,1.0,5865962.0,34.0,667.0,45.0,0.0,1.0
2542,1.0,1.4902231628548426e+19,6826750.0,19784.0,3.0,2.0,18873.0,7210.0,311174.0,261290.0,0.0,0.0
2543,1.0,3.791414248267751e+18,20973756.0,35324.0,2.0,2.0,9631118.0,3454.0,18869.0,18194.0,6710987.0,1.0
2544,1.0,5.07990106805139e+18,4261202.0,25928.0,2.0,1.0,869867.0,98040.0,631666.0,567117.0,726553.0,1.0
2545,3.0,9.390444283884915e+18,4298503.0,10655.0,3.0,2.0,1293565.0,33757.0,46169.0,44783.0,0.0,0.0
2546,1.0,1.4340390157469403e+19,3208016.0,23777.0,2.0,2.0,10822.0,70582.0,88048.0,77860.0,1787060.0,0.0
2547,1.0,1.162438302879839e+19,20681210.0,34190.0,2.0,1.0,2486725.0,7236.0,15340.0,18753.0,323494.0,0.0
2548,2.0,9.127089013059831e+17,21199854.0,35016.0,1.0,1.0,20869811.0,3434.0,24995.0,23751.0,2760806.0,1.0
2549,5.0,1.8425200088803072e+19,20033125.0,23790.0,2.0,1.0,219.0,160.0,27.0,29.0,3118105.0,1.0
2550,1.0,1.4340390157469403e+19,4707659.0,23777.0,3.0,1.0,8615218.0,3155.0,5869.0,6168.0,0.0,0.0
2551,1.0,1.1132806224225894e+19,3013323.0,10325.0,1.0,1.0,1957.0,3398.0,3091.0,41.0,289378.0,1.0
2552,1.0,1.584902515794882e+19,4411851.0,21997.0,2.0,1.0,816.0,635.0,742.0,1049.0,4929242.0,0.0
2553,1.0,1.205787899908646e+19,20159161.0,27961.0,1.0,1.0,1470835.0,2330.0,279651.0,5821.0,0.0,0.0
2554,2.0,1.4340390157469403e+19,21360111.0,23777.0,2.0,2.0,926.0,4092.0,11385.0,2963.0,402237.0,1.0
2555,1.0,3.8942848771866363e+18,21437255.0,32574.0,3.0,1.0,430291.0,177.0,1684.0,1943.0,0.0,0.0
2556,1.0,3.0099647630329375e+18,4393420.0,2580.0,2.0,1.0,682924.0,72078.0,160663.0,2760.0,0.0,0.0
2557,2.0,4.921569485144324e+18,21935455.0,38077.0,2.0,2.0,13689.0,5454.0,86466.0,76752.0,0.0,1.0
2558,1.0,8.134264174510893e+18,10593110.0,1268.0,2.0,2.0,13150026.0,3568.0,2300.0,2.0,0.0,0.0
2559,1.0,8.802768287123155e+18,21644421.0,26278.0,2.0,1.0,129.0,57.0,312.0,421.0,2671858.0,1.0
2560,1.0,1.7843257431797592e+19,20875919.0,29570.0,3.0,3.0,33147.0,12590.0,182612.0,172640.0,920906.0,0.0
2561,1.0,5.851252814446936e+18,21477562.0,28698.0,2.0,1.0,232.0,2425.0,3831.0,4148.0,2366717.0,1.0
2562,1.0,4.2981186814246446e+18,21866030.0,385.0,2.0,2.0,15113377.0,186.0,1870.0,2114.0,1285100.0,0.0
2563,1.0,1.3021032577807712e+19,4399570.0,7050.0,3.0,3.0,6082690.0,87325.0,183181.0,158398.0,416772.0,1.0
2564,1.0,2.6536766865166356e+18,21300081.0,6236.0,1.0,1.0,9885.0,3459.0,6588.0,2543.0,864324.0,0.0
2565,1.0,4.949197173803122e+18,20664777.0,24107.0,1.0,1.0,5306620.0,715.0,4884.0,7032.0,18102.0,0.0
2566,1.0,1.5989049276530887e+19,20313587.0,23828.0,3.0,1.0,4094.0,29613.0,40284.0,140.0,10220519.0,0.0
2567,1.0,1.0821299788101059e+19,21483287.0,674.0,2.0,1.0,11373433.0,628746.0,1609521.0,687.0,2855419.0,0.0
2568,2.0,1.4340390157469403e+19,9027314.0,23808.0,3.0,2.0,430.0,6.0,70.0,89.0,5761224.0,0.0
2569,1.0,7.903914528320191e+18,21162526.0,1325.0,2.0,1.0,15.0,10.0,24.0,25.0,1498081.0,1.0
2570,1.0,1.5859647530187389e+19,4285938.0,23778.0,2.0,1.0,899299.0,340417.0,19.0,83.0,644331.0,1.0
2571,1.0,1.2996130013593571e+19,21962940.0,38243.0,2.0,2.0,251250.0,4069.0,6727.0,6941.0,2068131.0,1.0
2572,1.0,1.3756257544627677e+19,10959058.0,24354.0,2.0,2.0,2.0,11.0,242.0,383.0,14422659.0,0.0
2573,1.0,1.6583435308151357e+18,21246014.0,2298.0,2.0,2.0,4563046.0,68601.0,260834.0,251880.0,1409619.0,0.0
2574,1.0,1.3416878294870458e+19,3066490.0,23786.0,1.0,1.0,3092.0,314.0,207.0,115.0,16554260.0,1.0
2575,2.0,9.75107224858461e+18,10939146.0,29713.0,2.0,2.0,1028628.0,254.0,210.0,311.0,2029075.0,1.0
2576,1.0,1.4340390157469403e+19,9027213.0,23808.0,3.0,1.0,1.0,1.0,0.0,0.0,1196133.0,1.0
2577,2.0,1.4340390157469403e+19,3109954.0,23777.0,1.0,1.0,5669764.0,18778.0,111080.0,97103.0,96019.0,0.0
2578,1.0,1.021800488877112e+19,20065991.0,24159.0,2.0,2.0,199444.0,1913.0,46.0,65.0,0.0,0.0
2579,1.0,1.6982162127459672e+19,21960757.0,38210.0,2.0,1.0,5705.0,2184.0,3143.0,5870.0,2816951.0,0.0
2580,1.0,2.3109771582419604e+18,21119504.0,29740.0,3.0,1.0,232749.0,56136.0,951889.0,858958.0,302755.0,0.0
2581,1.0,3.108748477409427e+18,21167643.0,35390.0,2.0,1.0,1210.0,1895.0,2571.0,1745.0,14926432.0,1.0
2582,22.0,9.750422518906778e+18,21222369.0,35880.0,1.0,1.0,3839.0,1446.0,31085.0,87.0,0.0,1.0
2583,5.0,1.3243640383761205e+19,20900498.0,2401.0,1.0,1.0,23186.0,20541.0,37851.0,55696.0,106131.0,1.0
2584,1.0,1.008357241655155e+19,21939174.0,23862.0,2.0,1.0,3711867.0,33407.0,68791.0,62939.0,0.0,0.0
2585,1.0,1.034946865176566e+19,21522776.0,37422.0,3.0,1.0,0.0,0.0,12.0,4.0,7111766.0,0.0
2586,1.0,1.5989049276530887e+19,20314219.0,23824.0,2.0,1.0,292.0,759.0,2051.0,31.0,7075781.0,1.0
2587,1.0,9.486625261930346e+18,20701971.0,34053.0,2.0,2.0,5420.0,4611.0,631898.0,291638.0,13333611.0,0.0
2588,1.0,7.903914528320191e+18,21162526.0,1325.0,3.0,1.0,15.0,10.0,22.0,23.0,3692918.0,1.0
2589,2.0,1.4340390157469403e+19,21018981.0,35057.0,2.0,1.0,227426.0,561800.0,1492821.0,1738643.0,0.0,0.0
2590,1.0,9.881207773436752e+18,4332980.0,23778.0,3.0,1.0,62.0,23.0,13.0,21.0,3262130.0,1.0
2591,3.0,4.5310528548786586e+18,21415741.0,26826.0,2.0,2.0,46973.0,624.0,28827.0,13818.0,8764194.0,0.0
2592,1.0,9.329161806660276e+18,21329568.0,30027.0,3.0,2.0,4908824.0,7206.0,1030870.0,796456.0,2162446.0,0.0
2593,1.0,2.8710875893842406e+18,20845844.0,16877.0,2.0,1.0,264842.0,85367.0,288956.0,48167.0,8467.0,1.0
2594,1.0,5.729482099406525e+18,4988679.0,25519.0,2.0,2.0,2000.0,5518.0,69574.0,60218.0,11402436.0,0.0
2595,1.0,1.7363854844105064e+19,20017078.0,23798.0,1.0,1.0,2062977.0,2420.0,4.0,2044.0,6436118.0,1.0
2596,2.0,7.938070990668524e+18,22179313.0,38639.0,1.0,1.0,20821964.0,13076.0,105895.0,446229.0,453095.0,0.0
2597,1.0,1.5989049276530887e+19,20315245.0,23830.0,2.0,1.0,382.0,2624.0,8640.0,222.0,14849233.0,1.0
2598,3.0,5.103335732153791e+18,10405659.0,29900.0,1.0,1.0,3073.0,42.0,23.0,26.0,1030496.0,0.0
2599,1.0,1.9952917878195843e+18,20591863.0,29479.0,3.0,1.0,225482.0,145520.0,478329.0,397412.0,203602.0,0.0
2600,1.0,1.335040253701422e+19,21141534.0,19987.0,1.0,1.0,26093504.0,1974.0,22108.0,3746.0,0.0,0.0
2601,1.0,6.228784066129291e+18,3923536.0,1998.0,1.0,1.0,2610961.0,2805.0,4206.0,1592.0,0.0,0.0
2602,1.0,1.7712689394541728e+19,20575216.0,421.0,2.0,1.0,7510219.0,1521.0,9670.0,389.0,844711.0,1.0
2603,2.0,9.496264679096816e+18,4376960.0,13944.0,2.0,1.0,13568661.0,1668.0,17779.0,2186.0,2564217.0,1.0
2604,1.0,1.5989049276530887e+19,20314207.0,23823.0,2.0,1.0,7107.0,26733.0,23333.0,22192.0,5030276.0,1.0
2605,9.0,1.768645419879441e+19,20936505.0,35160.0,2.0,1.0,10293.0,6575.0,184669.0,356714.0,0.0,1.0
2606,1.0,1.535770248511473e+19,20929278.0,21027.0,3.0,3.0,46.0,1529.0,1560.0,1823.0,3815746.0,1.0
2607,1.0,3.9182019527261594e+18,3884811.0,1575.0,2.0,2.0,15704258.0,55199.0,102891.0,96804.0,1005258.0,0.0
2608,2.0,1.4340390157469403e+19,9027213.0,23808.0,2.0,1.0,1.0,1.0,0.0,0.0,5333424.0,0.0
2609,1.0,5.494145166418658e+18,4404110.0,26293.0,1.0,1.0,20473885.0,28049.0,125.0,240.0,715865.0,0.0
2610,2.0,1.4340390157469403e+19,10397447.0,23808.0,2.0,2.0,4481.0,7789.0,16.0,15.0,30197.0,1.0
2611,1.0,1.877215218254026e+18,2089356.0,21160.0,1.0,1.0,844251.0,3025.0,8342.0,1913.0,0.0,0.0
2612,1.0,2.6928596198512824e+18,4333161.0,2051.0,2.0,1.0,1128.0,5517.0,9210.0,9304.0,1830767.0,1.0
2613,1.0,1.8849175979017254e+17,21393607.0,24151.0,2.0,1.0,745.0,8387.0,23565.0,22905.0,954207.0,0.0
2614,13.0,1.5145480155589095e+19,21927056.0,23807.0,1.0,1.0,7.0,5.0,66.0,86.0,3061183.0,1.0
2615,1.0,7.143518654485987e+18,20393504.0,33093.0,2.0,1.0,908.0,3792.0,133.0,4492.0,15078662.0,1.0
2616,1.0,9.472284599583044e+18,21265842.0,33897.0,3.0,2.0,95432.0,119442.0,176906.0,164084.0,116419.0,1.0
2617,2.0,4.3700309507163054e+18,2306451.0,3338.0,2.0,2.0,4241321.0,252615.0,482254.0,420768.0,7737043.0,1.0
2618,1.0,8.335105002517451e+18,20582549.0,33524.0,2.0,2.0,3371.0,56.0,536.0,566.0,1461841.0,0.0
2619,1.0,5.494145166418658e+18,4404110.0,26293.0,1.0,1.0,20419915.0,531.0,125.0,240.0,4868717.0,0.0
2620,1.0,2.0021430589649848e+18,20607311.0,24124.0,3.0,2.0,1262.0,636.0,33948.0,1033.0,537945.0,1.0
2621,1.0,8.085948054257418e+18,21470613.0,5079.0,2.0,1.0,31941.0,10966.0,65703.0,278.0,15705724.0,1.0
2622,1.0,1.8598202743380035e+18,4272378.0,750.0,2.0,1.0,1090.0,1706.0,4097.0,3311.0,13781115.0,1.0
2623,1.0,1.4340390157469403e+19,9027213.0,23808.0,2.0,2.0,1.0,1.0,0.0,0.0,4149176.0,0.0
2624,1.0,7.903914528320191e+18,21162373.0,1325.0,2.0,2.0,12363.0,57762.0,159468.0,28350.0,47575.0,1.0
2625,2.0,6.801913394143187e+16,4371478.0,11703.0,2.0,1.0,48382.0,2982.0,2398.0,2635.0,2850976.0,1.0
2626,1.0,1.5721500623469021e+19,1936447.0,9570.0,2.0,1.0,356.0,981.0,4166.0,2578.0,7082076.0,1.0
2627,1.0,1.205787899908646e+19,20163228.0,27961.0,1.0,1.0,18978583.0,2824.0,35868.0,416.0,72112.0,0.0
2628,1.0,6.539424021056515e+18,3219148.0,23777.0,2.0,1.0,10.0,54.0,57.0,72.0,2225767.0,1.0
2629,1.0,1.3311343438192927e+19,3806502.0,23791.0,1.0,1.0,41.0,24.0,31.0,33.0,21404629.0,0.0
2630,4.0,1.7537770627114689e+19,21893887.0,36662.0,2.0,1.0,68507.0,78691.0,801796.0,643856.0,0.0,1.0
2631,1.0,1.4340390157469403e+19,20643970.0,23808.0,2.0,2.0,1153.0,20.0,9.0,9.0,2866559.0,0.0
2632,1.0,1.0637672081573681e+19,20445658.0,9717.0,2.0,1.0,11813943.0,6946.0,107977.0,216871.0,3031652.0,0.0
2633,1.0,6.561076208560099e+18,21362405.0,36607.0,1.0,1.0,18223.0,5028.0,4403.0,315.0,3284405.0,1.0
2634,1.0,2.6928596198512824e+18,21785035.0,2051.0,3.0,1.0,213.0,496.0,2417.0,2480.0,9609585.0,1.0
2635,2.0,1.8054023944582975e+19,20388850.0,29479.0,2.0,1.0,71749.0,45968.0,32266.0,1404.0,0.0,0.0
2636,1.0,7.903914528320191e+18,21162420.0,1325.0,2.0,1.0,1099.0,4183.0,11159.0,12434.0,14565673.0,1.0
2637,1.0,1.1243521181800204e+19,21021732.0,35398.0,3.0,2.0,244.0,1722.0,423.0,24877.0,505861.0,1.0
2638,1.0,9.486625261930346e+18,20713750.0,34053.0,2.0,2.0,995.0,1386.0,271630.0,200069.0,7462017.0,0.0
2639,1.0,1.6794704970244289e+19,7206996.0,26286.0,1.0,1.0,677.0,1307.0,526.0,874.0,261090.0,1.0
2640,7.0,1.1315908569713166e+19,20044315.0,18070.0,2.0,1.0,364.0,970.0,220.0,324.0,0.0,1.0
2641,1.0,1.3416878294870458e+19,3066490.0,23786.0,1.0,1.0,916.0,314.0,207.0,115.0,23395140.0,1.0
2642,1.0,1.3416878294870458e+19,3066490.0,23786.0,1.0,1.0,23146465.0,375.0,246.0,115.0,10779521.0,0.0
2643,1.0,7.482039010506199e+18,22096334.0,36396.0,3.0,2.0,1931438.0,426.0,13888.0,9648.0,169361.0,1.0
2644,1.0,1.2003233572914084e+18,21359777.0,11727.0,3.0,2.0,132093.0,246.0,53304.0,106810.0,211941.0,0.0
2645,1.0,1.018158767962015e+19,21832895.0,37624.0,1.0,1.0,4770.0,5046.0,15889.0,15463.0,170171.0,0.0
2646,1.0,1.3359361103803858e+18,20599518.0,33847.0,2.0,1.0,174.0,4356.0,66940.0,59982.0,13407368.0,1.0
2647,1.0,5.278711774178022e+18,21735186.0,37183.0,2.0,2.0,670.0,2076.0,30269.0,110011.0,6002539.0,1.0
2648,1.0,1.5145480155589095e+19,21927079.0,23807.0,3.0,1.0,6320.0,12072.0,30.0,32.0,1512337.0,0.0
2649,1.0,1.1757678735530455e+19,21202325.0,11103.0,2.0,1.0,1200.0,1020.0,91184.0,30425.0,54226.0,0.0
2650,1.0,4.2981186814246446e+18,21866029.0,385.0,1.0,1.0,10887.0,9876.0,13460.0,13252.0,16495210.0,0.0
2651,2.0,1.3756257544627677e+19,20175330.0,24354.0,2.0,2.0,223093.0,345521.0,79.0,199.0,2560400.0,0.0
2652,2.0,1.205787899908646e+19,20163227.0,27961.0,2.0,2.0,2295339.0,32036.0,243850.0,212633.0,1733.0,0.0
2653,1.0,1.595507548723284e+18,20187776.0,24362.0,1.0,1.0,512.0,919.0,771.0,265.0,23768445.0,1.0
2654,1.0,1.034946865176566e+19,21522776.0,37422.0,3.0,2.0,0.0,0.0,25.0,4.0,5801650.0,0.0
2655,2.0,1.204271520150485e+18,2854234.0,23962.0,3.0,2.0,4221507.0,20713.0,38448.0,35461.0,86230.0,0.0
2656,1.0,8.357210177372253e+18,21881668.0,7664.0,3.0,2.0,16628.0,1708.0,590472.0,477730.0,0.0,0.0
2657,1.0,1.6689374305059609e+19,20203322.0,5058.0,2.0,1.0,2751.0,6177.0,493.0,681.0,1537202.0,1.0
2658,1.0,7.718107921866424e+18,4239063.0,10647.0,2.0,1.0,27513.0,28219.0,70195.0,66514.0,2134674.0,1.0
2659,3.0,1.205787899908646e+19,20157581.0,27961.0,1.0,1.0,179624.0,52904.0,72033.0,72904.0,1808947.0,0.0
2660,1.0,1.4531867648059392e+19,21815482.0,27485.0,2.0,1.0,11.0,8.0,176.0,338.0,15535244.0,0.0
2661,1.0,1.3616247906704456e+19,20881053.0,21102.0,1.0,1.0,870329.0,7094.0,5671.0,5990.0,9232987.0,0.0
2662,1.0,1.531597959280372e+19,10870027.0,29103.0,2.0,1.0,14770138.0,1194122.0,3730802.0,223758.0,665.0,1.0
2663,1.0,9.390444283884915e+18,4336797.0,10655.0,2.0,2.0,13763590.0,223.0,979.0,1361.0,11477016.0,1.0
2664,2.0,1.7363854844105064e+19,20017078.0,23798.0,1.0,1.0,2444871.0,5902.0,4.0,4878.0,905647.0,1.0
2665,1.0,1.130902570404585e+19,22002402.0,38263.0,3.0,2.0,3.0,17.0,29.0,182.0,1945522.0,0.0
2666,1.0,1.205787899908646e+19,22211848.0,29951.0,2.0,2.0,296.0,1883.0,62904.0,56629.0,8912874.0,0.0
2667,2.0,2.470253408587162e+18,21193219.0,35900.0,1.0,1.0,7.0,5.0,141.0,187.0,3961071.0,1.0
2668,1.0,1.205787899908646e+19,20163572.0,27961.0,1.0,1.0,24697.0,780.0,1366.0,1750.0,1395537.0,0.0
2669,1.0,1.4531867648059392e+19,20134238.0,32446.0,2.0,2.0,12905550.0,166088.0,492420.0,519.0,0.0,1.0
2670,1.0,1.4756578758696272e+19,20718327.0,3625.0,3.0,2.0,40370.0,12176.0,83660.0,77347.0,1610268.0,0.0
2671,2.0,1.1762035431395537e+19,20602619.0,33701.0,2.0,2.0,438695.0,13666.0,18627.0,18745.0,0.0,0.0
2672,1.0,1.4340390157469403e+19,6434996.0,23777.0,2.0,1.0,4632928.0,13662.0,8876.0,8995.0,108854.0,0.0
2673,1.0,6.228784066129291e+18,9469230.0,1998.0,1.0,1.0,4380.0,34454.0,118853.0,112106.0,8373417.0,0.0
2674,1.0,9.75107224858461e+18,10937884.0,29713.0,1.0,1.0,20459362.0,261554.0,694820.0,559837.0,0.0,1.0
2675,1.0,9.881207773436752e+18,4332980.0,23778.0,2.0,1.0,38.0,23.0,13.0,21.0,15701451.0,0.0
2676,1.0,1.6912846520512504e+19,20181298.0,514.0,3.0,1.0,7105834.0,297031.0,1716660.0,63507.0,0.0,0.0
2677,1.0,1.1627567248264462e+19,20425227.0,82.0,1.0,1.0,23219041.0,136.0,87.0,116.0,4963528.0,0.0
2678,1.0,1.1345767983726027e+19,21797972.0,37708.0,2.0,2.0,577018.0,51.0,958.0,512.0,2052491.0,0.0
2679,1.0,1.2485598954401746e+18,21334737.0,36643.0,3.0,3.0,799.0,3141.0,57045.0,55953.0,5022193.0,0.0
2680,11.0,1.5868620787919307e+19,21442818.0,37123.0,2.0,1.0,397.0,928.0,46828.0,10262.0,7518.0,1.0
2681,1.0,1.205787899908646e+19,20222563.0,27961.0,1.0,1.0,4723598.0,287.0,390.0,559.0,3778474.0,0.0
2682,2.0,8.134264174510893e+18,4176348.0,1268.0,2.0,2.0,12381294.0,1090.0,854.0,304.0,0.0,1.0
2683,1.0,1.0380001132566548e+19,20595439.0,854.0,2.0,1.0,9639623.0,17253.0,48329.0,52641.0,0.0,1.0
2684,5.0,6.715049002232656e+18,3065545.0,23783.0,1.0,1.0,5757.0,60.0,54.0,168.0,1685028.0,0.0
2685,1.0,6.942157315486517e+18,20593387.0,33694.0,3.0,1.0,5581303.0,5121.0,43400.0,21515.0,1019868.0,1.0
2686,2.0,6.071356180946373e+18,20882587.0,32124.0,2.0,2.0,5687497.0,531.0,2834.0,6675.0,0.0,0.0
2687,2.0,5.179363754403472e+17,20875709.0,34844.0,2.0,1.0,1702483.0,3665.0,1180.0,2952.0,1678799.0,0.0
2688,1.0,9.75107224858461e+18,10939155.0,29713.0,1.0,1.0,61.0,64.0,6489.0,6717.0,17828539.0,1.0
2689,1.0,1.595507548723284e+18,20187855.0,24362.0,1.0,1.0,6163.0,14832.0,18359.0,53327.0,3216796.0,1.0
2690,1.0,7.903914528320191e+18,21162433.0,1325.0,2.0,1.0,23720.0,37815.0,148547.0,128999.0,16758850.0,1.0
2691,3.0,4.774481492345202e+18,21329934.0,36540.0,2.0,1.0,73735.0,27082.0,92983.0,89450.0,0.0,1.0
2692,1.0,8.759568168371337e+18,21794976.0,37118.0,1.0,1.0,6517.0,2647.0,4503.0,4659.0,2500666.0,1.0
2693,1.0,1.1288378057162324e+19,21293529.0,879.0,2.0,2.0,1399786.0,270353.0,857949.0,1040315.0,0.0,0.0
2694,1.0,7.903914528320191e+18,21162427.0,1325.0,2.0,1.0,6654.0,21233.0,64261.0,67433.0,14182693.0,1.0
2695,1.0,1.535770248511473e+19,21091751.0,21027.0,2.0,1.0,408263.0,1383.0,2008.0,2228.0,9813251.0,1.0
2696,1.0,8.19391707256224e+18,21861752.0,37704.0,2.0,2.0,1810612.0,1948.0,2287.0,9105.0,300709.0,0.0
2697,1.0,6.715049002232656e+18,3065545.0,23783.0,1.0,1.0,5757.0,60.0,54.0,168.0,580982.0,1.0
2698,1.0,5.51947666935741e+18,20789511.0,26266.0,3.0,1.0,26183.0,85404.0,73366.0,65381.0,9779.0,0.0
2699,1.0,1.7299638493773875e+18,9584422.0,23637.0,3.0,3.0,1.0,226.0,271.0,96.0,2267086.0,0.0
2700,1.0,1.0460794781478122e+18,21920339.0,37956.0,2.0,1.0,3.0,17.0,226.0,331.0,5231055.0,0.0
2701,1.0,1.205787899908646e+19,20183744.0,27961.0,2.0,2.0,12862344.0,102899.0,199877.0,188348.0,0.0,0.0
2702,1.0,1.4340390157469403e+19,3058653.0,23777.0,1.0,1.0,2834246.0,23537.0,171054.0,145777.0,82694.0,0.0
2703,1.0,1.5145480155589095e+19,20889026.0,23807.0,1.0,1.0,2.0,11.0,5.0,11.0,1889460.0,0.0
2704,1.0,1.3817853970942288e+19,20373439.0,30113.0,2.0,1.0,2921.0,10038.0,467618.0,471055.0,302526.0,0.0
2705,56.0,1.802732184055217e+19,21963784.0,38202.0,2.0,2.0,19.0,12.0,662.0,702.0,0.0,1.0
2706,1.0,7.903914528320191e+18,21162526.0,1325.0,2.0,1.0,89.0,295.0,24.0,25.0,2289751.0,1.0
2707,1.0,4.006403344526142e+18,21362204.0,36760.0,2.0,1.0,23985.0,1551.0,56015.0,486.0,14311070.0,0.0
2708,1.0,1.1121833691387079e+19,21134703.0,23807.0,2.0,1.0,49.0,1520.0,967.0,8.0,13129051.0,0.0
2709,1.0,8.390751886332699e+18,20869960.0,854.0,1.0,1.0,22345795.0,29204.0,201670.0,263055.0,0.0,1.0
2710,1.0,4.876702067173951e+17,20590653.0,24027.0,1.0,1.0,75113.0,63375.0,90752.0,97009.0,1132968.0,0.0
2711,28.0,1.4340390157469403e+19,9027613.0,23808.0,1.0,1.0,24366.0,1926.0,138.0,198.0,0.0,1.0
2712,1.0,1.205787899908646e+19,20170556.0,27961.0,1.0,1.0,86.0,64.0,184.0,334.0,13721320.0,1.0
2713,3.0,2.1115975172883315e+18,21961143.0,35100.0,3.0,1.0,25478.0,33288.0,178101.0,151726.0,0.0,1.0
2714,1.0,1.4051611837622872e+19,20384077.0,21074.0,2.0,2.0,14281866.0,72918.0,977850.0,2735.0,533616.0,0.0
2715,1.0,3.101416410008459e+18,21338845.0,36171.0,1.0,1.0,16856138.0,4594.0,6998.0,7572.0,20197181.0,1.0
2716,1.0,1.7299638493773875e+18,9584419.0,23637.0,1.0,1.0,31029.0,1736.0,5618.0,185.0,10580478.0,0.0
2717,2.0,1.4340390157469403e+19,9027213.0,23808.0,1.0,1.0,5.0,1.0,0.0,0.0,19028906.0,1.0
2718,1.0,9.991057275835721e+17,10870925.0,30428.0,3.0,2.0,973.0,7149.0,148045.0,127090.0,735853.0,0.0
2719,1.0,6.324939627505775e+18,1542518.0,12760.0,2.0,2.0,2462006.0,7178.0,82606.0,52436.0,0.0,0.0
2720,1.0,1.5145480155589095e+19,21953849.0,23807.0,2.0,1.0,392.0,1104.0,5625.0,5928.0,528405.0,1.0
2721,1.0,7.328611639458975e+18,21249532.0,32862.0,3.0,1.0,18461.0,75105.0,104113.0,210708.0,4010129.0,0.0
2722,1.0,5.4585043517606944e+17,21867515.0,37248.0,3.0,2.0,131.0,352.0,12519.0,6033.0,1717969.0,0.0
2723,1.0,1.205787899908646e+19,20163505.0,27961.0,1.0,1.0,4055.0,4919.0,18599.0,19461.0,8495711.0,1.0
2724,1.0,9.991057275835721e+17,20389726.0,30428.0,3.0,2.0,7755052.0,8370.0,18337.0,17700.0,1124442.0,1.0
2725,1.0,1.4340390157469403e+19,21163921.0,23808.0,1.0,1.0,632581.0,255.0,414.0,38.0,4234260.0,1.0
2726,1.0,9.81130735235002e+18,8961160.0,17926.0,1.0,1.0,11217.0,7350.0,1595.0,1857.0,277644.0,1.0
2727,2.0,5.120683440510468e+18,8676733.0,1268.0,3.0,2.0,2410602.0,11794.0,12954.0,14717.0,804839.0,0.0
2728,1.0,1.578511299927674e+19,20908196.0,35088.0,3.0,2.0,0.0,0.0,2.0,5.0,8752345.0,0.0
2729,1.0,8.99455707050858e+18,20030165.0,23799.0,2.0,1.0,573094.0,28.0,41.0,756.0,0.0,1.0
2730,1.0,5.589649412465737e+18,21460457.0,35035.0,2.0,1.0,1335.0,1505.0,57298.0,274.0,963034.0,0.0
2731,1.0,1.3090221289647714e+19,20174985.0,23795.0,1.0,1.0,31.0,135.0,3.0,7.0,12401670.0,1.0
2732,1.0,1.205787899908646e+19,20157287.0,27961.0,1.0,1.0,9053.0,737.0,645.0,1013.0,21723303.0,1.0
2733,1.0,1.6771951633095748e+16,20952079.0,12837.0,1.0,1.0,107915.0,170551.0,377287.0,339837.0,98767.0,0.0
2734,1.0,2.0021430589649848e+18,21364514.0,24124.0,2.0,2.0,210091.0,43525.0,1262420.0,1238129.0,29252.0,1.0
2735,1.0,1.804011248540576e+19,20908196.0,35088.0,3.0,1.0,0.0,0.0,43.0,50.0,9296188.0,0.0
2736,1.0,1.4140300435418186e+18,21246153.0,1502.0,2.0,1.0,18201.0,67684.0,113.0,153.0,13099713.0,1.0
2737,2.0,6.228784066129291e+18,4270800.0,1998.0,2.0,2.0,2301213.0,35103.0,59709.0,61525.0,3482874.0,0.0
2738,1.0,2.6928596198512824e+18,4212764.0,2051.0,3.0,2.0,118873.0,30.0,163.0,56.0,38548.0,0.0
2739,1.0,7.903914528320191e+18,21162432.0,1325.0,2.0,1.0,2459.0,7382.0,19659.0,21022.0,982685.0,1.0
2740,1.0,2.061296188583326e+18,2054935.0,387.0,2.0,2.0,4262973.0,20648.0,72439.0,6607.0,3979945.0,0.0
2741,1.0,1.5924057888245107e+18,20934992.0,34802.0,1.0,1.0,39.0,553.0,2802.0,2968.0,22018785.0,1.0
2742,1.0,6.414307266338366e+18,21248429.0,35668.0,3.0,1.0,107525.0,10.0,181.0,191.0,773746.0,0.0
2743,3.0,7.771884441258275e+18,21341950.0,32367.0,1.0,1.0,231308.0,45745.0,496694.0,475512.0,0.0,1.0
2744,1.0,8.517616796071811e+18,4426815.0,28153.0,2.0,1.0,8093625.0,22236.0,216244.0,19934.0,250855.0,0.0
2745,1.0,1.4051611837622872e+19,9466201.0,21074.0,3.0,2.0,6828755.0,11026.0,542.0,721.0,0.0,0.0
2746,1.0,1.4140300435418186e+18,2365389.0,1502.0,2.0,1.0,79.0,107.0,155.0,241.0,231637.0,0.0
2747,1.0,4.192533441706128e+18,21220169.0,2533.0,1.0,1.0,178330.0,11038.0,37764.0,44746.0,4509575.0,1.0
2748,2.0,1.2161352847964688e+19,20569336.0,28579.0,3.0,1.0,80773.0,11817.0,90497.0,97204.0,0.0,1.0
2749,2.0,4.660387735928845e+18,21313586.0,36540.0,3.0,2.0,933751.0,1962.0,22494.0,35877.0,0.0,0.0
2750,7.0,1.089356239829434e+19,20202868.0,879.0,2.0,2.0,8297.0,1345.0,6621.0,2566.0,0.0,1.0
2751,1.0,1.358151347341538e+19,21219979.0,35734.0,3.0,1.0,6231894.0,1451.0,1184.0,1533.0,0.0,1.0
2752,1.0,3.010475069228332e+18,21260004.0,35824.0,2.0,2.0,674130.0,79009.0,2388143.0,1113620.0,356389.0,1.0
2753,1.0,1.7083745304826458e+19,20585849.0,33803.0,3.0,2.0,391378.0,29267.0,1085937.0,866502.0,1572952.0,0.0
2754,1.0,2.6928596198512824e+18,4212764.0,2051.0,2.0,1.0,895.0,30.0,163.0,56.0,394311.0,0.0
2755,1.0,8.335105002517451e+18,20582549.0,33524.0,1.0,1.0,4.0,56.0,51.0,129.0,1381944.0,0.0
2756,2.0,1.3414304502537273e+19,21366925.0,36680.0,2.0,2.0,159292.0,31291.0,11408.0,7567.0,3545253.0,0.0
2757,1.0,3.132201567913655e+18,10959347.0,30672.0,2.0,2.0,15877707.0,1941.0,47299.0,48201.0,0.0,0.0
2758,3.0,6.095780829628938e+18,21233584.0,36260.0,3.0,3.0,438.0,1489.0,52172.0,53480.0,0.0,0.0
2759,1.0,1.5493010999793789e+19,20964439.0,33363.0,2.0,1.0,5493.0,27589.0,36457.0,27742.0,2440928.0,1.0
2760,1.0,7.903914528320191e+18,20885621.0,2010.0,3.0,1.0,114.0,112.0,555.0,630.0,10286153.0,0.0
2761,1.0,2.6928596198512824e+18,21733890.0,2051.0,2.0,2.0,1214.0,24601.0,25995.0,24575.0,11695767.0,1.0
2762,1.0,8.99455707050858e+18,20030150.0,23799.0,2.0,2.0,1.0,3.0,15.0,19.0,5510163.0,0.0
2763,1.0,6.715049002232656e+18,3065545.0,23783.0,1.0,1.0,310.0,60.0,54.0,78.0,9904263.0,1.0
2764,1.0,1.4340390157469403e+19,21163925.0,23808.0,2.0,1.0,49.0,615.0,938.0,148.0,16557541.0,1.0
2765,1.0,5.5111324610218e+18,3858479.0,10040.0,1.0,1.0,6951238.0,3752.0,2787.0,3051.0,1635193.0,0.0
2766,1.0,1.4340390157469403e+19,9027637.0,23808.0,2.0,1.0,86302.0,586.0,108.0,146.0,10098856.0,1.0
2767,2.0,1.4340390157469403e+19,20644045.0,23808.0,1.0,1.0,191.0,2.0,1.0,3.0,17698219.0,1.0
2768,1.0,1.5036018889995973e+19,1529768.0,6316.0,2.0,1.0,1431.0,4144.0,67309.0,5912.0,2284608.0,1.0
2769,3.0,1.595507548723284e+18,20187776.0,24362.0,1.0,1.0,512.0,919.0,771.0,265.0,1602.0,1.0
2770,1.0,1.5632140892932542e+19,20882834.0,34953.0,3.0,1.0,377157.0,31389.0,87294.0,88118.0,293110.0,1.0
2771,1.0,1.2996130013593571e+19,21962945.0,38243.0,2.0,1.0,503978.0,2428.0,4629.0,5008.0,6912494.0,1.0
2772,1.0,6.985924435961415e+18,21202114.0,36005.0,2.0,2.0,14728657.0,2118.0,67671.0,67190.0,6109.0,0.0
2773,1.0,1.4756578758696272e+19,20718016.0,3625.0,3.0,1.0,327.0,1331.0,2528.0,2595.0,4754539.0,1.0
2774,1.0,1.1933833756018751e+19,4326388.0,14181.0,2.0,2.0,12500.0,3990.0,2604.0,1128.0,4082018.0,1.0
2775,1.0,1.4340390157469403e+19,6434912.0,23777.0,2.0,1.0,3628.0,16.0,36.0,44.0,2391545.0,1.0
2776,1.0,1.4758798219331756e+19,3562583.0,6097.0,1.0,1.0,16795554.0,10549.0,59599.0,356.0,634688.0,1.0
2777,9.0,1.4349714175080028e+19,20076597.0,27419.0,1.0,1.0,458439.0,44368.0,5689.0,6000.0,0.0,1.0
2778,1.0,8.802768287123155e+18,20871586.0,34758.0,3.0,1.0,252.0,5166.0,42.0,47.0,11096266.0,1.0
2779,1.0,1.0196385171799538e+19,21375744.0,36832.0,2.0,1.0,13525190.0,25187.0,101703.0,985.0,854442.0,0.0
2780,1.0,1.584902515794882e+19,21818270.0,21997.0,2.0,1.0,169.0,53.0,287.0,446.0,8577858.0,0.0
2781,1.0,8.694234304541745e+18,21912250.0,37941.0,2.0,1.0,9837.0,12.0,3498.0,1842.0,0.0,1.0
2782,1.0,5.589649412465737e+18,21123414.0,35035.0,1.0,1.0,747738.0,5915.0,8131.0,42.0,11022486.0,1.0
2783,1.0,3.2847602447996047e+18,20758094.0,34535.0,2.0,2.0,302.0,5129.0,8891.0,4891.0,5149118.0,0.0
2784,1.0,1.5517319812696228e+19,21551375.0,37467.0,1.0,1.0,217.0,91.0,3681.0,4011.0,21031653.0,0.0
2785,1.0,1.6794704970244289e+19,5059558.0,26286.0,1.0,1.0,153.0,250.0,432.0,139.0,5066475.0,1.0
2786,3.0,1.205787899908646e+19,20148915.0,27961.0,2.0,1.0,122042.0,16767.0,27135.0,28954.0,8947656.0,1.0
2787,1.0,6.022501597409948e+18,3190869.0,25632.0,2.0,2.0,3480.0,3090.0,353.0,477.0,10810052.0,1.0
2788,1.0,8.134264174510893e+18,4176358.0,1268.0,2.0,1.0,370463.0,58.0,130.0,213.0,491209.0,0.0
2789,1.0,1.4340390157469403e+19,21163924.0,23808.0,2.0,1.0,1140580.0,51363.0,112864.0,62.0,1395597.0,0.0
2790,1.0,1.7608281988584872e+19,20575578.0,8873.0,3.0,1.0,369766.0,330728.0,1511689.0,1363866.0,442181.0,0.0
2791,1.0,1.1624066761054958e+19,3373869.0,5962.0,2.0,2.0,13097961.0,96203.0,182624.0,154601.0,1753653.0,0.0
2792,1.0,1.1547636679726547e+19,21229078.0,36219.0,2.0,1.0,4676851.0,755.0,101887.0,1155.0,0.0,1.0
2793,3.0,1.1800180453055529e+19,21408778.0,36892.0,2.0,1.0,39855.0,43853.0,391788.0,87.0,1840171.0,1.0
2794,1.0,7.591729307974309e+18,3407149.0,7378.0,2.0,1.0,14660495.0,360104.0,1094447.0,9363.0,22448.0,0.0
2795,1.0,5.901349891861968e+18,4414359.0,24207.0,2.0,1.0,15889708.0,22949.0,23377.0,26597.0,13790410.0,0.0
2796,1.0,1.0229764868502155e+19,20920982.0,35006.0,2.0,1.0,2243256.0,143724.0,458775.0,621.0,0.0,0.0
2797,6.0,1.4369782659399588e+19,21205943.0,29321.0,3.0,1.0,67234.0,12817.0,21014.0,14626.0,0.0,0.0
2798,1.0,7.903914528320191e+18,21162353.0,1325.0,1.0,1.0,463332.0,649.0,1038.0,485.0,512807.0,0.0
2799,1.0,9.308536554124159e+18,21803351.0,36888.0,2.0,1.0,3139.0,490.0,11883.0,11809.0,1132854.0,1.0
2800,1.0,1.4340390157469403e+19,3126700.0,23777.0,2.0,2.0,519.0,884.0,2999.0,3280.0,1374367.0,0.0
2801,1.0,1.4340390157469403e+19,9027549.0,23808.0,2.0,1.0,392267.0,27.0,14.0,18.0,747482.0,0.0
2802,1.0,1.205787899908646e+19,20163227.0,27961.0,1.0,1.0,9088.0,1123.0,1278.0,1696.0,15646655.0,1.0
2803,2.0,8.335105002517451e+18,20563014.0,33524.0,2.0,1.0,83574.0,1636.0,14751.0,2165.0,2577811.0,0.0
2804,1.0,8.848021695083077e+18,20035409.0,2387.0,2.0,1.0,12603914.0,509.0,2721.0,3336.0,15642273.0,1.0
2805,1.0,5.467921431274186e+18,10863197.0,30495.0,2.0,1.0,107496.0,311184.0,2963489.0,34811.0,7115.0,0.0
2806,1.0,7.903914528320191e+18,21162351.0,1325.0,1.0,1.0,440796.0,5228.0,7955.0,9154.0,19885903.0,1.0
2807,2.0,9.086899525214788e+18,9822789.0,2181.0,1.0,1.0,2539.0,36882.0,41476.0,38354.0,5589150.0,0.0
2808,1.0,4.89430326276886e+18,20744615.0,26244.0,3.0,1.0,1808088.0,32610.0,119598.0,18375.0,275767.0,1.0
2809,1.0,1.4340390157469403e+19,6434912.0,23777.0,2.0,1.0,111976.0,16.0,36.0,44.0,2399679.0,0.0
2810,1.0,1.5989049276530887e+19,20314230.0,23824.0,2.0,1.0,8944.0,23989.0,65350.0,31.0,275360.0,1.0
2811,1.0,1.407189919417362e+19,22088927.0,38463.0,1.0,1.0,1658000.0,16630.0,1130362.0,901006.0,4852771.0,1.0
2812,1.0,1.205787899908646e+19,20192676.0,27961.0,2.0,1.0,98.0,39.0,131.0,440.0,1402009.0,0.0
2813,1.0,1.4340390157469403e+19,21360115.0,23777.0,2.0,1.0,164.0,53.0,1602.0,158.0,14926799.0,1.0
2814,1.0,3.5168895657275873e+18,2580158.0,1267.0,2.0,1.0,10144909.0,5797.0,32987.0,35089.0,3882599.0,0.0
2815,1.0,1.0792160102926555e+19,21939356.0,38101.0,3.0,2.0,6382695.0,73871.0,523101.0,424586.0,3903673.0,1.0
2816,1.0,1.3438413709324681e+19,20493525.0,24039.0,3.0,1.0,721399.0,13388.0,171287.0,949634.0,0.0,0.0
2817,1.0,8.265651261671431e+18,21487804.0,16822.0,2.0,1.0,20944.0,2621.0,433841.0,351512.0,3398647.0,0.0
2818,1.0,1.7162386775584446e+19,2785690.0,16205.0,1.0,1.0,635.0,1050.0,29014.0,23165.0,763193.0,0.0
2819,1.0,4.2981186814246446e+18,21866029.0,385.0,1.0,1.0,127499.0,173.0,296.0,408.0,15239830.0,0.0
2820,2.0,2.061296188583326e+18,2054911.0,387.0,2.0,1.0,328.0,278.0,218.0,321.0,29103.0,0.0
2821,1.0,1.205787899908646e+19,20157327.0,27961.0,2.0,1.0,654016.0,768.0,1088.0,8814.0,3903447.0,0.0
2822,1.0,1.642829861918683e+19,1253430.0,146.0,1.0,1.0,21895.0,12810.0,15069.0,28431.0,0.0,1.0
2823,1.0,3.3661819882414254e+18,4215579.0,708.0,1.0,1.0,162737.0,82610.0,155863.0,5560.0,2858066.0,1.0
2824,1.0,1.7196987450064022e+19,21415631.0,36962.0,2.0,1.0,8930957.0,473.0,6403.0,2041.0,69127.0,0.0
2825,1.0,6.837333706085168e+18,4274267.0,2213.0,2.0,1.0,15755861.0,6208.0,13916.0,15434.0,4314296.0,1.0
2826,1.0,3.163997420314436e+18,21445616.0,26288.0,3.0,2.0,147644.0,1648.0,22490.0,5743.0,10306735.0,0.0
2827,1.0,4.949197173803122e+18,20664659.0,24107.0,2.0,1.0,7954.0,31129.0,33388.0,525.0,22027.0,1.0
2828,1.0,5.120683440510468e+18,8676724.0,1268.0,2.0,1.0,11610.0,925.0,2376.0,13.0,70926.0,0.0
2829,1.0,9.750422518906778e+18,21222412.0,35880.0,2.0,1.0,119.0,147.0,1097.0,1224.0,3873597.0,0.0
2830,1.0,7.99144025388108e+18,4097129.0,684.0,2.0,1.0,9400.0,10389.0,162771.0,174679.0,2607472.0,1.0
2831,2.0,6.304301414549714e+18,9124316.0,2560.0,2.0,1.0,330.0,432.0,762.0,1061.0,1013498.0,1.0
2832,1.0,1.4340390157469403e+19,3109882.0,23777.0,1.0,1.0,3586236.0,83116.0,130827.0,113351.0,9831731.0,0.0
2833,1.0,1.0657266984352532e+19,21868236.0,37847.0,2.0,1.0,3633312.0,876354.0,3662282.0,2842963.0,9591.0,1.0
2834,3.0,1.6154368683581854e+19,20320066.0,29213.0,1.0,1.0,38292.0,68747.0,148496.0,284118.0,1499396.0,0.0
2835,1.0,1.4340390157469403e+19,21163924.0,23808.0,3.0,2.0,340903.0,94.0,445.0,62.0,0.0,1.0
2836,1.0,1.0333904729460621e+19,21227867.0,28031.0,2.0,1.0,9216552.0,30599.0,1347985.0,1191988.0,3298742.0,0.0
2837,1.0,1.1621364831276416e+18,21143611.0,3423.0,2.0,2.0,14351837.0,156.0,68549.0,69725.0,484744.0,0.0
2838,1.0,1.945672113938153e+18,21712926.0,37317.0,1.0,1.0,150979.0,789.0,2588.0,1161.0,41709.0,0.0
2839,1.0,1.205787899908646e+19,20192676.0,27961.0,1.0,1.0,10096355.0,1019.0,1282.0,1512.0,0.0,0.0
2840,1.0,1.089356239829434e+19,20202868.0,879.0,1.0,1.0,4078.0,1345.0,6621.0,2566.0,23695637.0,0.0
2841,4.0,1.5889052232801778e+19,3137471.0,7570.0,1.0,1.0,188.0,445.0,820.0,1744.0,1381795.0,1.0
2842,1.0,4.290112894072256e+18,20884586.0,3986.0,1.0,1.0,38369.0,12946.0,21907.0,18920.0,21321.0,1.0
2843,1.0,3.4902793449193467e+18,20106714.0,24189.0,2.0,1.0,2531517.0,812.0,36990.0,42699.0,0.0,1.0
2844,1.0,6.51090660178516e+18,21591886.0,37477.0,2.0,1.0,4663071.0,159579.0,1583113.0,1386490.0,0.0,0.0
2845,1.0,1.2865181333798984e+19,21965486.0,37310.0,1.0,1.0,894982.0,41289.0,398133.0,321684.0,0.0,1.0
2846,40.0,3.583186794558268e+18,21402177.0,36906.0,2.0,1.0,15003.0,19446.0,25267.0,52374.0,0.0,1.0
2847,1.0,9.600496215003752e+18,20315419.0,30119.0,1.0,1.0,19751693.0,32508.0,270771.0,415218.0,7003785.0,0.0
2848,1.0,1.3048894014791934e+19,21156826.0,35772.0,2.0,1.0,97367.0,3356.0,422526.0,14085.0,19459.0,0.0
2849,1.0,1.6266738587286354e+19,20005989.0,13170.0,2.0,1.0,1276612.0,257474.0,2755830.0,7455.0,0.0,0.0
2850,1.0,7.903914528320191e+18,21162526.0,1325.0,1.0,1.0,64.0,10.0,22.0,23.0,1929843.0,1.0
2851,1.0,1.734180435361551e+19,21882834.0,37622.0,2.0,1.0,762988.0,696.0,1791.0,97.0,2319842.0,0.0
2852,1.0,1.5005909604118043e+19,20369836.0,33268.0,2.0,1.0,215.0,177.0,29359.0,11643.0,5008348.0,1.0
2853,1.0,7.903914528320191e+18,20623355.0,2012.0,2.0,1.0,307.0,905.0,3207.0,214.0,15200517.0,0.0
2854,1.0,8.134264174510893e+18,10950951.0,1268.0,2.0,1.0,577.0,2983.0,2228.0,2.0,8203083.0,1.0
2855,1.0,4.2981186814246446e+18,3823585.0,385.0,1.0,1.0,879.0,1319.0,888.0,1107.0,16968633.0,1.0
2856,1.0,1.6918068555503235e+18,1352724.0,5417.0,2.0,1.0,11115.0,3987.0,214755.0,152517.0,6084957.0,1.0
2857,1.0,1.4340390157469403e+19,9027426.0,23808.0,1.0,1.0,13774354.0,2656.0,1640.0,1896.0,14426901.0,1.0
2858,1.0,1.6537770473695527e+19,21130290.0,35481.0,2.0,2.0,12901829.0,142912.0,461735.0,372511.0,7851722.0,1.0
2859,1.0,1.1132806224225894e+19,4238209.0,10325.0,1.0,1.0,532035.0,1653.0,1351.0,41.0,7320995.0,0.0
2860,1.0,1.2236336944143577e+19,21300462.0,35141.0,3.0,3.0,7131072.0,81.0,594.0,1622.0,1508254.0,0.0
2861,1.0,1.2001431216841726e+19,20630333.0,12104.0,2.0,1.0,2268.0,2055.0,419650.0,340256.0,562694.0,1.0
2862,1.0,1.3311343438192927e+19,3806502.0,23791.0,1.0,1.0,270.0,24.0,31.0,33.0,496878.0,1.0
2863,1.0,1.760741167171896e+19,4343840.0,15805.0,2.0,2.0,223.0,868.0,10131.0,10611.0,7639911.0,0.0
2864,3.0,7.903914528320191e+18,21162526.0,1325.0,2.0,1.0,15.0,10.0,24.0,25.0,565367.0,1.0
2865,1.0,8.718971903532905e+18,20896650.0,35075.0,2.0,2.0,1501.0,6975.0,139.0,201.0,12377366.0,0.0
2866,1.0,1.4340390157469403e+19,3200264.0,23777.0,3.0,2.0,8348322.0,699.0,2298.0,90.0,6796246.0,1.0
2867,1.0,1.205787899908646e+19,20149093.0,27961.0,1.0,1.0,18466.0,15358.0,21986.0,23008.0,19353423.0,1.0
2868,1.0,7.484333488664585e+18,21209487.0,34691.0,3.0,2.0,1399.0,12948.0,324.0,449.0,8037159.0,1.0
2869,1.0,1.4340390157469403e+19,21163921.0,23808.0,2.0,2.0,41119.0,255.0,418.0,39.0,1477160.0,0.0
2870,1.0,3.374037293285387e+18,20024940.0,10497.0,1.0,1.0,194836.0,323286.0,728586.0,612012.0,9435573.0,0.0
2871,1.0,2.4150951590145024e+18,21219804.0,36201.0,2.0,2.0,5509755.0,3240.0,10559.0,3374.0,0.0,0.0
2872,1.0,4.2981186814246446e+18,21866035.0,385.0,2.0,1.0,9760.0,24789.0,75311.0,67032.0,3513148.0,0.0
2873,1.0,1.1909644671530093e+19,21899760.0,25687.0,2.0,1.0,354447.0,296548.0,3675303.0,2969039.0,3576761.0,1.0
2874,1.0,4.89430326276886e+18,20744615.0,26244.0,2.0,1.0,53130.0,8319.0,48978.0,18375.0,0.0,0.0
2875,1.0,8.419084820412709e+18,7409143.0,16631.0,2.0,2.0,7827.0,3029.0,493881.0,67299.0,2233149.0,1.0
2876,2.0,1.2902129976731994e+19,3067652.0,23785.0,2.0,1.0,1125603.0,472.0,515.0,181.0,0.0,0.0
2877,1.0,5.589649412465737e+18,20950618.0,35067.0,1.0,1.0,4519.0,22071.0,26177.0,42.0,22265276.0,1.0
2878,1.0,1.7262525865287997e+19,20744692.0,32150.0,2.0,2.0,11111884.0,5644.0,142561.0,130742.0,809713.0,1.0
2879,1.0,1.099159647493597e+19,20017347.0,591.0,2.0,2.0,190059.0,93090.0,304282.0,51288.0,55280.0,0.0
2880,1.0,8.134264174510893e+18,10951033.0,1268.0,1.0,1.0,4245.0,116.0,92.0,2.0,67122.0,0.0
2881,1.0,1.4340390157469403e+19,9027103.0,23808.0,2.0,1.0,11.0,96.0,129.0,184.0,1186635.0,1.0
2882,1.0,1.205787899908646e+19,20164768.0,27961.0,1.0,1.0,22685273.0,3039.0,6069.0,7506.0,0.0,0.0
2883,2.0,3.595206123608678e+17,21261587.0,36371.0,3.0,2.0,18613.0,1723.0,37795.0,40307.0,0.0,1.0
2884,1.0,1.4537326642172123e+19,20722024.0,24233.0,2.0,2.0,189.0,65.0,2806.0,2925.0,25501.0,1.0
2885,1.0,1.205787899908646e+19,20164567.0,27961.0,2.0,2.0,4132110.0,44810.0,212382.0,190200.0,0.0,0.0
2886,2.0,1.5883819082848147e+19,20656732.0,33834.0,1.0,1.0,9343.0,3542.0,19992.0,19186.0,20881477.0,0.0
2887,1.0,1.6747623119158057e+19,21455675.0,37043.0,1.0,1.0,3724345.0,3349.0,1706.0,1109.0,404094.0,1.0
2888,2.0,7.550266642234502e+17,20319416.0,22854.0,3.0,2.0,295493.0,3810.0,167080.0,150694.0,0.0,0.0
2889,1.0,1.4340390157469403e+19,21360119.0,23777.0,1.0,1.0,8532.0,19146.0,114121.0,679.0,18243368.0,0.0
2890,1.0,7.903914528320191e+18,21162252.0,1325.0,1.0,1.0,17243048.0,526.0,2184.0,3448.0,1342323.0,0.0
2891,1.0,5.279923881196409e+18,20887107.0,34951.0,2.0,2.0,123.0,94.0,3858.0,509.0,14290650.0,1.0
2892,1.0,1.2704056466397923e+19,21362186.0,34987.0,2.0,2.0,65556.0,74276.0,1374550.0,1090592.0,1047119.0,0.0
2893,1.0,5.589649412465737e+18,20950154.0,35067.0,1.0,1.0,1019069.0,24666.0,47228.0,42.0,3126496.0,1.0
2894,1.0,1.1038660142914585e+19,22095836.0,38505.0,1.0,1.0,27.0,1286.0,3237.0,441.0,416140.0,0.0
2895,1.0,1.4340390157469403e+19,3109552.0,23777.0,2.0,2.0,26307.0,22460.0,25519.0,24144.0,296467.0,0.0
2896,1.0,2.137528403495601e+18,20218301.0,23801.0,3.0,3.0,1.0,3.0,48.0,58.0,9031462.0,0.0
2897,1.0,7.07574064275111e+18,4214515.0,25901.0,2.0,1.0,30571.0,68504.0,546337.0,18807.0,1811346.0,1.0
2898,1.0,1.1861590040381948e+19,20620578.0,33344.0,2.0,1.0,11094.0,26827.0,538744.0,722275.0,19131.0,1.0
2899,1.0,6.715049002232656e+18,3065545.0,23783.0,1.0,1.0,1178148.0,504.0,339.0,168.0,6904537.0,1.0
2900,15.0,1.2337354916388485e+19,21259742.0,35925.0,3.0,2.0,305.0,37.0,13559.0,3483.0,0.0,1.0
2901,1.0,1.205787899908646e+19,20224633.0,27961.0,1.0,1.0,53015.0,6214.0,9452.0,9770.0,6391744.0,1.0
2902,1.0,1.4991571713595054e+19,10264754.0,28025.0,2.0,1.0,30046.0,60023.0,291273.0,259611.0,3022659.0,1.0
2903,1.0,1.0981755291997231e+19,4410202.0,2617.0,3.0,2.0,28122.0,6949.0,551668.0,441852.0,23582.0,0.0
2904,1.0,1.4340390157469403e+19,2912183.0,23777.0,1.0,1.0,315733.0,12537.0,1070.0,1497.0,626380.0,1.0
2905,1.0,2.994924845956282e+18,20061278.0,23803.0,1.0,1.0,46853.0,43473.0,47173.0,73.0,18888970.0,1.0
2906,1.0,8.134264174510893e+18,10951047.0,1268.0,1.0,1.0,16006493.0,71386.0,234539.0,2.0,1808347.0,0.0
2907,1.0,1.1791552785129638e+19,10869115.0,30419.0,3.0,1.0,642.0,1327.0,3801.0,2784.0,783176.0,1.0
2908,2.0,6.095780829628938e+18,21233595.0,36260.0,2.0,1.0,37.0,264.0,11525.0,12324.0,646239.0,0.0
2909,1.0,1.4955103094188083e+19,21697125.0,37461.0,3.0,1.0,5863157.0,18409.0,36399.0,66509.0,0.0,0.0
2910,1.0,8.374971958388247e+18,3819348.0,4832.0,2.0,1.0,160.0,2849.0,4094.0,5192.0,7760339.0,1.0
2911,1.0,1.1171792574441318e+19,20757972.0,34550.0,2.0,1.0,6105.0,1219.0,4859.0,994.0,4012504.0,1.0
2912,1.0,1.3683376947755565e+19,20410115.0,6969.0,2.0,1.0,1384.0,14114.0,165838.0,123846.0,164587.0,1.0
2913,1.0,2.8068192128413297e+18,22141518.0,38756.0,3.0,3.0,6889497.0,34.0,18784.0,20632.0,8007657.0,0.0
2914,1.0,1.2746032365649443e+19,9822471.0,7122.0,2.0,2.0,538535.0,6877.0,115398.0,137941.0,0.0,0.0
2915,1.0,8.288930363230609e+18,20915048.0,29706.0,2.0,2.0,11377.0,6.0,705.0,251.0,6908069.0,0.0
2916,1.0,2.8275773662324854e+17,21186478.0,35793.0,2.0,1.0,608210.0,1687.0,11129.0,1153.0,69914.0,0.0
2917,1.0,1.2495520268223492e+19,21882002.0,37877.0,3.0,2.0,25304.0,37.0,7137.0,55396.0,0.0,0.0
2918,1.0,1.205787899908646e+19,20192676.0,27961.0,1.0,1.0,24309.0,39.0,131.0,440.0,402851.0,1.0
2919,1.0,8.99455707050858e+18,20030165.0,23799.0,2.0,2.0,14864209.0,12.0,290.0,417.0,3832848.0,0.0
2920,1.0,1.4340390157469403e+19,20640000.0,23808.0,2.0,2.0,16615.0,902.0,52.0,61.0,604837.0,1.0
2921,1.0,1.034946865176566e+19,21522776.0,37422.0,1.0,1.0,0.0,0.0,26.0,28.0,21922222.0,0.0
2922,1.0,1.205787899908646e+19,20163214.0,27961.0,2.0,2.0,1648828.0,1754.0,3699.0,4325.0,0.0,0.0
2923,3.0,1.4140300435418186e+18,21246154.0,1502.0,2.0,2.0,15.0,10.0,76.0,101.0,242164.0,1.0
2924,4.0,6.561076208560099e+18,21362551.0,36607.0,2.0,1.0,39494.0,3872.0,40630.0,315.0,2652310.0,1.0
2925,3.0,1.534580965468811e+19,4231387.0,9375.0,2.0,2.0,24.0,935.0,3604.0,4259.0,4134208.0,0.0
2926,1.0,7.35991282596101e+18,10538006.0,28514.0,1.0,1.0,78772.0,63928.0,99019.0,87481.0,7516346.0,1.0
2927,2.0,2.061296188583326e+18,6373308.0,387.0,3.0,3.0,239365.0,27381.0,241444.0,126.0,0.0,0.0
2928,1.0,4.1286333491424783e+18,21327679.0,35306.0,1.0,1.0,3501.0,475.0,1249.0,1071.0,22675012.0,0.0
2929,10.0,1.1121833691387079e+19,21134703.0,23807.0,2.0,1.0,13643.0,31.0,364.0,8.0,38255.0,0.0
2930,1.0,1.0375418294753681e+19,20885005.0,2631.0,2.0,1.0,41541.0,98063.0,317816.0,289385.0,1324341.0,1.0
2931,2.0,3.583186794558268e+18,21402172.0,36906.0,1.0,1.0,13663.0,19833.0,22118.0,98381.0,121885.0,1.0
2932,7.0,9.75107224858461e+18,10850146.0,29713.0,2.0,1.0,231616.0,6710.0,10599.0,15677.0,272467.0,0.0
2933,1.0,1.7446436672557894e+19,1590298.0,357.0,2.0,2.0,14970512.0,903843.0,12009.0,11907.0,102853.0,0.0
2934,1.0,5.374257999930465e+18,20975337.0,35280.0,2.0,2.0,10145381.0,43395.0,1226504.0,1971.0,0.0,0.0
2935,1.0,1.5145480155589095e+19,21927071.0,23807.0,3.0,1.0,1.0,3.0,30.0,32.0,2751780.0,1.0
2936,1.0,3.188592109011308e+18,21493296.0,37299.0,2.0,1.0,51.0,31.0,855.0,1532.0,12417155.0,1.0
2937,1.0,1.205787899908646e+19,20146601.0,27961.0,1.0,1.0,7817133.0,71605.0,153756.0,139878.0,1252596.0,0.0
2938,2.0,1.4340390157469403e+19,21360116.0,23777.0,2.0,1.0,5779.0,18815.0,380.0,401.0,0.0,0.0
2939,1.0,1.4340390157469403e+19,20644045.0,23808.0,2.0,2.0,98.0,2.0,1.0,3.0,2554879.0,1.0
2940,3.0,5.888277431783336e+18,7955188.0,6520.0,2.0,1.0,249797.0,17504.0,100632.0,108728.0,0.0,0.0
2941,1.0,4.945098023753992e+18,10770432.0,30157.0,1.0,1.0,2803.0,5401.0,30961.0,11594.0,14494941.0,0.0
2942,1.0,5.851252814446936e+18,21477571.0,28698.0,2.0,1.0,3363.0,30301.0,384460.0,315284.0,3652857.0,0.0
2943,1.0,8.159791719848325e+18,20878275.0,29707.0,2.0,2.0,15542032.0,22892.0,28363.0,28017.0,0.0,0.0
2944,1.0,1.7363854844105064e+19,20017083.0,23798.0,1.0,1.0,123862.0,18159.0,24368.0,23091.0,367991.0,0.0
2945,1.0,1.0650740765261496e+19,20463463.0,2590.0,3.0,1.0,73215.0,27106.0,741686.0,623141.0,0.0,0.0
2946,1.0,4.279810355714429e+18,21022637.0,17238.0,1.0,1.0,4992452.0,16868.0,33000.0,19509.0,9517796.0,1.0
2947,4.0,5.5111324610218e+18,20829202.0,10040.0,2.0,1.0,286232.0,17171.0,14660.0,19423.0,0.0,1.0
2948,2.0,1.034946865176566e+19,21522776.0,37422.0,2.0,1.0,0.0,0.0,12.0,4.0,3877016.0,0.0
2949,1.0,9.75107224858461e+18,10850149.0,29713.0,2.0,1.0,39920.0,247.0,827.0,1469.0,624898.0,1.0
2950,1.0,4.203081172173604e+18,20087223.0,28647.0,2.0,1.0,1440927.0,47872.0,67552.0,71459.0,0.0,0.0
2951,5.0,1.8375698827927091e+19,8152572.0,7925.0,1.0,1.0,283223.0,1413.0,26025.0,5329.0,579976.0,0.0
2952,1.0,8.718971903532905e+18,20897438.0,35075.0,2.0,2.0,308.0,32099.0,139.0,201.0,9654710.0,1.0
2953,1.0,1.6708107841529162e+19,20550719.0,30792.0,2.0,2.0,2004025.0,583138.0,3660494.0,3129977.0,0.0,0.0
2954,1.0,1.4340390157469403e+19,21163924.0,23808.0,1.0,1.0,20384926.0,273.0,540.0,67.0,0.0,1.0
2955,4.0,8.134264174510893e+18,10593107.0,1268.0,1.0,1.0,433231.0,2408.0,1616.0,2.0,0.0,1.0
2956,1.0,7.903914528320191e+18,21162522.0,1325.0,3.0,1.0,463688.0,2721.0,22.0,23.0,7268662.0,1.0
2957,2.0,8.68525378866767e+18,4223138.0,6040.0,2.0,2.0,5985004.0,1002.0,40959.0,46093.0,1718356.0,1.0
2958,1.0,4.2981186814246446e+18,7060231.0,385.0,1.0,1.0,40393.0,11509.0,20298.0,583.0,0.0,0.0
2959,2.0,1.4340390157469403e+19,9027314.0,23808.0,2.0,2.0,34.0,6.0,70.0,89.0,1049027.0,0.0
2960,1.0,3.9009252466243267e+18,3818465.0,15545.0,2.0,1.0,57550.0,31870.0,71739.0,116293.0,2433841.0,1.0
2961,1.0,1.1121833691387079e+19,21134703.0,23807.0,2.0,1.0,5450.0,756.0,5914.0,8.0,3502251.0,0.0
2962,1.0,8.134264174510893e+18,10593107.0,1268.0,2.0,2.0,450356.0,4598.0,3395.0,2.0,0.0,0.0
2963,1.0,1.5145480155589095e+19,21954123.0,23807.0,3.0,1.0,1968823.0,6.0,3657.0,3983.0,0.0,0.0
2964,1.0,1.205787899908646e+19,20164275.0,27961.0,1.0,1.0,896275.0,5457.0,6122.0,6952.0,5126558.0,0.0
2965,1.0,1.5809973790763559e+19,22096510.0,38500.0,3.0,3.0,749.0,29.0,1412.0,1662.0,8567267.0,1.0
2966,1.0,5.706236631129736e+18,1211044.0,1052.0,3.0,2.0,3762800.0,1174.0,58400.0,69911.0,2747760.0,0.0
2967,1.0,1.378706943073524e+19,20609987.0,20016.0,2.0,1.0,884509.0,295427.0,2407482.0,2908.0,7873924.0,1.0
2968,1.0,1.205787899908646e+19,20163203.0,27961.0,2.0,2.0,4661967.0,662.0,570.0,842.0,1884126.0,1.0
2969,1.0,1.205787899908646e+19,20222563.0,27961.0,2.0,1.0,631.0,287.0,549.0,942.0,12111247.0,1.0
2970,1.0,1.205787899908646e+19,20222348.0,27961.0,1.0,1.0,3378037.0,13551.0,14731.0,15947.0,2045341.0,1.0
2971,1.0,2.338929193756991e+18,20286637.0,879.0,1.0,1.0,250082.0,133038.0,295063.0,231828.0,2561961.0,1.0
2972,1.0,4.64611632822069e+18,21007076.0,14437.0,3.0,1.0,1254949.0,20484.0,40213.0,37855.0,4027081.0,0.0
2973,1.0,1.4340390157469403e+19,21360119.0,23777.0,2.0,1.0,2200894.0,6781.0,48214.0,922.0,2256207.0,1.0
2974,1.0,2.0021430589649848e+18,21364449.0,24124.0,1.0,1.0,7639423.0,1352.0,3046.0,3980.0,6020218.0,0.0
2975,2.0,3.4102864191727846e+18,4323322.0,13970.0,3.0,3.0,122212.0,266515.0,2045507.0,1611871.0,0.0,0.0
2976,1.0,7.903914528320191e+18,20869505.0,2010.0,1.0,1.0,23116779.0,110.0,260.0,70.0,10498259.0,1.0
2977,2.0,1.205787899908646e+19,20161638.0,27961.0,1.0,1.0,952882.0,259653.0,559398.0,498743.0,0.0,1.0
2978,2.0,1.4340390157469403e+19,6434912.0,23777.0,2.0,1.0,5076.0,16.0,36.0,44.0,1606640.0,1.0
2979,1.0,1.4756578758696272e+19,22139493.0,3625.0,1.0,1.0,22076727.0,375052.0,1662472.0,810408.0,57025.0,1.0
2980,1.0,1.4964837739872602e+19,20050781.0,2332.0,3.0,2.0,53932.0,14600.0,24079.0,22443.0,8583530.0,0.0
2981,2.0,1.4340390157469403e+19,9027213.0,23808.0,1.0,1.0,1.0,1.0,0.0,0.0,352126.0,0.0
2982,1.0,4.969291200346086e+18,10798387.0,3383.0,1.0,1.0,523548.0,1062.0,781.0,1102.0,15597104.0,0.0
2983,2.0,8.813902859733762e+18,20886690.0,34840.0,2.0,1.0,405.0,206.0,552.0,822.0,1014181.0,0.0
2984,1.0,5.5111324610218e+18,2082724.0,10040.0,2.0,1.0,5538.0,7708.0,61438.0,55332.0,405791.0,1.0
2985,1.0,1.3278450016008706e+19,20704689.0,34277.0,2.0,1.0,10607737.0,2765.0,47287.0,47781.0,1304168.0,1.0
2986,1.0,1.3311343438192927e+19,3806502.0,23791.0,2.0,1.0,1956.0,24.0,31.0,33.0,10110136.0,0.0
2987,2.0,8.289320799800034e+18,20138203.0,32362.0,3.0,1.0,14167.0,23880.0,50460.0,157324.0,87389.0,1.0
2988,2.0,1.5859647530187389e+19,4291071.0,23778.0,3.0,2.0,1.0,25.0,11.0,24.0,1868247.0,1.0
2989,1.0,1.3090221289647714e+19,20174985.0,23795.0,1.0,1.0,86529.0,79.0,3.0,7.0,16096138.0,0.0
2990,1.0,1.190425621705067e+18,20137593.0,21767.0,1.0,1.0,15893271.0,5745.0,1565.0,4339.0,13537485.0,0.0
2991,1.0,1.7363854844105064e+19,20017083.0,23798.0,2.0,1.0,604602.0,6486.0,5358.0,5664.0,2309768.0,1.0
2992,1.0,4.1286333491424783e+18,20975300.0,35306.0,3.0,2.0,1458195.0,23927.0,28506.0,29808.0,0.0,0.0
2993,1.0,1.4340390157469403e+19,21163925.0,23808.0,1.0,1.0,453.0,1914.0,2813.0,120.0,20492649.0,0.0
2994,1.0,1.4340390157469403e+19,3059964.0,23777.0,2.0,1.0,89915.0,71698.0,187929.0,159595.0,1960823.0,1.0
2995,2.0,1.205787899908646e+19,20163609.0,27961.0,1.0,1.0,11833298.0,74.0,119.0,186.0,5285836.0,1.0
2996,3.0,1.4340390157469403e+19,3063574.0,23777.0,2.0,2.0,37089.0,7251.0,266767.0,221890.0,180493.0,1.0
2997,1.0,1.4340390157469403e+19,21163924.0,23808.0,2.0,2.0,123.0,129.0,2113.0,67.0,15967409.0,1.0
2998,1.0,4.945098023753992e+18,10768013.0,30157.0,3.0,3.0,130540.0,16248.0,211828.0,4108.0,7081637.0,1.0
2999,1.0,5.851252814446936e+18,21477679.0,28698.0,2.0,1.0,59.0,212.0,179.0,177.0,115321.0,0.0
3000,27.0,1.205787899908646e+19,20174778.0,27961.0,2.0,1.0,7567.0,2939.0,13177.0,13073.0,0.0,0.0
3001,3.0,7.903914528320191e+18,20885621.0,2010.0,1.0,1.0,828328.0,101408.0,274175.0,251535.0,0.0,0.0
3002,1.0,1.205787899908646e+19,20192676.0,27961.0,2.0,1.0,30.0,39.0,131.0,440.0,15714367.0,1.0
3003,1.0,2.384965375254388e+18,21498382.0,37339.0,2.0,1.0,12771427.0,44277.0,125714.0,6481.0,0.0,0.0
3004,1.0,8.848021695083077e+18,20287136.0,2387.0,1.0,1.0,50202.0,80605.0,188419.0,7617.0,400184.0,1.0
3005,1.0,1.1363457806790746e+19,20137552.0,26278.0,2.0,1.0,3702.0,57.0,124.0,176.0,13014874.0,1.0
3006,1.0,7.192262647570558e+18,20652446.0,33585.0,2.0,2.0,4158957.0,24602.0,22813.0,21737.0,0.0,0.0
3007,1.0,1.3742635301971245e+19,21345296.0,36687.0,2.0,1.0,4809.0,8415.0,132930.0,308.0,1839316.0,0.0
3008,2.0,1.205787899908646e+19,20192652.0,27961.0,2.0,1.0,8774822.0,623.0,2755.0,99.0,137608.0,0.0
3009,4.0,1.2972158645927619e+19,10409424.0,29128.0,1.0,1.0,4525.0,1858.0,6244.0,5345.0,407524.0,0.0
3010,1.0,7.149460228816293e+18,3356988.0,7313.0,2.0,1.0,2898.0,5663.0,174173.0,35343.0,4872519.0,1.0
3011,1.0,1.4340390157469403e+19,4449694.0,23777.0,2.0,2.0,15041986.0,33276.0,116722.0,101844.0,7706583.0,1.0
3012,2.0,1.1328945947534832e+19,10242026.0,28149.0,2.0,1.0,9064067.0,835.0,26018.0,179.0,0.0,0.0
3013,2.0,5.5111324610218e+18,10600897.0,10040.0,2.0,2.0,286614.0,2951.0,1962.0,1142.0,636264.0,0.0
3014,1.0,2.126360308048533e+18,2207523.0,20133.0,1.0,1.0,56223.0,26930.0,61492.0,17628.0,18.0,0.0
3015,1.0,1.472591010280254e+18,20741544.0,34469.0,3.0,2.0,1010604.0,2549.0,26868.0,25363.0,3465221.0,1.0
3016,1.0,1.205787899908646e+19,20222693.0,27961.0,2.0,1.0,320.0,326.0,215.0,319.0,4379945.0,0.0
3017,1.0,1.6718318332879909e+19,21300049.0,4983.0,1.0,1.0,10.0,52.0,15097.0,9927.0,6767124.0,0.0
3018,1.0,5.888277431783336e+18,7955186.0,6520.0,3.0,3.0,2514.0,6197.0,88.0,117.0,8920146.0,0.0
3019,1.0,1.717805808148279e+19,21478951.0,36884.0,2.0,2.0,11190.0,2164.0,114211.0,24182.0,5623390.0,0.0
3020,1.0,1.803776767567231e+19,20812893.0,12192.0,3.0,3.0,8059417.0,10858.0,15980.0,17217.0,8906636.0,0.0
3021,2.0,8.802768287123155e+18,20871586.0,34758.0,3.0,3.0,19.0,18.0,42.0,47.0,9173578.0,0.0
3022,1.0,5.260594170071819e+16,3048013.0,23782.0,1.0,1.0,46047.0,33169.0,33329.0,33581.0,3469223.0,1.0
3023,1.0,1.4340390157469403e+19,20644007.0,23808.0,3.0,2.0,830.0,530.0,309.0,333.0,1002077.0,1.0
3024,2.0,1.4340390157469403e+19,10110306.0,23808.0,2.0,2.0,2709067.0,592.0,669.0,43.0,0.0,0.0
3025,1.0,7.702957811170654e+18,20895787.0,34897.0,2.0,1.0,8954142.0,899.0,11274.0,6141.0,3687696.0,0.0
3026,1.0,9.052279626430256e+18,4330653.0,12264.0,1.0,1.0,24901614.0,7969.0,14968.0,16007.0,21979033.0,0.0
3027,1.0,1.205787899908646e+19,20186351.0,27961.0,1.0,1.0,1162.0,1561.0,1573.0,2005.0,22137049.0,1.0
3028,1.0,1.1392960204272774e+17,21249311.0,14800.0,3.0,2.0,94443.0,24485.0,107866.0,13871.0,761236.0,0.0
3029,1.0,1.4340390157469403e+19,21163921.0,23808.0,3.0,1.0,7787331.0,556.0,2770.0,38.0,2233918.0,1.0
3030,1.0,1.5652909498366538e+19,20687864.0,3522.0,2.0,2.0,25976.0,14517.0,195132.0,139710.0,43491.0,0.0
3031,1.0,1.205787899908646e+19,20192990.0,27961.0,1.0,1.0,6.0,4.0,39.0,55.0,36872.0,0.0
3032,1.0,1.3775933840698946e+19,20892824.0,149.0,2.0,1.0,7810.0,42601.0,35927.0,274708.0,9199730.0,1.0
3033,1.0,1.4340390157469403e+19,9027213.0,23808.0,3.0,1.0,1.0,1.0,0.0,0.0,8464840.0,0.0
3034,1.0,1.4362489131629173e+19,20073972.0,2387.0,2.0,2.0,9737052.0,12286.0,61362.0,60996.0,5245890.0,1.0
3035,1.0,1.4340390157469403e+19,6435241.0,23777.0,2.0,2.0,13379824.0,67267.0,82680.0,73463.0,0.0,0.0
3036,1.0,1.7706399846363152e+19,3138992.0,1739.0,2.0,1.0,12119372.0,235.0,66125.0,49348.0,0.0,0.0
3037,1.0,1.4340390157469403e+19,21163921.0,23808.0,2.0,1.0,11742419.0,3899.0,8041.0,38.0,0.0,1.0
3038,1.0,1.4340390157469403e+19,20644061.0,23808.0,2.0,1.0,11693001.0,8226.0,3705.0,9.0,11436836.0,1.0
3039,2.0,3.823702657028056e+18,10805783.0,23649.0,2.0,2.0,373870.0,236650.0,838937.0,681645.0,1308793.0,1.0
3040,1.0,1.3090221289647714e+19,20174985.0,23795.0,1.0,1.0,31.0,135.0,3.0,7.0,17696677.0,1.0
3041,1.0,1.7291005660315484e+19,21408049.0,36251.0,3.0,3.0,7069355.0,455.0,26034.0,49096.0,0.0,0.0
3042,1.0,2.7136401430322857e+18,4332108.0,8894.0,1.0,1.0,17322361.0,1668.0,942.0,1240.0,0.0,0.0
3043,4.0,2.314655600168317e+18,3741657.0,15543.0,3.0,2.0,3938.0,2901.0,21782.0,111741.0,0.0,0.0
3044,1.0,7.903914528320191e+18,21162437.0,1325.0,2.0,1.0,5335.0,29471.0,58682.0,66721.0,426875.0,1.0
3045,1.0,8.528072690319393e+18,20553879.0,33628.0,2.0,1.0,6301389.0,891.0,186820.0,53318.0,14340.0,0.0
3046,1.0,1.45471995323033e+19,22087868.0,10935.0,3.0,1.0,110247.0,31034.0,625351.0,109384.0,106501.0,1.0
3047,1.0,1.5234067465152874e+19,9821123.0,16951.0,2.0,2.0,4830176.0,77354.0,500919.0,429746.0,0.0,0.0
3048,4.0,1.205787899908646e+19,20164354.0,27961.0,1.0,1.0,1628257.0,1048.0,1193.0,1555.0,0.0,1.0
3049,1.0,5.6086723970388685e+17,21139863.0,27660.0,2.0,2.0,14974297.0,1920.0,63738.0,67539.0,11919343.0,0.0
3050,1.0,1.3090221289647714e+19,20174985.0,23795.0,1.0,1.0,460.0,3387.0,3.0,7.0,19794339.0,1.0
3051,1.0,1.445280056686617e+19,10587773.0,29696.0,3.0,2.0,5484589.0,4896.0,12878.0,14450.0,477602.0,1.0
3052,407.0,1.1921123343780997e+18,21526752.0,25400.0,3.0,1.0,1023.0,724.0,51533.0,24252.0,0.0,1.0
3053,1.0,1.205787899908646e+19,20164275.0,27961.0,3.0,3.0,462096.0,25266.0,341333.0,286517.0,269605.0,0.0
3054,1.0,4.694576046336984e+18,21488282.0,19788.0,3.0,3.0,228543.0,20738.0,344267.0,286436.0,663136.0,0.0
3055,1.0,8.374971958388247e+18,3819353.0,4832.0,1.0,1.0,20419117.0,17126.0,29543.0,32214.0,0.0,1.0
3056,1.0,2.1115975172883315e+18,21167206.0,35100.0,2.0,2.0,1123.0,389.0,664.0,893.0,1285520.0,0.0
3057,1.0,7.484333488664585e+18,21090281.0,34691.0,2.0,2.0,4634492.0,2518.0,569.0,748.0,0.0,0.0
3058,3.0,1.205787899908646e+19,20180819.0,27961.0,1.0,1.0,3564.0,5569.0,4578.0,5283.0,5816382.0,1.0
3059,1.0,1.232058871367395e+18,21811818.0,37750.0,3.0,1.0,372.0,29.0,1159.0,1367.0,4989423.0,1.0
3060,2.0,1.5145480155589095e+19,20888612.0,23807.0,2.0,2.0,369931.0,2498.0,5.0,11.0,0.0,0.0
3061,2.0,2.6009916479816904e+18,21822263.0,37492.0,2.0,1.0,296482.0,42.0,265.0,9041.0,0.0,0.0
3062,1.0,1.5859647530187389e+19,2989726.0,23778.0,1.0,1.0,82.0,104.0,62.0,79.0,18514880.0,0.0
3063,1.0,1.3416878294870458e+19,3066490.0,23786.0,1.0,1.0,477.0,314.0,207.0,115.0,15333210.0,0.0
3064,1.0,5.735887172259082e+18,20374158.0,854.0,2.0,2.0,4566.0,5597.0,57117.0,54502.0,14071651.0,1.0
3065,18.0,1.4340390157469403e+19,3126748.0,23777.0,2.0,2.0,744.0,6588.0,10932.0,10929.0,0.0,1.0
3066,5.0,1.205787899908646e+19,20221063.0,27961.0,2.0,2.0,34839.0,31090.0,147016.0,128319.0,0.0,1.0
3067,1.0,1.4340390157469403e+19,9027213.0,23808.0,2.0,1.0,1.0,1.0,0.0,0.0,7665562.0,0.0
3068,1.0,1.205787899908646e+19,20149051.0,27961.0,2.0,1.0,3294229.0,301097.0,662900.0,578393.0,0.0,1.0
3069,1.0,1.595507548723284e+18,20187608.0,24362.0,1.0,1.0,112.0,418.0,392.0,787.0,1785403.0,1.0
3070,1.0,3.011959141886622e+18,21400706.0,36898.0,2.0,1.0,1028778.0,4120.0,27750.0,87.0,222580.0,1.0
3071,1.0,1.8634158276164214e+18,21926038.0,36911.0,3.0,1.0,88629.0,4921.0,12218.0,12093.0,568738.0,0.0
3072,1.0,1.205787899908646e+19,20157182.0,27961.0,3.0,2.0,1658834.0,224212.0,868177.0,696623.0,0.0,0.0
3073,1.0,2.4609632119299773e+18,20326064.0,14026.0,2.0,2.0,10971372.0,511227.0,1526908.0,1199465.0,672163.0,0.0
3074,2.0,1.4531867648059392e+19,3831880.0,27486.0,3.0,1.0,2579988.0,390.0,1206.0,387.0,0.0,0.0
3075,1.0,7.170467406196526e+18,20303658.0,32779.0,1.0,1.0,921912.0,105977.0,213144.0,147988.0,0.0,0.0
3076,1.0,1.64941973088479e+19,20075568.0,29617.0,2.0,2.0,763313.0,51122.0,285881.0,255200.0,0.0,0.0
3077,1.0,5.120683440510468e+18,8676734.0,1268.0,3.0,1.0,904815.0,5967.0,5370.0,13.0,52182.0,1.0
3078,1.0,6.715049002232656e+18,3065545.0,23783.0,1.0,1.0,471069.0,45.0,40.0,53.0,22461202.0,0.0
3079,1.0,1.7414446823271944e+19,21967098.0,38189.0,3.0,3.0,321.0,37.0,116129.0,72248.0,982418.0,1.0
3080,15.0,1.103017298478924e+19,20875599.0,13688.0,2.0,1.0,65123.0,33781.0,100685.0,93139.0,0.0,1.0
3081,6.0,9.806838428950888e+18,21811756.0,37737.0,1.0,1.0,4269.0,145.0,580.0,2334.0,0.0,1.0
3082,1.0,4.2981186814246446e+18,7831262.0,385.0,2.0,1.0,15883362.0,123060.0,182008.0,574.0,0.0,1.0
3083,1.0,9.75107224858461e+18,10939146.0,29713.0,2.0,2.0,1368.0,254.0,210.0,311.0,2777771.0,1.0
3084,1.0,5.120683440510468e+18,8676724.0,1268.0,2.0,1.0,32713.0,40.0,45.0,13.0,4363197.0,0.0
3085,2.0,6.263749423537724e+18,21881309.0,36720.0,1.0,1.0,36.0,817.0,1204.0,137.0,13855.0,0.0
3086,1.0,1.2008802452575791e+19,22158484.0,38640.0,2.0,2.0,27.0,410.0,420.0,552.0,14338809.0,0.0
3087,1.0,8.065635526050976e+18,22103023.0,38585.0,3.0,2.0,661049.0,30265.0,1422339.0,1195917.0,2086367.0,0.0
3088,1.0,1.4900486754301755e+19,1842450.0,3767.0,2.0,1.0,15571833.0,6796.0,141481.0,133999.0,84643.0,0.0
3089,2.0,1.205787899908646e+19,20203709.0,27961.0,1.0,1.0,67.0,158.0,83.0,109.0,157976.0,1.0
3090,1.0,1.4626833446006837e+19,21345381.0,20934.0,1.0,1.0,10704.0,26019.0,42804.0,57444.0,3887451.0,1.0
3091,1.0,1.7245542574473951e+19,4280665.0,24089.0,3.0,1.0,379912.0,197341.0,1350682.0,1072448.0,0.0,0.0
3092,1.0,5.260594170071819e+16,3048011.0,23782.0,1.0,1.0,2103.0,84.0,68.0,104.0,12651037.0,1.0
3093,1.0,1.7171684670985843e+19,10588348.0,20551.0,3.0,2.0,4415.0,357.0,20798.0,19981.0,1018116.0,1.0
3094,1.0,5.787243245924429e+18,20619655.0,17429.0,2.0,1.0,254477.0,12186.0,166824.0,167015.0,5371375.0,0.0
3095,1.0,1.205787899908646e+19,20163232.0,27961.0,1.0,1.0,10153.0,3757.0,4183.0,4919.0,3528544.0,1.0
3096,1.0,1.203306359509442e+19,20870184.0,34674.0,2.0,1.0,18754.0,1991.0,22131.0,21154.0,7595801.0,0.0
3097,1.0,1.2869476132568216e+19,20945286.0,17630.0,2.0,2.0,13410142.0,21391.0,44090.0,49179.0,0.0,0.0
3098,2.0,1.3416878294870458e+19,3066490.0,23786.0,1.0,1.0,275740.0,314.0,207.0,115.0,23508658.0,1.0
3099,1.0,3.5992068307408466e+18,21300784.0,27218.0,3.0,3.0,384034.0,128856.0,2509839.0,1691016.0,0.0,0.0
3100,1.0,4.637617796948496e+18,9890677.0,5585.0,2.0,1.0,8542600.0,97476.0,1159162.0,29373.0,364024.0,1.0
3101,1.0,1.3756257544627677e+19,10706715.0,24354.0,3.0,2.0,38.0,20.0,316.0,434.0,7880126.0,1.0
3102,1.0,1.4340390157469403e+19,3060493.0,23777.0,2.0,2.0,5175917.0,1160.0,19374.0,18647.0,0.0,0.0
3103,1.0,1.3981740271925166e+19,21189927.0,35838.0,2.0,1.0,1126.0,2489.0,30710.0,287.0,4872142.0,1.0
3104,1.0,1.3416878294870458e+19,3066490.0,23786.0,1.0,1.0,281.0,375.0,246.0,115.0,23747620.0,1.0
3105,1.0,5.5111324610218e+18,3853577.0,10040.0,2.0,2.0,163440.0,67616.0,1385.0,1625.0,15407150.0,0.0
3106,1.0,1.205787899908646e+19,20170556.0,27961.0,2.0,2.0,86.0,64.0,184.0,334.0,6459892.0,0.0
3107,1.0,1.3414304502537273e+19,21408951.0,36680.0,2.0,2.0,1216.0,2134.0,2272.0,1692.0,11432.0,0.0
3108,1.0,7.360279425078247e+18,20788618.0,30195.0,2.0,2.0,903448.0,132328.0,528421.0,23135.0,298569.0,1.0
3109,1.0,1.4340390157469403e+19,21163927.0,23808.0,3.0,1.0,469578.0,43625.0,89138.0,136.0,1548052.0,0.0
3110,1.0,1.3756257544627677e+19,8350708.0,24035.0,2.0,1.0,326.0,1008.0,35689.0,2090.0,1374626.0,1.0
3111,2.0,1.4340390157469403e+19,4418725.0,23808.0,2.0,1.0,2035.0,3596.0,7304.0,7467.0,629979.0,1.0
3112,1.0,1.205787899908646e+19,20163574.0,27961.0,2.0,1.0,381.0,74.0,119.0,186.0,621972.0,0.0
3113,1.0,4.715060038847304e+18,21140699.0,24279.0,2.0,1.0,52328.0,200373.0,381356.0,408901.0,2435702.0,0.0
3114,5.0,1.205787899908646e+19,20163488.0,27961.0,1.0,1.0,389394.0,15180.0,15882.0,16699.0,3669206.0,0.0
3115,1.0,1.205787899908646e+19,20157628.0,27961.0,3.0,3.0,0.0,0.0,49.0,60.0,10792398.0,0.0
3116,1.0,6.714165904582839e+18,21112894.0,35609.0,2.0,1.0,13700.0,19162.0,181753.0,165618.0,1623454.0,1.0
3117,1.0,7.505357268458075e+18,21206177.0,35983.0,1.0,1.0,25197959.0,3202.0,29433.0,315.0,17063308.0,1.0
3118,1.0,1.147957373620592e+19,21164200.0,24130.0,3.0,2.0,844648.0,64733.0,141856.0,137414.0,0.0,0.0
3119,2.0,4.1286333491424783e+18,20975187.0,35306.0,2.0,2.0,68126.0,129138.0,495302.0,683736.0,0.0,1.0
3120,1.0,5.345544339361683e+18,5858687.0,23796.0,1.0,1.0,14523.0,4730.0,6.0,12.0,5348446.0,1.0
3121,1.0,1.205787899908646e+19,20157163.0,27961.0,1.0,1.0,2439.0,10823.0,13975.0,14163.0,7861114.0,0.0
3122,1.0,9.175736586663888e+18,22073141.0,38327.0,3.0,3.0,953191.0,29054.0,585519.0,30238.0,2608172.0,0.0
3123,1.0,9.390444283884915e+18,4248340.0,10655.0,2.0,1.0,90192.0,207.0,346.0,491.0,988296.0,1.0
3124,1.0,1.5145480155589095e+19,20889292.0,23807.0,2.0,1.0,6226.0,899.0,5.0,11.0,7283940.0,0.0
3125,1.0,1.4340390157469403e+19,21360099.0,23777.0,2.0,1.0,4825471.0,461.0,488.0,211.0,0.0,0.0
3126,1.0,1.205787899908646e+19,20174764.0,27961.0,1.0,1.0,20269027.0,3796.0,11296.0,12452.0,195920.0,1.0
3127,1.0,1.7299638493773875e+18,9583575.0,23637.0,1.0,1.0,750.0,2070.0,283.0,185.0,2592289.0,1.0
3128,1.0,1.4340390157469403e+19,3200239.0,23777.0,1.0,1.0,5864.0,131.0,641.0,90.0,18543284.0,1.0
3129,4.0,6.022501597409948e+18,4231093.0,25632.0,2.0,1.0,16803.0,3073.0,884.0,1101.0,6326.0,0.0
3130,1.0,1.205787899908646e+19,20192676.0,27961.0,1.0,1.0,63.0,39.0,131.0,440.0,1614692.0,0.0
3131,1.0,3.823702657028056e+18,10764260.0,23649.0,2.0,2.0,9387.0,16406.0,102102.0,99289.0,856679.0,0.0
3132,1.0,8.786832949005555e+18,20882167.0,3831.0,2.0,1.0,51246.0,4417.0,34486.0,46666.0,553399.0,1.0
3133,1.0,1.7299638493773875e+18,9585623.0,23637.0,3.0,1.0,297.0,3217.0,23082.0,364.0,1655947.0,1.0
3134,3.0,1.205787899908646e+19,20163225.0,27961.0,2.0,2.0,3260525.0,581.0,13322.0,13183.0,5828342.0,0.0
3135,1.0,6.015301734198921e+18,20873264.0,10201.0,3.0,1.0,5456.0,14587.0,57239.0,4703.0,10193031.0,0.0
3136,1.0,1.4601918583178455e+19,21300983.0,2369.0,2.0,2.0,2032.0,83.0,41318.0,40888.0,1049588.0,0.0
3137,1.0,6.715049002232656e+18,3065545.0,23783.0,2.0,1.0,589.0,60.0,54.0,78.0,14517799.0,0.0
3138,1.0,3.5885953601784837e+18,21359692.0,2564.0,1.0,1.0,18926124.0,36195.0,600.0,907.0,34470.0,0.0
3139,1.0,1.4531867648059392e+19,21780199.0,27482.0,1.0,1.0,59328.0,8616.0,6471.0,6.0,494514.0,1.0
3140,1.0,5.308285339368021e+18,2882248.0,23778.0,2.0,1.0,30903.0,593.0,216.0,320.0,169286.0,0.0
3141,1.0,5.260594170071819e+16,3048011.0,23782.0,1.0,1.0,640.0,965.0,605.0,215.0,17789368.0,1.0
3142,1.0,1.4347859242938208e+19,21717679.0,33931.0,2.0,2.0,38723.0,32351.0,213139.0,268801.0,27024.0,1.0
3143,1.0,1.4756578758696272e+19,20715823.0,3625.0,2.0,1.0,4444559.0,207033.0,1950592.0,895.0,0.0,0.0
3144,1.0,8.357823133451141e+18,22039344.0,21018.0,2.0,2.0,678312.0,1635.0,66090.0,37463.0,330809.0,0.0
3145,1.0,1.7299638493773875e+18,9584169.0,23637.0,2.0,1.0,3113.0,106.0,2401.0,223.0,243803.0,0.0
3146,2.0,7.17322321251095e+18,20813083.0,16943.0,2.0,2.0,3043548.0,58329.0,128239.0,12479.0,0.0,0.0
3147,1.0,3.7698575157336136e+18,21912518.0,23014.0,2.0,2.0,6374174.0,37558.0,156898.0,134384.0,1706351.0,0.0
3148,1.0,1.205787899908646e+19,20183538.0,27961.0,1.0,1.0,517.0,4479.0,3066.0,3335.0,420356.0,0.0
3149,1.0,1.4340390157469403e+19,20644045.0,23808.0,1.0,1.0,32625.0,2.0,1.0,3.0,30414.0,0.0
3150,1.0,1.7299638493773875e+18,9585571.0,23637.0,1.0,1.0,69523.0,32.0,249.0,110.0,828035.0,0.0
3151,3.0,1.3243640383761205e+19,20900491.0,2401.0,2.0,1.0,52739.0,617.0,946.0,1339.0,1524107.0,1.0
3152,1.0,1.682665206743772e+19,4354085.0,24159.0,1.0,1.0,17227.0,256.0,194.0,276.0,17537929.0,0.0
3153,1.0,1.205787899908646e+19,20203751.0,27961.0,2.0,1.0,519336.0,265729.0,1542.0,1806.0,133895.0,0.0
3154,1.0,1.4340390157469403e+19,9027437.0,23808.0,2.0,1.0,5691.0,19.0,20.0,20.0,1947201.0,0.0
3155,1.0,2.4347563200652785e+18,21173714.0,29273.0,2.0,1.0,4.0,7.0,98.0,69.0,643530.0,0.0
3156,1.0,2.6928596198512824e+18,4336682.0,2051.0,1.0,1.0,53290.0,26750.0,26897.0,24662.0,20616108.0,1.0
3157,1.0,4.774481492345202e+18,21835301.0,36540.0,2.0,1.0,10587510.0,394840.0,1143290.0,910482.0,5558037.0,1.0
3158,1.0,9.102118953715763e+18,4331399.0,13140.0,2.0,2.0,403.0,565.0,848.0,577.0,1640546.0,0.0
3159,1.0,1.9952917878195843e+18,20388868.0,29479.0,2.0,2.0,29677.0,103705.0,8046.0,938.0,2820137.0,1.0
3160,1.0,2.949171466398627e+18,21098691.0,35552.0,2.0,2.0,11445778.0,110980.0,159010.0,705.0,668433.0,1.0
3161,1.0,1.7416456869218626e+19,20553641.0,7795.0,3.0,1.0,145226.0,172196.0,1524158.0,1370145.0,1011171.0,1.0
3162,2.0,1.205787899908646e+19,20180250.0,27961.0,1.0,1.0,820.0,108.0,111.0,225.0,5300729.0,0.0
3163,1.0,1.205787899908646e+19,20157587.0,27961.0,3.0,3.0,0.0,0.0,7.0,14.0,7667317.0,0.0
3164,1.0,1.4340390157469403e+19,10396338.0,23808.0,2.0,1.0,975877.0,1698.0,1288.0,1506.0,2359685.0,0.0
3165,1.0,6.554071398932205e+18,4404667.0,908.0,2.0,1.0,1619.0,805.0,1783.0,3239.0,173527.0,1.0
3166,1.0,1.4340390157469403e+19,3061809.0,23777.0,3.0,2.0,7704017.0,31629.0,48474.0,44356.0,31015.0,0.0
3167,1.0,1.4340390157469403e+19,21163921.0,23808.0,3.0,1.0,70661.0,26946.0,96448.0,38.0,4524863.0,1.0
3168,1.0,1.1407118079064066e+19,21438631.0,36873.0,2.0,1.0,730690.0,15806.0,143320.0,123489.0,3652301.0,0.0
3169,1.0,1.205787899908646e+19,20222975.0,27961.0,2.0,1.0,14192104.0,69856.0,111865.0,97903.0,1097043.0,0.0
3170,1.0,3.100795200235647e+18,9017982.0,5691.0,2.0,1.0,3036.0,11822.0,54987.0,57813.0,1455904.0,0.0
3171,1.0,1.4964837739872602e+19,20036920.0,2332.0,2.0,1.0,9377852.0,4079.0,27067.0,27698.0,7290994.0,1.0
3172,1.0,1.3756257544627677e+19,20587331.0,24354.0,3.0,2.0,208076.0,15252.0,35007.0,32504.0,0.0,0.0
3173,1.0,5.592921308094544e+18,21099583.0,8834.0,2.0,1.0,429123.0,43349.0,149576.0,133274.0,398021.0,1.0
3174,1.0,5.07990106805139e+18,21483226.0,25928.0,2.0,2.0,41049.0,130833.0,706075.0,571959.0,4702703.0,1.0
3175,1.0,6.608251685683224e+18,4279424.0,8149.0,2.0,2.0,4691181.0,17618.0,291388.0,98866.0,0.0,1.0
3176,1.0,7.610072010132474e+17,21960804.0,38175.0,2.0,1.0,7206.0,8858.0,134874.0,60268.0,21937.0,0.0
3177,1.0,4.192533441706128e+18,20148696.0,2533.0,2.0,1.0,3605.0,4296.0,9030.0,9645.0,3947768.0,0.0
3178,1.0,3.1150992080209403e+18,21372958.0,22660.0,2.0,1.0,438837.0,160378.0,1226220.0,952047.0,397118.0,1.0
3179,1.0,1.5689252236861137e+19,20569506.0,24130.0,2.0,2.0,9294.0,10810.0,786.0,451.0,6565539.0,0.0
3180,1.0,7.903914528320191e+18,21162514.0,1325.0,2.0,2.0,12648259.0,40663.0,24.0,25.0,3741587.0,1.0
3181,1.0,3.229732257804712e+18,1924423.0,6994.0,2.0,1.0,5072894.0,7135.0,10292.0,7501.0,62682.0,0.0
3182,1.0,1.205787899908646e+19,20163487.0,27961.0,1.0,1.0,15100438.0,1185.0,79900.0,75299.0,11798849.0,0.0
3183,4.0,1.4340390157469403e+19,9027213.0,23808.0,2.0,1.0,70.0,1.0,0.0,0.0,3985221.0,0.0
3184,1.0,8.119057108691817e+18,20876635.0,34760.0,1.0,1.0,605.0,199.0,34.0,40.0,7549220.0,1.0
3185,3.0,1.2236336944143577e+19,21258667.0,35141.0,3.0,2.0,2973.0,3639.0,4849.0,6078.0,0.0,1.0
3186,4.0,1.091569775399666e+19,21854121.0,37808.0,3.0,2.0,1395.0,204.0,78139.0,69387.0,2847442.0,0.0
3187,1.0,6.912851286990253e+18,20027179.0,18918.0,1.0,1.0,50472.0,97703.0,412513.0,366939.0,17999527.0,1.0
3188,3.0,1.205787899908646e+19,20185525.0,27961.0,1.0,1.0,457.0,934.0,1152.0,1463.0,8679558.0,1.0
3189,2.0,2.6009916479816904e+18,21822275.0,37492.0,2.0,1.0,9.0,43.0,265.0,1730.0,9066767.0,1.0
3190,1.0,2.837251504134271e+17,21260995.0,30105.0,1.0,1.0,273373.0,17746.0,370285.0,3562.0,0.0,0.0
3191,1.0,9.581735255994331e+18,8620841.0,4906.0,2.0,1.0,1728.0,1552.0,112.0,9443.0,2511725.0,0.0
3192,1.0,1.1288378057162324e+19,21327042.0,879.0,2.0,1.0,527.0,41.0,2173.0,4935.0,13896530.0,0.0
3193,1.0,1.8831478617090847e+18,21020879.0,14000.0,2.0,1.0,209.0,1374.0,2019.0,2164.0,15028466.0,1.0
3194,1.0,1.5989049276530887e+19,20314323.0,23824.0,2.0,1.0,2537.0,9977.0,20220.0,31.0,5805893.0,1.0
3195,1.0,5.480333621830912e+18,4350940.0,10945.0,2.0,1.0,1126572.0,66414.0,522320.0,423787.0,926973.0,1.0
3196,1.0,1.205787899908646e+19,20192676.0,27961.0,2.0,2.0,1534244.0,58.0,779.0,2150.0,1241518.0,0.0
3197,5.0,6.358273138009531e+18,21259350.0,1303.0,2.0,1.0,19522.0,61918.0,359486.0,3220.0,0.0,1.0
3198,2.0,2.137528403495601e+18,20218301.0,23801.0,3.0,3.0,1.0,3.0,48.0,58.0,1571815.0,0.0
3199,1.0,1.360523891478254e+19,7779106.0,27501.0,3.0,1.0,132308.0,46754.0,58876.0,53076.0,1981497.0,1.0
3200,1.0,1.7299638493773875e+18,9585571.0,23637.0,1.0,1.0,18.0,32.0,249.0,110.0,14235823.0,0.0
3201,1.0,5.260594170071819e+16,3048011.0,23782.0,1.0,1.0,6671.0,705.0,470.0,769.0,11150562.0,1.0
3202,1.0,7.53061282059421e+18,20874956.0,34761.0,3.0,1.0,5538279.0,50.0,99349.0,5432.0,9695355.0,1.0
3203,1.0,2.6928596198512824e+18,4333159.0,2051.0,2.0,1.0,444.0,3094.0,4688.0,5055.0,1575721.0,1.0
3204,1.0,1.3416878294870458e+19,3066490.0,23786.0,2.0,2.0,281.0,375.0,246.0,115.0,16641198.0,1.0
3205,1.0,1.205787899908646e+19,20170543.0,27961.0,3.0,3.0,69433.0,22385.0,185301.0,175667.0,180299.0,0.0
3206,1.0,1.3756257544627677e+19,20587348.0,24354.0,2.0,1.0,4901039.0,489.0,875.0,1079.0,3033393.0,0.0
3207,1.0,1.8700442407286835e+18,21272608.0,36441.0,3.0,2.0,14767.0,27353.0,1290.0,294.0,79717.0,1.0
3208,1.0,1.7120538644288414e+19,20704517.0,34306.0,3.0,2.0,1523197.0,5001.0,137808.0,2987.0,2431547.0,1.0
3209,1.0,1.205787899908646e+19,20163506.0,27961.0,1.0,1.0,1425455.0,1351.0,1131.0,1464.0,22173710.0,1.0
3210,1.0,3.717198117925449e+18,20124005.0,30195.0,2.0,1.0,1242344.0,1915.0,9059.0,1356.0,1154800.0,0.0
3211,1.0,1.3090221289647714e+19,20174982.0,23795.0,1.0,1.0,7786.0,6515.0,3.0,7.0,16063682.0,0.0
3212,4.0,1.205787899908646e+19,20163238.0,27961.0,2.0,1.0,778266.0,4076.0,8922.0,9373.0,0.0,0.0
3213,1.0,1.0846751646955758e+19,21416175.0,3114.0,3.0,2.0,858726.0,33476.0,1175616.0,935419.0,214229.0,0.0
3214,1.0,1.3384857948156529e+18,20758985.0,33931.0,2.0,2.0,3529511.0,633472.0,1641375.0,8403.0,5775570.0,0.0
3215,1.0,1.323070457056964e+19,20319947.0,32941.0,2.0,2.0,9608666.0,1852.0,1309.0,1956.0,59166.0,0.0
3216,1.0,1.5728490660725918e+19,2869817.0,21226.0,2.0,2.0,17458.0,6011.0,27632.0,19584.0,13514168.0,0.0
3217,1.0,1.0726002060893145e+19,20036558.0,23800.0,3.0,2.0,97.0,1864.0,1187.0,1620.0,2929620.0,1.0
3218,1.0,1.3756257544627677e+19,8350700.0,24035.0,1.0,1.0,55.0,195.0,1952.0,2400.0,948987.0,1.0
3219,2.0,3.696983513507999e+17,10401637.0,29286.0,1.0,1.0,28747.0,42927.0,46331.0,4017.0,3785409.0,1.0
3220,2.0,2.039620248402007e+18,21194640.0,34292.0,2.0,2.0,87082.0,1432.0,2418.0,2664.0,0.0,1.0
3221,1.0,8.134264174510893e+18,10951007.0,1268.0,2.0,1.0,1398679.0,418655.0,1508262.0,2.0,7203287.0,0.0
3222,2.0,4.2981186814246446e+18,20092450.0,385.0,1.0,1.0,16842963.0,8975.0,42274.0,79754.0,7591742.0,1.0
3223,1.0,1.7299638493773875e+18,9584237.0,23637.0,2.0,2.0,10102242.0,23226.0,217767.0,112.0,0.0,0.0
3224,59.0,7.903914528320191e+18,21162424.0,1325.0,2.0,2.0,1575.0,6243.0,16790.0,17819.0,0.0,1.0
3225,1.0,2.0021430589649848e+18,20945331.0,24124.0,3.0,1.0,2171.0,1262.0,114605.0,151.0,7948829.0,1.0
3226,1.0,1.2860330221988952e+19,21406816.0,36895.0,2.0,1.0,3912918.0,566.0,151694.0,308.0,176483.0,0.0
3227,1.0,1.3676343896596736e+18,21401017.0,36897.0,2.0,2.0,12477733.0,2707.0,70671.0,111.0,60208.0,0.0
3228,2.0,1.4340390157469403e+19,9027213.0,23808.0,1.0,1.0,5.0,1.0,0.0,0.0,1111980.0,1.0
3229,141.0,3.672146191748648e+18,21346590.0,36724.0,3.0,3.0,136.0,587.0,357.0,487.0,0.0,1.0
3230,1.0,1.0536834335786252e+18,20363531.0,1340.0,1.0,1.0,7.0,5.0,33.0,339.0,18851063.0,0.0
3231,1.0,1.4340390157469403e+19,20643916.0,23808.0,2.0,1.0,832242.0,23081.0,5396.0,9.0,16861345.0,1.0
3232,1.0,8.134264174510893e+18,10951008.0,1268.0,2.0,1.0,99096.0,62370.0,210364.0,2.0,440532.0,1.0
3233,1.0,4.1286333491424783e+18,20975187.0,35306.0,1.0,1.0,10909809.0,345.0,3087.0,716.0,8146457.0,1.0
3234,1.0,1.1241145946944848e+19,21319811.0,21116.0,2.0,1.0,11433666.0,6363.0,10882.0,6689.0,7137103.0,0.0
3235,1.0,1.4340390157469403e+19,9027213.0,23808.0,2.0,1.0,5.0,1.0,0.0,0.0,11801677.0,1.0
3236,1.0,8.228487494650906e+18,4200092.0,4895.0,2.0,1.0,10248.0,1079.0,16851.0,18124.0,233461.0,1.0
3237,1.0,6.45457471735947e+18,3568417.0,13669.0,1.0,1.0,3081666.0,806.0,62411.0,96717.0,7366517.0,1.0
3238,1.0,1.136372424770545e+19,21336730.0,30405.0,2.0,1.0,9521.0,6083.0,180892.0,36255.0,76256.0,1.0
3239,1.0,1.205787899908646e+19,20149147.0,27961.0,2.0,2.0,1125730.0,74211.0,171622.0,153693.0,0.0,0.0
3240,1.0,6.866370298485688e+18,10082753.0,16892.0,2.0,2.0,15613704.0,2440.0,241507.0,318.0,0.0,1.0
3241,3.0,4.4281482458743736e+18,21326127.0,28441.0,2.0,1.0,1117.0,1996.0,3068.0,3337.0,6621112.0,0.0
3242,1.0,7.953863969799817e+18,20197923.0,5058.0,2.0,2.0,176352.0,24768.0,1432.0,1197.0,864201.0,0.0
3243,1.0,1.4340390157469403e+19,10397481.0,23808.0,1.0,1.0,1154.0,800.0,16.0,167.0,19490678.0,0.0
3244,1.0,2.6928596198512824e+18,21732528.0,2051.0,2.0,1.0,10750.0,29542.0,76527.0,1778.0,12211824.0,1.0
3245,1.0,1.3503262172158704e+19,21818974.0,1185.0,2.0,1.0,1814788.0,19853.0,45172.0,216.0,0.0,0.0
3246,1.0,1.4340390157469403e+19,9027904.0,23808.0,2.0,2.0,3626513.0,47869.0,13537.0,13336.0,58000.0,1.0
3247,1.0,1.205787899908646e+19,20222176.0,27961.0,1.0,1.0,15183.0,6589.0,80817.0,75283.0,859477.0,0.0
3248,1.0,1.4756578758696272e+19,20717668.0,3625.0,2.0,2.0,10736846.0,20226.0,18077.0,17680.0,3490183.0,0.0
3249,1.0,5.260594170071819e+16,3048011.0,23782.0,1.0,1.0,137839.0,747.0,698.0,1218.0,7473118.0,1.0
3250,2.0,1.2837504198869455e+19,21947151.0,30627.0,2.0,2.0,6555.0,2544.0,511936.0,16585.0,0.0,1.0
3251,1.0,1.4340390157469403e+19,9027615.0,23808.0,1.0,1.0,18833904.0,341.0,315.0,433.0,0.0,1.0
3252,1.0,1.136372424770545e+19,20121908.0,30405.0,3.0,1.0,45959.0,1698.0,161752.0,138056.0,1558990.0,1.0
3253,1.0,7.583003028210444e+18,20896027.0,33272.0,2.0,1.0,4895102.0,1009528.0,2827090.0,224.0,2616033.0,1.0
3254,1.0,7.877361752466289e+18,21119319.0,35491.0,2.0,2.0,103486.0,5925.0,263374.0,293687.0,2365864.0,0.0
3255,3.0,6.071356180946373e+18,20028359.0,32124.0,2.0,2.0,1672352.0,9302.0,11523.0,21817.0,452806.0,1.0
3256,1.0,1.205787899908646e+19,20163161.0,27961.0,1.0,1.0,22441688.0,21908.0,24983.0,26438.0,0.0,0.0
3257,1.0,1.205787899908646e+19,20221336.0,27961.0,2.0,1.0,216472.0,133170.0,404371.0,352592.0,3063563.0,1.0
3258,1.0,7.903914528320191e+18,21162434.0,1325.0,2.0,2.0,67382.0,1876.0,5069.0,6222.0,7505485.0,1.0
3259,15.0,2.670952723278905e+18,20172874.0,23805.0,2.0,2.0,1.0,3.0,35.0,16.0,652903.0,1.0
3260,1.0,1.0690898138793097e+19,5789324.0,23794.0,1.0,1.0,7165.0,77336.0,514.0,5128.0,19750928.0,1.0
3261,14.0,8.134264174510893e+18,10593104.0,1268.0,1.0,1.0,173253.0,1739.0,1367.0,128.0,0.0,0.0
3262,2.0,1.205787899908646e+19,20221336.0,27961.0,2.0,1.0,130864.0,13154.0,66264.0,63440.0,3479743.0,0.0
3263,1.0,1.3241947113854808e+19,20510718.0,28818.0,1.0,1.0,521820.0,92303.0,222734.0,187635.0,0.0,0.0
3264,1.0,1.147957373620592e+19,20569504.0,24130.0,2.0,2.0,72.0,585.0,2768.0,1525.0,7797875.0,0.0
3265,1.0,7.142644197552396e+18,20273663.0,32674.0,2.0,1.0,353.0,183.0,1767.0,2144.0,13091982.0,1.0
3266,1.0,1.2837504198869455e+19,20876745.0,30627.0,3.0,1.0,1055142.0,1566.0,201114.0,71599.0,4966505.0,1.0
3267,4.0,9.991057275835721e+17,20389222.0,30428.0,1.0,1.0,712317.0,20112.0,35465.0,32902.0,0.0,0.0
3268,2.0,1.2972158645927619e+19,10394295.0,29128.0,2.0,1.0,358261.0,14126.0,17276.0,25473.0,7634509.0,1.0
3269,1.0,8.178815518285778e+18,21924788.0,38072.0,3.0,1.0,5455932.0,1233.0,7370.0,1229.0,11897.0,0.0
3270,1.0,9.331859261151988e+18,21272618.0,36385.0,2.0,2.0,4929627.0,125.0,1275.0,16365.0,67582.0,0.0
3271,1.0,1.7509127536650932e+19,10854269.0,10890.0,2.0,2.0,8178698.0,625.0,2484.0,880.0,677477.0,0.0
3272,1.0,1.205787899908646e+19,20192557.0,27961.0,1.0,1.0,16528.0,15353.0,25769.0,47648.0,22707690.0,1.0
3273,1.0,1.0198599311013974e+19,21441974.0,37039.0,2.0,2.0,353.0,27298.0,237650.0,194754.0,15529059.0,1.0
3274,1.0,6.942157315486517e+18,20593387.0,33694.0,2.0,1.0,225854.0,268.0,7273.0,3961.0,4479895.0,0.0
3275,1.0,7.088270862969167e+18,21125746.0,35603.0,2.0,2.0,119.0,50.0,568.0,1335.0,14523391.0,0.0
3276,3.0,3.0099647630329375e+18,20600407.0,2580.0,2.0,2.0,272441.0,399110.0,891979.0,713794.0,0.0,0.0
3277,1.0,1.1721869958809297e+19,21099685.0,13401.0,3.0,3.0,479835.0,26838.0,93414.0,91842.0,168629.0,0.0
3278,1.0,4.2981186814246446e+18,21866026.0,385.0,2.0,2.0,1588392.0,14735.0,24865.0,23556.0,4402792.0,1.0
3279,1.0,1.0776730737156379e+19,21832437.0,37768.0,3.0,2.0,375694.0,288117.0,1307966.0,1470065.0,104.0,0.0
3280,1.0,1.4202400320781967e+19,20890366.0,27503.0,3.0,2.0,72700.0,51142.0,667879.0,538564.0,2238101.0,0.0
3281,1.0,5.694962621524833e+18,20687334.0,5550.0,2.0,2.0,3928813.0,1447.0,7384.0,34893.0,514827.0,1.0
3282,1.0,8.363781040394014e+18,10959866.0,23806.0,2.0,1.0,10750.0,253.0,37.0,46.0,339907.0,1.0
3283,1.0,2.6928596198512824e+18,4212764.0,2051.0,2.0,2.0,1667.0,109.0,385.0,56.0,145704.0,1.0
3284,1.0,5.120683440510468e+18,8680139.0,1268.0,2.0,2.0,126701.0,146933.0,107.0,35.0,5421730.0,0.0
3285,1.0,1.3060522790484675e+18,3340349.0,3070.0,2.0,1.0,311691.0,8661.0,230687.0,214962.0,2397890.0,0.0
3286,1.0,1.4531867648059392e+19,21780989.0,27482.0,1.0,1.0,19423318.0,53491.0,61803.0,6.0,0.0,1.0
3287,1.0,9.102118953715763e+18,4331399.0,13140.0,2.0,2.0,144735.0,565.0,848.0,577.0,15151787.0,0.0
3288,1.0,1.6304370816939864e+19,22004580.0,37195.0,3.0,3.0,6485560.0,832120.0,3239736.0,2534973.0,0.0,1.0
3289,1.0,1.4340390157469403e+19,9027213.0,23808.0,1.0,1.0,1.0,1.0,0.0,0.0,4351585.0,0.0
3290,1.0,1.0342457146541693e+19,4339009.0,13031.0,1.0,1.0,24470500.0,41035.0,104426.0,91506.0,8133916.0,1.0
3291,3.0,4.2981186814246446e+18,21866029.0,385.0,1.0,1.0,14035333.0,292683.0,888906.0,739026.0,869169.0,0.0
3292,1.0,1.3243640383761205e+19,20900490.0,2401.0,1.0,1.0,38792.0,3717.0,5421.0,6664.0,133955.0,0.0
3293,1.0,1.1363187206695905e+19,21258329.0,36310.0,3.0,2.0,803173.0,11408.0,34040.0,61530.0,585979.0,1.0
3294,1.0,6.306604626543082e+18,21019008.0,35424.0,2.0,1.0,9978056.0,75701.0,336669.0,299233.0,13245027.0,1.0
3295,1.0,1.273071853069928e+18,1542350.0,9604.0,2.0,1.0,9734.0,29124.0,17555.0,16996.0,10517992.0,1.0
3296,1.0,8.119057108691817e+18,20876635.0,34760.0,1.0,1.0,68.0,100.0,34.0,40.0,1838061.0,1.0
3297,3.0,1.6662550820893366e+19,21099837.0,27628.0,2.0,1.0,34138.0,28550.0,813621.0,723637.0,0.0,1.0
3298,1.0,1.4340390157469403e+19,3126907.0,23777.0,1.0,1.0,12817151.0,16826.0,14727.0,14405.0,170529.0,1.0
3299,16.0,1.5005909604118043e+19,20369836.0,33268.0,1.0,1.0,8541.0,5174.0,29717.0,35766.0,0.0,0.0
3300,1.0,1.0664591050012752e+19,20800941.0,30128.0,2.0,1.0,22820.0,3435.0,6423.0,12923.0,16673188.0,1.0
3301,1.0,7.903914528320191e+18,21162433.0,1325.0,2.0,1.0,3262.0,7179.0,27851.0,30600.0,15286701.0,1.0
3302,1.0,5.226973959665842e+18,21187736.0,34590.0,2.0,1.0,2748994.0,108687.0,620756.0,479226.0,0.0,0.0
3303,1.0,8.134264174510893e+18,10951033.0,1268.0,1.0,1.0,15303.0,116.0,92.0,2.0,18300644.0,1.0
3304,1.0,1.3795219518596815e+19,20881776.0,7411.0,3.0,1.0,80491.0,556.0,7104.0,7279.0,4393233.0,1.0
3305,2.0,2.7659720161423985e+18,4419916.0,4862.0,1.0,1.0,533.0,142.0,180.0,258.0,369007.0,1.0
3306,1.0,1.6270183512748022e+19,20412082.0,28929.0,2.0,1.0,6167.0,952.0,676.0,845.0,2658119.0,1.0
3307,1.0,2.6928596198512824e+18,4351081.0,2051.0,1.0,1.0,3651638.0,5196.0,13886.0,81.0,0.0,0.0
3308,1.0,1.3771105145726681e+19,21205776.0,35349.0,2.0,2.0,1505.0,95.0,29872.0,34326.0,1078253.0,1.0
3309,1.0,1.3862496093273506e+19,1923548.0,14853.0,3.0,2.0,4961307.0,19084.0,78293.0,51326.0,0.0,1.0
3310,1.0,1.4347859242938208e+19,21022283.0,33931.0,3.0,1.0,75548.0,190308.0,619863.0,490115.0,0.0,0.0
3311,1.0,5.468727571223081e+18,4214364.0,1381.0,3.0,3.0,110963.0,238.0,34353.0,684.0,0.0,0.0
3312,1.0,1.3912629105337039e+19,3815970.0,24571.0,1.0,1.0,7541.0,4679.0,42072.0,38917.0,6158202.0,0.0
3313,1.0,6.253008145208041e+18,21583879.0,2218.0,1.0,1.0,25900039.0,84090.0,207060.0,176146.0,0.0,0.0
3314,1.0,1.4340390157469403e+19,3207415.0,23777.0,2.0,1.0,144.0,651.0,455.0,594.0,16866230.0,0.0
3315,7.0,1.1038660142914585e+19,22095836.0,38505.0,3.0,1.0,187.0,204.0,195114.0,441.0,0.0,1.0
3316,1.0,8.956947070343242e+17,20757980.0,34520.0,1.0,1.0,16642084.0,11277.0,26732.0,29620.0,4024979.0,0.0
3317,1.0,1.8425200088803072e+19,20033125.0,23790.0,1.0,1.0,42.0,160.0,27.0,29.0,17767403.0,1.0
3318,1.0,1.5366517485002252e+19,6794421.0,10611.0,3.0,3.0,6103443.0,5939.0,9405.0,9664.0,0.0,0.0
3319,1.0,1.8415437192232227e+19,21375509.0,36820.0,2.0,2.0,267666.0,17409.0,83106.0,7546.0,474672.0,1.0
3320,1.0,4.6055291155997635e+18,20970138.0,6017.0,2.0,1.0,30949.0,66379.0,534430.0,40967.0,1513480.0,1.0
3321,1.0,1.4340390157469403e+19,9027448.0,23808.0,1.0,1.0,44671.0,2018.0,56.0,68.0,4876558.0,0.0
3322,2.0,9.45917755559769e+18,21163059.0,5466.0,2.0,1.0,33719.0,45102.0,186562.0,174391.0,10040232.0,1.0
3323,1.0,1.570947928247294e+19,20588401.0,33692.0,3.0,1.0,1051.0,959.0,1350.0,1817.0,4377975.0,0.0
3324,1.0,1.2972158645927619e+19,10409397.0,29128.0,2.0,2.0,484478.0,3661.0,24656.0,30547.0,1103350.0,0.0
3325,1.0,8.875653401840625e+17,21758585.0,37465.0,2.0,2.0,11627630.0,71087.0,419775.0,1121.0,385749.0,1.0
3326,1.0,1.4340390157469403e+19,20644045.0,23808.0,1.0,1.0,16590.0,2.0,1.0,3.0,11451300.0,1.0
3327,1.0,6.399024617856669e+18,21299608.0,36491.0,2.0,2.0,119.0,147.0,10482.0,121.0,13402805.0,1.0
3328,1.0,3.463042789580341e+18,21125862.0,30418.0,1.0,1.0,16320.0,14898.0,24979.0,10379.0,3464311.0,0.0
3329,1.0,1.4340390157469403e+19,9027728.0,23808.0,3.0,1.0,80922.0,128.0,1318.0,1535.0,66196.0,0.0
3330,1.0,1.223405680971054e+19,21787000.0,37359.0,3.0,1.0,473625.0,4.0,67.0,84.0,0.0,0.0
3331,1.0,5.589649412465737e+18,21459934.0,35035.0,1.0,1.0,1316.0,7854.0,407.0,274.0,21739489.0,1.0
3332,13.0,1.8849175979017254e+17,21393586.0,24151.0,2.0,1.0,4882.0,712.0,9041.0,10435.0,0.0,1.0
3333,1.0,1.4340390157469403e+19,20644006.0,23808.0,2.0,1.0,1135.0,3821.0,1566.0,333.0,193607.0,1.0
3334,1.0,1.4323005455789568e+18,7404806.0,8820.0,3.0,1.0,10411.0,35711.0,5230.0,5555.0,9925651.0,1.0
3335,1.0,1.4531867648059392e+19,3831878.0,27486.0,2.0,2.0,48284.0,1183.0,2648.0,279.0,342940.0,0.0
3336,1.0,1.7190505978019734e+19,21834395.0,36519.0,2.0,2.0,14612842.0,6289.0,39543.0,36407.0,214488.0,0.0
3337,1.0,8.99455707050858e+18,20030165.0,23799.0,3.0,1.0,17.0,28.0,41.0,52.0,353431.0,1.0
3338,1.0,3.3899792130639693e+18,10302771.0,28652.0,2.0,1.0,13687076.0,515036.0,1253554.0,996524.0,3333089.0,1.0
3339,1.0,7.903914528320191e+18,21162257.0,1325.0,3.0,1.0,83.0,34.0,684.0,36.0,179700.0,1.0
3340,1.0,1.528847499694849e+19,4271257.0,23778.0,2.0,2.0,97775.0,1080.0,1889.0,2135.0,738976.0,0.0
3341,1.0,7.903914528320191e+18,21162421.0,1325.0,1.0,1.0,1478.0,5965.0,9639.0,11384.0,50102.0,1.0
3342,2.0,1.1436740804012392e+18,20569311.0,24897.0,2.0,1.0,94844.0,25107.0,40382.0,37167.0,0.0,0.0
3343,2.0,1.569083990533624e+19,21483547.0,37283.0,2.0,1.0,1617888.0,447.0,939.0,3547.0,178128.0,1.0
3344,1.0,5.410547229158581e+18,6456196.0,24173.0,2.0,2.0,12495.0,63461.0,77.0,102.0,950757.0,1.0
3345,3.0,1.4340390157469403e+19,9027213.0,23808.0,3.0,1.0,1.0,1.0,0.0,0.0,5797445.0,0.0
3346,1.0,1.0130810933441032e+19,5413257.0,23497.0,1.0,1.0,24293272.0,6120.0,3488.0,3143.0,5684323.0,1.0
3347,1.0,1.6853885997037853e+19,4229453.0,7919.0,2.0,2.0,1380.0,228.0,5104.0,11693.0,1637310.0,0.0
3348,1.0,1.3756257544627677e+19,20587938.0,24354.0,2.0,1.0,8724.0,454.0,533.0,709.0,1875173.0,1.0
3349,2.0,1.1980448099668263e+19,21239576.0,35836.0,1.0,1.0,10707.0,27416.0,58231.0,59651.0,5462.0,1.0
3350,5.0,1.205787899908646e+19,20163591.0,27961.0,1.0,1.0,5542.0,9.0,18.0,837.0,0.0,1.0
3351,1.0,5.888277431783336e+18,4352279.0,6520.0,1.0,1.0,412.0,790.0,562.0,562.0,12199381.0,0.0
3352,1.0,1.4340390157469403e+19,21163923.0,23808.0,1.0,1.0,48460.0,3736.0,6252.0,34.0,7532055.0,1.0
3353,2.0,5.851252814446936e+18,21477644.0,28698.0,2.0,1.0,367695.0,199949.0,983583.0,786359.0,187389.0,1.0
3354,1.0,1.703675381942866e+19,21425263.0,36955.0,1.0,1.0,261.0,453.0,37596.0,111.0,18658323.0,0.0
3355,1.0,5.851252814446936e+18,20132333.0,28698.0,2.0,1.0,12273512.0,681.0,16856.0,11584.0,1150077.0,0.0
3356,2.0,1.6689374305059609e+19,20203322.0,5058.0,2.0,1.0,39005.0,30012.0,757.0,954.0,3117741.0,1.0
3357,1.0,1.205787899908646e+19,20163505.0,27961.0,2.0,1.0,8644.0,1815.0,2328.0,2770.0,12133816.0,0.0
3358,1.0,2.0021430589649848e+18,21320102.0,24124.0,2.0,1.0,14480152.0,17456.0,73563.0,313042.0,1550938.0,0.0
3359,1.0,2.6928596198512824e+18,21736466.0,2051.0,3.0,2.0,8330079.0,18003.0,9378.0,63.0,0.0,1.0
3360,16.0,5.5111324610218e+18,2082697.0,10040.0,2.0,2.0,10131.0,1730.0,5211.0,6881.0,0.0,1.0
3361,1.0,3.1267969424291625e+18,21127478.0,20560.0,2.0,2.0,212505.0,21193.0,119739.0,125928.0,5228718.0,0.0
3362,1.0,2.0021430589649848e+18,20188693.0,24124.0,2.0,2.0,26.0,52.0,91.0,122.0,114233.0,0.0
3363,1.0,4.712803502518088e+18,21245620.0,30602.0,3.0,2.0,7792973.0,78961.0,885295.0,414457.0,0.0,0.0
3364,1.0,1.043061867439321e+19,20527537.0,28837.0,3.0,2.0,68570.0,182735.0,308.0,418.0,61285.0,1.0
3365,1.0,8.288930363230609e+18,20915048.0,29706.0,3.0,3.0,765.0,49747.0,136579.0,251.0,5866490.0,0.0
3366,1.0,1.4340390157469403e+19,21360113.0,23777.0,2.0,1.0,44979.0,8914.0,56239.0,3546.0,547503.0,1.0
3367,1.0,7.903914528320191e+18,21162549.0,1325.0,2.0,1.0,14179198.0,8650.0,13791.0,16553.0,2144024.0,1.0
3368,1.0,1.2320109308167318e+19,21929368.0,38083.0,2.0,2.0,40.0,1103.0,11696.0,11039.0,15723263.0,1.0
3369,1.0,1.205787899908646e+19,20164263.0,27961.0,1.0,1.0,13317718.0,35709.0,143182.0,134844.0,5791553.0,1.0
3370,2.0,2.706254154103959e+18,20552531.0,30428.0,2.0,2.0,11510.0,16980.0,14733.0,14408.0,5725968.0,1.0
3371,1.0,1.5859647530187389e+19,4291071.0,23778.0,2.0,2.0,8886.0,25.0,11.0,24.0,492159.0,0.0
3372,1.0,9.662243402272995e+18,21273930.0,36286.0,2.0,1.0,185080.0,723.0,16923.0,1390.0,3070460.0,0.0
3373,1.0,1.052803256599095e+19,21439797.0,879.0,2.0,1.0,19455.0,36476.0,301213.0,301096.0,1331596.0,1.0
3374,1.0,5.120683440510468e+18,8676736.0,1268.0,3.0,1.0,371.0,3359.0,5411.0,35.0,2167084.0,1.0
3375,2.0,8.99455707050858e+18,20030165.0,23799.0,2.0,1.0,17.0,28.0,41.0,52.0,5396600.0,1.0
3376,1.0,1.4340390157469403e+19,20643966.0,23808.0,2.0,1.0,4075593.0,461.0,9.0,9.0,2403920.0,1.0
3377,1.0,1.604757700059963e+19,1521471.0,11767.0,2.0,2.0,10843425.0,17996.0,3238.0,47828.0,0.0,1.0
3378,1.0,1.2022490479286974e+19,21233982.0,2151.0,2.0,2.0,3951215.0,4575.0,208208.0,184836.0,821595.0,0.0
3379,3.0,9.957946336417681e+17,21174994.0,25062.0,2.0,1.0,883128.0,2362.0,1149.0,6350.0,0.0,0.0
3380,1.0,1.7363854844105064e+19,20017078.0,23798.0,1.0,1.0,252719.0,4670.0,4.0,4054.0,1689412.0,0.0
3381,1.0,1.18004602438444e+19,2683858.0,9246.0,1.0,1.0,18282192.0,1863.0,7318.0,7490.0,6275706.0,0.0
3382,2.0,1.6742159257768634e+19,6758621.0,2218.0,2.0,1.0,8600631.0,299347.0,999942.0,832001.0,1508488.0,0.0
3383,2.0,9.991057275835721e+17,10936066.0,30428.0,1.0,1.0,1731719.0,62376.0,79716.0,70876.0,5493501.0,1.0
3384,1.0,5.260594170071819e+16,3048013.0,23782.0,1.0,1.0,20213627.0,3171.0,2052.0,885.0,8057171.0,1.0
3385,1.0,1.7363854844105064e+19,20017082.0,23798.0,2.0,1.0,1375.0,986.0,751.0,949.0,6243611.0,1.0
3386,2.0,1.0726002060893145e+19,20036558.0,23800.0,1.0,1.0,2538.0,49.0,44.0,75.0,11731628.0,0.0
3387,1.0,1.435375703171181e+19,3499270.0,25703.0,2.0,2.0,20424.0,3651.0,6807.0,7516.0,8051784.0,0.0
3388,1.0,1.205787899908646e+19,20203752.0,27961.0,2.0,1.0,679161.0,2218.0,83.0,109.0,0.0,1.0
3389,1.0,1.4301931306179305e+19,21572364.0,37472.0,2.0,2.0,31685.0,1462.0,26111.0,11456.0,489362.0,0.0
3390,1.0,2.4127717961104635e+18,20067154.0,23781.0,2.0,2.0,1.0,3.0,53.0,1.0,12943793.0,1.0
3391,1.0,1.4340390157469403e+19,6434950.0,23777.0,2.0,1.0,1588072.0,61.0,86.0,114.0,6141888.0,1.0
3392,1.0,5.728541544103179e+18,20137873.0,30660.0,3.0,1.0,204375.0,5456.0,21575.0,20548.0,488065.0,1.0
3393,1.0,4.2981186814246446e+18,4470877.0,385.0,3.0,3.0,3440135.0,387835.0,851644.0,1115.0,0.0,1.0
3394,1.0,1.077230928844858e+19,20705603.0,34202.0,2.0,1.0,1854873.0,660.0,10046.0,10187.0,4768296.0,0.0
3395,1.0,1.6270183512748022e+19,20412082.0,28929.0,3.0,3.0,6349.0,7672.0,6152.0,7543.0,958250.0,1.0
3396,1.0,1.747484747591359e+19,21714115.0,37448.0,2.0,2.0,397319.0,1110.0,12469.0,12335.0,10823474.0,1.0
3397,1.0,1.1131349085590995e+19,21270892.0,19990.0,1.0,1.0,26020224.0,169540.0,309635.0,298351.0,0.0,0.0
3398,1.0,1.4340390157469403e+19,10110276.0,23808.0,2.0,1.0,242.0,75.0,927.0,43.0,13769022.0,1.0
3399,1.0,1.205787899908646e+19,20183516.0,27961.0,1.0,1.0,4602339.0,146.0,232.0,349.0,22724662.0,1.0
3400,1.0,6.235365353750534e+18,21141052.0,5160.0,2.0,1.0,9489589.0,339286.0,1479611.0,71469.0,140819.0,1.0
3401,35.0,1.523471329505401e+19,3499949.0,23964.0,2.0,1.0,17477.0,7290.0,26069.0,8234.0,0.0,1.0
3402,1.0,6.715049002232656e+18,3065545.0,23783.0,1.0,1.0,7308.0,370.0,241.0,402.0,2581316.0,1.0
3403,1.0,1.4340390157469403e+19,9027213.0,23808.0,1.0,1.0,5.0,1.0,0.0,0.0,17595063.0,1.0
3404,1.0,1.4646254558959196e+19,21104561.0,10939.0,2.0,1.0,1034483.0,2941.0,45233.0,77046.0,183319.0,0.0
3405,1.0,6.912851286990253e+18,20961446.0,19186.0,1.0,1.0,3372989.0,573689.0,538878.0,1836048.0,0.0,1.0
3406,1.0,1.5989049276530887e+19,20315072.0,23824.0,3.0,1.0,1493.0,10107.0,10031.0,31.0,727610.0,1.0
3407,1.0,1.205787899908646e+19,20157587.0,27961.0,3.0,3.0,0.0,0.0,7.0,14.0,9485094.0,0.0
3408,1.0,1.6949759439173958e+19,10405666.0,29900.0,2.0,1.0,300.0,42.0,101.0,134.0,1936245.0,0.0
3409,1.0,1.1315908569713166e+19,20311008.0,18070.0,2.0,2.0,2415.0,5937.0,220.0,324.0,77722.0,1.0
3410,3.0,4.236078092314023e+18,20682217.0,34186.0,2.0,1.0,412630.0,4325.0,5445.0,7476.0,175007.0,0.0
3411,1.0,7.903914528320191e+18,21162514.0,1325.0,2.0,1.0,22.0,36.0,24.0,25.0,1344802.0,1.0
3412,1.0,8.134264174510893e+18,10951033.0,1268.0,1.0,1.0,109046.0,116.0,92.0,2.0,18225432.0,1.0
3413,1.0,8.119057108691817e+18,20876635.0,34760.0,1.0,1.0,355.0,199.0,34.0,40.0,23430517.0,1.0
3414,1.0,1.4340390157469403e+19,3109623.0,23777.0,1.0,1.0,8094.0,25604.0,37206.0,34404.0,17563111.0,1.0
3415,1.0,1.7074040671271578e+19,21521982.0,37348.0,3.0,3.0,168792.0,37324.0,170994.0,29809.0,563449.0,0.0
3416,1.0,3.716295670814524e+18,21130143.0,28244.0,3.0,1.0,2427690.0,2602.0,5877.0,18957.0,352099.0,0.0
3417,8.0,7.137463797046619e+18,21340317.0,36665.0,2.0,1.0,20230.0,62327.0,185703.0,675.0,0.0,1.0
3418,1.0,1.4340390157469403e+19,3110734.0,23777.0,2.0,1.0,86.0,64.0,121.0,170.0,6516787.0,1.0
3419,1.0,1.4340390157469403e+19,6434934.0,23777.0,1.0,1.0,470274.0,14.0,10.0,17.0,123389.0,1.0
3420,1.0,1.608847813967667e+19,5936086.0,11565.0,2.0,1.0,2173617.0,103904.0,419468.0,336878.0,5311760.0,1.0
3421,1.0,1.5418245407175637e+19,21466468.0,34605.0,1.0,1.0,26755.0,25846.0,479981.0,115478.0,703050.0,1.0
3422,1.0,9.004035880665279e+18,20595493.0,33800.0,2.0,1.0,20384.0,6372.0,21933.0,22554.0,544060.0,1.0
3423,12.0,6.561076208560099e+18,21362408.0,36607.0,1.0,1.0,8542.0,754.0,7034.0,7364.0,0.0,1.0
3424,1.0,1.2089732170889036e+19,20360290.0,4218.0,1.0,1.0,233.0,730.0,1013.0,207.0,20788973.0,1.0
3425,1.0,1.9908161544255846e+18,20299638.0,19556.0,2.0,1.0,1525.0,7020.0,567489.0,489766.0,7626612.0,0.0
3426,1.0,1.5911835405946573e+19,21416591.0,36952.0,2.0,1.0,36156.0,1879.0,37974.0,5637.0,273097.0,1.0
3427,1.0,1.802732184055217e+19,21963784.0,38202.0,2.0,1.0,59488.0,12.0,662.0,702.0,903150.0,1.0
3428,1.0,1.4340390157469403e+19,10110402.0,23808.0,3.0,2.0,199.0,35.0,58.0,10.0,10887952.0,0.0
3429,1.0,1.4340390157469403e+19,3208152.0,23777.0,3.0,2.0,58642.0,12485.0,17044.0,16523.0,4168883.0,1.0
3430,1.0,1.1315908569713166e+19,20311434.0,18070.0,2.0,2.0,213359.0,8400.0,276.0,385.0,0.0,1.0
3431,1.0,1.4756578758696272e+19,21437356.0,3625.0,2.0,1.0,93487.0,255152.0,484744.0,394119.0,16351315.0,0.0
3432,1.0,1.2035910855037315e+19,4368231.0,21000.0,2.0,1.0,1601.0,47527.0,73688.0,106524.0,2529527.0,1.0
3433,1.0,1.1315908569713166e+19,20311333.0,18070.0,2.0,2.0,23.0,48.0,208.0,305.0,11829876.0,0.0
3434,2.0,1.3624759443011293e+19,4335863.0,12015.0,3.0,2.0,73713.0,48689.0,857692.0,621602.0,5464724.0,1.0
3435,1.0,7.875469388875643e+18,10478203.0,892.0,2.0,2.0,51463.0,69945.0,865964.0,47274.0,0.0,0.0
3436,1.0,7.206432731290207e+18,2322230.0,22969.0,2.0,1.0,6743721.0,191897.0,264017.0,221429.0,0.0,0.0
3437,1.0,1.205787899908646e+19,20186211.0,27961.0,2.0,2.0,990981.0,311.0,31475.0,40737.0,0.0,0.0
3438,1.0,482436910553333.0,3426748.0,1844.0,3.0,2.0,96640.0,27051.0,315608.0,261020.0,0.0,1.0
3439,1.0,5.851252814446936e+18,20135770.0,28698.0,1.0,1.0,20396761.0,129.0,1619.0,2163.0,80463.0,1.0
3440,1.0,8.134264174510893e+18,10950982.0,1268.0,3.0,1.0,113354.0,28757.0,36763.0,2.0,1625102.0,1.0
3441,1.0,1.4340390157469403e+19,9027615.0,23808.0,1.0,1.0,18599355.0,341.0,315.0,433.0,1087044.0,0.0
3442,1.0,5.888277431783336e+18,7955188.0,6520.0,2.0,1.0,5394.0,881.0,2433.0,3066.0,11573176.0,1.0
3443,1.0,7.771884441258275e+18,20108617.0,32367.0,3.0,1.0,5215.0,16645.0,397.0,64.0,8302315.0,1.0
3444,3.0,1.205787899908646e+19,20203709.0,27961.0,1.0,1.0,67.0,158.0,83.0,109.0,6267.0,1.0
3445,1.0,8.802768287123155e+18,20871585.0,34758.0,2.0,2.0,14832.0,10915.0,5431.0,47.0,4086526.0,0.0
3446,1.0,1.3243640383761205e+19,20900491.0,2401.0,3.0,1.0,2013.0,1321.0,6441.0,7896.0,7500326.0,0.0
3447,1.0,1.4340390157469403e+19,21163924.0,23808.0,2.0,1.0,593.0,145.0,588.0,62.0,74163.0,1.0
3448,1.0,1.1132806224225894e+19,4981148.0,10325.0,2.0,2.0,1742.0,49336.0,55441.0,41.0,1826707.0,0.0
3449,1.0,1.205787899908646e+19,20110128.0,27961.0,2.0,2.0,813931.0,58581.0,94799.0,87888.0,0.0,1.0
3450,1.0,1.5989049276530887e+19,20314199.0,23823.0,2.0,1.0,6003.0,26656.0,25158.0,23870.0,4958296.0,1.0
3451,1.0,4.1286333491424783e+18,21327674.0,35306.0,3.0,1.0,182564.0,14671.0,63609.0,36491.0,209756.0,0.0
3452,1.0,4.696782904677008e+18,3177874.0,23790.0,1.0,1.0,762.0,2580.0,32.0,54.0,2104945.0,1.0
3453,4.0,1.205787899908646e+19,20183655.0,27961.0,2.0,2.0,1118279.0,398.0,453.0,715.0,0.0,0.0
3454,2.0,8.99455707050858e+18,20030165.0,23799.0,2.0,1.0,18.0,28.0,41.0,52.0,8321830.0,1.0
3455,1.0,1.4347859242938208e+19,21022176.0,33931.0,1.0,1.0,755291.0,1059.0,4823.0,1721.0,0.0,1.0
3456,1.0,1.4340390157469403e+19,21360102.0,23777.0,2.0,1.0,1351978.0,323.0,28615.0,727.0,1398048.0,1.0
3457,1.0,9.960178603418085e+18,10647177.0,29475.0,2.0,2.0,35686.0,3236.0,631327.0,970916.0,15208376.0,0.0
3458,2.0,1.4340390157469403e+19,4820795.0,23777.0,1.0,1.0,19803580.0,326640.0,895550.0,710808.0,0.0,1.0
3459,1.0,1.7102150471910232e+19,5837402.0,19277.0,2.0,2.0,10670700.0,58891.0,1094653.0,198348.0,4721530.0,1.0
3460,1.0,1.7168357155400737e+18,21471349.0,37240.0,2.0,1.0,4980.0,14479.0,13580.0,13381.0,13377290.0,0.0
3461,1.0,5.888277431783336e+18,7955172.0,6520.0,1.0,1.0,15732.0,775.0,571.0,6884.0,4941308.0,0.0
3462,1.0,1.410991128041845e+19,4308836.0,8863.0,1.0,1.0,24467819.0,7526.0,56869.0,3468.0,4329995.0,1.0
3463,1.0,1.4340390157469403e+19,21163925.0,23808.0,2.0,1.0,4917.0,29736.0,56942.0,120.0,11279378.0,1.0
3464,1.0,6.677631988097691e+18,10109843.0,6599.0,2.0,2.0,1432.0,1423.0,28492.0,40510.0,7727228.0,0.0
3465,1.0,9.177217211763354e+18,4428126.0,28708.0,2.0,1.0,1875118.0,590.0,451.0,665.0,0.0,1.0
3466,3.0,3.156420633683947e+18,10940687.0,30883.0,2.0,1.0,135862.0,4189.0,24314.0,25640.0,0.0,1.0
3467,2.0,4.2981186814246446e+18,8054540.0,385.0,2.0,2.0,387252.0,486.0,460.0,322.0,10079592.0,0.0
3468,1.0,9.68084052881144e+18,21417788.0,36973.0,2.0,1.0,4509.0,3422.0,176669.0,151356.0,329014.0,0.0
3469,1.0,1.205787899908646e+19,20157562.0,27961.0,1.0,1.0,11515120.0,43041.0,57010.0,60969.0,0.0,0.0
3470,1.0,7.703279069701543e+18,21299640.0,4983.0,1.0,1.0,14.0,26.0,38.0,51.0,19098398.0,0.0
3471,1.0,1.205787899908646e+19,20183785.0,27961.0,1.0,1.0,180.0,102.0,161.0,244.0,6508651.0,0.0
3472,1.0,1.205787899908646e+19,20183697.0,27961.0,2.0,1.0,9138716.0,1534.0,5706.0,6484.0,0.0,0.0
3473,144.0,1.205787899908646e+19,20163508.0,27961.0,1.0,1.0,10703.0,2829.0,2916.0,3614.0,0.0,1.0
3474,1.0,9.750422518906778e+18,21222422.0,35880.0,3.0,2.0,119.0,147.0,12139.0,1224.0,5709346.0,0.0
3475,1.0,7.251627201518253e+18,20665407.0,2011.0,2.0,2.0,14632436.0,6398.0,38775.0,443.0,216803.0,0.0
3476,1.0,3.882914294452067e+18,20595171.0,854.0,1.0,1.0,8649626.0,101956.0,249435.0,476.0,135365.0,1.0
3477,1.0,1.0650740765261496e+19,10314748.0,2590.0,3.0,2.0,1518565.0,4327.0,98325.0,66713.0,0.0,0.0
3478,1.0,1.205787899908646e+19,20180683.0,27961.0,1.0,1.0,343080.0,2302.0,7038.0,8045.0,12232053.0,0.0
3479,3.0,1.5989049276530887e+19,20315051.0,23824.0,2.0,2.0,4795.0,11946.0,29914.0,2241.0,1270300.0,1.0
3480,1.0,1.1656624097315297e+19,2277129.0,2915.0,2.0,1.0,5535826.0,73920.0,180486.0,172135.0,506652.0,0.0
3481,1.0,9.307732815588284e+18,9592149.0,13494.0,2.0,1.0,104255.0,4805.0,167263.0,30346.0,0.0,0.0
3482,1.0,8.848021695083077e+18,20287136.0,2387.0,1.0,1.0,19848605.0,48862.0,106438.0,103986.0,0.0,0.0
3483,1.0,4.2981186814246446e+18,7825433.0,385.0,1.0,1.0,135943.0,106993.0,487978.0,48.0,283240.0,0.0
3484,1.0,5.851252814446936e+18,10437268.0,28698.0,2.0,1.0,36318.0,522.0,1564.0,2109.0,15707988.0,1.0
3485,1.0,1.2375711002859219e+19,20701793.0,34234.0,2.0,1.0,7096630.0,83205.0,348090.0,353273.0,0.0,0.0
3486,1.0,2.4127717961104635e+18,20067139.0,23781.0,2.0,1.0,1385.0,236.0,8.0,1.0,4251917.0,0.0
3487,1.0,1.4130119654169143e+19,4365872.0,4507.0,2.0,2.0,20752.0,88872.0,741921.0,596651.0,1536529.0,1.0
3488,1.0,1.4340390157469403e+19,3109404.0,23777.0,1.0,1.0,114955.0,101513.0,141702.0,122114.0,18279715.0,0.0
3489,1.0,1.4340390157469403e+19,9027448.0,23808.0,1.0,1.0,103.0,217.0,56.0,68.0,8680671.0,0.0
3490,1.0,9.495878972188682e+18,10400310.0,29439.0,1.0,1.0,24622908.0,63.0,198.0,119.0,0.0,0.0
3491,1.0,1.5859647530187389e+19,4291071.0,23778.0,2.0,2.0,1.0,25.0,11.0,24.0,13440559.0,0.0
3492,1.0,1.523471329505401e+19,3500024.0,23964.0,2.0,1.0,163.0,150.0,1489.0,1879.0,13100967.0,1.0
3493,1.0,1.4026041424198298e+17,21202951.0,36034.0,2.0,2.0,6683.0,1597.0,45503.0,38842.0,14391087.0,0.0
3494,1.0,1.417231662922805e+19,20776019.0,19582.0,2.0,1.0,1977812.0,1050.0,35991.0,20185.0,4052917.0,1.0
3495,1.0,6.601746059193693e+18,1767257.0,14428.0,1.0,1.0,21093461.0,112435.0,161739.0,239.0,0.0,0.0
3496,1.0,1.5860193830590669e+19,2878230.0,23777.0,2.0,2.0,6.0,4.0,21.0,22.0,4605620.0,0.0
3497,1.0,1.0690898138793097e+19,5789462.0,23794.0,1.0,1.0,30634.0,30278.0,514.0,745.0,5298058.0,1.0
3498,1.0,6.358273138009531e+18,21259357.0,1303.0,3.0,3.0,3908.0,6723.0,534993.0,390.0,42913.0,0.0
3499,1.0,9.115911113020767e+18,10753303.0,29096.0,2.0,1.0,189.0,65.0,1834.0,1664.0,1248465.0,0.0
3500,1.0,1.4340390157469403e+19,7112986.0,23777.0,2.0,1.0,410.0,451.0,954.0,1154.0,464668.0,0.0
3501,1.0,2.6583486017212073e+18,3569745.0,4472.0,1.0,1.0,301600.0,486778.0,1265185.0,1108531.0,16895380.0,0.0
3502,1.0,9.991057275835721e+17,20389286.0,30428.0,1.0,1.0,1038.0,3925.0,27867.0,26352.0,1520.0,0.0
3503,1.0,8.119057108691817e+18,20876635.0,34760.0,2.0,1.0,2066573.0,100.0,34.0,40.0,0.0,0.0
3504,1.0,1.2188992084114487e+19,4609761.0,1959.0,3.0,1.0,510515.0,27976.0,57232.0,56347.0,0.0,0.0
3505,1.0,3.813907722535401e+18,20705290.0,24166.0,2.0,1.0,5778.0,2657.0,13194.0,10410.0,2519877.0,1.0
3506,1.0,8.369120923851171e+18,21520532.0,37432.0,2.0,2.0,417138.0,58405.0,858404.0,687725.0,990754.0,0.0
3507,1.0,1.3906290106368934e+19,10402887.0,25472.0,1.0,1.0,18754.0,25980.0,25866.0,982.0,68837.0,1.0
3508,1.0,1.5822134238473933e+19,20144348.0,23804.0,1.0,1.0,684.0,9451.0,311.0,411.0,20565938.0,1.0
3509,1.0,1.3676343896596736e+18,21400929.0,36897.0,2.0,1.0,292850.0,50.0,1006.0,578.0,0.0,0.0
3510,1.0,1.5705023393102285e+19,21968044.0,38259.0,3.0,1.0,1020942.0,306.0,35899.0,16825.0,0.0,0.0
3511,1.0,9.177217211763354e+18,4428126.0,28708.0,3.0,2.0,5771719.0,590.0,451.0,665.0,0.0,0.0
3512,50.0,1.3243640383761205e+19,20900491.0,2401.0,1.0,1.0,2013.0,1321.0,13644.0,1136.0,0.0,1.0
3513,1.0,1.4340390157469403e+19,3110748.0,23777.0,1.0,1.0,6067345.0,25089.0,51937.0,47211.0,0.0,0.0
3514,2.0,5.260594170071819e+16,3048013.0,23782.0,1.0,1.0,4040974.0,493.0,333.0,526.0,0.0,0.0
3515,1.0,6.307948745553123e+18,20174837.0,29918.0,1.0,1.0,149178.0,208064.0,2051160.0,1616334.0,17847934.0,1.0
3516,2.0,4.2981186814246446e+18,3823909.0,385.0,1.0,1.0,17402202.0,685889.0,2002975.0,1448045.0,2758.0,0.0
3517,1.0,1.205787899908646e+19,20221162.0,27961.0,2.0,2.0,1377089.0,41586.0,69236.0,76210.0,315005.0,1.0
3518,1.0,1.3756257544627677e+19,20587344.0,24354.0,2.0,2.0,11697681.0,58.0,1209.0,479.0,15095968.0,0.0
3519,1.0,1.5459552235364899e+19,20037431.0,824.0,3.0,2.0,1445.0,3643.0,3610.0,8587.0,9063911.0,0.0
3520,1.0,1.4340390157469403e+19,9027614.0,23808.0,1.0,1.0,15254122.0,14118.0,138.0,198.0,1809203.0,1.0
3521,2.0,7.246004546779674e+17,2934610.0,23778.0,2.0,1.0,1172130.0,4397.0,117.0,162.0,0.0,0.0
3522,1.0,4.89430326276886e+18,20744615.0,26244.0,2.0,2.0,14504502.0,8319.0,48978.0,18375.0,7133190.0,0.0
3523,1.0,1.981811067266703e+18,21940122.0,37971.0,2.0,1.0,176847.0,703.0,65067.0,87302.0,0.0,1.0
3524,16.0,6.924416083282117e+18,21202263.0,35841.0,3.0,3.0,60.0,71.0,117077.0,72031.0,0.0,1.0
3525,1.0,1.205787899908646e+19,20163288.0,27961.0,2.0,2.0,23569.0,15848.0,27928.0,40463.0,13353027.0,0.0
3526,2.0,1.205787899908646e+19,20192679.0,27961.0,1.0,1.0,17717.0,5509.0,18847.0,36460.0,20810881.0,0.0
3527,4.0,8.313008042078539e+18,20362579.0,24488.0,2.0,2.0,4390789.0,2235.0,33318.0,38077.0,0.0,1.0
3528,1.0,1.3756257544627677e+19,8350700.0,24035.0,1.0,1.0,55.0,195.0,1151.0,737.0,191024.0,0.0
3529,2.0,1.2766829707953836e+19,20880592.0,13662.0,2.0,1.0,42454.0,13158.0,62198.0,66658.0,3306322.0,0.0
3530,1.0,1.5028610188334133e+19,20774701.0,17466.0,2.0,2.0,118.0,2854.0,17986.0,3671.0,3941990.0,0.0
3531,1.0,2.5336176303800955e+18,20758003.0,550.0,3.0,3.0,300404.0,8325.0,22563.0,3217.0,0.0,0.0
3532,1.0,1.5459552235364899e+19,21018632.0,824.0,2.0,1.0,33490.0,39487.0,10333.0,13070.0,3830593.0,0.0
3533,1.0,1.4340390157469403e+19,9027213.0,23808.0,3.0,1.0,1.0,1.0,0.0,0.0,5016534.0,0.0
3534,1.0,1.7363854844105064e+19,20017078.0,23798.0,1.0,1.0,1590.0,114875.0,4.0,208.0,19469740.0,1.0
3535,1.0,9.45917755559769e+18,8674771.0,5466.0,3.0,2.0,163.0,150.0,1378.0,2741.0,1749261.0,1.0
3536,2.0,1.8849175979017254e+17,21393601.0,24151.0,2.0,1.0,1315423.0,2966.0,21867.0,22851.0,0.0,0.0
3537,1.0,1.7252132820798532e+19,22182344.0,38894.0,3.0,2.0,321.0,37.0,67524.0,317.0,9207272.0,0.0
3538,9.0,1.7363854844105064e+19,20017083.0,23798.0,1.0,1.0,4740.0,159.0,157.0,233.0,71921.0,0.0
3539,3.0,8.99455707050858e+18,20030165.0,23799.0,1.0,1.0,3856.0,28.0,41.0,52.0,4368367.0,0.0
3540,1.0,5.120683440510468e+18,8676728.0,1268.0,2.0,2.0,2787.0,1268.0,1780.0,13.0,14291106.0,1.0
3541,1.0,1.5989049276530887e+19,20314996.0,23828.0,1.0,1.0,21617.0,58011.0,68411.0,140.0,19546278.0,1.0
3542,9.0,1.4340390157469403e+19,9027213.0,23808.0,1.0,1.0,5.0,1.0,0.0,0.0,2797283.0,1.0
3543,1.0,2.049936052682406e+17,4284975.0,20817.0,3.0,2.0,3459735.0,67607.0,362860.0,298147.0,0.0,0.0
3544,2.0,1.537110493640385e+19,20569768.0,11676.0,2.0,1.0,10634781.0,645.0,22839.0,68109.0,0.0,0.0
3545,1.0,2.7090525062982634e+17,20361609.0,12355.0,2.0,1.0,951386.0,2015.0,19942.0,19162.0,1412941.0,1.0
3546,1.0,2.137528403495601e+18,20218301.0,23801.0,2.0,2.0,1.0,3.0,48.0,58.0,2408499.0,0.0
3547,1.0,1.523471329505401e+19,3500007.0,23964.0,2.0,1.0,3616546.0,805.0,1148.0,1442.0,74180.0,0.0
3548,2.0,5.954541444076785e+18,4357885.0,5211.0,2.0,1.0,505131.0,84344.0,229667.0,135990.0,20373.0,1.0
3549,1.0,9.26594988170301e+18,3372995.0,1807.0,2.0,1.0,60196.0,154962.0,547740.0,508212.0,314025.0,1.0
3550,1.0,6.674926125994697e+18,21330723.0,29731.0,2.0,2.0,339753.0,28313.0,65080.0,38121.0,5226097.0,0.0
3551,1.0,9.75107224858461e+18,10939482.0,29713.0,2.0,2.0,33.0,78.0,11922.0,11841.0,13124784.0,0.0
3552,1.0,8.335105002517451e+18,20582549.0,33524.0,2.0,2.0,683.0,2046.0,2110.0,566.0,9917570.0,0.0
3553,1.0,7.903914528320191e+18,21101509.0,2010.0,1.0,1.0,486751.0,72189.0,171869.0,154627.0,19072223.0,1.0
3554,2.0,9.842035361004122e+18,21832402.0,37481.0,3.0,1.0,770.0,2216.0,2786.0,3372.0,1608390.0,1.0
3555,1.0,4.022052751657998e+18,21301180.0,36495.0,1.0,1.0,47987.0,42322.0,625887.0,4459.0,18941483.0,0.0
3556,1.0,1.4340390157469403e+19,3200074.0,23777.0,2.0,1.0,11116243.0,31314.0,32579.0,30338.0,0.0,1.0
3557,2.0,3.5168895657275873e+18,4340958.0,1267.0,3.0,1.0,646975.0,2205.0,5602.0,7397.0,0.0,0.0
3558,1.0,1.5859647530187389e+19,4285948.0,23778.0,2.0,1.0,13264875.0,23785.0,19.0,376.0,2957714.0,0.0
3559,5.0,1.4399505795670258e+19,2911720.0,23778.0,2.0,1.0,73790.0,37.0,81.0,107.0,0.0,0.0
3560,2.0,1.130902570404585e+19,22002402.0,38263.0,2.0,2.0,3.0,298.0,64.0,147.0,4127712.0,1.0
3561,1.0,1.3090221289647714e+19,20174982.0,23795.0,1.0,1.0,15357.0,14653.0,3.0,7.0,1240000.0,1.0
3562,1.0,1.205787899908646e+19,20110109.0,27961.0,1.0,1.0,4816430.0,51029.0,102923.0,102128.0,1592242.0,0.0
3563,1.0,9.16335063931262e+18,22099896.0,38533.0,3.0,1.0,957804.0,194227.0,2387970.0,3159375.0,0.0,1.0
3564,1.0,5.103335732153791e+18,10405659.0,29900.0,2.0,1.0,4409.0,8731.0,23.0,26.0,13171352.0,1.0
3565,1.0,3.621001256134926e+18,21263889.0,36358.0,2.0,2.0,1426.0,351.0,116270.0,105329.0,220991.0,1.0
3566,1.0,3.626073302998999e+18,21156896.0,10592.0,3.0,1.0,22305.0,113191.0,172700.0,304987.0,0.0,0.0
3567,1.0,1.205787899908646e+19,20192671.0,27961.0,1.0,1.0,743612.0,15998.0,20262.0,30269.0,4307937.0,0.0
3568,2.0,1.3359361103803858e+18,20599450.0,33847.0,2.0,1.0,1465.0,5067.0,81169.0,128120.0,472712.0,1.0
3569,1.0,9.348893407040516e+18,4320232.0,19346.0,3.0,2.0,118352.0,9103.0,24650.0,24767.0,0.0,0.0
3570,1.0,8.213552663740974e+18,20360522.0,33228.0,2.0,2.0,386.0,2489.0,97790.0,10100.0,9385402.0,0.0
3571,1.0,3.5168895657275873e+18,20423754.0,1267.0,2.0,1.0,1301.0,4686.0,255.0,1813.0,737896.0,1.0
3572,1.0,1.320408634329364e+19,21968879.0,879.0,2.0,1.0,4702101.0,1031358.0,3127157.0,2447691.0,840648.0,0.0
3573,1.0,5.983757287356204e+17,8894392.0,11675.0,2.0,2.0,614.0,11285.0,174126.0,148379.0,1059130.0,1.0
3574,2.0,1.3359361103803858e+18,21381384.0,33847.0,2.0,2.0,772.0,1638.0,35269.0,34883.0,3065214.0,1.0
3575,1.0,1.205787899908646e+19,20192650.0,27961.0,2.0,2.0,61645.0,43294.0,275497.0,245392.0,14307518.0,0.0
3576,3.0,4.945098023753992e+18,10766784.0,30157.0,1.0,1.0,10008.0,20210.0,253.0,347.0,2727833.0,0.0
3577,1.0,5.851252814446936e+18,21477563.0,28698.0,3.0,1.0,36791.0,45691.0,1181855.0,763136.0,771059.0,1.0
3578,1.0,1.506484539431719e+19,20358380.0,32669.0,2.0,2.0,115.0,84966.0,111961.0,174275.0,321048.0,0.0
3579,1.0,1.4340390157469403e+19,21163924.0,23808.0,2.0,2.0,177.0,94.0,442.0,67.0,2932834.0,0.0
3580,2.0,1.7741456305373202e+19,21293853.0,36500.0,2.0,2.0,44673.0,30870.0,65370.0,2351.0,95420.0,0.0
3581,3.0,5.120683440510468e+18,8676724.0,1268.0,2.0,1.0,186538.0,470.0,644.0,13.0,0.0,1.0
3582,1.0,1.4340390157469403e+19,9027437.0,23808.0,1.0,1.0,7423.0,19.0,20.0,20.0,23062991.0,1.0
3583,1.0,1.3772304230075587e+19,4360001.0,7019.0,3.0,3.0,5895716.0,50780.0,628264.0,508859.0,0.0,0.0
3584,1.0,1.205787899908646e+19,20203709.0,27961.0,3.0,1.0,67.0,158.0,83.0,109.0,5802040.0,1.0
3585,1.0,8.848021695083077e+18,20046558.0,2387.0,3.0,2.0,102.0,283.0,204.0,193.0,236455.0,1.0
3586,1.0,3.9009252466243267e+18,3818465.0,15545.0,3.0,1.0,7996355.0,31870.0,71739.0,70657.0,0.0,0.0
3587,1.0,1.3190939012647528e+19,21102903.0,35561.0,1.0,1.0,6180.0,479.0,1228.0,1890.0,17554521.0,0.0
3588,1.0,1.205787899908646e+19,20163506.0,27961.0,1.0,1.0,14786018.0,9.0,18.0,27.0,20265452.0,1.0
3589,1.0,2.6928596198512824e+18,4351104.0,2051.0,2.0,2.0,836493.0,2230.0,7731.0,81.0,170443.0,0.0
3590,4.0,3.331998262118237e+17,21323884.0,34954.0,3.0,1.0,22701.0,9657.0,272689.0,3125.0,0.0,0.0
3591,4.0,1.4340390157469403e+19,9027213.0,23808.0,2.0,1.0,1.0,1.0,0.0,0.0,1869381.0,1.0
3592,13.0,1.4340390157469403e+19,3207293.0,23777.0,1.0,1.0,237384.0,37321.0,43620.0,40059.0,0.0,0.0
3593,1.0,1.6130785245264521e+19,21927514.0,38028.0,2.0,1.0,83.0,34.0,85808.0,76279.0,15960193.0,1.0
3594,1.0,1.021800488877112e+19,20036288.0,24159.0,2.0,2.0,1030.0,2562.0,1697.0,1949.0,5907.0,0.0
3595,1.0,1.4140300435418186e+18,20203901.0,1502.0,2.0,2.0,4518.0,649.0,46043.0,348.0,5599488.0,0.0
3596,3.0,1.2972158645927619e+19,10394295.0,29128.0,2.0,1.0,870.0,2792.0,6669.0,10629.0,456613.0,1.0
3597,2.0,3.730969178583323e+18,20895192.0,11879.0,2.0,1.0,1421796.0,74981.0,299155.0,299619.0,0.0,1.0
3598,2.0,2.6928596198512824e+18,4291714.0,2051.0,2.0,1.0,1789.0,4947.0,3632.0,63.0,117727.0,1.0
3599,1.0,7.903914528320191e+18,21162542.0,1325.0,2.0,1.0,14890923.0,999.0,2978.0,3689.0,0.0,1.0
3600,2.0,4.6055291155997635e+18,20970108.0,6017.0,2.0,1.0,89091.0,168509.0,545435.0,3141.0,0.0,1.0
3601,1.0,5.468727571223081e+18,20000476.0,1381.0,2.0,2.0,551.0,1608.0,9398.0,9501.0,5292752.0,0.0
3602,1.0,1.4340390157469403e+19,21163924.0,23808.0,2.0,1.0,71259.0,145.0,606.0,67.0,7446171.0,1.0
3603,1.0,1.056945094151204e+19,21344630.0,36635.0,1.0,1.0,17230223.0,766.0,502.0,670.0,0.0,0.0
3604,2.0,1.803776767567231e+19,20812893.0,12192.0,2.0,1.0,60525.0,132715.0,273914.0,234047.0,1359869.0,1.0
3605,1.0,1.205787899908646e+19,20147157.0,27961.0,2.0,2.0,37184.0,221.0,165.0,269.0,185529.0,0.0
3606,1.0,1.772490193731895e+19,10280022.0,28474.0,3.0,3.0,4304.0,28761.0,154819.0,148619.0,0.0,0.0
3607,1.0,1.7255138913747966e+19,22097403.0,37447.0,3.0,1.0,421979.0,7775.0,23472.0,25417.0,0.0,0.0
3608,1.0,1.4531867648059392e+19,21867541.0,27482.0,1.0,1.0,1797.0,2429.0,12759.0,12607.0,19956545.0,1.0
3609,1.0,5.07990106805139e+18,7642368.0,25928.0,2.0,2.0,9106681.0,76038.0,96789.0,85231.0,2380692.0,1.0
3610,1.0,4.192533441706128e+18,20148859.0,2533.0,2.0,1.0,1224799.0,30210.0,106126.0,2685.0,4757950.0,0.0
3611,1.0,6.715049002232656e+18,3065545.0,23783.0,1.0,1.0,4896353.0,504.0,339.0,168.0,237050.0,1.0
3612,29.0,8.134264174510893e+18,10593104.0,1268.0,1.0,1.0,453857.0,2613.0,1821.0,128.0,0.0,1.0
3613,1.0,1.4377014476085363e+18,21127495.0,35470.0,2.0,1.0,689697.0,22973.0,419046.0,342458.0,1787301.0,1.0
3614,1.0,1.5876638847899261e+18,20952326.0,33991.0,1.0,1.0,11306.0,2490.0,1086.0,15660.0,13832530.0,1.0
3615,1.0,7.484333488664585e+18,21209371.0,34691.0,1.0,1.0,2.0,11.0,71.0,93.0,433836.0,0.0
3616,1.0,9.762530708132852e+18,20934266.0,32830.0,3.0,2.0,33024.0,8449.0,69164.0,118891.0,0.0,1.0
3617,1.0,1.205787899908646e+19,20163228.0,27961.0,2.0,2.0,223272.0,12727.0,20049.0,13717.0,5506118.0,0.0
3618,1.0,1.0664591050012752e+19,20800941.0,30128.0,3.0,2.0,1531.0,3435.0,7343.0,3287.0,212376.0,1.0
3619,1.0,5.468727571223081e+18,20000930.0,1381.0,2.0,1.0,2254426.0,130201.0,525337.0,426265.0,763480.0,0.0
3620,2.0,2.4347563200652785e+18,21173731.0,29273.0,2.0,1.0,488.0,6436.0,98.0,69.0,0.0,1.0
3621,176.0,1.205787899908646e+19,20163487.0,27961.0,1.0,1.0,20278.0,15532.0,23643.0,23553.0,0.0,1.0
3622,36.0,1.205787899908646e+19,20163203.0,27961.0,1.0,1.0,28618.0,11968.0,12186.0,13556.0,0.0,1.0
3623,1.0,1.4340390157469403e+19,4468253.0,23777.0,2.0,1.0,20066.0,2373.0,2608.0,2553.0,13234993.0,1.0
3624,1.0,1.100585205700782e+19,10401533.0,29394.0,3.0,2.0,9741.0,4839.0,89354.0,90092.0,2624632.0,1.0
3625,1.0,5.851252814446936e+18,21477611.0,28698.0,2.0,1.0,13559504.0,2531.0,117028.0,40916.0,0.0,1.0
3626,1.0,1.305201991806659e+19,21882408.0,34858.0,3.0,1.0,48252.0,16475.0,106417.0,93252.0,2269.0,0.0
3627,2.0,5.260594170071819e+16,3048011.0,23782.0,1.0,1.0,74.0,84.0,68.0,104.0,1242137.0,1.0
3628,2.0,4.2981186814246446e+18,7822024.0,385.0,2.0,1.0,66171.0,22782.0,662216.0,48.0,0.0,0.0
3629,1.0,1.7586747310878499e+19,21790626.0,1998.0,2.0,1.0,93529.0,4649.0,9521.0,9620.0,6008365.0,1.0
3630,1.0,1.205787899908646e+19,20149147.0,27961.0,1.0,1.0,23285306.0,11253.0,52274.0,63651.0,20004943.0,0.0
3631,1.0,5.937256857527595e+18,21299848.0,34139.0,1.0,1.0,10458.0,22956.0,167854.0,142747.0,24160.0,0.0
3632,1.0,7.903914528320191e+18,21135608.0,1325.0,2.0,1.0,11873.0,14441.0,9413.0,23.0,1353566.0,1.0
3633,1.0,5.07990106805139e+18,7604744.0,25928.0,2.0,1.0,6214.0,25398.0,68082.0,86466.0,520177.0,0.0
3634,1.0,1.5434863826606645e+19,21271997.0,16097.0,3.0,1.0,8.0,15.0,9577.0,10207.0,2672904.0,0.0
3635,1.0,7.903914528320191e+18,21162526.0,1325.0,2.0,2.0,15.0,10.0,22.0,23.0,13215185.0,1.0
3636,1.0,5.260594170071819e+16,3048011.0,23782.0,1.0,1.0,349.0,307.0,209.0,346.0,2691750.0,1.0
3637,1.0,1.4340390157469403e+19,10397447.0,23808.0,1.0,1.0,13.0,21.0,16.0,15.0,23267306.0,0.0
3638,1.0,1.4340390157469403e+19,20643964.0,23808.0,2.0,2.0,1016.0,717.0,9.0,9.0,13742392.0,0.0
3639,1.0,1.3359361103803858e+18,20599532.0,33847.0,2.0,2.0,10641.0,26217.0,341443.0,325464.0,14219745.0,1.0
3640,1.0,9.361707382081526e+17,21938742.0,35050.0,1.0,1.0,16978638.0,44.0,11083.0,11054.0,0.0,1.0
3641,2.0,2.670952723278905e+18,20172874.0,23805.0,2.0,2.0,5.0,3.0,35.0,16.0,1897916.0,0.0
3642,1.0,1.475960458026406e+19,4388688.0,14018.0,1.0,1.0,847739.0,460508.0,1164616.0,1112992.0,2376.0,0.0
3643,1.0,9.960178603418085e+18,10457861.0,29475.0,3.0,3.0,2611098.0,9049.0,175471.0,242002.0,0.0,0.0
3644,1.0,1.5699833681633649e+19,4306474.0,26685.0,2.0,1.0,382850.0,4263.0,7157.0,9502.0,0.0,1.0
3645,1.0,1.205787899908646e+19,20221063.0,27961.0,3.0,2.0,2788886.0,4287.0,8170.0,8918.0,71612.0,0.0
3646,1.0,1.205787899908646e+19,20163238.0,27961.0,2.0,1.0,13155175.0,396.0,3392.0,416.0,0.0,1.0
3647,1.0,1.2943519435171692e+18,20074374.0,24162.0,3.0,3.0,7.0,5.0,46.0,65.0,982186.0,0.0
3648,2.0,1.5544624466860802e+19,20924473.0,16202.0,3.0,3.0,3500874.0,4723.0,247767.0,207319.0,34403.0,0.0
3649,1.0,2.2673780089938706e+18,4418555.0,25004.0,3.0,1.0,1142339.0,33194.0,52219.0,50235.0,0.0,0.0
3650,1.0,8.279938960353839e+18,21157320.0,18785.0,2.0,1.0,2119.0,843.0,15013.0,6151.0,378968.0,0.0
3651,1.0,1.6401675673186677e+19,3952592.0,26972.0,1.0,1.0,102272.0,7491.0,11529.0,5951.0,17710167.0,0.0
3652,1.0,7.492379076548612e+18,3631944.0,15538.0,2.0,1.0,13155253.0,2080.0,169376.0,145401.0,0.0,1.0
3653,1.0,1.1315908569713166e+19,20309983.0,18070.0,2.0,1.0,9919529.0,979451.0,276.0,385.0,1549531.0,1.0
3654,2.0,5.589649412465737e+18,20949937.0,35067.0,1.0,1.0,40634.0,18369.0,40691.0,42.0,21908181.0,0.0
3655,319.0,9.5590574966714e+18,21140734.0,20459.0,2.0,1.0,6069.0,5207.0,7028.0,7408.0,0.0,1.0
3656,1.0,1.6604442479597177e+19,8389378.0,11706.0,3.0,1.0,984879.0,903.0,5209.0,15662.0,0.0,0.0
3657,5.0,1.5145480155589095e+19,20888690.0,23807.0,2.0,2.0,1043.0,2490.0,5.0,11.0,0.0,0.0
3658,1.0,1.4340390157469403e+19,3109636.0,23777.0,3.0,3.0,9173.0,9372.0,32298.0,30083.0,464072.0,0.0
3659,1.0,1.205787899908646e+19,20192908.0,27961.0,1.0,1.0,23045135.0,65389.0,203458.0,306308.0,0.0,0.0
3660,1.0,5.851252814446936e+18,21477562.0,28698.0,2.0,1.0,10418.0,11550.0,209637.0,177033.0,15945171.0,1.0
3661,1.0,1.4752340494333622e+19,21288491.0,20862.0,3.0,3.0,134627.0,45414.0,126691.0,101792.0,1963739.0,0.0
3662,3.0,1.205787899908646e+19,20157334.0,27961.0,2.0,2.0,5301.0,4058.0,6949.0,4493.0,0.0,1.0
3663,1.0,9.700676787250326e+18,20967156.0,14282.0,1.0,1.0,466430.0,203743.0,1193640.0,422073.0,245649.0,1.0
3664,1.0,1.352869864397721e+19,21953272.0,38131.0,2.0,1.0,348122.0,141.0,16170.0,15728.0,6732329.0,0.0
3665,1.0,4.2981186814246446e+18,21866029.0,385.0,2.0,2.0,29484.0,88508.0,216603.0,183322.0,9501822.0,1.0
3666,1.0,9.096860304993701e+18,21881691.0,433.0,2.0,1.0,159152.0,189303.0,854207.0,9035.0,1825111.0,1.0
3667,1.0,1.5989049276530887e+19,20314310.0,23824.0,2.0,1.0,1604.0,4873.0,10258.0,31.0,406438.0,1.0
3668,2.0,1.7523584089065615e+19,20588306.0,33793.0,3.0,1.0,3372.0,8988.0,10770.0,293.0,5914196.0,1.0
3669,1.0,2.0021430589649848e+18,21591311.0,24124.0,3.0,1.0,7596790.0,47704.0,353992.0,291197.0,4922944.0,0.0
3670,2.0,2.4739008999210875e+18,3508646.0,17545.0,1.0,1.0,14600678.0,47610.0,255256.0,221089.0,0.0,1.0
3671,1.0,7.903914528320191e+18,21162258.0,1325.0,2.0,1.0,2310.0,9.0,2727.0,2996.0,16826166.0,0.0
3672,1.0,7.903914528320191e+18,21162434.0,1325.0,2.0,2.0,966.0,4044.0,10513.0,11923.0,7190404.0,1.0
3673,1.0,1.4340390157469403e+19,20640000.0,23808.0,2.0,1.0,30.0,69.0,52.0,61.0,3599951.0,0.0
3674,1.0,5.371649490348317e+17,4206608.0,26563.0,2.0,1.0,3917750.0,279.0,139399.0,120289.0,28205.0,0.0
3675,1.0,1.0352803423415617e+18,21360010.0,34302.0,2.0,2.0,14005559.0,230588.0,3722205.0,90770.0,1421111.0,1.0
3676,1.0,1.4365497170696266e+19,3115593.0,7503.0,1.0,1.0,2472296.0,16351.0,14524.0,13551.0,1052960.0,1.0
3677,1.0,7.953863969799817e+18,21407211.0,5058.0,1.0,1.0,39.0,214.0,1284.0,1504.0,5627041.0,1.0
3678,1.0,7.479900904905887e+18,20308516.0,22454.0,1.0,1.0,3365689.0,121989.0,332996.0,316491.0,0.0,0.0
3679,6.0,8.99455707050858e+18,20030165.0,23799.0,2.0,1.0,13748.0,73.0,122.0,180.0,0.0,1.0
3680,1.0,9.662243402272995e+18,21273966.0,36286.0,3.0,1.0,645308.0,548049.0,3112171.0,1448.0,0.0,0.0
3681,1.0,1.3642254388060762e+19,20568386.0,33733.0,2.0,1.0,1400013.0,3205.0,8281.0,8429.0,525456.0,0.0
3682,1.0,6.071356180946373e+18,20882587.0,32124.0,3.0,3.0,27596.0,531.0,2834.0,6675.0,7657819.0,0.0
3683,1.0,1.205787899908646e+19,20170414.0,27961.0,2.0,2.0,10474100.0,11751.0,41238.0,40735.0,1621210.0,0.0
3684,1.0,1.205787899908646e+19,20163220.0,27961.0,2.0,1.0,3611009.0,2313.0,3578.0,4474.0,1845255.0,1.0
3685,10.0,1.4340390157469403e+19,20643970.0,23808.0,1.0,1.0,24590.0,20.0,9.0,9.0,1222398.0,0.0
3686,1.0,8.078374824064251e+18,10768025.0,30157.0,2.0,1.0,1194.0,208.0,2692.0,1358.0,8325008.0,1.0
3687,1.0,1.45962432823653e+19,20816408.0,17467.0,2.0,2.0,12348189.0,87711.0,218418.0,195997.0,2618.0,0.0
3688,1.0,3.3898142717082214e+18,10805760.0,23649.0,2.0,2.0,2221.0,63421.0,149818.0,128761.0,5026280.0,0.0
3689,1.0,1.578511299927674e+19,20908196.0,35088.0,3.0,2.0,0.0,0.0,2.0,5.0,10249345.0,0.0
3690,2.0,1.7668025547207264e+19,20506920.0,33644.0,3.0,2.0,7152.0,123.0,6425.0,6679.0,94178.0,0.0
3691,1.0,7.015903860856274e+18,4276936.0,6093.0,3.0,1.0,529608.0,28545.0,18933.0,18256.0,602777.0,0.0
3692,1.0,2.2839054960977853e+18,21155565.0,21008.0,3.0,1.0,3371086.0,419.0,898.0,1449.0,131979.0,0.0
3693,1.0,1.1570917665805173e+19,20448777.0,33493.0,1.0,1.0,20.0,1120.0,5612.0,173.0,221065.0,0.0
3694,1.0,1.6655045096913689e+19,21803183.0,37711.0,2.0,2.0,71639.0,20195.0,332080.0,462.0,0.0,1.0
3695,1.0,1.18348649524386e+19,22120402.0,38249.0,3.0,2.0,31179.0,73671.0,106666.0,93475.0,9271869.0,0.0
3696,1.0,5.657203705464888e+18,4285684.0,11809.0,3.0,2.0,9167.0,12284.0,23118.0,18337.0,9349617.0,0.0
3697,1.0,5.851252814446936e+18,10437262.0,28698.0,2.0,1.0,3442504.0,224.0,2297.0,3008.0,0.0,0.0
3698,1.0,1.1663288590002938e+19,21970113.0,8323.0,2.0,2.0,14698477.0,182121.0,466776.0,386723.0,0.0,0.0
3699,1.0,1.7182108840732295e+19,2214464.0,5877.0,1.0,1.0,60366.0,1670.0,16545.0,16214.0,596221.0,1.0
3700,1.0,8.848021695083077e+18,20287136.0,2387.0,1.0,1.0,2075840.0,16376.0,31684.0,32567.0,12996463.0,1.0
3701,1.0,4.866407343747992e+18,20966943.0,35093.0,2.0,2.0,311252.0,4571.0,43048.0,46778.0,2874746.0,1.0
3702,1.0,1.2814662474667647e+19,21810782.0,37631.0,1.0,1.0,14002214.0,8522.0,185465.0,157702.0,356.0,0.0
3703,1.0,6.015301734198921e+18,21127653.0,10200.0,2.0,2.0,171.0,126.0,18731.0,2924.0,1820577.0,1.0
3704,1.0,8.134264174510893e+18,10950978.0,1268.0,1.0,1.0,17009263.0,125232.0,217040.0,2.0,133663.0,1.0
3705,2.0,4.3806325822693514e+18,4498283.0,13677.0,2.0,1.0,8.0,15.0,2447.0,2769.0,6221032.0,1.0
3706,1.0,6.414307266338366e+18,21248429.0,35668.0,2.0,2.0,15.0,10.0,368.0,496.0,13936626.0,1.0
3707,1.0,5.120683440510468e+18,8676167.0,1268.0,2.0,1.0,4772679.0,17782.0,15959.0,16908.0,1935605.0,0.0
3708,1.0,1.0690898138793097e+19,5789339.0,23794.0,1.0,1.0,4723315.0,12380.0,514.0,745.0,2534839.0,0.0
3709,1.0,1.4140300435418186e+18,20208733.0,1502.0,2.0,1.0,27597.0,38.0,234.0,344.0,366393.0,1.0
3710,5.0,3.8644073376705787e+18,10860101.0,29393.0,2.0,2.0,19825.0,6852.0,2343.0,2805.0,532128.0,1.0
3711,1.0,9.75830036424937e+18,21374755.0,35430.0,1.0,1.0,2657109.0,85498.0,3231711.0,2498683.0,2219704.0,1.0
3712,1.0,1.6897735447496133e+19,4395103.0,14377.0,2.0,2.0,855628.0,778.0,4145.0,5155.0,8600717.0,0.0
3713,36.0,8.335105002517451e+18,20582549.0,33524.0,2.0,2.0,6844.0,6384.0,5570.0,9695.0,0.0,1.0
3714,1.0,5.260594170071819e+16,3048011.0,23782.0,1.0,1.0,275.0,761.0,484.0,735.0,4718511.0,1.0
3715,1.0,1.3068512392501383e+19,20669090.0,34173.0,1.0,1.0,4380.0,906.0,4395.0,4759.0,7230179.0,0.0
3716,1.0,4.114401540028949e+18,20897981.0,8017.0,2.0,2.0,138845.0,128262.0,760641.0,780458.0,732169.0,1.0
3717,1.0,1.4035724492579815e+19,21866159.0,37425.0,2.0,1.0,12378429.0,8493.0,241862.0,203392.0,0.0,0.0
3718,59.0,3.163997420314436e+18,7409210.0,26288.0,2.0,2.0,38246.0,53190.0,123901.0,62573.0,0.0,1.0
3719,1.0,4.2981186814246446e+18,2939929.0,385.0,2.0,2.0,6556861.0,403257.0,919590.0,735124.0,46830.0,0.0
3720,1.0,8.792744950451181e+18,21219143.0,36173.0,2.0,2.0,89960.0,933.0,214908.0,14594.0,152586.0,0.0
3721,1.0,1.6583435308151357e+18,21245993.0,2298.0,3.0,1.0,40721.0,65366.0,285047.0,265500.0,31261.0,1.0
3722,5.0,1.7363854844105064e+19,20017082.0,23798.0,1.0,1.0,4058.0,8290.0,6063.0,6395.0,1845142.0,0.0
3723,1.0,1.7048721173511748e+19,4389262.0,24162.0,2.0,1.0,1736622.0,25052.0,3993.0,237.0,1075350.0,0.0
3724,1.0,4.2981186814246446e+18,7567882.0,385.0,1.0,1.0,4410.0,149868.0,400352.0,1670.0,1143649.0,0.0
3725,1.0,1.4340390157469403e+19,21163921.0,23808.0,2.0,1.0,2264167.0,8105.0,14066.0,38.0,2243945.0,1.0
3726,1.0,1.4340390157469403e+19,10110523.0,23808.0,3.0,2.0,142751.0,8288.0,21709.0,10.0,188466.0,0.0
3727,1.0,6.228784066129291e+18,3923556.0,1998.0,2.0,2.0,879759.0,456.0,1649.0,3077.0,5143672.0,0.0
3728,1.0,1.5860193830590669e+19,2878230.0,23777.0,2.0,1.0,6.0,4.0,21.0,22.0,397153.0,0.0
3729,1.0,3.331998262118237e+17,20954324.0,34954.0,1.0,1.0,15227472.0,1802.0,19793.0,20859.0,2218305.0,0.0
3730,1.0,3.752218522896965e+17,21861923.0,37842.0,2.0,1.0,669.0,2066.0,58760.0,52890.0,8410009.0,0.0
3731,1.0,6.071356180946373e+18,20882581.0,32124.0,3.0,1.0,58475.0,56550.0,185585.0,112871.0,8458032.0,1.0
3732,1.0,4.2981186814246446e+18,3022949.0,385.0,3.0,2.0,3434283.0,167059.0,381638.0,310284.0,624284.0,0.0
3733,2.0,6.539424021056515e+18,3219148.0,23777.0,2.0,2.0,10.0,54.0,57.0,72.0,1447188.0,1.0
3734,1.0,1.4340390157469403e+19,9027213.0,23808.0,3.0,2.0,1.0,1.0,0.0,0.0,1981906.0,1.0
3735,1.0,3.7306253281194304e+17,3827183.0,23792.0,1.0,1.0,7570042.0,701.0,61.0,77.0,769131.0,0.0
3736,2.0,1.136372424770545e+19,20133109.0,30405.0,3.0,2.0,1031.0,1977.0,16771.0,48447.0,5040833.0,0.0
3737,1.0,3.5168895657275873e+18,1602574.0,1267.0,2.0,2.0,6680.0,402.0,755.0,2989.0,2398385.0,1.0
3738,1.0,1.595507548723284e+18,20187506.0,24362.0,1.0,1.0,6106.0,18021.0,16823.0,32096.0,5474873.0,1.0
3739,1.0,1.4340390157469403e+19,20640001.0,23808.0,1.0,1.0,1005169.0,244.0,115.0,160.0,19818794.0,0.0
3740,1.0,6.866370298485688e+18,10082753.0,16892.0,2.0,2.0,16572.0,3057.0,111683.0,318.0,6707.0,0.0
3741,1.0,1.7168357155400737e+18,21481183.0,37240.0,2.0,2.0,9821016.0,3921.0,38343.0,35391.0,0.0,0.0
3742,2.0,3.5168895657275873e+18,4339083.0,1267.0,3.0,2.0,357.0,154.0,2207.0,335.0,2033492.0,0.0
3743,2.0,1.4340390157469403e+19,9027213.0,23808.0,1.0,1.0,5.0,1.0,0.0,0.0,6961431.0,1.0
3744,1.0,1.3557133018779933e+19,20706014.0,34246.0,2.0,1.0,1.0,3.0,142.0,71.0,3093426.0,0.0
3745,1.0,1.6442177049064702e+19,10810358.0,2500.0,1.0,1.0,6314.0,1729.0,37022.0,34282.0,4082193.0,1.0
3746,1.0,2.6928596198512824e+18,21756192.0,2051.0,2.0,2.0,4022892.0,558039.0,1157126.0,921719.0,7480153.0,1.0
3747,1.0,4.114401540028949e+18,20370280.0,8017.0,2.0,1.0,1845422.0,367.0,6429.0,20186.0,10654569.0,1.0
3748,1.0,2.385431732375965e+18,4253213.0,1367.0,3.0,2.0,2384168.0,13457.0,56110.0,54506.0,0.0,0.0
3749,1.0,1.0491451193565667e+19,21222162.0,750.0,2.0,2.0,213.0,496.0,3232.0,1366.0,86070.0,0.0
3750,1.0,1.6742159257768634e+19,20906449.0,2218.0,2.0,2.0,374295.0,97581.0,2108.0,679744.0,1520080.0,0.0
3751,1.0,1.4340390157469403e+19,9027613.0,23808.0,2.0,2.0,25397.0,21206.0,138.0,198.0,576724.0,0.0
3752,1.0,2.4347563200652785e+18,20639914.0,29273.0,2.0,1.0,155.0,420.0,589.0,774.0,2375275.0,1.0
3753,1.0,2.2893957641570243e+18,20588317.0,33793.0,2.0,2.0,83.0,2356.0,7541.0,306.0,5868271.0,0.0
3754,1.0,1.3047977506406175e+19,4431576.0,28922.0,1.0,1.0,928542.0,7354.0,32512.0,18221.0,0.0,0.0
3755,1.0,1.0919064709912023e+19,2967152.0,1000.0,1.0,1.0,1981551.0,573.0,1548.0,3300.0,74311.0,0.0
3756,1.0,7.391531180177239e+18,20691797.0,34245.0,3.0,2.0,2126.0,3570.0,332622.0,270.0,407501.0,1.0
3757,3.0,9.004035880665279e+18,20595493.0,33800.0,1.0,1.0,728095.0,364574.0,1513566.0,1203377.0,0.0,1.0
3758,1.0,1.1076913882661126e+19,22039033.0,38303.0,2.0,1.0,13553068.0,92713.0,1333137.0,1056598.0,1033340.0,0.0
3759,1.0,1.4340390157469403e+19,20668390.0,23808.0,2.0,1.0,13170616.0,10537.0,900.0,1116.0,4840316.0,1.0
3760,1.0,1.3416878294870458e+19,3066490.0,23786.0,2.0,1.0,333576.0,375.0,246.0,115.0,0.0,1.0
3761,1.0,8.330236842094234e+18,20372516.0,29734.0,2.0,2.0,50825.0,22527.0,42054.0,36191.0,4677466.0,1.0
3762,1.0,9.662243402272995e+18,21273990.0,36286.0,1.0,1.0,20789215.0,715390.0,2284896.0,2438528.0,0.0,1.0
3763,1.0,1.1624066761054958e+19,3373963.0,5962.0,1.0,1.0,1711.0,3701.0,171.0,217.0,22357.0,0.0
3764,1.0,2.0857711459586583e+18,20146286.0,30372.0,2.0,1.0,283334.0,2558.0,13273.0,28857.0,99450.0,0.0
3765,1.0,9.68084052881144e+18,21417787.0,36973.0,2.0,2.0,4699209.0,1526.0,150900.0,137520.0,4483712.0,0.0
3766,7.0,8.134264174510893e+18,10950985.0,1268.0,1.0,1.0,9238420.0,3697.0,3071.0,2.0,4226178.0,0.0
3767,1.0,6.324020793843805e+18,20711342.0,27500.0,3.0,3.0,529240.0,33.0,417.0,262.0,8606131.0,0.0
3768,1.0,4.517396212946768e+18,3803920.0,23793.0,1.0,1.0,352.0,975.0,59.0,130.0,5514248.0,1.0
3769,1.0,1.6195876252441661e+19,4328999.0,8268.0,1.0,1.0,4054598.0,7906.0,20075.0,38922.0,0.0,0.0
3770,1.0,9.143862058387929e+18,20682163.0,34221.0,2.0,2.0,26985.0,33556.0,2541240.0,1997844.0,6666104.0,1.0
3771,3.0,5.103335732153791e+18,10405659.0,29900.0,2.0,1.0,183105.0,33.0,23.0,26.0,0.0,0.0
3772,7.0,4.949197173803122e+18,20664743.0,24107.0,2.0,1.0,114261.0,18845.0,44778.0,48227.0,0.0,1.0
3773,1.0,1.432575689518243e+19,5936876.0,24161.0,2.0,2.0,2869335.0,1153.0,230.0,350.0,47910.0,0.0
3774,3.0,1.205787899908646e+19,20174777.0,27961.0,2.0,2.0,943166.0,11294.0,17051.0,17836.0,0.0,1.0
3775,1.0,1.205787899908646e+19,20170423.0,27961.0,3.0,3.0,261153.0,47969.0,129555.0,132821.0,8856939.0,1.0
3776,1.0,1.7900191206476587e+19,21183820.0,35760.0,3.0,1.0,1017.0,3296.0,170769.0,145863.0,0.0,0.0
3777,1.0,1.205787899908646e+19,20164285.0,27961.0,1.0,1.0,24345824.0,26500.0,74113.0,77131.0,0.0,0.0
3778,1.0,1.021800488877112e+19,20065991.0,24159.0,2.0,2.0,531518.0,2495.0,46.0,65.0,2491.0,0.0
3779,1.0,4.3011519359883213e+18,2941492.0,19549.0,2.0,2.0,13465645.0,157.0,3203.0,4009.0,0.0,0.0
3780,1.0,4.89265775264395e+18,21245644.0,20348.0,3.0,1.0,1546506.0,14497.0,54675.0,47348.0,0.0,0.0
3781,1.0,1.205787899908646e+19,20192676.0,27961.0,1.0,1.0,6.0,4.0,60.0,206.0,22908.0,1.0
3782,1.0,5.664657886268478e+18,21442138.0,37070.0,2.0,2.0,641944.0,2229.0,172330.0,57502.0,2484588.0,0.0
3783,1.0,1.3736473979320947e+19,21430980.0,4778.0,1.0,1.0,346363.0,2897.0,1866.0,1520.0,178115.0,0.0
3784,1.0,1.7705466655383772e+18,21127046.0,8375.0,2.0,1.0,2493039.0,28707.0,40129.0,70224.0,0.0,1.0
3785,1.0,4.410674818748975e+18,21725404.0,36541.0,2.0,2.0,12979.0,940.0,11389.0,5147.0,6633199.0,0.0
3786,1.0,1.1452306067539014e+19,20878262.0,2631.0,2.0,1.0,15984509.0,14492.0,43931.0,35775.0,4758528.0,0.0
3787,1.0,5.260594170071819e+16,3048013.0,23782.0,1.0,1.0,18745.0,1678.0,1074.0,1375.0,13002.0,1.0
3788,1.0,4.876702067173951e+17,20504983.0,24027.0,1.0,1.0,450.0,4043.0,2632.0,2679.0,23750426.0,0.0
3789,1.0,1.5294836932684972e+19,20907060.0,34037.0,2.0,1.0,163555.0,6928.0,36879.0,34146.0,13309.0,1.0
3790,1.0,9.621865444227486e+18,4180612.0,10566.0,2.0,1.0,37253.0,8296.0,7098.0,998.0,4913297.0,0.0
3791,2.0,1.205787899908646e+19,20147157.0,27961.0,1.0,1.0,18506288.0,372844.0,823579.0,661529.0,8147894.0,1.0
3792,1.0,1.5822134238473933e+19,20144311.0,23804.0,1.0,1.0,684.0,2405.0,1512.0,2040.0,10421574.0,1.0
3793,6.0,1.3981740271925166e+19,21189927.0,35838.0,2.0,1.0,27656.0,1449.0,51066.0,11869.0,0.0,1.0
3794,1.0,1.3756257544627677e+19,8350731.0,24035.0,2.0,1.0,3513.0,7852.0,23752.0,14293.0,2173468.0,1.0
3795,1.0,6.015301734198921e+18,21127636.0,10200.0,3.0,1.0,143489.0,231245.0,703174.0,24907.0,2199996.0,0.0
3796,1.0,1.4786313135268948e+19,4324046.0,12252.0,1.0,1.0,19437694.0,890.0,5448.0,5807.0,0.0,0.0
3797,1.0,1.7168357155400737e+18,21481183.0,37240.0,2.0,1.0,318812.0,3921.0,38343.0,35391.0,266593.0,1.0
3798,1.0,7.903914528320191e+18,21162498.0,1325.0,2.0,1.0,1111603.0,107229.0,301398.0,2420.0,618867.0,0.0
3799,1.0,7.484333488664585e+18,21090281.0,34691.0,3.0,2.0,70000.0,14371.0,152.0,219.0,59254.0,1.0
3800,1.0,7.19827929135142e+18,21939543.0,38115.0,2.0,2.0,179658.0,91.0,228.0,303.0,16020544.0,1.0
3801,1.0,1.1132806224225894e+19,3013315.0,10325.0,1.0,1.0,23961868.0,8601.0,155468.0,41.0,1352415.0,0.0
3802,2.0,1.2611010400425636e+19,21939292.0,27499.0,3.0,1.0,1.0,976.0,1426.0,1684.0,294452.0,0.0
3803,1.0,1.1978776299105485e+18,21340205.0,36661.0,2.0,1.0,3232.0,148.0,3905.0,452.0,16186923.0,1.0
3804,1.0,1.0245113888481139e+19,21102645.0,33296.0,2.0,2.0,323.0,174.0,563.0,742.0,217825.0,0.0
3805,1.0,1.4340390157469403e+19,9027524.0,23808.0,1.0,1.0,1373.0,1671.0,754.0,950.0,1005759.0,1.0
3806,1.0,7.903914528320191e+18,20623363.0,2012.0,1.0,1.0,19512445.0,2957.0,4196.0,229.0,2618449.0,1.0
3807,1.0,8.078374824064251e+18,10769315.0,30157.0,3.0,3.0,129692.0,106.0,2635.0,340.0,0.0,0.0
3808,1.0,1.5145480155589095e+19,20889345.0,23807.0,3.0,3.0,7574326.0,112.0,5.0,11.0,3564750.0,0.0
3809,1.0,1.0380001132566548e+19,20124111.0,421.0,2.0,2.0,168551.0,160967.0,42160.0,26924.0,0.0,1.0
3810,1.0,6.399024617856669e+18,21299603.0,36491.0,2.0,2.0,329.0,113.0,3225.0,121.0,589038.0,1.0
3811,1.0,5.462734656614488e+18,21484667.0,37315.0,1.0,1.0,3857785.0,1270.0,2481.0,1271.0,346746.0,0.0
3812,2.0,1.4347859242938208e+19,20978678.0,33931.0,2.0,1.0,24.0,492.0,1147.0,1353.0,1062358.0,0.0
3813,1.0,1.5145480155589095e+19,20889003.0,23807.0,2.0,1.0,26.0,52.0,5.0,11.0,751600.0,1.0
3814,1.0,1.205787899908646e+19,20180681.0,27961.0,3.0,1.0,19492.0,96374.0,173055.0,184651.0,1156776.0,1.0
3815,1.0,6.243171952234471e+18,20814998.0,3640.0,2.0,1.0,1391.0,339.0,891.0,773.0,6179536.0,1.0
3816,1.0,8.335105002517451e+18,20593626.0,33524.0,2.0,1.0,607.0,487.0,4236.0,243.0,2522898.0,1.0
3817,4.0,2.4127717961104635e+18,20067148.0,23781.0,1.0,1.0,230.0,1234.0,8.0,1.0,23177594.0,1.0
3818,1.0,1.136372424770545e+19,21097084.0,30405.0,3.0,1.0,5649592.0,12119.0,33637.0,35442.0,0.0,1.0
3819,1.0,1.3090221289647714e+19,20174989.0,23795.0,2.0,1.0,1747.0,10217.0,3.0,7.0,2113677.0,1.0
3820,1.0,2.575759190818998e+18,21340182.0,36519.0,2.0,2.0,14672371.0,450.0,1543.0,2120.0,1111691.0,1.0
3821,1.0,1.578511299927674e+19,20908196.0,35088.0,3.0,2.0,0.0,0.0,2.0,5.0,9951157.0,0.0
3822,1.0,4.2981186814246446e+18,7825136.0,385.0,2.0,2.0,66808.0,20451.0,69577.0,48.0,14949715.0,0.0
3823,1.0,3.3898142717082214e+18,10673608.0,23649.0,1.0,1.0,36813.0,68493.0,127505.0,125227.0,19501856.0,1.0
3824,1.0,1.5889052232801778e+19,3137471.0,7570.0,1.0,1.0,188.0,445.0,820.0,1744.0,102209.0,1.0
3825,1.0,1.4340390157469403e+19,9027213.0,23808.0,2.0,1.0,18.0,1.0,0.0,0.0,726758.0,0.0
3826,1.0,8.705941680994747e+17,6818843.0,2293.0,2.0,1.0,38527.0,8631.0,14318.0,10179.0,9672914.0,1.0
3827,1.0,1.205787899908646e+19,20162123.0,27961.0,1.0,1.0,15215771.0,113524.0,1041056.0,1065381.0,0.0,1.0
3828,1.0,7.19827929135142e+18,21939543.0,38115.0,2.0,1.0,27.0,91.0,228.0,303.0,15415654.0,0.0
3829,1.0,3.7306253281194304e+17,3827183.0,23792.0,1.0,1.0,3008.0,2189.0,61.0,77.0,3996299.0,1.0
3830,2.0,8.134264174510893e+18,10951020.0,1268.0,3.0,3.0,9492.0,117847.0,873236.0,2.0,9377.0,0.0
3831,12.0,5.021665021762499e+18,4281276.0,2238.0,1.0,1.0,868368.0,29753.0,29050.0,30048.0,0.0,1.0
3832,2.0,1.205787899908646e+19,20163506.0,27961.0,1.0,1.0,85405.0,13272.0,13311.0,14401.0,3720141.0,1.0
3833,1.0,5.468727571223081e+18,20001249.0,1381.0,2.0,1.0,79.0,95.0,1298.0,1518.0,10242.0,0.0
3834,3.0,1.7048157053491532e+19,2902535.0,11418.0,2.0,2.0,607729.0,26728.0,52887.0,55379.0,6360.0,0.0
3835,1.0,2.2917676658146214e+18,21103892.0,24376.0,2.0,2.0,8.0,88.0,206.0,291.0,892745.0,0.0
3836,1.0,1.205787899908646e+19,20192990.0,27961.0,2.0,2.0,6.0,4.0,60.0,205.0,559167.0,1.0
3837,1.0,1.205787899908646e+19,20157108.0,27961.0,2.0,2.0,1764.0,2143.0,34203.0,48876.0,5365892.0,0.0
3838,1.0,6.539424021056515e+18,3219148.0,23777.0,2.0,1.0,45.0,54.0,57.0,72.0,13234748.0,0.0
3839,1.0,1.077230928844858e+19,20705601.0,34202.0,3.0,1.0,10.0,149.0,4896.0,5428.0,3357420.0,1.0
3840,1.0,1.1098864147625216e+19,21812420.0,33659.0,2.0,1.0,361.0,1315.0,108889.0,34791.0,2611616.0,0.0
3841,1.0,1.4340390157469403e+19,20789159.0,23808.0,2.0,2.0,854.0,1032.0,1644.0,1084.0,15413483.0,0.0
3842,1.0,3.010475069228332e+18,21260003.0,35824.0,3.0,3.0,1519159.0,3855.0,114869.0,58995.0,0.0,0.0
3843,1.0,1.1121833691387079e+19,21156859.0,23807.0,2.0,2.0,3392.0,94.0,826.0,8.0,3654730.0,0.0
3844,3.0,3.6553492227072046e+18,21155713.0,34915.0,2.0,1.0,8115349.0,699.0,672.0,627.0,242578.0,1.0
3845,1.0,2.941589785902698e+18,21405508.0,36922.0,2.0,2.0,2083847.0,2033.0,156415.0,134127.0,0.0,0.0
3846,1.0,3.228944575623223e+18,20393872.0,32981.0,2.0,1.0,206508.0,1907.0,978.0,1187.0,7802201.0,0.0
3847,1.0,1.327670465581365e+19,20052420.0,88.0,1.0,1.0,25721668.0,57078.0,65137.0,57727.0,108069.0,1.0
3848,1.0,7.771884441258275e+18,20108617.0,32367.0,2.0,1.0,285777.0,145981.0,397.0,64.0,1930696.0,0.0
3849,1.0,4.707845098036758e+18,21156603.0,15110.0,2.0,1.0,530120.0,5791.0,18808.0,18326.0,866034.0,1.0
3850,1.0,1.268116116601727e+19,20588958.0,18495.0,3.0,1.0,84984.0,5774.0,92845.0,82267.0,0.0,1.0
3851,1.0,1.5859647530187389e+19,2989726.0,23778.0,1.0,1.0,82.0,104.0,62.0,79.0,8862782.0,0.0
3852,1.0,5.468727571223081e+18,20001249.0,1381.0,2.0,2.0,1231560.0,38.0,805.0,1100.0,4047342.0,0.0
3853,1.0,1.6794704970244289e+19,7207038.0,26286.0,1.0,1.0,654662.0,2374.0,526.0,874.0,41104.0,0.0
3854,5.0,2.0021430589649848e+18,20203942.0,24124.0,2.0,1.0,347961.0,149728.0,3092.0,1292.0,309515.0,0.0
3855,1.0,6.300429884776e+18,20124903.0,32435.0,2.0,2.0,4844.0,546.0,6483.0,4349.0,898.0,0.0
3856,4.0,2.4127717961104635e+18,20067139.0,23781.0,1.0,1.0,85.0,133.0,8.0,1.0,506.0,0.0
3857,1.0,1.205787899908646e+19,20174763.0,27961.0,1.0,1.0,151237.0,140805.0,279482.0,238765.0,10365377.0,0.0
3858,1.0,1.8060350436164332e+19,4417716.0,11132.0,2.0,1.0,914014.0,40475.0,60903.0,12683.0,0.0,0.0
3859,1.0,1.7065143026592063e+19,1848616.0,1231.0,2.0,1.0,13454394.0,42390.0,60677.0,54347.0,658972.0,1.0
3860,1.0,8.068772258818037e+18,20120069.0,20306.0,3.0,2.0,554.0,31.0,13777.0,13566.0,9291716.0,0.0
3861,1.0,1.4340390157469403e+19,21163924.0,23808.0,2.0,1.0,2116.0,1023.0,2445.0,67.0,5023759.0,1.0
3862,2.0,1.4531867648059392e+19,7144538.0,27484.0,1.0,1.0,441.0,1263.0,3586.0,15590.0,259083.0,1.0
3863,1.0,4.2981186814246446e+18,21866029.0,385.0,1.0,1.0,10708032.0,8996.0,14352.0,14108.0,16865582.0,0.0
3864,1.0,1.4340390157469403e+19,3110597.0,23777.0,1.0,1.0,48562.0,330.0,154.0,226.0,902144.0,1.0
3865,1.0,8.914972287370947e+18,20038458.0,30759.0,1.0,1.0,77255.0,51640.0,973242.0,554391.0,0.0,0.0
3866,1.0,1.4340390157469403e+19,3064957.0,23777.0,2.0,2.0,13564611.0,16267.0,119353.0,103973.0,0.0,0.0
3867,1.0,5.851252814446936e+18,21477807.0,28698.0,3.0,1.0,116519.0,166173.0,813154.0,652597.0,10935951.0,1.0
3868,1.0,1.4340390157469403e+19,20643970.0,23808.0,2.0,1.0,54.0,20.0,9.0,9.0,15663351.0,1.0
3869,1.0,1.3940230668535685e+19,4381106.0,22720.0,2.0,1.0,21094.0,7699.0,159427.0,147289.0,1642253.0,1.0
3870,1.0,4.2981186814246446e+18,21866029.0,385.0,1.0,1.0,17552.0,173.0,296.0,408.0,21635795.0,1.0
3871,1.0,5.260594170071819e+16,3048013.0,23782.0,1.0,1.0,184420.0,369.0,240.0,405.0,2884061.0,1.0
3872,1.0,5.298596108980697e+18,4400646.0,12398.0,2.0,2.0,9435108.0,518094.0,2153851.0,308905.0,0.0,1.0
3873,1.0,1.7414446823271944e+19,21967059.0,38189.0,3.0,1.0,47304.0,44343.0,1339100.0,1060397.0,0.0,1.0
3874,1.0,6.715049002232656e+18,3065545.0,23783.0,1.0,1.0,12755.0,45.0,40.0,53.0,4797339.0,1.0
3875,1.0,1.386502081041188e+19,21758241.0,24387.0,2.0,1.0,368402.0,1376.0,104303.0,56188.0,0.0,0.0
3876,22.0,1.4347859242938208e+19,21022176.0,33931.0,1.0,1.0,752.0,1059.0,4823.0,1721.0,0.0,1.0
3877,1.0,7.953863969799817e+18,20197898.0,5058.0,1.0,1.0,1815.0,2208.0,10927.0,839.0,17968141.0,0.0
3878,1.0,1.0460794781478122e+18,21920339.0,37956.0,2.0,2.0,3.0,17.0,29.0,469.0,5355613.0,0.0
3879,3.0,1.6013584520900049e+19,20287534.0,33047.0,1.0,1.0,18470565.0,52744.0,60501.0,2601.0,11737882.0,0.0
3880,1.0,7.903914528320191e+18,21162475.0,1325.0,2.0,1.0,1023308.0,26604.0,56289.0,58855.0,0.0,0.0
3881,1.0,1.4531867648059392e+19,3831795.0,27486.0,3.0,1.0,92444.0,1660.0,3795.0,387.0,1596235.0,0.0
3882,1.0,1.3756257544627677e+19,10355524.0,24354.0,2.0,1.0,73358.0,35109.0,56449.0,52318.0,226642.0,1.0
3883,1.0,6.715049002232656e+18,3065545.0,23783.0,1.0,1.0,999478.0,167.0,128.0,212.0,461585.0,1.0
3884,1.0,1.3416878294870458e+19,3066490.0,23786.0,1.0,1.0,477.0,314.0,207.0,115.0,20204443.0,1.0
3885,2.0,9.325477636719378e+18,21244623.0,36025.0,1.0,1.0,17822290.0,4134.0,17623.0,20540.0,112169.0,0.0
3886,1.0,5.293727453042729e+18,20360417.0,29699.0,3.0,2.0,761743.0,74872.0,450975.0,367989.0,0.0,0.0
3887,1.0,1.5036018889995973e+19,2891265.0,6316.0,2.0,1.0,1952202.0,1835.0,27832.0,26319.0,0.0,0.0
3888,1.0,1.1187182986136297e+18,3513899.0,24541.0,2.0,2.0,68148.0,76136.0,364870.0,228480.0,0.0,1.0
3889,1.0,1.0587175977312471e+19,4330703.0,8314.0,2.0,1.0,14365083.0,200.0,7501.0,7685.0,12000580.0,1.0
3890,2.0,1.5015549564813197e+19,21475291.0,28695.0,2.0,1.0,1235.0,2240.0,1443410.0,1143535.0,0.0,0.0
3891,1.0,5.224663175056087e+18,21100770.0,9139.0,3.0,2.0,3365269.0,49744.0,368485.0,184747.0,0.0,0.0
3892,1.0,2.4347563200652785e+18,20639914.0,29273.0,1.0,1.0,155.0,420.0,104.0,91.0,1172841.0,1.0
3893,1.0,2.6928596198512824e+18,4344041.0,2051.0,2.0,1.0,9468328.0,71.0,151.0,218.0,0.0,0.0
3894,1.0,1.2955526957381226e+19,10587405.0,28034.0,3.0,1.0,7284130.0,29910.0,3494.0,157720.0,0.0,0.0
3895,1.0,2.922437307313168e+18,20776148.0,2203.0,2.0,1.0,102420.0,11892.0,11033.0,21425.0,3131152.0,1.0
3896,1.0,2.2098007624120822e+17,21167208.0,35785.0,2.0,1.0,281857.0,6272.0,111740.0,224947.0,3302576.0,1.0
3897,1.0,9.881207773436752e+18,4332980.0,23778.0,2.0,1.0,498095.0,22.0,13.0,21.0,0.0,0.0
3898,3.0,1.8054023944582975e+19,20591860.0,29479.0,1.0,1.0,165384.0,46086.0,66062.0,938.0,329338.0,0.0
3899,1.0,1.595507548723284e+18,20187608.0,24362.0,1.0,1.0,112.0,418.0,392.0,787.0,93815.0,1.0
3900,1.0,5.260594170071819e+16,3048013.0,23782.0,1.0,1.0,30697.0,1678.0,1074.0,1375.0,19149109.0,1.0
3901,1.0,8.335105002517451e+18,20563014.0,33524.0,1.0,1.0,26129292.0,1636.0,2726.0,2165.0,0.0,0.0
3902,1.0,5.937256857527595e+18,21299891.0,34139.0,2.0,1.0,2166713.0,178711.0,439747.0,14000.0,110265.0,0.0
3903,1.0,9.636358310252038e+18,20548599.0,32490.0,2.0,2.0,351947.0,4664.0,116262.0,109018.0,315264.0,0.0
3904,1.0,2.874292127179363e+18,21463271.0,37020.0,3.0,3.0,730212.0,50871.0,647438.0,522401.0,0.0,0.0
3905,1.0,1.3855511193019767e+19,20758715.0,32464.0,1.0,1.0,404723.0,972.0,6217.0,6509.0,0.0,0.0
3906,1.0,1.2902129976731994e+19,3067652.0,23785.0,1.0,1.0,3725370.0,12766.0,10097.0,181.0,19453848.0,1.0
3907,1.0,7.903914528320191e+18,21162438.0,1325.0,3.0,2.0,422.0,1408.0,3760.0,4741.0,5955273.0,0.0
3908,1.0,7.903914528320191e+18,21162514.0,1325.0,3.0,2.0,22.0,36.0,24.0,25.0,128783.0,0.0
3909,1.0,7.143518654485987e+18,20393504.0,33093.0,2.0,1.0,11995.0,320.0,133.0,1331.0,13703331.0,1.0
3910,9.0,9.133549713053886e+18,20666191.0,8055.0,1.0,1.0,129940.0,1031.0,1798.0,2056.0,0.0,1.0
3911,1.0,1.752266583702615e+19,20089178.0,10894.0,2.0,2.0,2003.0,1709.0,1797872.0,1420050.0,6279227.0,1.0
3912,1.0,5.468727571223081e+18,20001249.0,1381.0,1.0,1.0,113521.0,31642.0,135666.0,120129.0,356583.0,1.0
3913,1.0,3.752218522896965e+17,21861922.0,37842.0,2.0,2.0,163546.0,3049.0,134728.0,116601.0,0.0,0.0
3914,18.0,1.2596090160736965e+19,20877223.0,22511.0,2.0,1.0,797.0,235.0,297286.0,249911.0,0.0,1.0
3915,1.0,1.3731030204823914e+19,22088175.0,37600.0,3.0,3.0,7588.0,92346.0,134808.0,3791.0,8135153.0,0.0
3916,1.0,4.4720221662821985e+18,20358368.0,1224.0,3.0,3.0,332.0,225.0,34571.0,19733.0,569296.0,0.0
3917,1.0,1.205787899908646e+19,20174698.0,27961.0,1.0,1.0,23133039.0,661.0,634.0,974.0,11775539.0,0.0
3918,2.0,1.564052170308098e+19,21458840.0,36442.0,2.0,2.0,42415.0,25261.0,1507.0,1772.0,4415807.0,0.0
3919,1.0,1.7697127834337845e+19,10484129.0,29135.0,3.0,1.0,7873.0,6513.0,91088.0,88385.0,818535.0,1.0
3920,1.0,1.4340390157469403e+19,10397481.0,23808.0,2.0,2.0,498047.0,3707.0,16.0,167.0,0.0,0.0
3921,1.0,2.6928596198512824e+18,4291763.0,2051.0,2.0,1.0,56.0,211.0,235.0,63.0,13653438.0,0.0
3922,1.0,1.4340390157469403e+19,3074003.0,23777.0,3.0,1.0,395.0,346.0,650.0,847.0,9226221.0,1.0
3923,1.0,1.389904800980167e+19,22131626.0,5026.0,3.0,2.0,8201072.0,83115.0,2299245.0,1806136.0,813489.0,0.0
3924,5.0,1.4340390157469403e+19,2910078.0,23777.0,2.0,2.0,961.0,2552.0,5060.0,5380.0,6195302.0,1.0
3925,1.0,4.823498879031827e+18,20501938.0,33564.0,2.0,2.0,1253173.0,3501.0,93482.0,82205.0,698810.0,0.0
3926,1.0,4.732943033478898e+18,21007262.0,35305.0,2.0,2.0,1483.0,1094.0,2508.0,2763.0,424218.0,0.0
3927,1.0,7.903914528320191e+18,21135536.0,1325.0,3.0,2.0,791.0,6853.0,4796.0,23.0,178727.0,0.0
3928,1.0,7.718107921866424e+18,4239063.0,10647.0,2.0,1.0,1282.0,1646.0,6135.0,6421.0,6564047.0,1.0
3929,2.0,6.358273138009531e+18,21259326.0,1303.0,1.0,1.0,301474.0,9355.0,843.0,1522.0,497382.0,1.0
3930,1.0,7.137463797046619e+18,21340339.0,36665.0,2.0,2.0,91862.0,114617.0,371972.0,675.0,0.0,1.0
3931,1.0,2.8204411734907955e+18,4299421.0,16583.0,2.0,1.0,384.0,3558.0,8259.0,8672.0,11191307.0,1.0
3932,1.0,6.985924435961415e+18,21204620.0,36005.0,3.0,2.0,47484.0,30403.0,3255.0,1687.0,619611.0,1.0
3933,1.0,2.670952723278905e+18,20172874.0,23805.0,2.0,1.0,28.0,7.0,95.0,16.0,12576520.0,1.0
3934,1.0,4.57640480473699e+18,4389045.0,9098.0,2.0,1.0,34835.0,50602.0,214798.0,200190.0,3298277.0,0.0
3935,1.0,1.4340390157469403e+19,9027314.0,23808.0,2.0,2.0,651297.0,6.0,70.0,89.0,0.0,0.0
3936,1.0,1.205787899908646e+19,20163505.0,27961.0,1.0,1.0,12970130.0,76.0,359.0,534.0,11858637.0,1.0
3937,1.0,1.5972055927655242e+18,4423947.0,28372.0,2.0,1.0,87360.0,50813.0,57611.0,8774.0,1138260.0,1.0
3938,1.0,7.180551296669381e+18,3188677.0,4682.0,2.0,2.0,12777966.0,2726.0,35105.0,31261.0,801.0,0.0
3939,1.0,1.4340390157469403e+19,9027213.0,23808.0,2.0,1.0,1.0,1.0,0.0,0.0,184857.0,1.0
3940,1.0,1.1917549558620953e+19,21231772.0,26269.0,2.0,1.0,11.0,8.0,4523.0,1454.0,107938.0,1.0
3941,1.0,1.205787899908646e+19,20222891.0,27961.0,2.0,1.0,6429462.0,28010.0,47259.0,46930.0,388033.0,0.0
3942,1.0,1.205787899908646e+19,20163229.0,27961.0,2.0,1.0,521118.0,19648.0,37723.0,40364.0,107863.0,1.0
3943,5.0,5.58229175359643e+18,9025390.0,4934.0,2.0,1.0,1057882.0,1757.0,1055.0,3021.0,0.0,0.0
3944,1.0,1.827775781617713e+19,20938640.0,35206.0,3.0,1.0,377378.0,570.0,9908.0,3187.0,1251008.0,0.0
3945,1.0,1.3393281957586207e+19,21193049.0,34178.0,1.0,1.0,16838285.0,98385.0,306726.0,444.0,204206.0,1.0
3946,1.0,1.7962103236755943e+19,20436404.0,12248.0,1.0,1.0,16415393.0,97.0,172.0,250.0,0.0,1.0
3947,1.0,6.715049002232656e+18,3065545.0,23783.0,1.0,1.0,7308.0,370.0,241.0,402.0,21311441.0,1.0
3948,1.0,1.4140300435418186e+18,20208707.0,1502.0,2.0,1.0,12566874.0,388.0,1528.0,348.0,187064.0,1.0
3949,1.0,8.134264174510893e+18,4176348.0,1268.0,2.0,2.0,13293682.0,2188.0,27336.0,304.0,0.0,0.0
3950,1.0,4.2981186814246446e+18,21866029.0,385.0,1.0,1.0,106029.0,25990.0,57142.0,51719.0,23514183.0,1.0
3951,1.0,1.099159647493597e+19,20019531.0,591.0,2.0,1.0,25675.0,34362.0,123828.0,7985.0,7257029.0,1.0
3952,2.0,6.399024617856669e+18,21299603.0,36491.0,2.0,1.0,222.0,403.0,1469.0,121.0,5846460.0,1.0
3953,1.0,3.583186794558268e+18,21402192.0,36906.0,2.0,2.0,15176.0,354.0,1196.0,38024.0,16211893.0,1.0
3954,1.0,1.5859647530187389e+19,4285938.0,23778.0,2.0,1.0,13330005.0,8.0,19.0,83.0,5207673.0,0.0
3955,1.0,4.58628320308311e+17,21318712.0,8493.0,2.0,2.0,26786.0,27657.0,582922.0,471985.0,134063.0,0.0
3956,4.0,1.320408634329364e+19,20179020.0,879.0,2.0,1.0,442811.0,131.0,1415.0,1441.0,253087.0,1.0
3957,1.0,4.998895501216811e+18,20712797.0,34453.0,3.0,1.0,33764.0,1805.0,261715.0,404.0,0.0,1.0
3958,1.0,1.3090221289647714e+19,20174947.0,23795.0,3.0,3.0,3371.0,4349.0,3.0,7.0,3809124.0,0.0
3959,1.0,2.3788268256695644e+18,21866132.0,37789.0,2.0,2.0,1266268.0,3931.0,54223.0,87611.0,1761409.0,1.0
3960,1.0,8.99455707050858e+18,20030165.0,23799.0,2.0,1.0,19.0,231.0,199.0,316.0,2871764.0,1.0
3961,1.0,5.043872684492559e+18,20656725.0,12377.0,2.0,1.0,1280.0,7201.0,10984.0,42122.0,15562494.0,1.0
3962,1.0,8.134264174510893e+18,10950956.0,1268.0,3.0,3.0,7230706.0,74870.0,255185.0,2.0,1607768.0,0.0
3963,1.0,1.4340390157469403e+19,9027238.0,23808.0,1.0,1.0,125.0,134.0,74.0,94.0,2349982.0,1.0
3964,1.0,1.7654447561421345e+19,20369416.0,33205.0,3.0,2.0,1542.0,447.0,8801.0,728.0,4171848.0,0.0
3965,1.0,6.551235820093274e+18,21239871.0,27912.0,2.0,2.0,175892.0,3546.0,101616.0,102342.0,2215049.0,0.0
3966,1.0,1.3885821690078222e+19,20714120.0,854.0,3.0,1.0,1641.0,1893.0,4832.0,4060.0,10395760.0,1.0
3967,1.0,1.3557133018779933e+19,20706014.0,34246.0,3.0,1.0,1.0,3.0,142.0,71.0,3936063.0,0.0
3968,3.0,1.370274482986871e+19,3476496.0,4717.0,2.0,1.0,463815.0,34256.0,501178.0,502911.0,32698.0,0.0
3969,1.0,1.7363854844105064e+19,20017082.0,23798.0,1.0,1.0,12288.0,16870.0,16805.0,16335.0,234091.0,0.0
3970,1.0,1.130902570404585e+19,22103473.0,38263.0,3.0,2.0,1245294.0,105.0,29.0,182.0,4673127.0,0.0
3971,1.0,1.445280056686617e+19,10587773.0,29696.0,1.0,1.0,24356222.0,18241.0,74146.0,468.0,4454327.0,0.0
3972,1.0,1.5616116704013072e+19,3996816.0,23404.0,3.0,1.0,886671.0,28789.0,1702107.0,1317337.0,5603.0,0.0
3973,1.0,9.034893530351337e+18,2087898.0,1384.0,1.0,1.0,17171944.0,332.0,434.0,786.0,6052264.0,0.0
3974,2.0,2.3788268256695644e+18,21866090.0,37789.0,2.0,1.0,3611.0,5861.0,366974.0,298748.0,2507261.0,0.0
3975,4.0,1.5872012694861505e+19,20885025.0,34855.0,2.0,2.0,1980.0,1660.0,13787.0,1657.0,115982.0,1.0
3976,1.0,1.5459552235364899e+19,20037412.0,824.0,2.0,1.0,222986.0,134676.0,457565.0,381624.0,48717.0,1.0
3977,1.0,1.7984766042927387e+19,7779555.0,2411.0,2.0,2.0,1920.0,149.0,3901.0,5977.0,31734.0,0.0
3978,1.0,1.205787899908646e+19,20221069.0,27961.0,2.0,1.0,1704.0,3233.0,4716.0,22601.0,4370546.0,1.0
3979,1.0,2.631969649555063e+18,20667617.0,34102.0,3.0,1.0,211848.0,4459.0,122397.0,106528.0,0.0,1.0
3980,1.0,1.3756257544627677e+19,20587302.0,24354.0,3.0,1.0,685383.0,430.0,2302.0,2542.0,156662.0,1.0
3981,1.0,1.5145480155589095e+19,21927055.0,23807.0,1.0,1.0,1061.0,1707.0,66.0,86.0,3118362.0,0.0
3982,1.0,1.2870925896605512e+19,2722136.0,9252.0,1.0,1.0,20280957.0,29402.0,298745.0,247540.0,89528.0,0.0
3983,1.0,4.184672191452961e+18,4364508.0,16751.0,2.0,1.0,14183287.0,1006.0,47093.0,16195.0,368299.0,0.0
3984,1.0,2.0021430589649848e+18,20188690.0,24124.0,3.0,1.0,1339.0,3565.0,583.0,761.0,10969131.0,1.0
3985,13.0,8.369120923851171e+18,21520546.0,37432.0,2.0,2.0,171.0,4727.0,42270.0,38850.0,0.0,1.0
3986,1.0,2.2342446273741944e+18,21205343.0,11965.0,1.0,1.0,23231479.0,89616.0,438312.0,328673.0,45164.0,1.0
3987,1.0,1.6949759439173958e+19,10405666.0,29900.0,2.0,1.0,253.0,125.0,101.0,134.0,9120649.0,0.0
3988,1.0,5.468727571223081e+18,21399456.0,1381.0,3.0,1.0,207010.0,118956.0,482439.0,409889.0,1458476.0,0.0
3989,1.0,6.539424021056515e+18,3219148.0,23777.0,2.0,1.0,163336.0,54.0,57.0,72.0,5222595.0,1.0
3990,1.0,1.4638196341104974e+19,4280082.0,758.0,1.0,1.0,8114891.0,495.0,1160.0,1351.0,1971011.0,0.0
3991,1.0,7.703279069701543e+18,21299640.0,4983.0,1.0,1.0,14.0,26.0,38.0,51.0,2668498.0,1.0
3992,1.0,5.436465065010637e+18,21225305.0,35402.0,2.0,1.0,160136.0,366.0,99792.0,7843.0,7001289.0,0.0
3993,1.0,5.260594170071819e+16,3048011.0,23782.0,1.0,1.0,6970.0,761.0,484.0,735.0,355079.0,1.0
3994,1.0,5.888277431783336e+18,7955164.0,6520.0,1.0,1.0,19623546.0,4266.0,3820.0,4823.0,20447534.0,1.0
3995,1.0,2.4857109343625774e+18,21359969.0,35613.0,2.0,1.0,8152.0,380.0,4546.0,4616.0,6955600.0,0.0
3996,1.0,1.5989049276530887e+19,20314356.0,23824.0,2.0,2.0,12355.0,17107.0,69207.0,31.0,12156942.0,1.0
3997,1.0,3.738867090673109e+18,20684801.0,9437.0,2.0,1.0,10346587.0,63507.0,237425.0,205931.0,0.0,0.0
3998,1.0,3.595206123608678e+17,21261582.0,36371.0,3.0,2.0,12806.0,29.0,2464.0,2072.0,0.0,0.0
3999,1.0,1.4340390157469403e+19,21163921.0,23808.0,2.0,1.0,1993.0,756.0,4030.0,39.0,149896.0,1.0
4000,4.0,1.2832662224762356e+19,21344760.0,36300.0,2.0,1.0,4714.0,16004.0,290524.0,241039.0,0.0,1.0
4001,5.0,1.034946865176566e+19,21522776.0,37422.0,3.0,1.0,0.0,0.0,26.0,28.0,3011447.0,0.0
4002,2.0,1.205787899908646e+19,20180690.0,27961.0,2.0,2.0,5735677.0,28349.0,31601.0,31292.0,3812982.0,1.0
4003,1.0,6.912851286990253e+18,20027177.0,18918.0,2.0,2.0,5886.0,5874.0,62432.0,39546.0,9205419.0,1.0
4004,1.0,1.205787899908646e+19,20222970.0,27961.0,1.0,1.0,180.0,102.0,161.0,244.0,7776580.0,1.0
4005,1.0,1.4347859242938208e+19,21717680.0,33931.0,3.0,2.0,1311094.0,41908.0,184185.0,2329.0,2971243.0,0.0
4006,1.0,9.662243402272995e+18,21273990.0,36286.0,2.0,2.0,152798.0,158637.0,1946281.0,1665.0,14157774.0,0.0
4007,2.0,3.5168895657275873e+18,1602562.0,1267.0,2.0,1.0,5560.0,2393.0,10092.0,3046.0,7896194.0,1.0
4008,1.0,7.583003028210444e+18,20599165.0,33272.0,2.0,2.0,1917832.0,201847.0,408260.0,556.0,8263252.0,1.0
4009,1.0,1.205787899908646e+19,20183659.0,27961.0,2.0,2.0,3951459.0,1453.0,4508.0,5828.0,1605429.0,0.0
4010,1.0,1.2587375617994498e+19,21251086.0,36343.0,3.0,1.0,421156.0,687.0,121473.0,79604.0,2418.0,0.0
4011,1.0,5.145481950177245e+18,21259394.0,33412.0,2.0,2.0,4320.0,996.0,28183.0,11438.0,210772.0,0.0
4012,3.0,1.7497018532244273e+19,10399546.0,29400.0,3.0,2.0,3703436.0,6866.0,998589.0,842544.0,1696232.0,1.0
4013,1.0,1.0885290142387909e+19,3616835.0,12994.0,2.0,2.0,329200.0,215.0,9961.0,11233.0,2362880.0,0.0
4014,1.0,1.4140300435418186e+18,20208907.0,1502.0,2.0,1.0,154061.0,62.0,347.0,442.0,0.0,0.0
4015,1.0,1.4340390157469403e+19,9027213.0,23808.0,1.0,1.0,5.0,1.0,0.0,0.0,902885.0,1.0
4016,7.0,1.595507548723284e+18,20187595.0,24362.0,1.0,1.0,155.0,420.0,560.0,265.0,224853.0,1.0
4017,1.0,1.3090221289647714e+19,20174989.0,23795.0,2.0,1.0,110.0,859.0,3.0,7.0,2448622.0,1.0
4018,1.0,6.657389102108127e+18,22112978.0,38514.0,2.0,2.0,47867.0,3087.0,50353.0,45017.0,15740964.0,1.0
4019,1.0,5.851252814446936e+18,21477824.0,28698.0,2.0,1.0,4387440.0,372670.0,3265535.0,2555249.0,663998.0,1.0
4020,1.0,1.205787899908646e+19,20183690.0,27961.0,2.0,2.0,5486158.0,13935.0,33383.0,869.0,0.0,0.0
4021,1.0,5.5111324610218e+18,10600897.0,10040.0,3.0,3.0,1587.0,34031.0,34446.0,1142.0,713382.0,0.0
4022,1.0,1.4340390157469403e+19,21163925.0,23808.0,2.0,2.0,51.0,395.0,816.0,148.0,15192647.0,1.0
4023,1.0,1.564052170308098e+19,21458831.0,36442.0,2.0,2.0,1056520.0,644480.0,1507.0,1772.0,0.0,0.0
4024,1.0,1.4340390157469403e+19,3207232.0,23777.0,1.0,1.0,23190945.0,2426.0,1656.0,1912.0,0.0,0.0
4025,1.0,9.146157873006285e+18,20078111.0,14043.0,2.0,1.0,2518.0,5204.0,9685.0,2430.0,1002528.0,1.0
4026,1.0,5.260594170071819e+16,3048011.0,23782.0,1.0,1.0,1582.0,705.0,470.0,769.0,19840178.0,1.0
4027,1.0,1.7363854844105064e+19,20017083.0,23798.0,1.0,1.0,16277131.0,159.0,157.0,233.0,6317574.0,0.0
4028,1.0,1.293127882865182e+19,21329677.0,36642.0,2.0,1.0,11721162.0,2045.0,135802.0,141640.0,0.0,1.0
4029,1.0,8.813902859733762e+18,20886690.0,34840.0,1.0,1.0,3383001.0,206.0,552.0,2653.0,18396581.0,1.0
4030,1.0,8.683597619805982e+18,20717381.0,29127.0,2.0,1.0,2133062.0,800191.0,2217962.0,1746646.0,2760722.0,1.0
4031,1.0,4.2981186814246446e+18,10760822.0,385.0,3.0,3.0,6757391.0,28955.0,31175.0,9436.0,0.0,0.0
4032,1.0,5.019478642236173e+18,10262219.0,28306.0,1.0,1.0,15146346.0,6644.0,2519.0,2781.0,17446685.0,1.0
4033,2.0,2.6928596198512824e+18,4321436.0,2051.0,2.0,2.0,12051202.0,12369.0,1810.0,2066.0,0.0,1.0
4034,1.0,9.881207773436752e+18,4332980.0,23778.0,2.0,1.0,9963653.0,22.0,13.0,21.0,485378.0,0.0
4035,2.0,2.1115975172883315e+18,21167205.0,35100.0,2.0,1.0,301.0,618.0,961.0,1171.0,164772.0,1.0
4036,1.0,1.167378827745426e+19,10061236.0,16891.0,3.0,3.0,1584.0,614.0,44011.0,814.0,62456.0,0.0
4037,1.0,8.119057108691817e+18,20876635.0,34760.0,1.0,1.0,16407104.0,100.0,34.0,40.0,10391665.0,0.0
4038,1.0,7.205243269184594e+17,20895853.0,34655.0,2.0,1.0,86427.0,30857.0,100812.0,4696.0,787304.0,1.0
4039,1.0,1.4340390157469403e+19,3530081.0,23777.0,2.0,2.0,2173439.0,2363.0,6668.0,6889.0,0.0,0.0
4040,2.0,1.6949759439173958e+19,10405666.0,29900.0,2.0,1.0,2794.0,33.0,101.0,134.0,2442185.0,1.0
4041,1.0,5.928161761814689e+18,4360716.0,4800.0,1.0,1.0,4701.0,3270.0,21355.0,12428.0,3344774.0,0.0
4042,2.0,1.136372424770545e+19,21310286.0,30405.0,2.0,1.0,316532.0,23.0,9459.0,9556.0,0.0,1.0
4043,1.0,5.07990106805139e+18,7727738.0,25928.0,1.0,1.0,7175.0,9918.0,20161.0,5732.0,1049.0,0.0
4044,1.0,1.4531867648059392e+19,21815482.0,27485.0,2.0,1.0,72.0,8.0,176.0,59.0,2360464.0,1.0
4045,1.0,1.5238556008762264e+19,21723566.0,37586.0,2.0,1.0,505.0,192.0,2408.0,2621.0,3219976.0,0.0
4046,1.0,7.903914528320191e+18,21162542.0,1325.0,3.0,1.0,3225575.0,30585.0,63460.0,66000.0,2913417.0,1.0
4047,2.0,3.87535613628379e+18,20591353.0,33161.0,2.0,1.0,10603.0,19120.0,91982.0,136016.0,360682.0,1.0
4048,1.0,1.4340390157469403e+19,21163924.0,23808.0,2.0,2.0,8786029.0,1287.0,2006.0,67.0,339254.0,0.0
4049,1.0,7.962517543079213e+18,20561620.0,30727.0,3.0,3.0,3395715.0,5799.0,171273.0,147239.0,9759831.0,0.0
4050,1.0,1.205787899908646e+19,20157287.0,27961.0,1.0,1.0,1420.0,737.0,645.0,1013.0,10077624.0,1.0
4051,1.0,1.130902570404585e+19,22002401.0,38263.0,2.0,1.0,3.0,170.0,80.0,105.0,7831420.0,0.0
4052,1.0,4.876702067173951e+17,20590531.0,24027.0,2.0,2.0,12370717.0,134398.0,320452.0,297019.0,4957357.0,1.0
4053,1.0,1.3756257544627677e+19,10793952.0,24354.0,2.0,2.0,359.0,544.0,247.0,299.0,16191789.0,1.0
4054,1.0,1.1433906656207389e+19,20032972.0,26519.0,2.0,1.0,30.0,1098.0,24528.0,28883.0,12388100.0,0.0
4055,1.0,2.1115975172883315e+18,21167204.0,35100.0,2.0,2.0,13874527.0,15036.0,125603.0,112051.0,589053.0,1.0
4056,1.0,1.595507548723284e+18,20187775.0,24362.0,1.0,1.0,18084692.0,18443.0,35359.0,1596.0,1358387.0,1.0
4057,1.0,1.4340390157469403e+19,20644045.0,23808.0,2.0,1.0,696.0,2.0,1.0,3.0,6815273.0,1.0
4058,1.0,1.5493010999793789e+19,20964439.0,33363.0,2.0,1.0,3517.0,3563.0,14607.0,41176.0,4664500.0,1.0
4059,1.0,1.445280056686617e+19,10588110.0,29696.0,3.0,1.0,2586664.0,5180.0,14568.0,15646.0,0.0,1.0
4060,1.0,1.5570718740883405e+19,22169098.0,38571.0,3.0,1.0,9525.0,14773.0,567421.0,19674.0,4164473.0,1.0
4061,2.0,1.1243521181800204e+19,21117001.0,35398.0,2.0,2.0,61637.0,126370.0,188287.0,322675.0,0.0,1.0
4062,1.0,2.0021430589649848e+18,20945367.0,24124.0,2.0,2.0,33449.0,1903.0,1137830.0,1205152.0,3062772.0,1.0
4063,2.0,5.555421584074224e+18,21010588.0,35238.0,1.0,1.0,22531092.0,197468.0,24004.0,22738.0,0.0,0.0
4064,1.0,8.335105002517451e+18,20549646.0,33524.0,1.0,1.0,7454.0,16003.0,10270.0,1639.0,19698274.0,0.0
4065,3.0,1.5281346382755484e+19,20574338.0,854.0,3.0,2.0,1383.0,4758.0,13010.0,649.0,6386871.0,0.0
4066,2.0,1.5567581785782684e+19,4376976.0,8467.0,2.0,1.0,2224559.0,3989.0,222451.0,117451.0,0.0,0.0
4067,1.0,1.3503262172158704e+19,21818974.0,1185.0,1.0,1.0,18061990.0,10650.0,9683.0,393.0,14670361.0,1.0
4068,1.0,6.228784066129291e+18,4357295.0,1998.0,3.0,2.0,768307.0,1617.0,2897.0,6081.0,2008390.0,0.0
4069,1.0,5.5111324610218e+18,2082738.0,10040.0,2.0,1.0,6637702.0,1738.0,3667.0,3996.0,4613416.0,0.0
4070,1.0,1.6716330505220809e+19,10391730.0,14103.0,2.0,2.0,14137119.0,12365.0,132973.0,228.0,159542.0,0.0
4071,1.0,1.3090221289647714e+19,20174985.0,23795.0,1.0,1.0,31.0,198.0,3.0,7.0,18313271.0,1.0
4072,1.0,1.2105578208496677e+19,20018868.0,8281.0,3.0,1.0,7690383.0,41211.0,157322.0,18508.0,37254.0,0.0
4073,1.0,7.903914528320191e+18,21162353.0,1325.0,1.0,1.0,23531073.0,649.0,1038.0,485.0,4527299.0,0.0
4074,1.0,3.8532398242780467e+18,21202611.0,35975.0,3.0,3.0,49934.0,1687.0,16694.0,9398.0,0.0,1.0
4075,1.0,2.6928596198512824e+18,4212764.0,2051.0,2.0,2.0,13801.0,290.0,278.0,56.0,222874.0,0.0
4076,1.0,4.6055291155997635e+18,20970108.0,6017.0,3.0,1.0,26067.0,192668.0,874504.0,740593.0,10848572.0,1.0
4077,3.0,4.795168443639951e+18,21210118.0,35940.0,2.0,1.0,7962730.0,35883.0,58351.0,63910.0,421112.0,1.0
4078,1.0,5.345544339361683e+18,5858822.0,23796.0,1.0,1.0,194.0,282.0,6.0,12.0,5347151.0,0.0
4079,1.0,1.7693099677562102e+19,20108853.0,29900.0,1.0,1.0,1180.0,65.0,2583.0,2850.0,899937.0,0.0
4080,2.0,1.570947928247294e+19,20588401.0,33692.0,3.0,2.0,47220.0,487.0,2693.0,3788.0,81227.0,1.0
4081,15.0,7.137463797046619e+18,21340441.0,36665.0,2.0,2.0,187.0,204.0,55573.0,72309.0,0.0,1.0
4082,1.0,3.583186794558268e+18,21402192.0,36906.0,2.0,2.0,7867.0,13625.0,19960.0,120874.0,45831.0,1.0
4083,1.0,5.260594170071819e+16,3048011.0,23782.0,1.0,1.0,74.0,484.0,322.0,463.0,17240699.0,1.0
4084,1.0,7.903914528320191e+18,20623363.0,2012.0,2.0,1.0,1336025.0,773.0,2007.0,230.0,1347611.0,1.0
4085,2.0,2.4127717961104635e+18,20067154.0,23781.0,2.0,1.0,4.0,7.0,94.0,1.0,4406371.0,1.0
4086,1.0,2.137528403495601e+18,20218259.0,23801.0,2.0,1.0,16296.0,4854.0,3262.0,4016.0,12640242.0,1.0
4087,3.0,1.6639217122396893e+19,10797390.0,26520.0,3.0,1.0,102776.0,91957.0,646019.0,326353.0,0.0,1.0
4088,1.0,3.010475069228332e+18,21467706.0,35824.0,2.0,2.0,5458.0,4749.0,27455.0,9184.0,5329311.0,1.0
4089,1.0,5.468727571223081e+18,20001249.0,1381.0,3.0,1.0,4687.0,176.0,819.0,1017.0,7573591.0,1.0
4090,1.0,1.1243521181800204e+19,21512676.0,35398.0,3.0,1.0,924.0,178.0,452.0,1805.0,951719.0,0.0
4091,1.0,8.813902859733762e+18,20886690.0,34840.0,2.0,2.0,863195.0,3774.0,10373.0,2653.0,1528217.0,0.0
4092,1.0,5.467921431274186e+18,10863214.0,30495.0,2.0,1.0,434409.0,9304.0,58785.0,18072.0,0.0,0.0
4093,1.0,1.4340390157469403e+19,9027554.0,23808.0,2.0,1.0,152.0,833.0,14.0,18.0,2946744.0,0.0
4094,1.0,1.3742635301971245e+19,21345302.0,36687.0,2.0,1.0,932.0,1468.0,89821.0,308.0,28097.0,0.0
4095,1.0,1.1989152459211756e+19,21881413.0,37171.0,2.0,2.0,5879335.0,787.0,15301.0,14939.0,0.0,0.0
4096,1.0,1.5005909604118043e+19,20369836.0,33268.0,3.0,2.0,1716305.0,1064.0,10749.0,8880.0,769702.0,0.0
4097,2.0,8.734123140845105e+18,2548768.0,7205.0,3.0,1.0,71254.0,65022.0,448361.0,132587.0,0.0,1.0
4098,1.0,1.0012755627828793e+19,20563417.0,1512.0,2.0,1.0,14396393.0,24734.0,39841.0,39788.0,613814.0,0.0
4099,28.0,1.4340390157469403e+19,21163927.0,23808.0,2.0,1.0,11681.0,2863.0,7394.0,136.0,0.0,1.0
4100,1.0,5.103335732153791e+18,10405659.0,29900.0,2.0,2.0,13197.0,98.0,23.0,26.0,10885007.0,1.0
4101,1.0,1.1200441805640139e+19,20868726.0,34786.0,2.0,2.0,4445708.0,142585.0,401483.0,279187.0,62807.0,1.0
4102,1.0,7.583003028210444e+18,20619963.0,33272.0,2.0,2.0,2876071.0,5918.0,17622.0,224.0,2429199.0,0.0
4103,1.0,7.64685227577694e+16,21141062.0,20455.0,2.0,1.0,6248993.0,23015.0,65408.0,13863.0,0.0,0.0
4104,1.0,1.7644636758338497e+19,21010751.0,35290.0,2.0,1.0,1236965.0,751.0,87779.0,168595.0,0.0,1.0
4105,1.0,7.607469470706895e+18,10528684.0,2953.0,3.0,3.0,46042.0,30735.0,60896.0,31068.0,0.0,0.0
4106,1.0,4.876702067173951e+17,20589722.0,24027.0,2.0,1.0,2020.0,6803.0,37674.0,108090.0,1577675.0,0.0
4107,7.0,1.7363854844105064e+19,20017078.0,23798.0,1.0,1.0,317593.0,1299.0,4.0,1104.0,0.0,1.0
4108,3.0,2.8204411734907955e+18,4299423.0,16583.0,2.0,2.0,254597.0,184924.0,901447.0,721050.0,93143.0,1.0
4109,1.0,1.3503262172158704e+19,2717891.0,1185.0,2.0,1.0,46163.0,48350.0,58462.0,62526.0,2270926.0,0.0
4110,1.0,9.004035880665279e+18,20595493.0,33800.0,2.0,2.0,11165292.0,1214.0,2607.0,3438.0,0.0,1.0
4111,1.0,7.556524281324226e+18,4360180.0,11833.0,3.0,1.0,2178760.0,120556.0,313075.0,266872.0,548190.0,0.0
4112,1.0,1.4541390899236174e+19,10406294.0,29854.0,2.0,2.0,27225.0,38950.0,328326.0,270125.0,987934.0,0.0
4113,1.0,9.486426745791162e+18,21301283.0,2396.0,3.0,3.0,830448.0,435.0,42633.0,42342.0,0.0,0.0
4114,1.0,1.205787899908646e+19,20183690.0,27961.0,1.0,1.0,18901.0,822.0,336.0,511.0,13542225.0,0.0
4115,1.0,1.205787899908646e+19,20163122.0,27961.0,2.0,1.0,23065.0,3185.0,2379.0,2969.0,466703.0,0.0
4116,1.0,1.034946865176566e+19,21522776.0,37422.0,2.0,1.0,0.0,0.0,26.0,28.0,15676696.0,0.0
4117,1.0,5.851252814446936e+18,20141232.0,28698.0,2.0,1.0,5070380.0,960.0,12337.0,12348.0,632372.0,0.0
4118,1.0,9.727760617536199e+18,21392721.0,27835.0,2.0,1.0,100003.0,25597.0,215427.0,194826.0,3960566.0,1.0
4119,1.0,4.6055291155997635e+18,20970107.0,6017.0,2.0,2.0,1697463.0,17489.0,134005.0,3141.0,0.0,0.0
4120,1.0,1.3736473979320947e+19,21430321.0,4778.0,1.0,1.0,24919675.0,35898.0,94007.0,1761.0,62721.0,0.0
4121,1.0,1.1624066761054958e+19,3373479.0,5962.0,3.0,2.0,5661404.0,128926.0,368515.0,298283.0,184241.0,0.0
4122,1.0,5.800834499030729e+18,21442669.0,37117.0,2.0,1.0,11256805.0,1384.0,21501.0,20622.0,1735356.0,0.0
4123,1.0,2.147392561695609e+17,21203247.0,27679.0,2.0,1.0,9844871.0,3287.0,52293.0,47559.0,312884.0,1.0
4124,1.0,9.991057275835721e+17,20345683.0,30428.0,3.0,3.0,3118018.0,27869.0,202705.0,171530.0,4893102.0,0.0
4125,1.0,1.4756578758696272e+19,20717750.0,3625.0,3.0,1.0,750368.0,86532.0,197202.0,174997.0,4505981.0,1.0
4126,1.0,2.7659720161423985e+18,4419916.0,4862.0,3.0,1.0,2.0,142.0,180.0,258.0,2712373.0,0.0
4127,1.0,9.390444283884915e+18,4248340.0,10655.0,1.0,1.0,3191378.0,169.0,400.0,564.0,0.0,0.0
4128,4.0,1.5832046583203246e+19,21194769.0,35967.0,1.0,1.0,5126313.0,207916.0,385487.0,365510.0,0.0,1.0
4129,1.0,1.0493494137545437e+19,21143841.0,19755.0,1.0,1.0,15878877.0,6641.0,7915.0,9812.0,0.0,0.0
4130,1.0,8.395613135368878e+18,4326791.0,25334.0,3.0,2.0,698.0,362.0,14708.0,17510.0,179334.0,0.0
4131,1.0,7.45062309562295e+18,20761462.0,32065.0,1.0,1.0,2905504.0,507156.0,2563359.0,2075482.0,1559676.0,0.0
4132,1.0,1.2611010400425636e+19,6912575.0,27499.0,1.0,1.0,14791.0,41716.0,111056.0,97169.0,771103.0,1.0
4133,1.0,8.020958930728938e+18,20888066.0,34605.0,1.0,1.0,25456075.0,864.0,8273.0,6440.0,476524.0,0.0
4134,1.0,1.4752340494333622e+19,7180097.0,20862.0,2.0,1.0,53757.0,192265.0,642394.0,533617.0,5448826.0,1.0
4135,1.0,3.228944575623223e+18,20393872.0,32981.0,2.0,1.0,133.0,164.0,978.0,1187.0,13667741.0,1.0
4136,1.0,5.589649412465737e+18,20950163.0,35067.0,1.0,1.0,5985.0,738.0,945.0,42.0,17501775.0,1.0
4137,7.0,1.1624066761054958e+19,3373964.0,5962.0,1.0,1.0,378.0,1109.0,171.0,217.0,599871.0,1.0
4138,1.0,1.4531867648059392e+19,20446979.0,27482.0,1.0,1.0,127255.0,22897.0,21263.0,76.0,1965206.0,0.0
4139,1.0,2.0021430589649848e+18,20607357.0,24124.0,1.0,1.0,23856894.0,2363.0,55.0,95.0,1453197.0,0.0
4140,1.0,6.45457471735947e+18,20918279.0,13669.0,2.0,1.0,984.0,6368.0,39209.0,40753.0,863977.0,1.0
4141,1.0,1.034946865176566e+19,21522776.0,37422.0,3.0,1.0,0.0,0.0,25.0,4.0,8022544.0,0.0
4142,1.0,6.015301734198921e+18,21127658.0,10200.0,3.0,3.0,772.0,1638.0,36712.0,45563.0,30615.0,1.0
4143,2.0,1.008357241655155e+19,21939216.0,23862.0,2.0,2.0,1274502.0,103941.0,443775.0,356765.0,0.0,0.0
4144,1.0,9.700442040794313e+18,10406603.0,1007.0,3.0,2.0,9611.0,19871.0,36637.0,16634.0,0.0,1.0
4145,1.0,9.806838428950888e+18,21811758.0,37737.0,3.0,2.0,6994.0,6839.0,9468.0,34309.0,2183712.0,0.0
4146,1.0,1.5859647530187389e+19,2989726.0,23778.0,1.0,1.0,82.0,104.0,62.0,79.0,2405087.0,1.0
4147,1.0,7.522549928770052e+18,20846186.0,34708.0,2.0,2.0,27431.0,13351.0,348845.0,224861.0,0.0,0.0
4148,1.0,9.200456746385218e+18,20665334.0,34078.0,2.0,1.0,64453.0,2249.0,9005.0,7588.0,11883562.0,1.0
4149,1.0,1.5859647530187389e+19,4285836.0,23778.0,3.0,2.0,1948.0,5419.0,84.0,557.0,8870753.0,1.0
4150,2.0,2.1740769468148124e+18,20584972.0,33421.0,3.0,2.0,309816.0,7123.0,204624.0,203966.0,0.0,0.0
4151,1.0,1.034946865176566e+19,21522776.0,37422.0,3.0,1.0,0.0,0.0,26.0,28.0,3946343.0,0.0
4152,2.0,1.4340390157469403e+19,9027213.0,23808.0,2.0,1.0,1.0,1.0,0.0,0.0,10184347.0,0.0
4153,1.0,1.53384812450665e+19,20757882.0,34509.0,2.0,1.0,1723133.0,6.0,2575.0,2045.0,1838249.0,1.0
4154,1.0,1.205787899908646e+19,20163581.0,27961.0,1.0,1.0,3805673.0,1504.0,1423.0,1961.0,8949477.0,1.0
4155,1.0,5.07990106805139e+18,4823052.0,25928.0,1.0,1.0,1195041.0,714.0,971.0,1180.0,522646.0,0.0
4156,1.0,1.4531867648059392e+19,3831856.0,27486.0,3.0,1.0,5441593.0,80220.0,209076.0,59.0,0.0,0.0
4157,1.0,3.583186794558268e+18,21402179.0,36906.0,2.0,2.0,14662.0,60805.0,72676.0,66981.0,1215480.0,1.0
4158,1.0,5.120683440510468e+18,8676731.0,1268.0,2.0,1.0,80893.0,7523.0,7372.0,8793.0,1708837.0,1.0
4159,1.0,1.205787899908646e+19,20192676.0,27961.0,2.0,1.0,98.0,39.0,131.0,440.0,2157926.0,0.0
4160,1.0,5.851252814446936e+18,21477562.0,28698.0,1.0,1.0,199.0,522.0,4507.0,4871.0,987866.0,0.0
4161,1.0,1.0097168550998047e+19,21219641.0,21533.0,1.0,1.0,21067418.0,9961.0,415193.0,339117.0,0.0,0.0
4162,1.0,2.039620248402007e+18,21194514.0,34292.0,1.0,1.0,5841.0,534.0,12780.0,3603.0,22454583.0,0.0
4163,1.0,8.683597619805982e+18,20717380.0,29127.0,2.0,1.0,2641791.0,477890.0,1514348.0,1613367.0,0.0,0.0
4164,1.0,1.205787899908646e+19,20147157.0,27961.0,1.0,1.0,16582236.0,221.0,165.0,269.0,0.0,1.0
4165,1.0,5.103335732153791e+18,10405659.0,29900.0,2.0,1.0,12061663.0,42.0,23.0,26.0,1198775.0,0.0
4166,2.0,5.589649412465737e+18,20950137.0,35067.0,1.0,1.0,18982636.0,13056.0,13378.0,42.0,1169717.0,1.0
4167,1.0,7.484333488664585e+18,21209488.0,34691.0,2.0,2.0,54.0,4174.0,718.0,919.0,853620.0,1.0
4168,1.0,5.854749437009103e+17,20945509.0,35083.0,2.0,2.0,20069.0,7716.0,63674.0,5003.0,16602879.0,1.0
4169,1.0,5.345544339361683e+18,5858719.0,23796.0,1.0,1.0,75.0,179.0,6.0,12.0,2257248.0,1.0
4170,1.0,1.4340390157469403e+19,10397422.0,23808.0,1.0,1.0,489.0,13.0,50.0,15.0,4459583.0,1.0
4171,1.0,1.3587373008721801e+19,21331242.0,36615.0,2.0,1.0,321.0,37.0,21762.0,9954.0,913182.0,1.0
4172,1.0,1.3756257544627677e+19,8182868.0,24354.0,2.0,2.0,10320766.0,63907.0,687883.0,29357.0,247405.0,0.0
4173,1.0,1.4340390157469403e+19,10397422.0,23808.0,2.0,2.0,7741379.0,13.0,50.0,15.0,0.0,0.0
4174,1.0,8.99455707050858e+18,20030165.0,23799.0,2.0,1.0,12565811.0,28.0,41.0,52.0,12523218.0,1.0
4175,1.0,1.475960458026406e+19,20132391.0,29807.0,2.0,1.0,6681.0,6296.0,27678.0,38199.0,8313592.0,0.0
4176,1.0,7.814492200515203e+18,21718327.0,37043.0,2.0,1.0,4834262.0,1266.0,18047.0,17451.0,6867374.0,0.0
4177,1.0,1.004598472476522e+19,4309682.0,27792.0,3.0,2.0,1713715.0,25109.0,43440.0,39899.0,23225.0,0.0
4178,1.0,5.75256867456002e+18,21258350.0,36372.0,3.0,2.0,2176772.0,9258.0,21415.0,45498.0,0.0,1.0
4179,1.0,8.550519403930564e+18,20423586.0,33385.0,2.0,1.0,958.0,5480.0,14406.0,13155.0,16276728.0,1.0
4180,2.0,7.903914528320191e+18,21162438.0,1325.0,2.0,2.0,327538.0,1408.0,3760.0,4741.0,2710023.0,1.0
4181,12.0,1.205787899908646e+19,20163505.0,27961.0,3.0,3.0,7065.0,3899.0,34207.0,33858.0,0.0,1.0
4182,1.0,1.8066543356791042e+19,21017412.0,30525.0,2.0,2.0,70870.0,866.0,11268.0,10999.0,14307776.0,0.0
4183,1.0,1.4340390157469403e+19,3208044.0,23777.0,2.0,1.0,20453.0,8326.0,11063.0,11030.0,4224103.0,1.0
4184,2.0,1.4188226704148191e+19,4235198.0,1213.0,3.0,3.0,25124.0,19795.0,65854.0,59108.0,33509.0,0.0
4185,1.0,1.0493494137545437e+19,21142880.0,19755.0,1.0,1.0,17263624.0,6166.0,9081.0,10659.0,21134651.0,1.0
4186,1.0,1.4026041424198298e+17,21202951.0,36034.0,1.0,1.0,1997976.0,742.0,4865.0,5273.0,0.0,1.0
4187,1.0,1.682592180244384e+19,4344954.0,2469.0,2.0,1.0,15517362.0,4562.0,36878.0,4986.0,376694.0,0.0
4188,2.0,1.205787899908646e+19,20222697.0,27961.0,3.0,2.0,7620295.0,127.0,448.0,637.0,113222.0,1.0
4189,5.0,4.2981186814246446e+18,7064345.0,385.0,2.0,1.0,1850252.0,702283.0,1878063.0,471.0,0.0,1.0
4190,1.0,1.2058910749118164e+18,21392490.0,27037.0,2.0,1.0,15075848.0,2454.0,75385.0,36766.0,0.0,0.0
4191,1.0,7.903914528320191e+18,20623357.0,2012.0,2.0,2.0,22884.0,1044.0,1792.0,229.0,11996694.0,0.0
4192,2.0,1.3384857948156529e+18,20759010.0,33931.0,1.0,1.0,3601.0,13736.0,13957.0,1642.0,5227812.0,1.0
4193,1.0,1.4756578758696272e+19,20718016.0,3625.0,2.0,1.0,327.0,1331.0,2528.0,2595.0,2562227.0,1.0
4194,2.0,1.5779377134362898e+19,10612886.0,29588.0,2.0,1.0,146139.0,6287.0,4837.0,3992.0,0.0,1.0
4195,2.0,9.573487645018952e+18,1918050.0,1339.0,2.0,2.0,3857.0,10784.0,16669.0,22568.0,1305358.0,1.0
4196,7.0,1.4340390157469403e+19,9027437.0,23808.0,1.0,1.0,24.0,19.0,20.0,20.0,17172961.0,0.0
4197,1.0,7.903914528320191e+18,21162354.0,1325.0,2.0,1.0,6353.0,8175.0,13074.0,15069.0,3823738.0,0.0
4198,1.0,2.4127717961104635e+18,20067139.0,23781.0,1.0,1.0,85.0,236.0,8.0,1.0,17913610.0,0.0
4199,1.0,5.311166673172763e+18,21167757.0,35641.0,2.0,1.0,11688726.0,33394.0,215882.0,335906.0,743725.0,0.0
4200,1.0,1.5859647530187389e+19,4285863.0,23778.0,3.0,1.0,7092971.0,736.0,84.0,1016.0,9140877.0,0.0
4201,1.0,4.859672325848538e+18,20714842.0,34451.0,3.0,2.0,3897302.0,53380.0,130772.0,64228.0,0.0,0.0
4202,1.0,1.5036018889995973e+19,1529561.0,6316.0,3.0,1.0,1192773.0,95240.0,901377.0,656207.0,0.0,0.0
4203,1.0,1.7741456305373202e+19,21293828.0,36500.0,2.0,1.0,5618.0,7644.0,10250.0,877.0,30326.0,0.0
4204,1.0,1.3021740539055374e+19,21163748.0,8222.0,1.0,1.0,18533.0,5275.0,3569.0,4303.0,23649836.0,1.0
4205,1.0,8.848021695083077e+18,20035409.0,2387.0,2.0,2.0,179.0,509.0,2804.0,2994.0,11071947.0,0.0
4206,4.0,1.4340390157469403e+19,9027213.0,23808.0,2.0,1.0,5.0,1.0,0.0,0.0,493124.0,1.0
4207,7.0,1.0198164876074803e+19,21345986.0,36640.0,2.0,2.0,138173.0,1974.0,1136.0,1341.0,0.0,1.0
4208,1.0,1.8515466410498632e+18,20683004.0,14689.0,2.0,1.0,14035272.0,538.0,6750.0,30331.0,360178.0,0.0
4209,1.0,1.0846163094111152e+19,21103016.0,35456.0,2.0,1.0,10031917.0,1607.0,5691.0,2892.0,445473.0,0.0
4210,1.0,1.205787899908646e+19,20192652.0,27961.0,1.0,1.0,202389.0,46802.0,100412.0,114382.0,714653.0,1.0
4211,1.0,1.8200436972721132e+19,5009173.0,27477.0,2.0,1.0,14609727.0,19156.0,17083.0,16551.0,0.0,1.0
4212,1.0,2.4347563200652785e+18,21173725.0,29273.0,1.0,1.0,18.0,28.0,169.0,69.0,551746.0,1.0
4213,1.0,1.4340390157469403e+19,3126759.0,23777.0,1.0,1.0,28849.0,2315.0,2823.0,3090.0,20409657.0,0.0
4214,1.0,3.6789685871340247e+18,21130017.0,7704.0,3.0,1.0,241408.0,37320.0,68219.0,163349.0,0.0,0.0
4215,1.0,1.2930459048655954e+19,21766704.0,32345.0,3.0,2.0,10260.0,22989.0,37952.0,42891.0,9590830.0,0.0
4216,1.0,1.4340390157469403e+19,20639988.0,23808.0,2.0,2.0,12712018.0,15728.0,10898.0,10899.0,0.0,0.0
4217,1.0,6.263749423537724e+18,21352947.0,36720.0,2.0,2.0,4838.0,4822.0,7234.0,635.0,1011031.0,0.0
4218,1.0,8.440474261622923e+18,21234043.0,36256.0,3.0,1.0,6305159.0,40621.0,187245.0,171110.0,0.0,0.0
4219,1.0,3.823702657028056e+18,20681760.0,23649.0,2.0,1.0,9898.0,10431.0,9335.0,9974.0,7675579.0,1.0
4220,1.0,9.004035880665279e+18,20595493.0,33800.0,2.0,1.0,316.0,543.0,2322.0,668.0,14782728.0,0.0
4221,1.0,6.912851286990253e+18,20150130.0,18918.0,1.0,1.0,1360647.0,414112.0,1384892.0,954827.0,19857323.0,1.0
4222,1.0,2.137528403495601e+18,20218301.0,23801.0,2.0,2.0,4.0,7.0,48.0,58.0,4683743.0,0.0
4223,1.0,1.205787899908646e+19,20163219.0,27961.0,2.0,2.0,97092.0,4631.0,45253.0,50211.0,5490387.0,0.0
4224,1.0,7.484333488664585e+18,21209487.0,34691.0,3.0,2.0,266872.0,883.0,324.0,449.0,509355.0,1.0
4225,1.0,2.6928596198512824e+18,4350508.0,2051.0,1.0,1.0,20352047.0,75215.0,37544.0,81.0,42421.0,1.0
4226,183.0,1.265502459667583e+17,21243951.0,36263.0,2.0,1.0,259.0,566.0,9440.0,179.0,0.0,1.0
4227,1.0,1.445280056686617e+19,10587773.0,29696.0,2.0,1.0,8003.0,4896.0,12878.0,14450.0,482869.0,0.0
4228,20.0,1.205787899908646e+19,20192651.0,27961.0,3.0,3.0,647.0,1853.0,3288.0,3643.0,0.0,1.0
4229,1.0,1.4340390157469403e+19,3111003.0,23777.0,1.0,1.0,4716.0,889.0,1208.0,1426.0,416947.0,1.0
4230,1.0,1.4347859242938208e+19,21963775.0,33931.0,3.0,3.0,5287135.0,4628.0,14878.0,14537.0,1851770.0,1.0
4231,1.0,3.755223453267309e+18,10940196.0,30833.0,2.0,1.0,15226029.0,3180.0,14851.0,11360.0,160225.0,0.0
4232,1.0,1.205787899908646e+19,20185439.0,27961.0,1.0,1.0,44.0,27.0,192.0,292.0,103516.0,1.0
4233,1.0,3.163997420314436e+18,9898493.0,26288.0,1.0,1.0,10264630.0,1975.0,5050.0,150.0,12961046.0,1.0
4234,1.0,4.052798900298195e+18,20213416.0,27568.0,2.0,2.0,40450.0,23597.0,951000.0,777211.0,7306278.0,0.0
4235,1.0,2.061296188583326e+18,2054911.0,387.0,2.0,2.0,37.0,278.0,218.0,321.0,4692328.0,1.0
4236,1.0,1.4340390157469403e+19,9027213.0,23808.0,1.0,1.0,5.0,1.0,0.0,0.0,6113858.0,0.0
4237,2.0,5.589649412465737e+18,20947683.0,35067.0,2.0,1.0,105831.0,42600.0,131234.0,42.0,0.0,1.0
4238,1.0,1.3990232386881378e+19,20596858.0,17135.0,3.0,1.0,8.0,15.0,76517.0,180051.0,10884298.0,1.0
4239,1.0,8.99455707050858e+18,20030165.0,23799.0,3.0,3.0,6783.0,12.0,290.0,417.0,1927647.0,0.0
4240,1.0,4.2981186814246446e+18,3704768.0,385.0,1.0,1.0,33152.0,45259.0,56802.0,51349.0,19349295.0,0.0
4241,1.0,1.167378827745426e+19,10060487.0,16891.0,2.0,2.0,259.0,566.0,20788.0,814.0,13601835.0,0.0
4242,1.0,1.1939587921903229e+19,20878292.0,34145.0,3.0,1.0,623810.0,325713.0,2254729.0,1771506.0,0.0,0.0
4243,3.0,5.345544339361683e+18,5858718.0,23796.0,1.0,1.0,35.0,478.0,6.0,12.0,587045.0,1.0
4244,1.0,1.4340390157469403e+19,20644045.0,23808.0,2.0,1.0,46673.0,2.0,1.0,3.0,877558.0,1.0
4245,1.0,1.1450525969697879e+18,22091462.0,38472.0,3.0,1.0,7649.0,62.0,2615.0,4368.0,4116402.0,0.0
4246,1.0,8.318663392144332e+17,4222419.0,13472.0,2.0,1.0,6701009.0,4897.0,107154.0,93875.0,25736.0,0.0
4247,1.0,1.0674394864224874e+19,2554323.0,24715.0,3.0,3.0,711240.0,23659.0,94384.0,85779.0,280290.0,0.0
4248,1.0,1.0253667802767667e+19,10408299.0,15753.0,2.0,2.0,1497322.0,976748.0,2874160.0,2995757.0,1289023.0,0.0
4249,153.0,1.136372424770545e+19,20124509.0,30405.0,2.0,2.0,649.0,531.0,8104.0,8250.0,0.0,1.0
4250,1.0,1.7693099677562102e+19,20108853.0,29900.0,2.0,1.0,350249.0,42.0,901.0,1117.0,1461549.0,1.0
4251,1.0,1.7048721173511748e+19,4286849.0,24162.0,2.0,1.0,6340.0,9250.0,7767.0,7936.0,12268964.0,0.0
4252,1.0,1.82526417530213e+19,4368301.0,26141.0,2.0,2.0,3750527.0,871.0,2105.0,8980.0,6503387.0,1.0
4253,1.0,5.851252814446936e+18,20133613.0,28698.0,2.0,1.0,12178434.0,33263.0,1787.0,3775.0,16206.0,0.0
4254,1.0,1.128902626789377e+19,21274297.0,36373.0,3.0,1.0,1544530.0,9623.0,3507.0,18686.0,0.0,0.0
4255,1.0,7.142644197552396e+18,20273663.0,32674.0,3.0,1.0,8878.0,270.0,20786.0,4663.0,534907.0,1.0
4256,1.0,1.168266798376858e+19,20282259.0,32763.0,1.0,1.0,10129.0,21159.0,593444.0,16378.0,174541.0,0.0
4257,1.0,1.4340390157469403e+19,4708149.0,23777.0,2.0,2.0,14419419.0,6605.0,16266.0,15796.0,5744279.0,1.0
4258,1.0,1.1243521181800204e+19,21712556.0,35398.0,2.0,1.0,238804.0,178.0,423.0,973.0,0.0,0.0
4259,1.0,1.5145480155589095e+19,21954123.0,23807.0,2.0,1.0,9829054.0,1295.0,34297.0,31927.0,1023139.0,0.0
4260,1.0,9.925218654413615e+18,21408533.0,36523.0,1.0,1.0,34752.0,42846.0,100371.0,90876.0,6326247.0,1.0
4261,1.0,1.7299638493773875e+18,20882076.0,23637.0,3.0,1.0,2244.0,90848.0,430.0,223.0,3952473.0,1.0
4262,1.0,1.1751890852108218e+19,6575428.0,23801.0,2.0,2.0,2419.0,8551.0,238.0,430.0,14377389.0,1.0
4263,5.0,1.9952917878195843e+18,10403211.0,29479.0,1.0,1.0,272577.0,168779.0,20741.0,1404.0,2055648.0,1.0
4264,1.0,5.33855005353209e+18,2917670.0,1512.0,2.0,2.0,15589752.0,4062.0,6677.0,7357.0,1576727.0,0.0
4265,1.0,2.620606686502133e+18,4325258.0,14079.0,3.0,3.0,1982436.0,119810.0,205396.0,21159.0,68663.0,1.0
4266,1.0,3.123757283978039e+18,21959498.0,38154.0,2.0,1.0,15140913.0,2063.0,150861.0,26451.0,16865364.0,0.0
4267,1.0,1.205787899908646e+19,20192676.0,27961.0,2.0,1.0,2078.0,39.0,72.0,100.0,639059.0,0.0
4268,3.0,7.903914528320191e+18,21162559.0,1325.0,1.0,1.0,180717.0,19191.0,36247.0,40266.0,0.0,1.0
4269,1.0,1.4433706419706933e+19,21953978.0,38104.0,2.0,2.0,837804.0,120.0,30746.0,767.0,125318.0,0.0
4270,1.0,7.903914528320191e+18,21162526.0,1325.0,1.0,1.0,64.0,10.0,22.0,23.0,20069247.0,0.0
4271,1.0,2.3788268256695644e+18,21866105.0,37789.0,1.0,1.0,1140.0,1489.0,63250.0,109967.0,5692288.0,0.0
4272,1.0,1.7515035192534186e+19,21333846.0,36608.0,1.0,1.0,48.0,249.0,12952.0,121.0,92805.0,1.0
4273,1.0,2.6928596198512824e+18,4323458.0,2051.0,2.0,2.0,12782.0,549.0,1263.0,1184.0,9651387.0,1.0
4274,1.0,7.903914528320191e+18,21109776.0,2010.0,1.0,1.0,25223336.0,13749.0,29037.0,18635.0,161587.0,1.0
4275,1.0,1.4340390157469403e+19,10397422.0,23808.0,1.0,1.0,489.0,13.0,50.0,15.0,11467676.0,1.0
4276,3.0,5.260594170071819e+16,3048011.0,23782.0,1.0,1.0,3230.0,84.0,68.0,104.0,4380109.0,1.0
4277,3.0,1.3756257544627677e+19,20175571.0,24354.0,2.0,1.0,53.0,276.0,79.0,199.0,2864072.0,1.0
4278,3.0,3.688408264145415e+18,4403581.0,27804.0,2.0,1.0,26862.0,9345.0,15116.0,19600.0,4342223.0,1.0
4279,1.0,1.7363854844105064e+19,20017078.0,23798.0,1.0,1.0,8840205.0,5675.0,4.0,5396.0,4635035.0,1.0
4280,1.0,5.5111324610218e+18,21373985.0,10040.0,1.0,1.0,901092.0,16699.0,14062.0,15519.0,1032983.0,1.0
4281,1.0,7.903914528320191e+18,21372569.0,2010.0,2.0,1.0,10347976.0,3129.0,85422.0,90240.0,3981561.0,0.0
4282,1.0,5.345544339361683e+18,5858717.0,23796.0,1.0,1.0,20691492.0,1009.0,6.0,12.0,310771.0,0.0
4283,1.0,3.6413055255182935e+18,21325145.0,36602.0,3.0,1.0,1132.0,1603.0,31595.0,29484.0,1508552.0,0.0
4284,1.0,1.7363854844105064e+19,20017073.0,23798.0,1.0,1.0,81.0,726.0,4.0,644.0,3854016.0,1.0
4285,1.0,5.851252814446936e+18,21477788.0,28698.0,3.0,1.0,850963.0,323654.0,2756260.0,1680103.0,0.0,1.0
4286,1.0,1.6976068836763242e+19,20158522.0,27543.0,3.0,1.0,6152495.0,358195.0,1070444.0,18121.0,905890.0,0.0
4287,1.0,2.2984448611235232e+17,21338801.0,13291.0,2.0,1.0,36430.0,129082.0,328087.0,299203.0,2667962.0,0.0
4288,1.0,1.6613069372585526e+18,20606092.0,10647.0,2.0,2.0,551.0,1608.0,2757.0,22223.0,11499.0,0.0
4289,19.0,4.517396212946768e+18,3832782.0,23793.0,1.0,1.0,1595.0,1649.0,59.0,130.0,3152122.0,0.0
4290,1.0,2.4347563200652785e+18,21173714.0,29273.0,2.0,2.0,4.0,7.0,169.0,69.0,4222559.0,0.0
4291,1.0,8.923975279318676e+17,20164399.0,32696.0,2.0,1.0,9702.0,37353.0,104178.0,101956.0,3737571.0,0.0
4292,3.0,4.192533441706128e+18,21099382.0,2533.0,2.0,2.0,23718.0,9132.0,51291.0,59630.0,0.0,1.0
4293,1.0,2.3553977033639875e+18,21965236.0,38207.0,2.0,2.0,11073933.0,124494.0,1132790.0,874697.0,0.0,0.0
4294,2.0,1.4779372599199648e+19,20601310.0,2494.0,1.0,1.0,204207.0,144138.0,346828.0,260.0,2195872.0,1.0
4295,1.0,6.601746059193693e+18,1768914.0,14428.0,2.0,1.0,11019018.0,65382.0,79715.0,239.0,0.0,1.0
4296,1.0,1.4756578758696272e+19,20715227.0,3625.0,3.0,1.0,2478568.0,113.0,3173.0,3513.0,55458.0,1.0
4297,1.0,1.205787899908646e+19,20174690.0,27961.0,1.0,1.0,234566.0,2667.0,2104.0,5626.0,5690107.0,1.0
4298,1.0,1.1162723789356536e+19,21299104.0,23051.0,1.0,1.0,1965.0,17057.0,58274.0,2457.0,17722625.0,0.0
4299,1.0,1.1624066761054958e+19,3373963.0,5962.0,1.0,1.0,1711.0,3701.0,171.0,217.0,296582.0,1.0
4300,1.0,7.903914528320191e+18,21162356.0,1325.0,1.0,1.0,2519446.0,2526.0,5283.0,6319.0,2566313.0,1.0
4301,6.0,1.205787899908646e+19,20163623.0,27961.0,1.0,1.0,2795011.0,2441.0,2155.0,2671.0,0.0,1.0
4302,1.0,4.89430326276886e+18,20771632.0,26244.0,2.0,1.0,698870.0,216.0,15400.0,19111.0,0.0,0.0
4303,1.0,6.015301734198921e+18,21127665.0,10200.0,2.0,1.0,1022.0,3682.0,56874.0,63821.0,1112767.0,0.0
4304,1.0,1.3436628931176526e+19,1970346.0,1396.0,2.0,2.0,15832371.0,8179.0,40551.0,39008.0,0.0,0.0
4305,1.0,5.260594170071819e+16,3048011.0,23782.0,1.0,1.0,12786.0,3097.0,1985.0,2933.0,1844939.0,1.0
4306,1.0,5.851252814446936e+18,21477788.0,28698.0,2.0,2.0,675.0,327.0,2717.0,2977.0,12740609.0,0.0
4307,1.0,2.961301599190014e+18,21249757.0,36352.0,2.0,2.0,14863.0,37112.0,163843.0,7634.0,0.0,0.0
4308,1.0,2.2098007624120822e+17,21179863.0,35785.0,2.0,2.0,45294.0,130513.0,1573251.0,1245822.0,0.0,1.0
4309,1.0,1.4340390157469403e+19,20640000.0,23808.0,1.0,1.0,30.0,69.0,52.0,61.0,425586.0,0.0
4310,2.0,2.4127717961104635e+18,20067139.0,23781.0,1.0,1.0,5867.0,133.0,8.0,1.0,1241693.0,1.0
4311,1.0,1.3021740539055374e+19,21197818.0,8222.0,1.0,1.0,4798903.0,2903.0,1828.0,10554.0,0.0,0.0
4312,1.0,5.468727571223081e+18,20002483.0,1381.0,2.0,1.0,74835.0,5886.0,10515.0,11917.0,5990638.0,0.0
4313,1.0,7.903914528320191e+18,21162430.0,1325.0,2.0,2.0,622.0,2296.0,7545.0,8692.0,16325823.0,1.0
4314,711.0,1.4340390157469403e+19,9027437.0,23808.0,1.0,1.0,703.0,19.0,20.0,20.0,0.0,1.0
4315,1.0,2.670952723278905e+18,20172874.0,23805.0,2.0,2.0,1.0,3.0,35.0,16.0,3631775.0,0.0
4316,1.0,1.5859647530187389e+19,2989726.0,23778.0,1.0,1.0,9822505.0,104.0,62.0,79.0,6158000.0,0.0
4317,1.0,5.468727571223081e+18,20000475.0,1381.0,2.0,1.0,18730.0,68949.0,6021.0,6304.0,4119930.0,1.0
4318,1.0,1.034946865176566e+19,21522776.0,37422.0,3.0,1.0,0.0,0.0,12.0,4.0,5629527.0,0.0
4319,1.0,7.953863969799817e+18,20197932.0,5058.0,2.0,2.0,2992.0,5313.0,1437.0,839.0,12753917.0,1.0
4320,1.0,1.4340390157469403e+19,21360106.0,23777.0,2.0,1.0,12593679.0,1180.0,36581.0,548.0,789338.0,0.0
4321,1.0,5.851252814446936e+18,20133625.0,28698.0,2.0,1.0,562.0,305.0,27018.0,28248.0,2582531.0,1.0
4322,1.0,1.7509127536650932e+19,10854269.0,10890.0,2.0,1.0,7864433.0,625.0,906.0,4896.0,0.0,0.0
4323,1.0,7.455366139119306e+18,21244404.0,36248.0,2.0,1.0,306721.0,6793.0,18566.0,11221.0,1539229.0,0.0
4324,1.0,9.095155889009487e+18,20931013.0,21954.0,2.0,1.0,11325273.0,15628.0,190650.0,161786.0,3773768.0,0.0
4325,1.0,1.205787899908646e+19,20185462.0,27961.0,1.0,1.0,5961454.0,20712.0,43083.0,44698.0,0.0,1.0
4326,1.0,5.851252814446936e+18,21477679.0,28698.0,2.0,2.0,26.0,52.0,976.0,1011.0,675744.0,1.0
4327,1.0,1.4626173038724403e+19,3834637.0,25125.0,3.0,2.0,4039.0,439.0,30551.0,51578.0,6212402.0,1.0
4328,2.0,1.7741456305373202e+19,21293850.0,36500.0,2.0,1.0,4757.0,6839.0,9468.0,24350.0,921478.0,0.0
4329,1.0,6.228784066129291e+18,3923536.0,1998.0,1.0,1.0,2487580.0,10945.0,37710.0,1592.0,4088592.0,1.0
4330,1.0,1.4340390157469403e+19,9027238.0,23808.0,1.0,1.0,47450.0,643.0,74.0,94.0,23703060.0,0.0
4331,1.0,8.540446302750892e+18,4307413.0,13857.0,1.0,1.0,1071905.0,2376.0,29737.0,6648.0,0.0,1.0
4332,1.0,1.4340390157469403e+19,3207857.0,23777.0,2.0,1.0,48.0,329.0,348.0,470.0,3251863.0,0.0
4333,1.0,1.4340390157469403e+19,21163921.0,23808.0,1.0,1.0,138558.0,255.0,414.0,38.0,5886635.0,1.0
4334,1.0,1.4340390157469403e+19,21163924.0,23808.0,3.0,1.0,2021.0,1023.0,2445.0,67.0,1593462.0,1.0
4335,3.0,1.3756257544627677e+19,20175943.0,24354.0,2.0,2.0,1874.0,1743.0,5169.0,6918.0,2981064.0,1.0
4336,1.0,1.4779372599199648e+19,20601293.0,2494.0,2.0,1.0,1363.0,5999.0,344.0,260.0,189622.0,0.0
4337,1.0,6.01137308358494e+18,10752745.0,30369.0,3.0,2.0,405760.0,49447.0,71007.0,13127.0,1205346.0,1.0
4338,1.0,4.695790928701425e+16,21311929.0,36427.0,2.0,1.0,10686.0,3686.0,11949.0,14346.0,13496854.0,1.0
4339,1.0,1.4340390157469403e+19,20644045.0,23808.0,1.0,1.0,37915.0,2.0,1.0,3.0,6499277.0,1.0
4340,2.0,6.040230258384603e+18,4203815.0,1474.0,2.0,2.0,161332.0,189154.0,2281295.0,1793724.0,1364.0,0.0
4341,1.0,1.205787899908646e+19,20183797.0,27961.0,1.0,1.0,12635031.0,15228.0,20326.0,16057.0,0.0,0.0
4342,1.0,1.034946865176566e+19,21522776.0,37422.0,3.0,1.0,0.0,0.0,12.0,4.0,4162653.0,0.0
4343,1.0,1.7741456305373202e+19,21293823.0,36500.0,3.0,3.0,184690.0,3257.0,10254.0,23183.0,0.0,0.0
4344,1.0,1.4340390157469403e+19,9027213.0,23808.0,2.0,2.0,1.0,1.0,0.0,0.0,595328.0,0.0
4345,1.0,1.6747623119158057e+19,21455675.0,37043.0,1.0,1.0,24562255.0,429591.0,1706.0,1109.0,0.0,0.0
4346,2.0,4.774481492345202e+18,21329799.0,36540.0,2.0,1.0,26753.0,92.0,1067.0,1652.0,2755450.0,0.0
4347,1.0,1.205787899908646e+19,20183707.0,27961.0,2.0,1.0,139.0,261.0,932.0,530.0,9946972.0,0.0
4348,1.0,1.7989747235538194e+19,20395188.0,24036.0,1.0,1.0,8600.0,18917.0,29173.0,4282.0,3345968.0,1.0
4349,1.0,1.0198599311013974e+19,21442002.0,37039.0,3.0,1.0,80710.0,4310.0,58623.0,52896.0,0.0,1.0
4350,2.0,1.4340390157469403e+19,6435307.0,23777.0,2.0,1.0,2.0,85.0,159.0,238.0,288687.0,0.0
4351,1.0,1.5277436299336856e+19,21562096.0,37161.0,1.0,1.0,19084844.0,35241.0,364242.0,299106.0,723179.0,0.0
4352,1.0,1.7363854844105064e+19,20017082.0,23798.0,1.0,1.0,2917.0,1071.0,832.0,1028.0,18673827.0,1.0
4353,2.0,1.0887170695975594e+18,20394672.0,12106.0,2.0,2.0,655446.0,5247.0,9086.0,10633.0,112402.0,0.0
4354,1.0,1.4756578758696272e+19,20718326.0,3625.0,1.0,1.0,9132.0,2341.0,70890.0,38597.0,10123795.0,1.0
4355,1.0,8.996927181585821e+17,4431419.0,4351.0,2.0,2.0,10234131.0,86589.0,496107.0,93919.0,62931.0,0.0
4356,1.0,1.3771105145726681e+19,21205776.0,35349.0,2.0,1.0,332.0,225.0,4611.0,5790.0,10043894.0,1.0
4357,1.0,2.749675191415866e+18,4370569.0,24952.0,2.0,1.0,12247.0,2891.0,195104.0,156998.0,2593731.0,1.0
4358,70.0,1.523471329505401e+19,3499995.0,23964.0,3.0,3.0,2501.0,3538.0,26542.0,27448.0,0.0,1.0
4359,1.0,1.205787899908646e+19,20224805.0,27961.0,2.0,2.0,2730684.0,2226.0,2589.0,11052.0,0.0,0.0
4360,1.0,1.1029660940276564e+19,3834142.0,27485.0,2.0,1.0,67751.0,8.0,28.0,209.0,1740224.0,1.0
4361,1.0,1.4340390157469403e+19,21360116.0,23777.0,2.0,1.0,36797.0,3427.0,395.0,523.0,158556.0,0.0
4362,1.0,7.560173807140246e+18,20602894.0,18277.0,2.0,1.0,8670965.0,50092.0,1250087.0,1041265.0,0.0,0.0
4363,1.0,1.4347859242938208e+19,21717682.0,33931.0,1.0,1.0,245433.0,113390.0,335751.0,276791.0,12194699.0,0.0
4364,1.0,1.6406215245218972e+19,4273483.0,9993.0,2.0,1.0,514105.0,50697.0,57446.0,51918.0,224536.0,1.0
4365,2.0,1.1315908569713166e+19,20044829.0,18070.0,3.0,1.0,28256.0,149.0,284.0,489.0,0.0,0.0
4366,1.0,7.903914528320191e+18,21162108.0,1325.0,2.0,1.0,236473.0,72.0,272.0,560.0,7828830.0,1.0
4367,1.0,1.5989049276530887e+19,20310635.0,23824.0,2.0,2.0,73170.0,169403.0,286669.0,31.0,7004155.0,0.0
4368,1.0,3.011959141886622e+18,21400702.0,36898.0,3.0,3.0,1134.0,29.0,7532.0,87.0,8607246.0,0.0
4369,1.0,1.205787899908646e+19,20157164.0,27961.0,1.0,1.0,23568428.0,2377.0,13416.0,14613.0,3597643.0,0.0
4370,2.0,6.715049002232656e+18,3065545.0,23783.0,1.0,1.0,629.0,167.0,128.0,212.0,10184016.0,1.0
4371,2.0,1.634747517210292e+19,4498303.0,24595.0,2.0,1.0,94756.0,142405.0,17109.0,224962.0,0.0,1.0
4372,1.0,1.319522902220335e+19,21231192.0,18049.0,1.0,1.0,1111.0,568.0,5698.0,15831.0,18943878.0,0.0
4373,1.0,6.710552929989822e+18,20846373.0,16215.0,2.0,2.0,1785.0,9626.0,1364296.0,78666.0,2170914.0,0.0
4374,6.0,4.1378637004802125e+17,20614292.0,33909.0,2.0,1.0,1529.0,884.0,336027.0,23108.0,0.0,0.0
4375,1.0,7.484333488664585e+18,21209487.0,34691.0,3.0,1.0,2966.0,1814.0,324.0,449.0,1929027.0,1.0
4376,1.0,1.4340390157469403e+19,21163924.0,23808.0,3.0,1.0,593.0,145.0,588.0,62.0,9877880.0,1.0
4377,1.0,1.7446436672557894e+19,1590297.0,357.0,2.0,1.0,2826313.0,165.0,143.0,723.0,0.0,0.0
4378,1.0,1.360523891478254e+19,7779076.0,27501.0,3.0,2.0,21.0,70.0,120.0,169.0,956892.0,0.0
4379,1.0,1.5989049276530887e+19,20314769.0,23828.0,2.0,1.0,7833.0,8571.0,105916.0,140.0,13701.0,1.0
4380,1.0,1.8425200088803072e+19,20033125.0,23790.0,1.0,1.0,21538205.0,2277.0,27.0,29.0,2920010.0,1.0
4381,1.0,1.1570917665805173e+19,21808961.0,33493.0,2.0,1.0,19061.0,102396.0,336137.0,345859.0,171511.0,0.0
4382,2.0,6.619692221503942e+17,20668459.0,854.0,2.0,1.0,83102.0,86496.0,118877.0,415482.0,0.0,1.0
4383,2.0,1.4340390157469403e+19,10110332.0,23808.0,1.0,1.0,22181514.0,13001.0,10320.0,43.0,0.0,0.0
4384,1.0,1.4340390157469403e+19,3111356.0,23777.0,3.0,1.0,27762.0,555.0,711.0,910.0,897641.0,1.0
4385,1.0,1.2837504198869455e+19,20562500.0,30627.0,2.0,1.0,1380.0,529.0,17530.0,13445.0,1430329.0,1.0
4386,1.0,1.136372424770545e+19,21335507.0,30405.0,2.0,2.0,11747032.0,10236.0,240217.0,199436.0,0.0,0.0
4387,1.0,3.6153414542256353e+18,20895973.0,19636.0,2.0,2.0,570.0,11089.0,143812.0,129705.0,653173.0,0.0
4388,2.0,1.1363457806790746e+19,20137552.0,26278.0,2.0,1.0,535.0,57.0,124.0,176.0,508767.0,1.0
4389,1.0,1.4340390157469403e+19,3200162.0,23777.0,1.0,1.0,13071.0,2659.0,2581.0,90.0,4417048.0,0.0
4390,2.0,1.0491451193565667e+19,21222162.0,750.0,2.0,1.0,1186.0,3768.0,25274.0,1366.0,4980982.0,1.0
4391,1.0,2.5334514414076124e+18,21018010.0,35266.0,1.0,1.0,1029.0,275.0,22707.0,24867.0,400247.0,0.0
4392,1.0,8.857067275633669e+18,21938697.0,8323.0,1.0,1.0,19451863.0,130.0,12473.0,12339.0,0.0,0.0
4393,1.0,1.4340390157469403e+19,9027314.0,23808.0,2.0,1.0,34.0,6.0,70.0,89.0,10838647.0,1.0
4394,1.0,9.96395034207863e+18,21273760.0,36438.0,1.0,1.0,5214524.0,49241.0,195681.0,195187.0,6161030.0,0.0
4395,1.0,1.2494612556449743e+19,21754897.0,37569.0,2.0,1.0,4754639.0,20639.0,171911.0,146594.0,6794497.0,0.0
4396,7.0,1.1243521181800204e+19,21021732.0,35398.0,2.0,1.0,244.0,1722.0,423.0,6656.0,583378.0,1.0
4397,1.0,9.00808409934082e+17,21822364.0,37702.0,3.0,1.0,3587308.0,1412.0,50736.0,46230.0,20450.0,1.0
4398,1.0,4.677687538645973e+18,21807273.0,33493.0,3.0,2.0,1517.0,1027.0,814.0,1437.0,2277.0,0.0
4399,1.0,2.3788268256695644e+18,21862361.0,37789.0,2.0,1.0,927076.0,239.0,111460.0,132028.0,7203003.0,0.0
4400,1.0,9.193377812051856e+18,2816648.0,4444.0,2.0,1.0,12843.0,44262.0,101013.0,29022.0,16483039.0,0.0
4401,1.0,7.514444917765628e+18,10354411.0,774.0,1.0,1.0,17513968.0,16687.0,5054.0,495.0,18053953.0,0.0
4402,3.0,3.1879655052352783e+18,6793778.0,13826.0,1.0,1.0,15681.0,27594.0,26387.0,23497.0,227120.0,0.0
4403,1.0,1.4756578758696272e+19,20716685.0,3625.0,2.0,1.0,4507.0,19800.0,76963.0,68513.0,0.0,1.0
4404,1.0,1.4340390157469403e+19,4707029.0,23777.0,2.0,2.0,11583.0,1169.0,12526.0,14429.0,8403.0,0.0
4405,1.0,1.1661816027877925e+19,20964343.0,35239.0,1.0,1.0,23401.0,59656.0,13090.0,261899.0,21787181.0,0.0
4406,2.0,2.0021430589649848e+18,20061299.0,24124.0,2.0,2.0,8469450.0,3244.0,12042.0,41820.0,170518.0,1.0
4407,1.0,3.5873902269220603e+18,21115567.0,23279.0,3.0,1.0,149487.0,152254.0,1954316.0,1475338.0,0.0,0.0
4408,1.0,1.1070687920458908e+19,4283022.0,20792.0,3.0,1.0,3488401.0,4975.0,14588.0,42053.0,0.0,1.0
4409,1.0,1.4977319528901956e+19,21454401.0,36807.0,1.0,1.0,4405528.0,93.0,3023.0,865.0,19981266.0,1.0
4410,1.0,6.715049002232656e+18,3065545.0,23783.0,1.0,1.0,19623524.0,45.0,40.0,53.0,0.0,0.0
4411,1.0,2.0021430589649848e+18,20188700.0,24124.0,2.0,1.0,14241.0,4636.0,456.0,1659.0,1455346.0,0.0
4412,1.0,4.192533441706128e+18,20148789.0,2533.0,2.0,1.0,13699.0,25652.0,48490.0,45093.0,746535.0,0.0
4413,1.0,5.851252814446936e+18,21477773.0,28698.0,2.0,2.0,79702.0,127319.0,710813.0,572180.0,158120.0,1.0
4414,1.0,9.45917755559769e+18,21162628.0,5466.0,2.0,2.0,136.0,1359.0,1781.0,2324.0,4244345.0,0.0
4415,1.0,1.3167321614108062e+19,4239496.0,2091.0,1.0,1.0,11018341.0,92.0,3140.0,3415.0,6958948.0,0.0
4416,3.0,1.3503262172158704e+19,1555066.0,1185.0,2.0,1.0,15892.0,10650.0,3726.0,3482.0,10032927.0,1.0
4417,1.0,1.6429793104686512e+19,20878177.0,34898.0,2.0,2.0,1893.0,5803.0,59286.0,56642.0,207640.0,0.0
4418,1.0,1.0711874768929087e+19,20592141.0,33796.0,2.0,2.0,1505899.0,5226.0,71280.0,10110.0,0.0,0.0
4419,34.0,1.7099385778844828e+19,20938506.0,7884.0,2.0,2.0,753.0,19677.0,37844.0,34990.0,0.0,1.0
4420,6.0,1.3359361103803858e+18,21381384.0,33847.0,3.0,3.0,1283.0,3512.0,576.0,1831.0,0.0,1.0
4421,1.0,1.5889052232801778e+19,20816238.0,7570.0,2.0,1.0,678.0,1826.0,823.0,8196.0,684355.0,1.0
4422,2.0,1.595507548723284e+18,20187595.0,24362.0,1.0,1.0,155.0,420.0,560.0,265.0,772113.0,1.0
4423,2.0,1.025809645081812e+19,21324832.0,16357.0,1.0,1.0,6444.0,505.0,2586.0,12427.0,4748508.0,0.0
4424,2.0,9.296640580802385e+17,20643196.0,5030.0,1.0,1.0,702.0,4014.0,14683.0,16940.0,1969453.0,0.0
4425,1.0,3.917494797567979e+18,4248060.0,2142.0,2.0,2.0,16845.0,2239.0,9103.0,10211.0,176003.0,0.0
4426,1.0,1.1288378057162324e+19,21327042.0,879.0,2.0,1.0,163848.0,41.0,2173.0,4935.0,6447364.0,0.0
4427,1.0,1.190425621705067e+18,20137592.0,21767.0,1.0,1.0,2181.0,3280.0,1943.0,3129.0,318261.0,0.0
4428,1.0,1.7449475537690423e+19,20864970.0,34738.0,3.0,1.0,1642461.0,13973.0,52678.0,54446.0,0.0,0.0
4429,1.0,2.670952723278905e+18,20172874.0,23805.0,3.0,2.0,18.0,580.0,800.0,16.0,936713.0,0.0
4430,1.0,3.0528540577009756e+16,20036588.0,6969.0,1.0,1.0,1472506.0,79454.0,223975.0,188391.0,984548.0,1.0
4431,1.0,9.697313235850858e+18,20907164.0,2220.0,3.0,3.0,565987.0,207.0,3506.0,3809.0,701709.0,0.0
4432,2.0,1.5099762202756792e+18,20699708.0,34113.0,1.0,1.0,3688547.0,320911.0,83695.0,74469.0,52654.0,0.0
4433,1.0,1.0460794781478122e+18,21920339.0,37956.0,1.0,1.0,10166.0,174.0,13338.0,13143.0,293645.0,0.0
4434,1.0,1.4340390157469403e+19,21163921.0,23808.0,2.0,2.0,595.0,1433.0,2428.0,38.0,12220098.0,0.0
4435,1.0,9.905635139294e+18,10853717.0,30567.0,2.0,1.0,629649.0,6088.0,9150.0,8357.0,613065.0,0.0
4436,1.0,3.010475069228332e+18,21259994.0,35824.0,2.0,1.0,15179451.0,118777.0,289116.0,263542.0,352796.0,1.0
4437,1.0,1.4340390157469403e+19,21360106.0,23777.0,3.0,2.0,8.0,15.0,2822.0,548.0,10745777.0,1.0
4438,1.0,4.718761416230706e+18,4313794.0,26673.0,2.0,1.0,6068274.0,1924.0,495645.0,402858.0,2483256.0,0.0
4439,5.0,1.205787899908646e+19,20174623.0,27961.0,1.0,1.0,491815.0,257.0,262.0,419.0,0.0,1.0
4440,2.0,5.888277431783336e+18,7955185.0,6520.0,2.0,1.0,15442630.0,2689.0,136.0,196.0,1071344.0,1.0
4441,1.0,5.626708262992533e+16,21021660.0,35192.0,3.0,2.0,3423.0,192.0,6151.0,3876.0,2819.0,1.0
4442,1.0,6.228784066129291e+18,4270812.0,1998.0,1.0,1.0,17570605.0,3654.0,7874.0,9471.0,2535459.0,0.0
4443,2.0,1.1945298859485911e+19,21094247.0,35463.0,2.0,1.0,450.0,3679.0,2385.0,192.0,14164164.0,0.0
4444,1.0,1.3756257544627677e+19,20587348.0,24354.0,2.0,1.0,10519243.0,489.0,875.0,1079.0,15603583.0,0.0
4445,1.0,9.949727202638932e+18,21365813.0,36770.0,2.0,2.0,438.0,1489.0,246132.0,2588.0,1316112.0,0.0
4446,1.0,5.851252814446936e+18,10413847.0,28698.0,2.0,2.0,10960847.0,625151.0,3120146.0,2441957.0,647296.0,0.0
4447,1.0,1.3311343438192927e+19,3806502.0,23791.0,1.0,1.0,96.0,24.0,31.0,33.0,4276545.0,0.0
4448,1.0,3.010475069228332e+18,21259995.0,35824.0,3.0,3.0,19675.0,533.0,4807.0,5874.0,736810.0,1.0
4449,1.0,5.07990106805139e+18,4249812.0,25928.0,1.0,1.0,700.0,1201.0,12582.0,13812.0,5091637.0,0.0
4450,3.0,1.7363854844105064e+19,20017078.0,23798.0,1.0,1.0,81.0,429.0,4.0,518.0,2134003.0,1.0
4451,1.0,5.937256857527595e+18,21299896.0,34139.0,2.0,1.0,3295564.0,816968.0,3106748.0,1428703.0,0.0,1.0
4452,1.0,6.561076208560099e+18,21327148.0,36607.0,1.0,1.0,22072.0,2785.0,24086.0,1871.0,0.0,0.0
4453,3.0,1.3416878294870458e+19,3066490.0,23786.0,2.0,2.0,3715.0,2088.0,1335.0,115.0,1530697.0,1.0
4454,1.0,5.468727571223081e+18,20001249.0,1381.0,2.0,2.0,1251.0,435.0,193.0,283.0,215046.0,1.0
4455,1.0,1.4340390157469403e+19,9027428.0,23808.0,2.0,1.0,1629.0,1037.0,655.0,855.0,14990292.0,0.0
4456,2.0,8.335105002517451e+18,20563194.0,33524.0,2.0,1.0,1908.0,2555.0,4655.0,243.0,331675.0,1.0
4457,1.0,1.205787899908646e+19,20163506.0,27961.0,2.0,1.0,13834131.0,9.0,18.0,27.0,1941679.0,0.0
4458,1.0,7.379172966175633e+18,5796781.0,23797.0,3.0,3.0,9869.0,26848.0,844.0,1047.0,7781670.0,1.0
4459,1.0,1.2296828397975235e+19,10881227.0,30679.0,1.0,1.0,16488753.0,26857.0,98323.0,15854.0,1515515.0,0.0
4460,2.0,1.4340390157469403e+19,9027575.0,23808.0,1.0,1.0,196.0,562.0,173.0,252.0,1634464.0,1.0
4461,1.0,1.5553275079616657e+19,10853950.0,13586.0,1.0,1.0,423906.0,102966.0,182460.0,111841.0,166461.0,0.0
4462,1.0,1.205787899908646e+19,20183700.0,27961.0,1.0,1.0,143642.0,15468.0,22874.0,22719.0,210942.0,0.0
4463,1.0,2.0021430589649848e+18,20188717.0,24124.0,2.0,1.0,34.0,1560.0,508.0,255.0,4973343.0,1.0
4464,1.0,6.765542578972844e+18,20586960.0,33804.0,3.0,2.0,26014.0,5767.0,27577.0,26084.0,283822.0,1.0
4465,1.0,1.5890578043954387e+19,4248308.0,10655.0,2.0,1.0,17143.0,16666.0,129134.0,121358.0,1231720.0,1.0
4466,1.0,5.145106495344615e+18,4346489.0,14239.0,1.0,1.0,6205851.0,16803.0,747.0,944.0,744706.0,1.0
4467,2.0,1.8419605567837411e+19,21500493.0,37395.0,2.0,2.0,63627.0,11632.0,72878.0,64816.0,0.0,0.0
4468,1.0,2.0021430589649848e+18,20606969.0,24124.0,2.0,1.0,317.0,656.0,18451.0,20880.0,12589974.0,1.0
4469,1.0,6.647104635397896e+17,10265859.0,28039.0,1.0,1.0,43860.0,39141.0,234082.0,78147.0,4805146.0,0.0
4470,1.0,1.5517319812696228e+19,21551375.0,37467.0,1.0,1.0,77.0,91.0,3723.0,1958.0,7926460.0,0.0
4471,3.0,1.4340390157469403e+19,9027213.0,23808.0,3.0,1.0,1.0,1.0,0.0,0.0,6081823.0,1.0
4472,1.0,4.192533441706128e+18,20223204.0,2533.0,3.0,1.0,163696.0,31988.0,60580.0,102157.0,49604.0,1.0
4473,1.0,8.848021695083077e+18,20214583.0,2387.0,2.0,2.0,12429.0,28297.0,85287.0,82854.0,846524.0,1.0
4474,1.0,7.903914528320191e+18,21162422.0,1325.0,2.0,1.0,3867878.0,7261.0,15402.0,17346.0,5160598.0,1.0
4475,1.0,2.2917676658146214e+18,21103892.0,24376.0,2.0,1.0,8.0,88.0,206.0,291.0,1533786.0,1.0
4476,6.0,1.205787899908646e+19,20222348.0,27961.0,1.0,1.0,367435.0,13551.0,47969.0,46256.0,0.0,1.0
4477,2.0,1.3393281957586207e+19,21193041.0,34178.0,2.0,1.0,4633482.0,9736.0,58852.0,444.0,1425994.0,1.0
4478,1.0,6.015301734198921e+18,20105190.0,10198.0,1.0,1.0,7508323.0,171782.0,627409.0,1681.0,0.0,1.0
4479,1.0,1.205787899908646e+19,20192676.0,27961.0,1.0,1.0,1290.0,280.0,277.0,849.0,16072946.0,0.0
4480,1.0,9.904543645510777e+18,20877918.0,26608.0,3.0,2.0,7907771.0,6009.0,10100.0,11760.0,1211458.0,0.0
4481,2.0,1.5989049276530887e+19,20314160.0,23823.0,2.0,1.0,1419.0,694.0,13033.0,1939.0,4998798.0,1.0
4482,2.0,1.3277836682140422e+19,10399589.0,29159.0,2.0,1.0,112753.0,75237.0,92493.0,12982.0,300743.0,1.0
4483,1.0,4.1286333491424783e+18,20975187.0,35306.0,1.0,1.0,12.0,1039.0,3616.0,986.0,22796419.0,0.0
4484,1.0,1.004598472476522e+19,4309682.0,27792.0,3.0,1.0,8578596.0,25109.0,43440.0,39899.0,259010.0,0.0
4485,4.0,1.205787899908646e+19,20146616.0,27961.0,1.0,1.0,705724.0,9428.0,32082.0,30956.0,0.0,0.0
4486,1.0,3.1889572341916467e+18,20875064.0,34119.0,1.0,1.0,22770014.0,45376.0,1213798.0,964189.0,297510.0,0.0
4487,1.0,1.205787899908646e+19,20163506.0,27961.0,1.0,1.0,1167.0,74.0,611.0,897.0,820145.0,0.0
4488,1.0,1.4756578758696272e+19,21547355.0,3625.0,2.0,1.0,10742514.0,24954.0,42604.0,39935.0,0.0,1.0
4489,1.0,1.1885289605223254e+19,21099392.0,13330.0,2.0,1.0,7465033.0,94940.0,619149.0,506317.0,0.0,0.0
4490,1.0,4.022052751657998e+18,21320034.0,36495.0,2.0,1.0,9972.0,444.0,34466.0,34944.0,462072.0,1.0
4491,1.0,1.5804738104083143e+19,20967859.0,22868.0,2.0,1.0,6046970.0,12898.0,107515.0,72864.0,3200.0,0.0
4492,1.0,1.00769297036719e+19,10869997.0,30713.0,2.0,2.0,1193.0,156.0,10719.0,11294.0,15446003.0,0.0
4493,1.0,9.279176529507936e+18,10673573.0,23649.0,2.0,1.0,9696.0,9027.0,14928.0,26614.0,1547380.0,1.0
4494,1.0,1.2006259939391349e+19,10610485.0,20690.0,2.0,1.0,289596.0,538417.0,1834812.0,1517856.0,199422.0,1.0
4495,1.0,4.2981186814246446e+18,21866036.0,385.0,2.0,2.0,15021.0,4794.0,12287.0,12146.0,3057724.0,1.0
4496,5.0,2.631969649555063e+18,20667617.0,34102.0,2.0,2.0,13392.0,5391.0,186777.0,158638.0,0.0,1.0
4497,4.0,1.682665206743772e+19,4354085.0,24159.0,2.0,2.0,4360.0,256.0,194.0,276.0,131730.0,0.0
4498,1.0,8.744936809669902e+18,20360383.0,29699.0,1.0,1.0,9139268.0,243840.0,686597.0,554664.0,798526.0,1.0
4499,1.0,1.2310323414299814e+19,22004966.0,879.0,1.0,1.0,16967071.0,213.0,2065.0,2293.0,30016.0,0.0
4500,1.0,1.205787899908646e+19,20222693.0,27961.0,1.0,1.0,20128959.0,247915.0,542719.0,482250.0,13988790.0,0.0
4501,3.0,1.3416878294870458e+19,3066490.0,23786.0,1.0,1.0,477.0,314.0,207.0,115.0,1052322.0,1.0
4502,1.0,1.4600073692226415e+19,20665845.0,4004.0,3.0,2.0,7019.0,17544.0,56767.0,235.0,958529.0,1.0
4503,5.0,4.575709801547723e+18,4390837.0,26242.0,1.0,1.0,9178.0,7353.0,9931.0,2720.0,0.0,1.0
4504,1.0,4.876702067173951e+17,20590436.0,24027.0,3.0,1.0,225.0,50.0,377.0,622.0,2280923.0,1.0
4505,1.0,6.912851286990253e+18,20027873.0,18918.0,2.0,1.0,2093.0,11536.0,14862.0,44539.0,13611753.0,1.0
4506,1.0,9.446375685917684e+18,20179143.0,32791.0,2.0,1.0,25905.0,7098.0,41340.0,42543.0,7223012.0,1.0
4507,1.0,1.718408813540175e+19,21402150.0,28954.0,1.0,1.0,2735791.0,5273.0,1139813.0,9903.0,0.0,0.0
4508,31.0,5.888277431783336e+18,4417647.0,6520.0,2.0,2.0,2811.0,2606.0,15525.0,53621.0,0.0,1.0
4509,1.0,6.715049002232656e+18,3065545.0,23783.0,1.0,1.0,1142.0,167.0,128.0,212.0,233957.0,1.0
4510,1.0,1.1132806224225894e+19,4981146.0,10325.0,2.0,2.0,137409.0,6367.0,4397.0,41.0,5565505.0,0.0
4511,1.0,1.3756257544627677e+19,9737987.0,24354.0,3.0,3.0,4078941.0,1034.0,19666.0,18933.0,0.0,0.0
4512,1.0,1.3557133018779933e+19,20706014.0,34246.0,2.0,1.0,1.0,3.0,142.0,71.0,13195726.0,1.0
4513,3.0,1.5775027174917394e+19,20042338.0,29683.0,2.0,2.0,6124290.0,191678.0,538528.0,8229.0,2178481.0,1.0
4514,1.0,3.3609893175302953e+18,21273372.0,36437.0,1.0,1.0,24995133.0,332.0,6623.0,507.0,966878.0,0.0
4515,3.0,1.5989049276530887e+19,20314349.0,23824.0,3.0,2.0,7650.0,17808.0,51114.0,31.0,780364.0,1.0
4516,1.0,1.1121833691387079e+19,21925324.0,23807.0,2.0,1.0,507.0,54.0,5.0,4228.0,6433250.0,1.0
4517,1.0,1.0193664922076922e+19,21343545.0,20128.0,2.0,1.0,12429606.0,360636.0,1460393.0,1156558.0,12097503.0,1.0
4518,1.0,8.620895344436541e+18,20386853.0,27547.0,2.0,2.0,9391276.0,33231.0,186000.0,156444.0,0.0,0.0
4519,1.0,1.6655045096913689e+19,21803169.0,37711.0,2.0,2.0,102580.0,13435.0,2148010.0,462.0,4599221.0,1.0
4520,1.0,1.4600073692226415e+19,21519137.0,4004.0,2.0,2.0,13568.0,14587.0,171258.0,235.0,14478968.0,0.0
4521,1.0,1.5553275079616657e+19,21408569.0,13586.0,3.0,2.0,198219.0,176998.0,1645052.0,30040.0,0.0,0.0
4522,1.0,1.665530914948281e+19,21210084.0,35941.0,3.0,2.0,6248047.0,4913.0,9125.0,57085.0,0.0,1.0
4523,1.0,1.205787899908646e+19,20180698.0,27961.0,1.0,1.0,9942686.0,12412.0,69946.0,67279.0,1695122.0,1.0
4524,1.0,1.6897735447496133e+19,9556460.0,14377.0,1.0,1.0,23692640.0,2500.0,13960.0,15866.0,671045.0,0.0
4525,1.0,9.991057275835721e+17,20389020.0,30428.0,2.0,2.0,10356.0,62156.0,165298.0,140432.0,1276303.0,1.0
4526,1.0,1.7299638493773875e+18,9585571.0,23637.0,2.0,2.0,9.0,32.0,249.0,110.0,6372587.0,1.0
4527,1.0,1.4964837739872602e+19,20877153.0,2332.0,3.0,3.0,2688245.0,3314.0,6616.0,8163.0,0.0,1.0
4528,1.0,7.903914528320191e+18,21162108.0,1325.0,2.0,1.0,172.0,582.0,1683.0,36.0,15515470.0,0.0
4529,1.0,1.205787899908646e+19,20118107.0,27961.0,2.0,1.0,10867188.0,1164.0,3333.0,4461.0,901011.0,1.0
4530,1.0,1.205787899908646e+19,20163506.0,27961.0,1.0,1.0,5837.0,74.0,119.0,186.0,494539.0,0.0
4531,1.0,6.263749423537724e+18,21352941.0,36720.0,1.0,1.0,23877807.0,120700.0,270345.0,137.0,0.0,0.0
4532,1.0,1.3090221289647714e+19,20174982.0,23795.0,1.0,1.0,19600943.0,132834.0,3.0,7.0,5743326.0,0.0
4533,2.0,1.1122691938780185e+19,10478554.0,29414.0,2.0,1.0,506513.0,35920.0,801195.0,753314.0,0.0,1.0
4534,1.0,1.4340390157469403e+19,4468238.0,23777.0,3.0,3.0,2948817.0,3072.0,2665.0,2465.0,0.0,0.0
4535,1.0,9.305976163339842e+18,21414449.0,36980.0,2.0,2.0,2136.0,12.0,662.0,702.0,3085439.0,1.0
4536,1.0,2.0021430589649848e+18,20188695.0,24124.0,2.0,1.0,804.0,2531.0,28282.0,151.0,668046.0,1.0
4537,1.0,1.683044205606949e+19,22161261.0,38635.0,3.0,1.0,7509889.0,1050.0,102294.0,168010.0,601581.0,0.0
4538,1.0,1.3384857948156529e+18,20758977.0,33931.0,2.0,2.0,47.0,2878.0,2196.0,17674.0,10506767.0,1.0
4539,1.0,1.1360530527156791e+19,20041721.0,32174.0,2.0,2.0,122802.0,132680.0,766832.0,21441.0,1408794.0,1.0
4540,1.0,1.4340390157469403e+19,10403101.0,23808.0,2.0,2.0,10430.0,1043.0,829.0,1025.0,5045226.0,1.0
4541,1.0,1.7726715653219592e+19,21163892.0,9785.0,1.0,1.0,17109827.0,153.0,412.0,133.0,1273832.0,0.0
4542,1.0,1.1750633790945196e+19,21090336.0,34536.0,1.0,1.0,21214153.0,49839.0,153540.0,168774.0,0.0,1.0
4543,1.0,9.673833282278828e+18,10404803.0,29532.0,2.0,1.0,4801519.0,5830.0,6651.0,81770.0,0.0,1.0
4544,2.0,1.4340390157469403e+19,21163924.0,23808.0,2.0,1.0,3472.0,3013.0,12599.0,67.0,11907721.0,1.0
4545,3.0,1.1121833691387079e+19,20885977.0,23807.0,2.0,1.0,1374.0,3916.0,5.0,11.0,4799846.0,1.0
4546,1.0,7.903914528320191e+18,21372653.0,2010.0,2.0,1.0,169.0,75.0,509.0,1624.0,8758117.0,0.0
4547,1.0,1.5145480155589095e+19,20889026.0,23807.0,2.0,1.0,2.0,11.0,5.0,11.0,3913129.0,1.0
4548,1.0,7.903914528320191e+18,21162431.0,1325.0,2.0,2.0,513.0,1641.0,5362.0,6351.0,12847531.0,0.0
4549,1.0,1.6171386009622512e+19,21119276.0,35665.0,1.0,1.0,1080.0,640.0,3014.0,2559.0,6370980.0,0.0
4550,1.0,7.063154296769774e+18,20418739.0,33500.0,2.0,1.0,2128114.0,3856.0,20600.0,20318.0,0.0,0.0
4551,1.0,1.4340390157469403e+19,4822099.0,23777.0,2.0,2.0,210490.0,268616.0,536626.0,433531.0,0.0,1.0
4552,6.0,1.3990112652234555e+19,20445737.0,33505.0,2.0,1.0,1568.0,4297.0,322897.0,279765.0,0.0,1.0
4553,1.0,1.432575689518243e+19,5936979.0,24161.0,2.0,1.0,759710.0,66731.0,230.0,350.0,30780.0,0.0
4554,1.0,1.4531867648059392e+19,21815505.0,27485.0,3.0,3.0,74908.0,399278.0,746.0,338.0,0.0,0.0
4555,1.0,9.307732815588284e+18,9592154.0,13494.0,3.0,1.0,7410794.0,1176.0,14149.0,22937.0,0.0,0.0
4556,1.0,8.99455707050858e+18,20030165.0,23799.0,3.0,1.0,18.0,231.0,199.0,316.0,9850235.0,1.0
4557,1.0,1.3993377791386427e+18,20141155.0,32491.0,1.0,1.0,52.0,340.0,281.0,204.0,3394217.0,0.0
4558,3.0,1.595507548723284e+18,20187595.0,24362.0,1.0,1.0,155.0,420.0,560.0,265.0,905898.0,1.0
4559,1.0,1.0245113888481139e+19,21134394.0,33296.0,2.0,2.0,4382994.0,834216.0,2344800.0,1914661.0,0.0,1.0
4560,1.0,1.0460794781478122e+18,21920339.0,37956.0,2.0,2.0,3.0,988.0,5923.0,6162.0,1049806.0,0.0
4561,5.0,8.624410930658001e+18,7098552.0,20853.0,2.0,1.0,52716.0,49238.0,913795.0,11866.0,0.0,0.0
4562,1.0,7.903914528320191e+18,21162559.0,1325.0,1.0,1.0,6371.0,11093.0,18789.0,19831.0,23421624.0,1.0
4563,1.0,1.4724875807175018e+19,3324603.0,14454.0,1.0,1.0,20307041.0,75271.0,378795.0,767123.0,0.0,1.0
4564,1.0,6.647104635397896e+17,21093743.0,28039.0,2.0,1.0,13189.0,5588.0,108966.0,64359.0,3575113.0,1.0
4565,1.0,1.5145480155589095e+19,21927077.0,23807.0,2.0,1.0,26.0,52.0,30.0,32.0,1012186.0,1.0
4566,1.0,1.4779372599199648e+19,20601311.0,2494.0,1.0,1.0,2853.0,5862.0,10568.0,260.0,294531.0,0.0
4567,1.0,6.263749423537724e+18,21520523.0,36720.0,1.0,1.0,24010.0,19825.0,37316.0,17395.0,20527138.0,1.0
4568,6.0,9.173376457011085e+18,3138402.0,17809.0,2.0,1.0,1462767.0,10368.0,525662.0,594906.0,0.0,0.0
4569,1.0,8.813902859733762e+18,20886690.0,34840.0,2.0,2.0,1873.0,3197.0,7332.0,8512.0,30366.0,0.0
4570,1.0,1.2334214591690467e+19,21572084.0,37473.0,1.0,1.0,95588.0,200.0,32034.0,22900.0,12252155.0,1.0
4571,1.0,2.4127717961104635e+18,20067154.0,23781.0,2.0,1.0,3819.0,3.0,53.0,1.0,0.0,0.0
4572,1.0,7.04596193116694e+18,22090611.0,8452.0,3.0,1.0,965.0,2357.0,2492.0,3554.0,8686394.0,1.0
4573,1.0,1.3359361103803858e+18,20599358.0,33847.0,2.0,2.0,3490.0,1635.0,4447.0,7244.0,11259319.0,0.0
4574,1.0,7.391531180177239e+18,20691786.0,34245.0,1.0,1.0,25489600.0,1132.0,2572.0,281.0,568572.0,0.0
4575,1.0,1.4340390157469403e+19,20644045.0,23808.0,2.0,2.0,98.0,2.0,1.0,3.0,1394557.0,0.0
4576,1.0,8.351001617032297e+17,3854313.0,11494.0,2.0,1.0,38469.0,12164.0,23241.0,24123.0,3144673.0,1.0
4577,1.0,1.3311343438192927e+19,3806502.0,23791.0,1.0,1.0,451.0,24.0,31.0,33.0,6100441.0,1.0
4578,4.0,8.134264174510893e+18,10593110.0,1268.0,2.0,2.0,960218.0,85545.0,146300.0,2.0,2543939.0,1.0
4579,1.0,7.903914528320191e+18,21162526.0,1325.0,3.0,1.0,15.0,10.0,24.0,25.0,4671476.0,1.0
4580,1.0,1.1200677150508194e+19,10797107.0,30425.0,2.0,2.0,4196769.0,303.0,21059.0,1751.0,100376.0,0.0
4581,1.0,1.5055522776556423e+19,20967415.0,35253.0,2.0,1.0,3750100.0,7105.0,74444.0,277.0,105939.0,1.0
4582,1.0,2.4127717961104635e+18,20067154.0,23781.0,3.0,3.0,3217.0,412.0,1029.0,1.0,2519406.0,0.0
4583,1.0,1.7339730748062328e+18,20691771.0,34245.0,2.0,2.0,344.0,347.0,944.0,3572.0,7238124.0,0.0
4584,1.0,5.260594170071819e+16,3048011.0,23782.0,1.0,1.0,74.0,84.0,68.0,104.0,23768949.0,0.0
4585,1.0,1.205787899908646e+19,20203709.0,27961.0,1.0,1.0,67.0,158.0,83.0,109.0,3604540.0,1.0
4586,1.0,1.0664591050012752e+19,20800941.0,30128.0,3.0,1.0,7951408.0,194.0,1119.0,1641.0,0.0,0.0
4587,1.0,1.4340390157469403e+19,3058967.0,23777.0,2.0,2.0,44029.0,15767.0,72457.0,64622.0,371062.0,1.0
4588,14.0,1.7098631681650983e+19,4379101.0,21423.0,2.0,1.0,7541.0,4679.0,117960.0,103320.0,0.0,1.0
4589,1.0,1.0380001132566548e+19,20595439.0,854.0,2.0,1.0,17271.0,17253.0,44140.0,47993.0,11416.0,1.0
4590,1.0,7.016065236766369e+18,21953224.0,38150.0,3.0,1.0,143436.0,22128.0,140575.0,121318.0,142246.0,1.0
4591,1.0,1.5989049276530887e+19,20313482.0,23830.0,2.0,1.0,214.0,1369.0,3885.0,222.0,13515215.0,1.0
4592,1.0,2.670952723278905e+18,20172874.0,23805.0,2.0,2.0,1.0,3.0,35.0,16.0,3095793.0,0.0
4593,1.0,2.0021430589649848e+18,20188694.0,24124.0,2.0,1.0,423.0,1296.0,581.0,758.0,116540.0,0.0
4594,8.0,1.4340390157469403e+19,3529501.0,23777.0,3.0,2.0,34886.0,15543.0,102739.0,90175.0,0.0,1.0
4595,1.0,4.2981186814246446e+18,7808023.0,385.0,1.0,1.0,37716.0,51764.0,59093.0,5877.0,10074459.0,0.0
4596,1.0,1.4340390157469403e+19,20789167.0,23808.0,2.0,1.0,5472.0,3945.0,7558.0,1428.0,13857621.0,1.0
4597,1.0,8.802768287123155e+18,20871586.0,34758.0,3.0,3.0,1.0,18.0,42.0,47.0,1022831.0,0.0
4598,1.0,1.7741456305373202e+19,21293852.0,36500.0,2.0,1.0,14806800.0,76253.0,142519.0,1330444.0,0.0,1.0
4599,1.0,5.120683440510468e+18,8676736.0,1268.0,2.0,1.0,983445.0,9052.0,9640.0,35.0,10760658.0,1.0
4600,1.0,1.3855511193019767e+19,20138682.0,32464.0,2.0,1.0,15444055.0,1038.0,3790.0,5021.0,685051.0,0.0
4601,1.0,1.1315908569713166e+19,20044181.0,18070.0,1.0,1.0,287.0,827.0,7285.0,913.0,23402872.0,0.0
4602,1.0,7.269043601771363e+18,4419868.0,4862.0,3.0,3.0,27812.0,9252.0,12798.0,1149.0,4481078.0,0.0
4603,2.0,1.360523891478254e+19,7779076.0,27501.0,2.0,2.0,245292.0,70.0,120.0,169.0,0.0,0.0
4604,1.0,6.172232488314669e+18,2934669.0,20180.0,3.0,3.0,12328.0,1916.0,313219.0,27790.0,2111852.0,1.0
4605,1.0,1.4385501954875537e+19,4427155.0,17415.0,2.0,1.0,15542107.0,80749.0,725946.0,6853.0,6580792.0,1.0
4606,1.0,1.205787899908646e+19,20163581.0,27961.0,1.0,1.0,3951507.0,9658.0,9969.0,11059.0,2976237.0,0.0
4607,1.0,7.482039010506199e+18,22096355.0,36396.0,2.0,1.0,436352.0,109353.0,155919.0,69695.0,639696.0,0.0
4608,1.0,8.848021695083077e+18,20066424.0,2387.0,3.0,3.0,459181.0,71.0,14675.0,194.0,4328985.0,0.0
4609,1.0,1.7186625322660274e+19,21416025.0,36971.0,2.0,2.0,7924.0,126.0,126193.0,161257.0,0.0,0.0
4610,1.0,1.4143349224707953e+19,21901264.0,37894.0,3.0,2.0,1890.0,600.0,112800.0,5488.0,507629.0,1.0
4611,1.0,3.5168895657275873e+18,2580207.0,1267.0,2.0,1.0,3943942.0,193.0,679.0,979.0,1876568.0,0.0
4612,1.0,2.6928596198512824e+18,4341158.0,2051.0,1.0,1.0,145840.0,283.0,780.0,898.0,20895879.0,1.0
4613,1.0,4.696782904677008e+18,3178726.0,23790.0,1.0,1.0,442427.0,7836.0,32.0,236.0,1748873.0,0.0
4614,1.0,8.323472756667511e+18,21927086.0,38068.0,2.0,1.0,1.0,12.0,1521.0,863.0,16710017.0,1.0
4615,1.0,1.205787899908646e+19,20203709.0,27961.0,3.0,2.0,67.0,158.0,83.0,109.0,391221.0,1.0
4616,3.0,5.064785933530892e+18,4345068.0,5896.0,2.0,1.0,96446.0,13104.0,255081.0,324972.0,583376.0,0.0
4617,1.0,1.5153808702369e+19,4228657.0,25307.0,2.0,2.0,57967.0,32604.0,1949666.0,41741.0,0.0,0.0
4618,1.0,1.980189147711428e+18,20828554.0,13135.0,2.0,2.0,244.0,1722.0,19280.0,16668.0,1848428.0,0.0
4619,1.0,5.260594170071819e+16,3048011.0,23782.0,1.0,1.0,640.0,965.0,605.0,215.0,21077093.0,1.0
4620,1.0,6.985924435961415e+18,21202114.0,36005.0,1.0,1.0,973420.0,262.0,4366.0,15653.0,3380275.0,0.0
4621,1.0,1.0664591050012752e+19,20620168.0,30128.0,2.0,2.0,302.0,194.0,1827.0,2342.0,4513001.0,0.0
4622,1.0,1.4756578758696272e+19,21455508.0,3625.0,2.0,1.0,68681.0,561.0,26569.0,25138.0,13860091.0,1.0
4623,1.0,1.4756578758696272e+19,20887826.0,3625.0,2.0,1.0,257.0,7128.0,13964.0,15536.0,5007441.0,1.0
4624,1.0,2.565631318136778e+18,21312739.0,28296.0,2.0,2.0,11108596.0,44.0,2355.0,1223.0,0.0,0.0
4625,1.0,8.363781040394014e+18,10959866.0,23806.0,3.0,1.0,3156750.0,253.0,37.0,46.0,0.0,0.0
4626,1.0,6.715049002232656e+18,3065545.0,23783.0,1.0,1.0,310.0,60.0,54.0,78.0,17957129.0,1.0
4627,59.0,1.0726002060893145e+19,20036558.0,23800.0,1.0,1.0,1191.0,49.0,44.0,75.0,0.0,1.0
4628,2.0,2.137528403495601e+18,20218298.0,23801.0,1.0,1.0,126.0,122.0,102.0,157.0,6725230.0,0.0
4629,2.0,1.0536834335786252e+18,20368625.0,1340.0,1.0,1.0,8442.0,2600.0,33.0,18381.0,5065217.0,0.0
4630,1.0,4.192533441706128e+18,20945116.0,2533.0,3.0,1.0,10674.0,3896.0,14766.0,15995.0,261313.0,1.0
4631,1.0,8.134264174510893e+18,10593096.0,1268.0,3.0,2.0,3065621.0,809.0,830.0,638.0,173883.0,0.0
4632,1.0,1.4347859242938208e+19,21717683.0,33931.0,1.0,1.0,9629665.0,4072.0,6098.0,883.0,4897308.0,1.0
4633,1.0,1.578511299927674e+19,20908196.0,35088.0,3.0,2.0,0.0,0.0,2.0,5.0,10691746.0,0.0
4634,3.0,1.1627567248264462e+19,20425227.0,82.0,1.0,1.0,1176804.0,136.0,87.0,116.0,0.0,0.0
4635,4.0,7.982705552160206e+18,20463026.0,33459.0,2.0,1.0,158569.0,90346.0,217834.0,421749.0,127385.0,1.0
4636,1.0,1.205787899908646e+19,20157628.0,27961.0,3.0,3.0,0.0,0.0,7.0,14.0,5816249.0,0.0
4637,1.0,1.4340390157469403e+19,7103494.0,23777.0,2.0,1.0,84298.0,5418.0,10005.0,138.0,981070.0,1.0
4638,1.0,8.351001617032297e+17,3854570.0,11494.0,2.0,2.0,296848.0,3946.0,2662.0,3197.0,0.0,0.0
4639,1.0,1.205787899908646e+19,20183787.0,27961.0,1.0,1.0,77569.0,4359.0,4066.0,5018.0,4161364.0,1.0
4640,19.0,8.405481609242428e+17,20718801.0,34475.0,2.0,2.0,171.0,126.0,40295.0,575.0,0.0,1.0
4641,1.0,5.260594170071819e+16,3048011.0,23782.0,1.0,1.0,43202.0,84.0,68.0,104.0,22749501.0,1.0
4642,2.0,9.683010956400867e+18,20935913.0,8509.0,3.0,2.0,1409976.0,44664.0,35629.0,33064.0,0.0,0.0
4643,1.0,1.4340390157469403e+19,21163925.0,23808.0,2.0,2.0,49.0,615.0,938.0,148.0,853696.0,0.0
4644,1.0,7.251627201518253e+18,20665335.0,2011.0,2.0,1.0,9578.0,39398.0,99475.0,254.0,14572812.0,1.0
4645,1.0,1.4340390157469403e+19,3200111.0,23777.0,2.0,1.0,10961071.0,390.0,1538.0,90.0,7802016.0,0.0
4646,1.0,1.4151367138752854e+19,4416380.0,28228.0,3.0,2.0,6576249.0,157326.0,542251.0,344422.0,0.0,1.0
4647,1.0,1.6794704970244289e+19,5059509.0,26286.0,2.0,1.0,768.0,2689.0,526.0,3842.0,459571.0,1.0
4648,1.0,5.555421584074224e+18,21314164.0,35238.0,3.0,1.0,16964.0,1340.0,10620.0,16603.0,4419178.0,1.0
4649,1.0,2.4127717961104635e+18,20067154.0,23781.0,3.0,3.0,1.0,3.0,53.0,1.0,2552798.0,0.0
4650,2.0,1.9952917878195843e+18,20388850.0,29479.0,2.0,2.0,23095.0,24782.0,30997.0,1404.0,2706312.0,1.0
4651,1.0,8.280291080437279e+18,21331238.0,36600.0,2.0,2.0,1.0,12.0,1101.0,1306.0,1029808.0,0.0
4652,1.0,1.4340390157469403e+19,9027213.0,23808.0,2.0,2.0,18.0,1.0,0.0,0.0,9451191.0,1.0
4653,1.0,4.2981186814246446e+18,7135311.0,385.0,2.0,2.0,1471.0,23579.0,21600.0,20693.0,16856207.0,0.0
4654,1.0,1.4140300435418186e+18,21246154.0,1502.0,2.0,1.0,159.0,561.0,76.0,101.0,497203.0,1.0
4655,2.0,1.1078015115745737e+19,21812729.0,37507.0,3.0,1.0,6330.0,4037.0,16672.0,16179.0,3104755.0,1.0
4656,1.0,1.205787899908646e+19,20157182.0,27961.0,3.0,3.0,8564617.0,163755.0,1218444.0,1023795.0,0.0,1.0
4657,1.0,5.5111324610218e+18,20558949.0,10040.0,3.0,1.0,1527577.0,37801.0,54818.0,50058.0,188900.0,1.0
4658,1.0,4.3806325822693514e+18,4498283.0,13677.0,2.0,1.0,8.0,15.0,2447.0,2769.0,4918227.0,1.0
4659,2.0,1.4531867648059392e+19,21782604.0,27482.0,2.0,2.0,145597.0,6800.0,4738.0,6.0,0.0,0.0
4660,1.0,5.07990106805139e+18,21023359.0,25928.0,2.0,1.0,4955728.0,7870.0,15263.0,17942.0,371330.0,0.0
4661,1.0,1.6715668208494561e+19,22073941.0,23534.0,2.0,1.0,707.0,3678.0,9728.0,10681.0,89204.0,0.0
4662,1.0,1.205787899908646e+19,20174623.0,27961.0,1.0,1.0,1003.0,257.0,262.0,3571.0,19083371.0,1.0
4663,1.0,3.1150992080209403e+18,21372954.0,22660.0,2.0,1.0,62396.0,160707.0,669770.0,551209.0,920124.0,1.0
4664,2.0,2.6928596198512824e+18,4344041.0,2051.0,2.0,2.0,60.0,71.0,151.0,218.0,131613.0,1.0
4665,2.0,1.1363457806790746e+19,20137568.0,26281.0,2.0,1.0,512148.0,14009.0,1380.0,1618.0,1125292.0,1.0
4666,1.0,1.2686694195125203e+19,1590226.0,3556.0,3.0,2.0,108647.0,213293.0,2475819.0,51125.0,9406106.0,0.0
4667,2.0,1.6794704970244289e+19,21143913.0,26286.0,2.0,2.0,93143.0,144681.0,685303.0,1040.0,4506681.0,1.0
4668,1.0,1.205787899908646e+19,20180211.0,27961.0,2.0,2.0,5380882.0,224629.0,1123459.0,891769.0,0.0,1.0
4669,1.0,4.872291825310154e+18,4632441.0,4923.0,2.0,1.0,239544.0,164842.0,687142.0,887790.0,1974914.0,0.0
4670,2.0,3.463042789580341e+18,21125862.0,30418.0,2.0,1.0,200340.0,233792.0,485066.0,10379.0,3536315.0,1.0
4671,1.0,1.0468467911880278e+19,20595078.0,854.0,2.0,1.0,3918.0,4691.0,17207.0,14390.0,9911056.0,1.0
4672,1.0,1.1132806224225894e+19,4236912.0,10325.0,2.0,2.0,2284531.0,128413.0,192180.0,41.0,0.0,1.0
4673,1.0,8.455605706470573e+18,20969780.0,35334.0,2.0,1.0,9882974.0,24925.0,48293.0,1129.0,49643.0,0.0
4674,1.0,9.75107224858461e+18,10939120.0,29713.0,1.0,1.0,5603.0,5132.0,3670.0,4000.0,742491.0,0.0
4675,2.0,1.4340390157469403e+19,10110402.0,23808.0,1.0,1.0,4788035.0,35.0,58.0,10.0,165682.0,0.0
4676,1.0,2.6928596198512824e+18,4351128.0,2051.0,2.0,1.0,1006680.0,21107.0,668.0,81.0,4800913.0,1.0
4677,2.0,1.7299638493773875e+18,9583919.0,23637.0,3.0,3.0,2314.0,1148.0,283.0,185.0,7072119.0,0.0
4678,2.0,3.90610140103065e+17,21089965.0,7654.0,2.0,2.0,41431.0,18984.0,24808.0,30850.0,4277.0,1.0
4679,1.0,1.0782457763037247e+19,10853903.0,30539.0,1.0,1.0,3264.0,754.0,2993.0,2837.0,1049019.0,0.0
4680,1.0,1.4340390157469403e+19,20640000.0,23808.0,1.0,1.0,1691.0,263.0,52.0,61.0,8297672.0,0.0
4681,1.0,1.1820182747836987e+19,21546601.0,3625.0,1.0,1.0,8868.0,121294.0,453875.0,369799.0,1670252.0,1.0
4682,1.0,1.751599113447431e+19,20448069.0,29178.0,2.0,1.0,1896175.0,20246.0,136053.0,117594.0,1256354.0,1.0
4683,1.0,1.4340390157469403e+19,9027213.0,23808.0,2.0,1.0,5.0,1.0,0.0,0.0,12965548.0,0.0
4684,1.0,7.647985285683942e+18,2582634.0,496.0,2.0,1.0,7863.0,3844.0,4343.0,1139.0,609731.0,1.0
4685,9.0,5.5111324610218e+18,20413337.0,10040.0,2.0,2.0,21503.0,7202.0,19931.0,21497.0,0.0,1.0
4686,2.0,1.0726002060893145e+19,20036558.0,23800.0,1.0,1.0,376.0,49.0,44.0,75.0,13104710.0,1.0
4687,1.0,1.5859647530187389e+19,4291065.0,23778.0,2.0,2.0,10994.0,134.0,11.0,708.0,443985.0,1.0
4688,1.0,1.4347859242938208e+19,21963775.0,33931.0,3.0,1.0,213052.0,156188.0,414541.0,338582.0,4948766.0,1.0
4689,1.0,9.75107224858461e+18,10939146.0,29713.0,2.0,2.0,25.0,254.0,210.0,311.0,744638.0,1.0
4690,1.0,3.3898142717082214e+18,10673608.0,23649.0,2.0,1.0,531795.0,65497.0,139352.0,138924.0,0.0,1.0
4691,1.0,1.3643020171234605e+19,10172616.0,947.0,2.0,1.0,9995.0,54956.0,349436.0,308510.0,12557294.0,0.0
4692,2.0,1.4340390157469403e+19,3110734.0,23777.0,2.0,1.0,3612460.0,64.0,121.0,170.0,10330798.0,0.0
4693,1.0,5.93057146231575e+18,8113877.0,10986.0,2.0,2.0,2113.0,11529.0,198706.0,1565.0,3458142.0,1.0
4694,1.0,1.7962103236755943e+19,20436405.0,12248.0,1.0,1.0,20054995.0,2609.0,3659.0,3986.0,5245070.0,0.0
4695,1.0,1.2766829707953836e+19,20880592.0,13662.0,2.0,2.0,1694602.0,404.0,2672.0,1460.0,163106.0,0.0
4696,1.0,5.345544339361683e+18,5858719.0,23796.0,1.0,1.0,75.0,179.0,6.0,12.0,738.0,1.0
4697,1.0,1.7984766042927387e+19,7779697.0,2411.0,2.0,2.0,357338.0,11366.0,178430.0,155311.0,306386.0,0.0
4698,1.0,1.2459304665781185e+19,21431057.0,36677.0,1.0,1.0,956.0,2170.0,7232.0,7399.0,5055519.0,1.0
4699,1.0,1.8607419736449293e+17,7254541.0,8275.0,1.0,1.0,5764286.0,796436.0,2919918.0,2286046.0,20426017.0,1.0
4700,1.0,1.578511299927674e+19,20908196.0,35088.0,3.0,2.0,0.0,0.0,2.0,5.0,8620721.0,0.0
4701,1.0,6.410229504621898e+18,4213417.0,19712.0,2.0,2.0,2374164.0,6915.0,18956.0,59803.0,16756199.0,0.0
4702,1.0,1.6362773697454047e+19,20171442.0,16896.0,2.0,1.0,8.0,15.0,2394.0,3803.0,4419123.0,0.0
4703,4.0,5.056878957337439e+18,21393273.0,36880.0,2.0,2.0,17980.0,16943.0,130750.0,33968.0,0.0,0.0
4704,1.0,1.3416878294870458e+19,3066490.0,23786.0,1.0,1.0,2300998.0,314.0,207.0,115.0,5780.0,0.0
4705,1.0,1.265502459667583e+17,21243951.0,36263.0,3.0,1.0,423764.0,548.0,8817.0,179.0,0.0,0.0
4706,2.0,7.903914528320191e+18,21162455.0,1325.0,2.0,2.0,2265.0,4619.0,8226.0,10349.0,73052.0,0.0
4707,1.0,1.077230928844858e+19,20705601.0,34202.0,3.0,2.0,1044333.0,149.0,3166.0,3817.0,0.0,0.0
4708,1.0,1.4340390157469403e+19,21360098.0,23777.0,2.0,1.0,2.0,8.0,416.0,473.0,640477.0,1.0
4709,1.0,1.099159647493597e+19,20900292.0,35011.0,2.0,1.0,758.0,1083.0,1239.0,2185.0,8110891.0,1.0
4710,1.0,1.7248755108316783e+19,20553583.0,10040.0,3.0,1.0,3750254.0,17978.0,16011.0,914.0,0.0,0.0
4711,1.0,8.735544168127206e+18,4231260.0,4260.0,3.0,3.0,18202.0,53969.0,2405734.0,1885186.0,3169861.0,1.0
4712,1.0,1.4340390157469403e+19,9027213.0,23808.0,1.0,1.0,5.0,1.0,0.0,0.0,4803557.0,0.0
4713,2.0,4.192533441706128e+18,20684813.0,2533.0,2.0,2.0,1202917.0,2327.0,26554.0,25130.0,5818546.0,0.0
4714,1.0,1.583773322299057e+19,20665725.0,33437.0,1.0,1.0,21193752.0,11111.0,963822.0,207484.0,0.0,0.0
4715,1.0,2.6958846910028675e+17,21109404.0,10839.0,3.0,3.0,7531.0,7526.0,414510.0,634614.0,2542960.0,0.0
4716,1.0,7.313460549049153e+18,20937625.0,15715.0,2.0,2.0,397463.0,168961.0,800061.0,704928.0,0.0,0.0
4717,1.0,1.1860409689745498e+19,21664105.0,37418.0,1.0,1.0,330020.0,139271.0,682021.0,6956.0,0.0,0.0
4718,1.0,1.205787899908646e+19,20180250.0,27961.0,2.0,2.0,703.0,108.0,111.0,225.0,2351804.0,1.0
4719,1.0,1.6338543940640809e+19,1023838.0,1016.0,2.0,2.0,52202.0,50253.0,216592.0,144068.0,6940.0,0.0
4720,1.0,8.134264174510893e+18,10593104.0,1268.0,1.0,1.0,959.0,5342.0,3724.0,128.0,3727848.0,1.0
4721,1.0,1.588398947362905e+18,20894532.0,22119.0,1.0,1.0,166620.0,159892.0,694025.0,559233.0,946004.0,1.0
4722,1.0,1.4340390157469403e+19,9027213.0,23808.0,2.0,2.0,1.0,1.0,0.0,0.0,7761053.0,0.0
4723,7.0,1.4415681608498106e+19,21194642.0,34292.0,3.0,3.0,1293.0,15411.0,30002.0,28933.0,0.0,1.0
4724,1.0,4.2981186814246446e+18,3619724.0,385.0,2.0,1.0,169319.0,12326.0,10434.0,10450.0,1939060.0,1.0
4725,2.0,1.4340390157469403e+19,4819107.0,23777.0,1.0,1.0,2012.0,201.0,162.0,242.0,2788416.0,1.0
4726,1.0,6.027688423479964e+18,21009320.0,2654.0,2.0,2.0,37449.0,9579.0,36636.0,17564.0,0.0,0.0
4727,1.0,1.4227139185858847e+19,21466273.0,37167.0,2.0,1.0,65.0,119.0,16098.0,15641.0,3286590.0,1.0
4728,1.0,1.5326820280291946e+19,4364851.0,26767.0,3.0,3.0,104333.0,260.0,1574.0,1838.0,424184.0,1.0
4729,1.0,1.2757382404307878e+19,2079760.0,16970.0,2.0,1.0,10718.0,2453.0,110300.0,66589.0,0.0,0.0
4730,1.0,5.851252814446936e+18,21477591.0,28698.0,2.0,1.0,87913.0,107886.0,493234.0,401077.0,2739922.0,1.0
4731,1.0,3.0400992591693215e+18,21812954.0,37714.0,2.0,2.0,823.0,50.0,18626.0,808.0,13848163.0,0.0
4732,1.0,2.0021430589649848e+18,20188698.0,24124.0,1.0,1.0,2.0,266.0,116.0,161.0,5439855.0,0.0
4733,1.0,1.695570341110256e+19,2183137.0,7090.0,3.0,3.0,6046923.0,2128.0,1681.0,2311.0,3606165.0,0.0
4734,1.0,7.903914528320191e+18,20623363.0,2012.0,1.0,1.0,19530715.0,773.0,1920.0,229.0,0.0,1.0
4735,1.0,1.205787899908646e+19,20180673.0,27961.0,3.0,3.0,203.0,29.0,4561.0,4975.0,33710.0,0.0
4736,1.0,1.4340390157469403e+19,7103486.0,23777.0,1.0,1.0,2535.0,233.0,127.0,138.0,7228146.0,1.0
4737,2.0,7.903914528320191e+18,21162478.0,1325.0,2.0,1.0,104249.0,96217.0,237601.0,251572.0,15122.0,1.0
4738,1.0,5.851252814446936e+18,21477808.0,28698.0,3.0,1.0,1059377.0,1763.0,9573.0,9682.0,4048744.0,1.0
4739,1.0,4.2981186814246446e+18,6564491.0,385.0,2.0,1.0,12537074.0,1096052.0,3402184.0,24490.0,0.0,0.0
4740,1.0,2.4347563200652785e+18,20035851.0,29273.0,1.0,1.0,18.0,433.0,104.0,91.0,4080487.0,0.0
4741,1.0,2.6928596198512824e+18,4291691.0,2051.0,2.0,1.0,1930.0,8630.0,5255.0,63.0,13892073.0,1.0
4742,1.0,1.4340390157469403e+19,20644045.0,23808.0,2.0,2.0,98.0,2.0,1.0,3.0,947393.0,0.0
4743,2.0,4.2981186814246446e+18,7134680.0,385.0,2.0,2.0,1471.0,37341.0,38844.0,35787.0,11112529.0,1.0
4744,1.0,1.4340390157469403e+19,9027103.0,23808.0,2.0,2.0,11.0,96.0,129.0,184.0,11262795.0,1.0
4745,1.0,5.901349891861968e+18,4414359.0,24207.0,2.0,2.0,260004.0,12987.0,23618.0,26467.0,9044187.0,0.0
4746,767.0,5.851252814446936e+18,20132332.0,28698.0,2.0,1.0,106.0,44.0,4562.0,4922.0,0.0,1.0
4747,1.0,1.205787899908646e+19,20183781.0,27961.0,1.0,1.0,4524137.0,10286.0,41236.0,42463.0,20961.0,0.0
4748,1.0,7.895144444391802e+17,22096083.0,38273.0,2.0,1.0,19864.0,137718.0,1556108.0,1231985.0,9715746.0,1.0
4749,2.0,1.6639919120694813e+19,3427618.0,132.0,1.0,1.0,9537751.0,41176.0,408169.0,125275.0,0.0,0.0
4750,1.0,7.903914528320191e+18,21162426.0,1325.0,2.0,1.0,3249.0,8298.0,21183.0,586.0,9717268.0,1.0
4751,1.0,1.2607653374704898e+19,20929039.0,2220.0,2.0,2.0,460509.0,29508.0,59899.0,40987.0,341060.0,1.0
4752,1.0,1.5661644667544914e+19,20894082.0,34959.0,2.0,2.0,12379278.0,63210.0,3976119.0,3104987.0,0.0,0.0
4753,1.0,4.49396248160808e+18,10591026.0,29593.0,2.0,1.0,32018.0,13782.0,675694.0,563990.0,31306.0,1.0
4754,2.0,1.4340390157469403e+19,10335566.0,23808.0,2.0,1.0,8697.0,2710.0,1749.0,144.0,349598.0,1.0
4755,2.0,2.4127717961104635e+18,20067139.0,23781.0,1.0,1.0,328306.0,1301.0,8.0,1.0,671317.0,0.0
4756,1.0,7.903914528320191e+18,21162359.0,1325.0,2.0,1.0,747542.0,85442.0,217322.0,222775.0,2755131.0,1.0
4757,1.0,1.1750633790945196e+19,21473983.0,34536.0,2.0,2.0,2217.0,19465.0,126.0,1814.0,13700375.0,0.0
4758,1.0,1.7363854844105064e+19,20017078.0,23798.0,1.0,1.0,16311473.0,1087.0,4.0,1078.0,10128778.0,1.0
4759,1.0,1.1038660142914585e+19,22095853.0,38505.0,3.0,2.0,305.0,126.0,11559.0,831.0,271108.0,0.0
4760,1.0,8.99455707050858e+18,20030165.0,23799.0,2.0,1.0,1073.0,28.0,41.0,52.0,5264241.0,0.0
4761,1.0,7.484333488664585e+18,21090281.0,34691.0,3.0,3.0,2.0,67.0,78.0,103.0,800521.0,0.0
4762,3.0,1.4340390157469403e+19,3110597.0,23777.0,1.0,1.0,485261.0,330.0,154.0,226.0,0.0,1.0
4763,1.0,1.4600073692226415e+19,20665843.0,4004.0,1.0,1.0,315.0,929.0,1172.0,587.0,1245796.0,1.0
4764,1.0,9.279176529507936e+18,10673573.0,23649.0,2.0,1.0,32879.0,31796.0,64045.0,59475.0,11917986.0,1.0
4765,2.0,1.205787899908646e+19,20192652.0,27961.0,1.0,1.0,240995.0,607.0,2017.0,2688.0,4998374.0,1.0
4766,1.0,1.3223360369246851e+19,4215924.0,20574.0,2.0,1.0,6267044.0,2209.0,3017.0,4536.0,0.0,1.0
4767,2.0,5.07990106805139e+18,7642368.0,25928.0,1.0,1.0,765949.0,306814.0,624962.0,545377.0,9435927.0,1.0
4768,1.0,3.7313575099445663e+18,21480099.0,37246.0,2.0,1.0,128.0,2179.0,50143.0,13126.0,16331362.0,0.0
4769,1.0,8.390751886332699e+18,20869941.0,854.0,2.0,1.0,1968900.0,64509.0,207733.0,532828.0,1136716.0,0.0
4770,1.0,8.065635526050976e+18,22103028.0,38585.0,3.0,3.0,203.0,1259.0,45910.0,42129.0,8180784.0,1.0
4771,1.0,5.260594170071819e+16,3048011.0,23782.0,1.0,1.0,2425.0,372.0,245.0,215.0,22169257.0,1.0
4772,1.0,1.0460794781478122e+18,21920339.0,37956.0,2.0,1.0,64783.0,5603.0,39012.0,35926.0,10759564.0,1.0
4773,1.0,1.5789410779494188e+18,4169919.0,4882.0,1.0,1.0,1159795.0,536546.0,1320947.0,1163441.0,0.0,0.0
4774,1.0,1.0315103843509314e+19,20929421.0,35009.0,2.0,2.0,3984.0,32229.0,115521.0,2223.0,5872999.0,0.0
4775,1.0,1.1885289605223254e+19,21099393.0,13330.0,1.0,1.0,941944.0,5346.0,40510.0,108456.0,10548297.0,1.0
4776,1.0,5.937341161495174e+18,20878119.0,33523.0,2.0,1.0,15097838.0,9756.0,120343.0,104827.0,0.0,0.0
4777,1.0,1.4340390157469403e+19,9027213.0,23808.0,3.0,1.0,1.0,1.0,0.0,0.0,2707489.0,1.0
4778,6.0,3.6169814911181747e+18,20666306.0,6308.0,3.0,1.0,17561.0,6722.0,151699.0,72848.0,0.0,1.0
4779,1.0,1.3548177772298457e+19,21466416.0,7028.0,2.0,1.0,19271.0,8311.0,49162.0,44936.0,5635222.0,1.0
4780,1.0,3.9091366531504087e+18,20898536.0,34937.0,2.0,1.0,9504.0,463.0,4727.0,5089.0,2168217.0,0.0
4781,1.0,6.414307266338366e+18,21132372.0,35668.0,3.0,2.0,2353.0,8453.0,48738.0,44778.0,10051189.0,1.0
4782,1.0,9.246169803312667e+18,20172044.0,26395.0,2.0,1.0,3440788.0,427.0,130404.0,192433.0,11053034.0,0.0
4783,3.0,4.2981186814246446e+18,7810368.0,385.0,1.0,1.0,22889.0,43581.0,54590.0,751.0,60749.0,0.0
4784,1.0,1.170131801374254e+19,20711685.0,34100.0,2.0,1.0,10258157.0,3885.0,41987.0,78226.0,7159.0,0.0
4785,1.0,1.3756257544627677e+19,21361784.0,24354.0,3.0,2.0,7397135.0,161.0,4891.0,1627.0,0.0,0.0
4786,1.0,1.034946865176566e+19,21522776.0,37422.0,3.0,1.0,0.0,0.0,25.0,4.0,5446832.0,0.0
4787,1.0,7.360279425078247e+18,20568174.0,30195.0,2.0,2.0,286.0,956.0,1321.0,1613.0,3196968.0,0.0
4788,1.0,1.205787899908646e+19,20192676.0,27961.0,2.0,1.0,1791312.0,2279.0,5174.0,5730.0,922360.0,1.0
4789,3.0,1.8054023944582975e+19,20934929.0,29479.0,3.0,2.0,6412.0,4009.0,13380.0,10190.0,85378.0,0.0
4790,1.0,2.061296188583326e+18,2559727.0,387.0,1.0,1.0,21508499.0,146805.0,228648.0,5760.0,0.0,0.0
4791,1.0,1.205787899908646e+19,20180224.0,27961.0,2.0,2.0,135521.0,53445.0,143176.0,154921.0,14574991.0,0.0
4792,1.0,1.4340390157469403e+19,21360099.0,23777.0,2.0,2.0,18250.0,431.0,482.0,429.0,13458061.0,0.0
4793,1.0,5.59595009187412e+18,21339292.0,36486.0,1.0,1.0,172.0,5370.0,3631.0,8678.0,22347026.0,0.0
4794,2.0,1.5145480155589095e+19,21156859.0,23807.0,2.0,1.0,177.0,94.0,826.0,8.0,45590.0,0.0
4795,1.0,1.4756578758696272e+19,20718205.0,3625.0,2.0,2.0,12614381.0,110.0,12605.0,10488.0,0.0,0.0
4796,1.0,1.2462462009066863e+19,10404893.0,29815.0,1.0,1.0,7455071.0,282989.0,1213836.0,1056026.0,161260.0,1.0
4797,1.0,5.468727571223081e+18,20001249.0,1381.0,2.0,2.0,35267.0,38.0,805.0,1100.0,1994185.0,0.0
4798,8.0,8.410861933928146e+17,7727399.0,19560.0,3.0,3.0,19243.0,29295.0,1429695.0,1799081.0,0.0,0.0
4799,2.0,7.522366221873913e+18,20894136.0,34963.0,3.0,3.0,84092.0,469225.0,1846986.0,1524273.0,0.0,0.0
4800,1.0,1.205787899908646e+19,20180224.0,27961.0,3.0,3.0,5809089.0,2950.0,3623.0,4723.0,806777.0,0.0
4801,5.0,1.4340390157469403e+19,20643905.0,23808.0,2.0,2.0,6982590.0,20825.0,622.0,9.0,637107.0,0.0
4802,1.0,7.903914528320191e+18,21162514.0,1325.0,2.0,1.0,22.0,36.0,24.0,25.0,2258788.0,0.0
4803,1.0,1.205787899908646e+19,20163232.0,27961.0,1.0,1.0,3183.0,3757.0,4183.0,4919.0,10934824.0,1.0
4804,2.0,4.192533441706128e+18,21314181.0,2533.0,1.0,1.0,528833.0,186361.0,549204.0,35636.0,0.0,1.0
4805,1.0,1.4340390157469403e+19,9027448.0,23808.0,1.0,1.0,103.0,217.0,56.0,68.0,18545312.0,1.0
4806,2.0,1.1624066761054958e+19,3373964.0,5962.0,1.0,1.0,378.0,1109.0,171.0,217.0,223371.0,1.0
4807,1.0,5.07990106805139e+18,4823033.0,25928.0,1.0,1.0,1395009.0,9189.0,20843.0,20019.0,0.0,0.0
4808,1.0,7.903914528320191e+18,21372405.0,2010.0,1.0,1.0,10300458.0,162.0,427.0,70.0,0.0,0.0
4809,1.0,5.07990106805139e+18,4251686.0,25928.0,1.0,1.0,90042.0,8706.0,13466.0,11945.0,21390768.0,1.0
4810,1.0,1.6709405790339167e+18,20330640.0,33157.0,2.0,1.0,3499173.0,2565.0,30054.0,92.0,0.0,0.0
4811,1.0,7.903914528320191e+18,20623354.0,2012.0,2.0,1.0,1163.0,554.0,998.0,214.0,1472070.0,0.0
4812,1.0,2.9029783469658184e+18,4230758.0,1939.0,3.0,2.0,34915.0,21014.0,611121.0,305833.0,0.0,1.0
4813,1.0,1.4340390157469403e+19,10335613.0,23808.0,1.0,1.0,410.0,3719.0,2592.0,144.0,13928511.0,1.0
4814,1.0,1.7363854844105064e+19,20017078.0,23798.0,1.0,1.0,151739.0,3086.0,4.0,2561.0,2682449.0,0.0
4815,1.0,1.205787899908646e+19,20147157.0,27961.0,3.0,1.0,617434.0,39910.0,43191.0,57838.0,2840648.0,1.0
4816,1.0,1.4340390157469403e+19,3074313.0,23777.0,2.0,1.0,15043796.0,5262.0,6211.0,6506.0,1044265.0,0.0
4817,1.0,1.5889052232801778e+19,3137471.0,7570.0,1.0,1.0,188.0,445.0,820.0,1744.0,10941041.0,1.0
4818,2.0,9.75107224858461e+18,10939496.0,29713.0,1.0,1.0,29028.0,1548.0,1102.0,1307.0,1212859.0,1.0
4819,1.0,3.7306253281194304e+17,3827183.0,23792.0,1.0,1.0,262655.0,1809.0,61.0,77.0,21301056.0,1.0
4820,1.0,1.205787899908646e+19,20157628.0,27961.0,3.0,3.0,0.0,0.0,7.0,14.0,10601118.0,0.0
4821,1.0,8.506071003860153e+18,21964966.0,38069.0,3.0,3.0,965.0,19730.0,43969.0,33110.0,9163778.0,0.0
4822,1.0,1.2573919372244996e+19,7815119.0,16705.0,1.0,1.0,25170975.0,1839.0,10625.0,3615.0,1651584.0,0.0
4823,1.0,1.3676343896596736e+18,21400929.0,36897.0,1.0,1.0,15813.0,50.0,1006.0,578.0,6225514.0,1.0
4824,1.0,2.6928596198512824e+18,4212764.0,2051.0,2.0,2.0,783.0,290.0,278.0,56.0,7239381.0,0.0
4825,1.0,1.8352543311199554e+19,4270824.0,8113.0,1.0,1.0,21642054.0,611638.0,2826659.0,652697.0,2327141.0,1.0
4826,1.0,4.2858419869221806e+18,21130036.0,6273.0,3.0,3.0,85488.0,864.0,4150.0,7161.0,0.0,0.0
4827,1.0,6.627599189046741e+18,21391856.0,27995.0,2.0,1.0,6511566.0,1060716.0,3253326.0,2723384.0,0.0,1.0
4828,1.0,7.953863969799817e+18,21406979.0,5058.0,2.0,2.0,12823474.0,1605.0,152269.0,5268.0,0.0,0.0
4829,3.0,1.631782842312267e+19,21855453.0,37338.0,3.0,2.0,1409.0,6310.0,8853.0,3210.0,1329637.0,0.0
4830,1.0,1.5989049276530887e+19,20314359.0,23824.0,2.0,1.0,7016.0,43657.0,47483.0,31.0,1597982.0,1.0
4831,1.0,1.257298111363108e+19,4258926.0,10682.0,2.0,1.0,529069.0,115061.0,307732.0,155499.0,904602.0,1.0
4832,1.0,1.4340390157469403e+19,21360098.0,23777.0,2.0,1.0,28523.0,15105.0,416.0,473.0,14537730.0,1.0
4833,1.0,9.312589995190845e+18,22162618.0,38672.0,3.0,1.0,102691.0,12806.0,14506.0,27072.0,5118668.0,0.0
4834,1.0,1.209805151605796e+18,21345116.0,35489.0,3.0,1.0,108540.0,98611.0,685471.0,591215.0,0.0,1.0
4835,1.0,4.2981186814246446e+18,7820708.0,385.0,1.0,1.0,4532.0,8054.0,38815.0,48.0,1472233.0,0.0
4836,1.0,1.0460794781478122e+18,22129963.0,37956.0,1.0,1.0,56519.0,18879.0,29.0,245.0,8560976.0,0.0
4837,1.0,1.205787899908646e+19,20183546.0,27961.0,3.0,3.0,277386.0,2808.0,279334.0,10508.0,0.0,0.0
4838,2.0,8.99455707050858e+18,20030165.0,23799.0,2.0,1.0,18.0,28.0,41.0,52.0,9216252.0,1.0
4839,1.0,1.0378308454274666e+19,4215272.0,20603.0,2.0,1.0,5010730.0,1228.0,3945.0,4150.0,336512.0,1.0
4840,5.0,7.143518654485987e+18,20393504.0,33093.0,2.0,1.0,28282.0,82.0,133.0,544.0,0.0,1.0
4841,2.0,1.4340390157469403e+19,20643970.0,23808.0,1.0,1.0,634.0,20.0,9.0,9.0,347264.0,0.0
4842,1.0,1.4340390157469403e+19,21360120.0,23777.0,1.0,1.0,25381504.0,2851.0,35095.0,563.0,22778064.0,0.0
4843,1.0,6.143811296116459e+16,3094412.0,11951.0,2.0,2.0,428.0,611.0,522.0,700.0,44842.0,0.0
4844,1.0,2.470253408587162e+18,21193219.0,35900.0,2.0,1.0,7.0,5.0,148.0,195.0,161097.0,0.0
4845,1.0,1.205787899908646e+19,20110139.0,27961.0,2.0,2.0,11896646.0,55064.0,101428.0,140980.0,0.0,1.0
4846,1.0,1.2860330221988952e+19,21406824.0,36895.0,1.0,1.0,25147967.0,2937.0,618913.0,1056.0,24118.0,1.0
4847,1.0,4.4954898072679383e+18,21910713.0,2411.0,3.0,2.0,152192.0,2308.0,22449.0,21359.0,5634258.0,0.0
4848,1.0,1.7688327694764823e+19,20382992.0,17403.0,3.0,3.0,1474129.0,92.0,3021.0,3247.0,0.0,0.0
4849,1.0,1.0901878375955827e+19,21867256.0,36487.0,1.0,1.0,10595156.0,4923.0,856.0,3579.0,0.0,0.0
4850,1.0,1.4531867648059392e+19,3834148.0,27485.0,2.0,1.0,5118.0,4350.0,9919.0,74.0,2825699.0,1.0
4851,1.0,1.4340390157469403e+19,20640000.0,23808.0,1.0,1.0,17052819.0,263.0,52.0,61.0,0.0,1.0
4852,1.0,1.1879906769350492e+18,20367290.0,33251.0,3.0,1.0,677608.0,168266.0,577574.0,498261.0,12831.0,1.0
4853,1.0,1.0133786685276252e+19,21134694.0,35348.0,2.0,1.0,58911.0,79080.0,358394.0,19311.0,2068376.0,1.0
4854,2.0,6.601746059193693e+18,1763055.0,14428.0,1.0,1.0,4013960.0,323957.0,673356.0,239.0,4592501.0,1.0
4855,1.0,1.4340390157469403e+19,20640005.0,23808.0,3.0,3.0,398.0,219.0,187.0,271.0,10441387.0,0.0
4856,1.0,5.589649412465737e+18,20950065.0,35067.0,2.0,1.0,3475.0,2550.0,153.0,353.0,2116007.0,0.0
4857,3.0,1.673243298702753e+19,21301656.0,20720.0,1.0,1.0,159802.0,185559.0,558850.0,481635.0,4008916.0,1.0
4858,2.0,1.636792571944825e+19,20691971.0,2617.0,1.0,1.0,1671.0,1094.0,10689.0,10700.0,20181565.0,1.0
4859,1.0,1.4340390157469403e+19,9027314.0,23808.0,3.0,2.0,34.0,6.0,70.0,89.0,2162963.0,0.0
4860,1.0,5.260594170071819e+16,3048011.0,23782.0,1.0,1.0,2358.0,84.0,68.0,104.0,6306885.0,0.0
4861,1.0,1.4830915373179888e+19,21373944.0,29914.0,2.0,1.0,1.0,3.0,1231.0,2884.0,5497918.0,0.0
4862,1.0,1.3756257544627677e+19,8350710.0,24035.0,2.0,1.0,15275.0,688.0,5452.0,10445.0,12593494.0,0.0
4863,1.0,1.7144294272802146e+19,3273147.0,15482.0,2.0,2.0,13284863.0,6624.0,11013.0,10094.0,1059488.0,0.0
4864,1.0,8.078374824064251e+18,10769310.0,30157.0,2.0,2.0,65.0,119.0,4089.0,3265.0,1488172.0,0.0
4865,1.0,1.008357241655155e+19,2038261.0,23862.0,2.0,2.0,15726273.0,32465.0,336633.0,293571.0,0.0,1.0
4866,1.0,1.4340390157469403e+19,20643955.0,23808.0,2.0,2.0,11626.0,342.0,466.0,488.0,5726491.0,0.0
4867,1.0,1.7339730748062328e+18,20691771.0,34245.0,2.0,1.0,20580.0,347.0,944.0,3572.0,5657579.0,0.0
4868,1.0,1.205787899908646e+19,20163508.0,27961.0,2.0,2.0,35505.0,9137.0,10546.0,10903.0,1025578.0,0.0
4869,3.0,2.644915197857548e+18,4405940.0,11127.0,3.0,1.0,31735.0,9459.0,89122.0,78756.0,0.0,0.0
4870,1.0,1.4531867648059392e+19,3834142.0,27485.0,2.0,1.0,2.0,8.0,28.0,74.0,6472265.0,1.0
4871,1.0,9.68084052881144e+18,21417792.0,36973.0,2.0,1.0,31746.0,13561.0,156599.0,134106.0,0.0,0.0
4872,1.0,1.4340390157469403e+19,20789159.0,23808.0,2.0,2.0,30418.0,1032.0,1644.0,1084.0,7550819.0,1.0
4873,20.0,1.4340390157469403e+19,9027437.0,23808.0,2.0,2.0,9329.0,19.0,20.0,20.0,0.0,1.0
4874,1.0,1.4340390157469403e+19,6435307.0,23777.0,1.0,1.0,2.0,85.0,159.0,238.0,1451565.0,0.0
4875,1.0,1.1288378057162324e+19,20370465.0,879.0,1.0,1.0,20871090.0,1082046.0,3376007.0,2618044.0,1254898.0,1.0
4876,1.0,1.8108522136565864e+19,10588411.0,20551.0,2.0,1.0,2248631.0,40436.0,304466.0,251995.0,399444.0,0.0
4877,1.0,8.351001617032297e+17,3854570.0,11494.0,1.0,1.0,23762.0,3946.0,2662.0,3197.0,23096169.0,0.0
4878,2.0,1.0710651139638636e+18,21437269.0,36524.0,2.0,2.0,3158.0,5336.0,198137.0,196784.0,251152.0,1.0
4879,1.0,5.07990106805139e+18,4251684.0,25928.0,2.0,2.0,184814.0,153467.0,243252.0,228468.0,1439166.0,1.0
4880,1.0,3.9956723598113613e+18,20789418.0,34046.0,3.0,2.0,29957.0,143.0,219927.0,195175.0,141289.0,0.0
4881,1.0,3.391050155235314e+18,3373104.0,1807.0,2.0,2.0,4379545.0,37621.0,107136.0,108162.0,5167407.0,1.0
4882,1.0,1.6481587910261305e+19,21313142.0,21101.0,2.0,2.0,3586310.0,4883.0,126540.0,116311.0,478929.0,0.0
4883,5.0,1.052803256599095e+19,21439787.0,879.0,2.0,1.0,32686.0,48736.0,315221.0,4708.0,0.0,1.0
4884,1.0,1.205787899908646e+19,20192990.0,27961.0,2.0,2.0,6.0,4.0,60.0,205.0,2322232.0,1.0
4885,1.0,1.682665206743772e+19,4354085.0,24159.0,2.0,1.0,6430.0,16581.0,194.0,276.0,6781870.0,0.0
4886,2.0,1.7962103236755943e+19,20562319.0,12248.0,1.0,1.0,19948522.0,18030.0,34328.0,31954.0,580502.0,1.0
4887,1.0,5.851252814446936e+18,10431803.0,28698.0,2.0,2.0,46.0,77.0,2718.0,5354.0,7707032.0,0.0
4888,1.0,1.3491658154183518e+19,21434808.0,36934.0,2.0,1.0,51.0,31.0,12333.0,12189.0,9572872.0,1.0
4889,1.0,2.0021430589649848e+18,20188694.0,24124.0,2.0,1.0,546158.0,2575.0,456.0,1041.0,454907.0,0.0
4890,1.0,1.4340390157469403e+19,9027614.0,23808.0,1.0,1.0,31759.0,1508.0,138.0,198.0,2126909.0,1.0
4891,1.0,1.167378827745426e+19,10061236.0,16891.0,2.0,2.0,19977.0,5191.0,114456.0,814.0,152743.0,1.0
4892,2.0,1.3616247906704456e+19,20881053.0,21102.0,2.0,1.0,14751.0,32462.0,744355.0,620450.0,0.0,0.0
4893,1.0,8.759135148979803e+18,21920568.0,37107.0,1.0,1.0,43010.0,154176.0,14654.0,34416.0,18370462.0,0.0
4894,1.0,5.851252814446936e+18,21477581.0,28698.0,3.0,1.0,547.0,115.0,46501.0,35817.0,4632411.0,1.0
4895,1.0,7.903914528320191e+18,21162554.0,1325.0,3.0,3.0,167976.0,62.0,1716.0,2187.0,0.0,1.0
4896,1.0,1.4340390157469403e+19,9027213.0,23808.0,1.0,1.0,5.0,1.0,0.0,0.0,3865098.0,1.0
4897,1.0,7.576410289908663e+18,21441006.0,36951.0,2.0,2.0,259.0,2676.0,23600.0,22452.0,293969.0,1.0
4898,1.0,2.338929193756991e+18,20286637.0,879.0,3.0,1.0,1556116.0,131.0,1415.0,1441.0,0.0,0.0
4899,2.0,5.345544339361683e+18,5858886.0,23796.0,2.0,1.0,190.0,1070.0,6.0,12.0,1257418.0,1.0
4900,4.0,8.134264174510893e+18,10593093.0,1268.0,1.0,1.0,287101.0,4943.0,8180.0,2.0,0.0,1.0
4901,1.0,1.5366517485002252e+19,6794421.0,10611.0,3.0,2.0,53808.0,24174.0,90767.0,85156.0,6008.0,0.0
4902,1.0,6.915209922308573e+18,20603577.0,8737.0,2.0,2.0,14262663.0,60870.0,129416.0,126491.0,28507.0,0.0
4903,1.0,1.205787899908646e+19,20163591.0,27961.0,2.0,1.0,3316969.0,9.0,18.0,27.0,0.0,0.0
4904,1.0,1.682665206743772e+19,4354085.0,24159.0,1.0,1.0,7967.0,256.0,194.0,276.0,288088.0,0.0
4905,1.0,1.578511299927674e+19,20908196.0,35088.0,2.0,2.0,0.0,0.0,2.0,5.0,2701031.0,0.0
4906,1.0,1.7363854844105064e+19,20017078.0,23798.0,1.0,1.0,16290849.0,3226.0,4.0,2638.0,714174.0,0.0
4907,1.0,5.937256857527595e+18,21299887.0,34139.0,2.0,1.0,1858.0,1633.0,20390.0,14649.0,13431650.0,1.0
4908,1.0,1.205787899908646e+19,20163127.0,27961.0,3.0,2.0,2558902.0,2845.0,3310.0,5418.0,0.0,0.0
4909,1.0,5.5111324610218e+18,20967013.0,10040.0,2.0,2.0,17825.0,1599.0,2309.0,2636.0,6809181.0,0.0
4910,1.0,7.05369416088538e+18,20884484.0,10757.0,3.0,1.0,7017631.0,114987.0,601802.0,669968.0,0.0,0.0
4911,1.0,9.00808409934082e+17,21822376.0,37702.0,2.0,1.0,437693.0,115.0,8291.0,8434.0,7904079.0,1.0
4912,1.0,1.4340390157469403e+19,3060544.0,23777.0,2.0,1.0,14598498.0,17863.0,38829.0,35786.0,3213986.0,0.0
4913,1.0,7.903914528320191e+18,21162109.0,1325.0,1.0,1.0,17411.0,272.0,761.0,1445.0,21893008.0,1.0
4914,1.0,1.7897915859156228e+19,7212132.0,2675.0,2.0,2.0,3566.0,6468.0,7163.0,7336.0,73278.0,1.0
4915,1.0,4.2981186814246446e+18,3021600.0,385.0,3.0,3.0,3422340.0,113686.0,341927.0,279560.0,905319.0,0.0
4916,1.0,9.115911113020767e+18,10753303.0,29096.0,3.0,2.0,1461.0,1126.0,34187.0,1044.0,1158172.0,1.0
4917,1.0,1.5167927993406933e+19,20207782.0,781.0,1.0,1.0,134661.0,55959.0,1152144.0,295.0,57726.0,0.0
4918,1.0,9.45917755559769e+18,21162767.0,5466.0,3.0,3.0,42896.0,55885.0,308999.0,325814.0,2207249.0,0.0
4919,1.0,1.703675381942866e+19,21425261.0,36955.0,2.0,1.0,5346.0,3676.0,215191.0,111.0,15705095.0,1.0
4920,1.0,2.4127717961104635e+18,20067146.0,23781.0,1.0,1.0,1392.0,4067.0,8.0,1.0,5302260.0,0.0
4921,1.0,1.3114430079403428e+19,21412058.0,559.0,2.0,1.0,2687401.0,11118.0,25974.0,28610.0,2130348.0,0.0
4922,1.0,7.15828290985102e+18,3001652.0,19093.0,2.0,2.0,84693.0,150419.0,2445003.0,105826.0,0.0,0.0
4923,7.0,1.5145480155589095e+19,21954107.0,23807.0,3.0,1.0,24187.0,5380.0,49422.0,45162.0,0.0,0.0
4924,1.0,1.4340390157469403e+19,6434950.0,23777.0,2.0,1.0,847732.0,61.0,86.0,114.0,13704203.0,1.0
4925,1.0,3.049281773872301e+17,2368894.0,7151.0,2.0,1.0,33788.0,195240.0,669755.0,302488.0,133825.0,1.0
4926,1.0,8.848021695083077e+18,20815841.0,2387.0,3.0,2.0,5075.0,12724.0,43091.0,43206.0,318171.0,1.0
4927,2.0,1.2374867657341727e+19,2306398.0,24419.0,2.0,2.0,13948124.0,3061.0,9122.0,9235.0,0.0,1.0
4928,1.0,1.4912173707563633e+19,21259120.0,36382.0,2.0,1.0,64714.0,24906.0,310698.0,2027.0,12069095.0,0.0
4929,1.0,7.771884441258275e+18,20437394.0,32367.0,2.0,1.0,60671.0,79436.0,1679596.0,1308871.0,159527.0,0.0
4930,1.0,1.6794704970244289e+19,5910964.0,26286.0,2.0,2.0,1919.0,4615.0,505.0,1040.0,5113096.0,0.0
4931,1.0,9.670723372467374e+18,20553314.0,33619.0,2.0,2.0,205609.0,84686.0,176196.0,155203.0,1021.0,0.0
4932,1.0,1.7446436672557894e+19,4300646.0,357.0,3.0,1.0,8255748.0,485.0,3199.0,2694.0,4584825.0,1.0
4933,2.0,2.6928596198512824e+18,10396288.0,2051.0,2.0,2.0,3018.0,6440.0,8865.0,8983.0,1265067.0,1.0
4934,1.0,1.4340390157469403e+19,9027238.0,23808.0,1.0,1.0,125.0,134.0,74.0,94.0,19419007.0,1.0
4935,2.0,5.854749437009103e+17,20945509.0,35083.0,1.0,1.0,6629.0,15539.0,40473.0,5050.0,2460873.0,0.0
4936,1.0,1.4340390157469403e+19,21163925.0,23808.0,2.0,2.0,2812721.0,5439.0,7217.0,120.0,137130.0,0.0
4937,13.0,1.0104066224360673e+19,20878308.0,33996.0,2.0,1.0,1690.0,338.0,3128.0,3403.0,18006.0,1.0
4938,1.0,1.4340390157469403e+19,4804780.0,23777.0,1.0,1.0,22050496.0,145316.0,377656.0,309053.0,27250.0,0.0
4939,1.0,1.3973386948218685e+19,21603706.0,20446.0,3.0,1.0,953116.0,9240.0,43522.0,40013.0,170345.0,0.0
4940,1.0,1.4340390157469403e+19,3200153.0,23777.0,2.0,1.0,775.0,1650.0,1286.0,90.0,13796306.0,1.0
4941,1.0,5.260594170071819e+16,3048011.0,23782.0,1.0,1.0,1582.0,705.0,470.0,769.0,222711.0,1.0
4942,1.0,1.205787899908646e+19,20174700.0,27961.0,2.0,1.0,983429.0,92599.0,153752.0,136676.0,3246366.0,0.0
4943,1.0,1.4340390157469403e+19,20640001.0,23808.0,2.0,2.0,730.0,252.0,115.0,160.0,174784.0,0.0
4944,1.0,2.470253408587162e+18,21193219.0,35900.0,3.0,1.0,7.0,5.0,141.0,187.0,99889.0,0.0
4945,1.0,1.3756257544627677e+19,20346801.0,24354.0,2.0,2.0,33.0,78.0,1389.0,1631.0,7400779.0,0.0
4946,1.0,7.784534006123167e+17,3853596.0,7789.0,3.0,1.0,359859.0,356026.0,764913.0,243622.0,2423855.0,1.0
4947,1.0,1.4340390157469403e+19,10335616.0,23808.0,1.0,1.0,2046.0,4894.0,3272.0,144.0,49570.0,0.0
4948,1.0,9.685311741858013e+18,4165233.0,1969.0,3.0,1.0,5810439.0,263292.0,1586272.0,1251735.0,0.0,0.0
4949,1.0,8.624410930658001e+18,4352263.0,20853.0,1.0,1.0,69911.0,4555.0,3069.0,3763.0,2679684.0,0.0
4950,3.0,1.4340390157469403e+19,9027437.0,23808.0,1.0,1.0,1443943.0,300.0,20.0,20.0,2329826.0,0.0
4951,1.0,1.4340390157469403e+19,3110734.0,23777.0,2.0,1.0,86.0,64.0,121.0,170.0,13530400.0,1.0
4952,1.0,1.5859647530187389e+19,4285894.0,23778.0,2.0,2.0,3461.0,35594.0,17.0,290.0,11902948.0,0.0
4953,1.0,1.3090221289647714e+19,20174989.0,23795.0,2.0,1.0,5796.0,15208.0,3.0,7.0,8252386.0,1.0
4954,1.0,2.922437307313168e+18,20776500.0,2203.0,1.0,1.0,3095.0,24302.0,36116.0,72193.0,3441684.0,1.0
4955,1.0,7.484333488664585e+18,21209487.0,34691.0,2.0,2.0,119252.0,128.0,324.0,449.0,15968467.0,0.0
4956,3.0,5.888277431783336e+18,7955184.0,6520.0,2.0,2.0,183.0,634.0,1179.0,1647.0,3423099.0,1.0
4957,1.0,5.072332387264288e+18,4427259.0,16072.0,1.0,1.0,263192.0,50163.0,150584.0,12450.0,1627858.0,0.0
4958,1.0,9.45917755559769e+18,21163121.0,5466.0,1.0,1.0,1722356.0,352515.0,1234405.0,1083117.0,72105.0,0.0
4959,1.0,5.851252814446936e+18,21477585.0,28698.0,3.0,3.0,77218.0,239656.0,604.0,177.0,8450391.0,0.0
4960,1.0,8.99455707050858e+18,20030165.0,23799.0,2.0,1.0,300219.0,28.0,41.0,52.0,0.0,1.0
4961,1.0,1.703675381942866e+19,21425266.0,36955.0,2.0,2.0,9566.0,1449.0,79667.0,70836.0,6532177.0,1.0
4962,4.0,9.004035880665279e+18,20595493.0,33800.0,2.0,1.0,186477.0,234.0,473.0,732.0,3974119.0,1.0
4963,1.0,1.205787899908646e+19,20221019.0,27961.0,2.0,1.0,115734.0,7000.0,27638.0,27102.0,190233.0,0.0
4964,1.0,1.4340390157469403e+19,21163924.0,23808.0,1.0,1.0,20372015.0,145.0,588.0,62.0,184462.0,0.0
4965,1.0,1.4340390157469403e+19,4603064.0,23777.0,3.0,1.0,6008417.0,21492.0,38355.0,35385.0,0.0,0.0
4966,1.0,1.4340390157469403e+19,21360117.0,23777.0,2.0,1.0,35074.0,76278.0,883108.0,2525.0,523469.0,1.0
4967,2.0,1.205787899908646e+19,20192990.0,27961.0,2.0,2.0,6.0,4.0,39.0,99.0,718782.0,0.0
4968,1.0,1.5809973790763559e+19,22096510.0,38500.0,3.0,3.0,65822.0,29.0,1412.0,1662.0,10560379.0,1.0
4969,1.0,1.7208033333756155e+18,21317668.0,36522.0,2.0,2.0,124752.0,29.0,10509.0,6511.0,2031334.0,1.0
4970,1.0,1.1187182986136297e+18,3513883.0,24541.0,1.0,1.0,1558856.0,17133.0,45380.0,40861.0,0.0,1.0
4971,1.0,1.8224086249867991e+19,21389794.0,8493.0,2.0,2.0,348489.0,93179.0,245633.0,118676.0,3814249.0,1.0
4972,1.0,1.4531867648059392e+19,3831882.0,27486.0,1.0,1.0,1643.0,1007.0,3040.0,59.0,18441102.0,0.0
4973,1.0,1.4340390157469403e+19,21163921.0,23808.0,2.0,1.0,220642.0,63331.0,262396.0,39.0,11226750.0,0.0
4974,1.0,1.205787899908646e+19,20163152.0,27961.0,2.0,2.0,12597.0,14897.0,126350.0,28325.0,330557.0,1.0
4975,1.0,3.395726988969063e+18,21466659.0,37185.0,3.0,3.0,194451.0,303.0,7320.0,2962.0,7453493.0,0.0
4976,1.0,8.134264174510893e+18,10593096.0,1268.0,3.0,2.0,17520.0,809.0,830.0,638.0,5918550.0,1.0
4977,1.0,8.265651261671431e+18,20326404.0,16822.0,2.0,1.0,77784.0,2212.0,75812.0,74174.0,2795347.0,1.0
4978,1.0,9.991057275835721e+17,10863007.0,30428.0,3.0,1.0,8692.0,29171.0,75500.0,67140.0,78414.0,0.0
4979,2.0,2.324343277850217e+18,21853991.0,37773.0,2.0,2.0,62337.0,65996.0,1888086.0,1642459.0,0.0,0.0
4980,1.0,2.6928596198512824e+18,4212764.0,2051.0,3.0,3.0,102.0,30.0,163.0,56.0,10054784.0,0.0
4981,1.0,1.205787899908646e+19,20163623.0,27961.0,2.0,1.0,106162.0,8468.0,9171.0,10031.0,16802690.0,0.0
4982,3.0,3.823702657028056e+18,10764260.0,23649.0,2.0,2.0,64955.0,71857.0,297436.0,22681.0,397473.0,0.0
4983,1.0,1.7363854844105064e+19,20017073.0,23798.0,2.0,2.0,185.0,1435.0,4.0,8007.0,880567.0,0.0
4984,1.0,9.669673418649315e+18,20869183.0,34767.0,2.0,1.0,2505.0,28.0,189725.0,219363.0,149094.0,1.0
4985,6.0,1.3384857948156529e+18,20802241.0,33931.0,1.0,1.0,2366.0,14876.0,12188.0,33265.0,0.0,0.0
4986,1.0,1.4340390157469403e+19,9027215.0,23808.0,2.0,2.0,185.0,995.0,387.0,514.0,6862481.0,0.0
4987,8.0,1.4340390157469403e+19,9028198.0,23808.0,1.0,1.0,1536.0,4087.0,2578.0,2844.0,2162363.0,1.0
4988,1.0,1.0690898138793097e+19,5789339.0,23794.0,1.0,1.0,7889.0,12380.0,514.0,5128.0,3643804.0,1.0
4989,1.0,5.728541544103179e+18,20017902.0,30660.0,1.0,1.0,554878.0,396620.0,1592765.0,227448.0,1579423.0,0.0
4990,1.0,7.681274395285682e+18,21300070.0,36492.0,1.0,1.0,3381490.0,6847.0,188972.0,331703.0,496986.0,1.0
4991,1.0,1.4340390157469403e+19,9027426.0,23808.0,1.0,1.0,18601119.0,2656.0,1640.0,1896.0,19683051.0,1.0
4992,1.0,1.8108522136565864e+19,21187264.0,20551.0,2.0,2.0,858.0,358.0,275.0,475.0,7080867.0,0.0
4993,1.0,1.2951951759826553e+19,20929318.0,35006.0,2.0,2.0,360138.0,16648.0,57632.0,54036.0,0.0,0.0
4994,1.0,1.8060548833442497e+19,4325929.0,27517.0,2.0,1.0,36190.0,55079.0,196364.0,177725.0,12489.0,0.0
4995,1.0,1.4731315459154403e+19,2264093.0,16181.0,2.0,1.0,10508404.0,8564.0,8416.0,6808.0,1190041.0,1.0
4996,1.0,1.205787899908646e+19,20192652.0,27961.0,2.0,2.0,139457.0,6298.0,23768.0,45236.0,772947.0,0.0
4997,1.0,3.395401761107365e+18,4424902.0,28667.0,3.0,1.0,7580943.0,50825.0,61894.0,51337.0,3207433.0,1.0
4998,1.0,1.1450545721087097e+19,20553579.0,32925.0,1.0,1.0,1592.0,19989.0,77017.0,8279.0,3425833.0,1.0
4999,1.0,1.4340390157469403e+19,9027211.0,23808.0,1.0,1.0,4935602.0,1459.0,203.0,302.0,724825.0,1.0
5000,1.0,6.877516134389988e+18,20075449.0,2332.0,2.0,1.0,2450.0,1284.0,658.0,858.0,14642117.0,0.0
5001,1.0,7.52582380881562e+18,20790093.0,33955.0,3.0,3.0,48214.0,1643.0,438321.0,427310.0,3555.0,0.0
5002,1.0,1.3316154212185414e+19,20130306.0,32401.0,3.0,1.0,517666.0,5128.0,80102.0,135722.0,0.0,0.0
5003,1.0,1.2485598954401746e+18,21334711.0,36643.0,2.0,2.0,372.0,29.0,21091.0,5106.0,15347468.0,1.0
5004,1.0,2.4830326499992607e+18,21111039.0,1870.0,3.0,1.0,384611.0,519731.0,2638531.0,2069467.0,2543702.0,1.0
5005,1.0,2.733857070874651e+18,4326287.0,16640.0,1.0,1.0,18210223.0,11659.0,11740.0,12664.0,0.0,0.0
5006,1.0,1.4756578758696272e+19,21547202.0,3625.0,2.0,1.0,110432.0,565329.0,1476771.0,1168745.0,2938717.0,0.0
5007,2.0,3.6026075286546156e+18,21469678.0,37089.0,2.0,2.0,5186719.0,6382.0,10736.0,10743.0,1020093.0,0.0
5008,4.0,7.675856187366249e+18,20608350.0,33881.0,2.0,2.0,1195.0,3553.0,13303.0,35703.0,399217.0,1.0
5009,1.0,6.702898887727958e+18,21264446.0,2149.0,2.0,2.0,103341.0,69931.0,594111.0,190004.0,622614.0,1.0
5010,1.0,3.5935495438762004e+18,21872972.0,37867.0,2.0,2.0,61461.0,19649.0,217278.0,183153.0,16616.0,0.0
5011,1.0,1.205787899908646e+19,20203709.0,27961.0,1.0,1.0,67.0,158.0,83.0,109.0,530154.0,1.0
5012,1.0,1.2492052901112949e+19,4378305.0,2260.0,1.0,1.0,23595279.0,10639.0,9612.0,4004.0,8430602.0,0.0
5013,1.0,2.987457312022362e+18,1192713.0,2850.0,1.0,1.0,9841690.0,121.0,100.0,149.0,0.0,0.0
5014,1.0,1.1367467325380078e+19,22073042.0,38324.0,3.0,3.0,217.0,4389.0,18488.0,3734.0,95407.0,1.0
5015,1.0,1.4678227137801654e+19,10753171.0,30293.0,1.0,1.0,21754662.0,338.0,489.0,656.0,0.0,0.0
5016,1.0,1.0886090726356115e+19,20603752.0,2220.0,1.0,1.0,21090507.0,925.0,13612.0,6548.0,0.0,0.0
5017,1.0,1.3090221289647714e+19,20174985.0,23795.0,1.0,1.0,31.0,135.0,3.0,7.0,1463574.0,1.0
5018,1.0,5.064785933530892e+18,5705043.0,5896.0,2.0,1.0,27950.0,10732.0,8487.0,27902.0,3561747.0,1.0
5019,1.0,1.491106071854762e+19,4200933.0,13723.0,3.0,1.0,2935.0,27112.0,59541.0,33812.0,629004.0,0.0
5020,1.0,4.2981186814246446e+18,21866029.0,385.0,1.0,1.0,15859391.0,57548.0,126280.0,109958.0,21058833.0,1.0
5021,1.0,1.4340390157469403e+19,4593485.0,23777.0,2.0,2.0,87069.0,6593.0,5079.0,5404.0,12407616.0,0.0
5022,2.0,1.205787899908646e+19,20157348.0,27961.0,2.0,2.0,9449469.0,153768.0,662603.0,4493.0,1359879.0,0.0
5023,1.0,9.991057275835721e+17,10870931.0,30428.0,2.0,1.0,7175.0,9918.0,20747.0,19943.0,12968301.0,0.0
5024,1.0,1.6949759439173958e+19,10405666.0,29900.0,2.0,1.0,3502.0,2807.0,101.0,134.0,10198654.0,1.0
5025,1.0,1.804011248540576e+19,20908196.0,35088.0,3.0,1.0,0.0,0.0,43.0,50.0,3353072.0,0.0
5026,1.0,2.6928596198512824e+18,4321470.0,2051.0,2.0,1.0,58.0,151.0,475.0,626.0,14658445.0,1.0
5027,1.0,1.7299638493773875e+18,9896533.0,23637.0,3.0,2.0,1910.0,42.0,5677.0,96.0,17297.0,0.0
5028,1.0,8.813902859733762e+18,20886690.0,34840.0,2.0,1.0,405.0,206.0,551.0,826.0,14563530.0,1.0
5029,7.0,1.0727841184882809e+19,21407576.0,36901.0,2.0,2.0,6154.0,9081.0,5594.0,5898.0,0.0,1.0
5030,1.0,8.759568168371337e+18,21794974.0,37118.0,1.0,1.0,131.0,6042.0,41499.0,18107.0,2339709.0,1.0
5031,1.0,8.197353597735047e+18,20816165.0,854.0,1.0,1.0,15148459.0,479207.0,1934583.0,829903.0,503181.0,1.0
5032,1.0,1.7248755108316783e+19,20320014.0,10040.0,1.0,1.0,22360.0,28050.0,91743.0,305253.0,0.0,0.0
5033,1.0,1.4340390157469403e+19,3208190.0,23777.0,1.0,1.0,26125267.0,3606.0,2496.0,2747.0,0.0,1.0
5034,1.0,6.306604626543082e+18,21016640.0,35424.0,2.0,2.0,317700.0,258.0,4773.0,6397.0,0.0,0.0
5035,2.0,1.277673072011498e+19,9092393.0,2569.0,2.0,2.0,21381.0,20090.0,390303.0,320012.0,556495.0,0.0
5036,1.0,1.3359361103803858e+18,20599521.0,33847.0,1.0,1.0,2695335.0,20155.0,1034.0,1144.0,0.0,1.0
5037,1.0,1.4758798219331756e+19,3562634.0,6097.0,3.0,1.0,425174.0,31293.0,112099.0,356.0,0.0,0.0
5038,1.0,1.205787899908646e+19,20180248.0,27961.0,1.0,1.0,2000762.0,7531.0,12742.0,13250.0,368191.0,1.0
5039,1.0,1.205787899908646e+19,20147157.0,27961.0,2.0,2.0,10642664.0,221.0,165.0,269.0,1295597.0,0.0
5040,1.0,1.4340390157469403e+19,6435307.0,23777.0,1.0,1.0,2.0,85.0,159.0,238.0,17468313.0,0.0
5041,1.0,1.4340390157469403e+19,20789159.0,23808.0,2.0,1.0,2384350.0,93701.0,209538.0,1084.0,0.0,1.0
5042,1.0,2.2352515257002307e+17,21193946.0,24072.0,3.0,1.0,36939.0,32684.0,879329.0,686873.0,0.0,0.0
5043,1.0,1.3606282814606795e+19,21834527.0,37772.0,3.0,1.0,8778.0,57283.0,730628.0,610080.0,0.0,0.0
5044,2.0,1.3149399300307503e+19,20914601.0,27163.0,1.0,1.0,983678.0,546766.0,2046273.0,1612184.0,1212979.0,1.0
5045,1.0,1.205787899908646e+19,20192676.0,27961.0,2.0,1.0,30.0,39.0,72.0,100.0,4995009.0,0.0
5046,1.0,8.363781040394014e+18,10959866.0,23806.0,3.0,1.0,60.0,253.0,37.0,46.0,104804.0,0.0
5047,1.0,1.3917507723835814e+18,4431658.0,18082.0,3.0,1.0,6853879.0,3096.0,10362.0,10381.0,0.0,0.0
5048,1.0,5.888277431783336e+18,7955156.0,6520.0,1.0,1.0,2250.0,867.0,1363.0,1653.0,18705644.0,1.0
5049,1.0,1.2923314349757278e+19,20053103.0,3576.0,3.0,3.0,1656617.0,213.0,26011.0,24583.0,3197723.0,0.0
5050,1.0,1.205787899908646e+19,20192652.0,27961.0,1.0,1.0,17587069.0,739.0,1042.0,1370.0,15203664.0,1.0
5051,3.0,1.205787899908646e+19,20163203.0,27961.0,1.0,1.0,465338.0,27422.0,26172.0,27034.0,380699.0,0.0
5052,2.0,6.791565021519463e+18,21920339.0,37956.0,3.0,1.0,811083.0,93.0,93.0,171.0,0.0,1.0
5053,1.0,2.1671811515735895e+18,21188909.0,27847.0,2.0,1.0,143565.0,93616.0,237092.0,270628.0,14783804.0,0.0
5054,1.0,1.5859647530187389e+19,4285952.0,23778.0,1.0,1.0,50.0,66.0,19.0,66.0,11684562.0,1.0
5055,32.0,5.260594170071819e+16,3048011.0,23782.0,1.0,1.0,68540.0,747.0,698.0,1218.0,0.0,1.0
5056,1.0,1.7849368900057991e+19,4414245.0,25595.0,1.0,1.0,3002147.0,2199.0,1586.0,1854.0,0.0,0.0
5057,1.0,6.414307266338366e+18,21248429.0,35668.0,2.0,1.0,137.0,10.0,368.0,496.0,16828739.0,1.0
5058,1.0,2.1115975172883315e+18,21167205.0,35100.0,2.0,1.0,11012828.0,618.0,961.0,1171.0,613313.0,0.0
5059,1.0,2.6324745323411927e+18,21435753.0,36972.0,2.0,2.0,14636675.0,28511.0,854704.0,684515.0,0.0,1.0
5060,1.0,6.324020793843805e+18,20711339.0,27500.0,3.0,1.0,103286.0,1154.0,2214.0,5581.0,0.0,0.0
5061,1.0,2.670952723278905e+18,20172874.0,23805.0,1.0,1.0,20705.0,114.0,134.0,16.0,14115273.0,1.0
5062,11.0,4.9132644253992666e+17,20919267.0,35109.0,2.0,2.0,8422.0,13539.0,27054.0,25569.0,0.0,1.0
5063,1.0,1.3616247906704456e+19,20881053.0,21102.0,2.0,2.0,186101.0,42170.0,364226.0,327721.0,0.0,0.0
5064,1.0,1.4531867648059392e+19,4528410.0,27486.0,3.0,1.0,494.0,1143.0,2985.0,387.0,10152332.0,1.0
5065,1.0,1.0726002060893145e+19,20036551.0,23800.0,2.0,1.0,9.0,43.0,396.0,663.0,2816203.0,1.0
5066,2.0,1.205787899908646e+19,20183697.0,27961.0,1.0,1.0,139205.0,47382.0,66044.0,66796.0,868907.0,0.0
5067,1.0,1.130902570404585e+19,22002402.0,38263.0,3.0,2.0,3.0,17.0,149.0,98.0,3797544.0,0.0
5068,1.0,1.4805622277705658e+19,22139831.0,38581.0,3.0,2.0,491227.0,13728.0,236245.0,198156.0,832800.0,0.0
5069,1.0,2.594274942001667e+18,21191665.0,35833.0,2.0,2.0,29762.0,36389.0,447240.0,894.0,128316.0,0.0
5070,1.0,1.205787899908646e+19,20163508.0,27961.0,1.0,1.0,1792.0,269.0,319.0,492.0,15634482.0,0.0
5071,1.0,1.3416878294870458e+19,3066490.0,23786.0,1.0,1.0,3092.0,314.0,207.0,115.0,369836.0,1.0
5072,5.0,1.4340390157469403e+19,21163921.0,23808.0,2.0,1.0,70604.0,26946.0,85318.0,39.0,0.0,1.0
5073,1.0,1.4340390157469403e+19,6435307.0,23777.0,1.0,1.0,2.0,85.0,159.0,238.0,11663500.0,0.0
5074,28.0,1.3756257544627677e+19,9262581.0,24354.0,3.0,1.0,18395.0,30552.0,6499.0,4586.0,0.0,1.0
5075,1.0,1.3831795664295342e+19,21328248.0,2437.0,2.0,2.0,1832219.0,1506.0,45704.0,7909.0,16503.0,0.0
5076,3.0,8.99455707050858e+18,20030150.0,23799.0,2.0,2.0,5.0,1.0,15.0,19.0,431804.0,0.0
5077,1.0,1.4340390157469403e+19,3058688.0,23777.0,3.0,2.0,2968.0,7741.0,5558.0,5862.0,1986417.0,1.0
5078,1.0,3.9389783431856097e+18,21245714.0,20789.0,2.0,1.0,11071088.0,73209.0,173320.0,93627.0,0.0,0.0
5079,1.0,1.4340390157469403e+19,21163925.0,23808.0,3.0,2.0,480522.0,31.0,1000.0,120.0,0.0,1.0
5080,1.0,1.1243521181800204e+19,21021732.0,35398.0,3.0,1.0,582.0,3932.0,423.0,46796.0,714846.0,1.0
5081,1.0,8.35871251899795e+18,10391026.0,29119.0,2.0,2.0,48.0,249.0,46014.0,45408.0,13735740.0,1.0
5082,1.0,1.113395222162863e+19,20210964.0,30709.0,2.0,2.0,1122.0,569.0,1634.0,2217.0,14792049.0,0.0
5083,1.0,5.260594170071819e+16,3048011.0,23782.0,1.0,1.0,19876573.0,1068.0,695.0,1002.0,4606188.0,1.0
5084,2.0,1.185504547330924e+19,4376351.0,19923.0,2.0,2.0,3626138.0,6469.0,97555.0,86630.0,0.0,1.0
5085,1.0,2.565631318136778e+18,22113672.0,38594.0,3.0,3.0,6899251.0,101248.0,573213.0,15450.0,134333.0,1.0
5086,1.0,8.335105002517451e+18,20582549.0,33524.0,2.0,1.0,4.0,56.0,51.0,200.0,10384848.0,1.0
5087,1.0,2.575759190818998e+18,21381525.0,36519.0,2.0,1.0,787.0,24417.0,33238.0,30928.0,27211.0,0.0
5088,1.0,1.358151347341538e+19,21219979.0,35734.0,2.0,1.0,532619.0,470.0,2053.0,9841.0,584167.0,0.0
5089,2.0,1.205787899908646e+19,20157119.0,27961.0,1.0,1.0,298302.0,19528.0,142148.0,142708.0,0.0,1.0
5090,1.0,1.680852893886352e+19,10715070.0,14588.0,2.0,1.0,66662.0,283688.0,3770994.0,89301.0,26504.0,1.0
5091,1.0,1.4756578758696272e+19,20718400.0,3625.0,2.0,1.0,998.0,13827.0,34062.0,22125.0,75202.0,1.0
5092,1.0,6.841270184615076e+18,20897066.0,29785.0,2.0,2.0,986733.0,3380.0,313385.0,258099.0,55056.0,0.0
5093,1.0,2.0021430589649848e+18,20607306.0,24124.0,1.0,1.0,25935608.0,327.0,1708.0,1970.0,0.0,0.0
5094,1.0,2.0021430589649848e+18,20607467.0,24124.0,2.0,1.0,11820525.0,34587.0,61149.0,714177.0,2606877.0,1.0
5095,1.0,1.205787899908646e+19,20180670.0,27961.0,3.0,3.0,1425.0,1554.0,5841.0,6169.0,442706.0,1.0
5096,1.0,1.2871563470264744e+19,21320290.0,35831.0,1.0,1.0,33.0,78.0,229.0,327.0,16963312.0,1.0
5097,1.0,1.4779372599199648e+19,20601278.0,2494.0,2.0,1.0,7700.0,19001.0,29339.0,260.0,12356572.0,0.0
5098,4.0,8.802768287123155e+18,20871586.0,34758.0,2.0,2.0,322.0,18.0,42.0,47.0,1743391.0,0.0
5099,1.0,5.468727571223081e+18,20004387.0,1381.0,2.0,1.0,160304.0,56035.0,440142.0,365335.0,12141.0,1.0
5100,1.0,1.5145480155589095e+19,20889026.0,23807.0,2.0,1.0,2.0,11.0,5.0,11.0,335224.0,0.0
5101,2.0,6.17766441065817e+18,1590633.0,11212.0,2.0,2.0,664045.0,287475.0,1623235.0,1282775.0,632685.0,1.0
5102,1.0,7.063154296769774e+18,20418739.0,33500.0,3.0,1.0,17189.0,18947.0,267216.0,541.0,6028158.0,1.0
5103,1.0,5.07990106805139e+18,4320097.0,25928.0,2.0,2.0,155136.0,14578.0,26408.0,24953.0,0.0,0.0
5104,1.0,1.4340390157469403e+19,9027552.0,23808.0,1.0,1.0,71194.0,1430.0,14.0,18.0,2754480.0,1.0
5105,1.0,6.403347236105971e+18,20374842.0,23647.0,2.0,2.0,13999670.0,15038.0,442354.0,377712.0,0.0,1.0
5106,1.0,1.0347602935615345e+19,21112751.0,35545.0,2.0,1.0,127417.0,141493.0,526013.0,477930.0,2299631.0,1.0
5107,1.0,4.203081172173604e+18,21329108.0,28647.0,2.0,1.0,178750.0,30703.0,56027.0,50674.0,206323.0,1.0
5108,1.0,7.321782321107942e+18,20568676.0,29540.0,2.0,2.0,1409.0,37398.0,46981.0,43047.0,5431830.0,1.0
5109,1.0,6.324020793843805e+18,20711332.0,27500.0,2.0,1.0,670802.0,118401.0,352827.0,295192.0,0.0,0.0
5110,1.0,1.4340390157469403e+19,4873425.0,23777.0,2.0,1.0,7039.0,5559.0,13043.0,12862.0,2303475.0,1.0
5111,1.0,5.468727571223081e+18,20001249.0,1381.0,3.0,2.0,1099.0,176.0,193.0,283.0,683746.0,0.0
5112,1.0,7.251627201518253e+18,20665339.0,2011.0,2.0,1.0,39923.0,2468.0,3846.0,135.0,292693.0,0.0
5113,1.0,1.2440971204951276e+19,21317620.0,36521.0,2.0,2.0,514.0,1135.0,12443.0,12309.0,11747113.0,1.0
5114,1.0,1.5989049276530887e+19,20313466.0,23828.0,2.0,1.0,12932.0,15905.0,157818.0,140.0,35818.0,1.0
5115,1.0,7.903914528320191e+18,20623354.0,2012.0,1.0,1.0,251951.0,1676.0,1466.0,310.0,13267715.0,1.0
5116,1.0,6.715049002232656e+18,3065545.0,23783.0,1.0,1.0,8870.0,60.0,54.0,78.0,23384438.0,1.0
5117,1.0,7.903914528320191e+18,21162434.0,1325.0,2.0,1.0,3575.0,11687.0,33860.0,34161.0,6452846.0,1.0
5118,1.0,2.6928596198512824e+18,4341133.0,2051.0,2.0,2.0,485.0,2329.0,3577.0,3882.0,2103360.0,1.0
5119,1.0,2.039620248402007e+18,22118810.0,34292.0,3.0,1.0,7368116.0,89.0,924.0,1098.0,0.0,1.0
5120,1.0,5.103335732153791e+18,10405659.0,29900.0,3.0,1.0,577987.0,42.0,23.0,26.0,377751.0,1.0
5121,1.0,2.6928596198512824e+18,21751255.0,2051.0,2.0,1.0,309250.0,257514.0,603898.0,488439.0,4321939.0,1.0
5122,1.0,1.650925870706283e+19,20919306.0,10571.0,3.0,1.0,129708.0,74824.0,206342.0,157909.0,1323883.0,0.0
5123,4.0,6.601746059193693e+18,1758456.0,14428.0,3.0,2.0,1376700.0,6799.0,5934.0,239.0,0.0,0.0
5124,1.0,1.5167927993406933e+19,20207924.0,756.0,2.0,1.0,1675.0,5075.0,54096.0,295.0,3188154.0,1.0
5125,1.0,1.4140300435418186e+18,20203917.0,1502.0,2.0,1.0,57104.0,57479.0,130261.0,129115.0,5646227.0,1.0
5126,1.0,7.903914528320191e+18,21162419.0,1325.0,2.0,1.0,5615.0,15511.0,47990.0,49276.0,13881700.0,0.0
5127,1.0,1.1843126316824537e+19,20125934.0,32580.0,1.0,1.0,18006634.0,5059.0,120031.0,88785.0,1363757.0,0.0
5128,1.0,8.870302003937804e+18,21313580.0,36435.0,3.0,1.0,197464.0,8846.0,187669.0,159471.0,186111.0,1.0
5129,1.0,5.209663382779159e+17,21697247.0,37547.0,2.0,1.0,2493.0,13527.0,611597.0,18972.0,0.0,1.0
5130,1.0,6.634506390073733e+18,20366265.0,5285.0,3.0,1.0,85315.0,1057.0,76801.0,5420.0,0.0,1.0
5131,1.0,1.205787899908646e+19,20163115.0,27961.0,1.0,1.0,14473812.0,52461.0,93242.0,90332.0,0.0,0.0
5132,1.0,3.5873902269220603e+18,21115645.0,23279.0,1.0,1.0,16415241.0,42620.0,154343.0,121873.0,11943506.0,0.0
5133,1.0,1.4340390157469403e+19,9027427.0,23808.0,1.0,1.0,13085.0,6148.0,4079.0,4423.0,7037560.0,1.0
5134,1.0,2.1270272670984684e+18,20928952.0,35065.0,2.0,2.0,4054174.0,2753.0,25576.0,7832.0,0.0,0.0
5135,1.0,1.2089732170889036e+19,20647806.0,4218.0,2.0,1.0,3873175.0,23704.0,1075.0,1576.0,1418412.0,0.0
5136,1.0,1.2360962697932747e+19,21313917.0,36488.0,2.0,2.0,4850797.0,129119.0,238826.0,23569.0,56191.0,1.0
5137,1.0,1.7796600712134664e+19,1168669.0,2827.0,3.0,2.0,2199115.0,80.0,3230.0,3611.0,11912.0,0.0
5138,1.0,1.3397326599342717e+19,21374926.0,35798.0,2.0,1.0,1591488.0,623885.0,2275111.0,1788109.0,0.0,1.0
5139,1.0,1.4340390157469403e+19,2910644.0,23777.0,1.0,1.0,181.0,1833.0,1370.0,1607.0,11645500.0,0.0
5140,1.0,2.2917676658146214e+18,21103892.0,24376.0,2.0,1.0,8.0,88.0,206.0,291.0,1809193.0,1.0
5141,2.0,1.4340390157469403e+19,3126834.0,23777.0,3.0,2.0,221093.0,14672.0,23571.0,22401.0,0.0,0.0
5142,1.0,1.7248707066841965e+19,21930178.0,38051.0,2.0,2.0,2159618.0,318.0,4723.0,7448.0,2270153.0,1.0
5143,1.0,8.134264174510893e+18,10593106.0,1268.0,2.0,1.0,170690.0,1411.0,1175.0,2.0,1432112.0,1.0
5144,2.0,5.211660606982166e+18,21878730.0,37600.0,3.0,3.0,500593.0,15457.0,100528.0,18842.0,1838245.0,0.0
5145,1.0,2.6928596198512824e+18,4212764.0,2051.0,3.0,2.0,2076.0,30.0,163.0,56.0,596023.0,1.0
5146,1.0,1.203306359509442e+19,20870184.0,34674.0,3.0,2.0,6275872.0,4442.0,23260.0,27903.0,1340610.0,1.0
5147,1.0,7.402391970444945e+18,20594866.0,854.0,1.0,1.0,10908.0,15454.0,25827.0,476.0,18649.0,1.0
5148,1.0,4.2981186814246446e+18,3706008.0,385.0,2.0,2.0,395.0,7597.0,5432.0,5729.0,13168343.0,1.0
5149,1.0,1.327670465581365e+19,20052417.0,88.0,2.0,1.0,14280214.0,7033.0,48047.0,41302.0,0.0,0.0
5150,1.0,6.071356180946373e+18,20882583.0,32124.0,2.0,1.0,22976.0,51677.0,66747.0,121543.0,377018.0,0.0
5151,1.0,9.740463035797752e+18,21423590.0,11536.0,3.0,3.0,65.0,524.0,834.0,1031.0,3007765.0,1.0
5152,1.0,4.696782904677008e+18,3179059.0,23790.0,3.0,3.0,28.0,155.0,32.0,54.0,414965.0,0.0
5153,1.0,1.5055522776556423e+19,20967415.0,35253.0,3.0,1.0,58764.0,48848.0,1128.0,1322.0,0.0,0.0
5154,1.0,7.239843907612891e+18,10401240.0,28968.0,2.0,1.0,7673.0,18417.0,16315.0,15857.0,2958978.0,0.0
5155,1.0,1.3756257544627677e+19,8350705.0,24035.0,1.0,1.0,212.0,594.0,6317.0,6434.0,10676678.0,1.0
5156,1.0,1.7962103236755943e+19,4323440.0,12248.0,2.0,2.0,12164.0,808.0,1323.0,1540.0,12702443.0,0.0
5157,1.0,1.4340390157469403e+19,4487741.0,23777.0,2.0,2.0,1464709.0,537.0,2013.0,18244.0,0.0,1.0
5158,1.0,1.0785497142245186e+19,20812968.0,34517.0,2.0,1.0,6297.0,3683.0,9502.0,1410.0,694009.0,1.0
5159,1.0,5.984440426654143e+18,20800494.0,3713.0,3.0,1.0,297620.0,19068.0,27202.0,27293.0,0.0,0.0
5160,1.0,1.5434863826606645e+19,21272631.0,16097.0,3.0,2.0,7782946.0,579.0,21771.0,23727.0,0.0,0.0
5161,1.0,9.390444283884915e+18,7679663.0,10655.0,2.0,1.0,679909.0,230600.0,1127930.0,913848.0,0.0,1.0
5162,1.0,5.07990106805139e+18,7615863.0,25928.0,2.0,2.0,14933332.0,94931.0,160883.0,159712.0,1163011.0,0.0
5163,1.0,4.006403344526142e+18,21362249.0,36760.0,3.0,1.0,11940.0,8857.0,408515.0,486.0,388206.0,0.0
5164,1.0,6.008779576627511e+18,20919267.0,35109.0,1.0,1.0,28302.0,16793.0,41248.0,42208.0,21516989.0,0.0
5165,2.0,1.4340390157469403e+19,9027213.0,23808.0,1.0,1.0,1.0,1.0,0.0,0.0,3052024.0,1.0
5166,1.0,2.4347563200652785e+18,20035837.0,29273.0,3.0,1.0,162.0,412.0,135.0,188.0,1535462.0,0.0
5167,1.0,2.0021430589649848e+18,20898033.0,24124.0,3.0,1.0,1237.0,144.0,91.0,122.0,3898652.0,0.0
5168,1.0,1.6220265282120905e+19,10401481.0,29423.0,2.0,1.0,1944.0,3739.0,8782.0,1830.0,16405326.0,0.0
5169,1.0,1.0245113888481139e+19,21134376.0,33296.0,3.0,1.0,65.0,119.0,1330.0,1551.0,36350.0,0.0
5170,1.0,1.205787899908646e+19,20147157.0,27961.0,2.0,2.0,820168.0,221.0,165.0,269.0,1555312.0,0.0
5171,2.0,2.6928596198512824e+18,4212764.0,2051.0,2.0,1.0,13841.0,290.0,278.0,56.0,1473317.0,0.0
5172,1.0,1.6458916817525932e+19,8929470.0,4947.0,3.0,1.0,7218.0,8243.0,32231.0,14697.0,395951.0,1.0
5173,2.0,6.12742507936913e+18,20302969.0,19686.0,2.0,2.0,182.0,3191.0,42896.0,39541.0,5644656.0,0.0
5174,1.0,8.351001617032297e+17,3854248.0,11494.0,2.0,2.0,14658071.0,7353.0,50870.0,50822.0,6258472.0,0.0
5175,1.0,2.4127717961104635e+18,20067139.0,23781.0,1.0,1.0,23087224.0,236.0,8.0,1.0,4189039.0,0.0
5176,1.0,1.5989049276530887e+19,20315067.0,23824.0,2.0,1.0,26134.0,48774.0,152405.0,31.0,7913305.0,1.0
5177,1.0,9.209885274217334e+18,21340751.0,36573.0,2.0,1.0,39901.0,20665.0,4035.0,1284.0,922850.0,1.0
5178,1.0,6.765610184746769e+18,21244028.0,36239.0,2.0,1.0,91156.0,49900.0,56320.0,50855.0,3441397.0,1.0
5179,1.0,5.1635773937585e+18,2827976.0,7385.0,2.0,1.0,13923.0,4839.0,165395.0,901709.0,0.0,1.0
5180,1.0,8.335105002517451e+18,20582549.0,33524.0,1.0,1.0,4.0,56.0,51.0,129.0,8180610.0,0.0
5181,1.0,6.863635524611464e+18,7249890.0,13165.0,3.0,3.0,1044942.0,8190.0,3147222.0,2461871.0,0.0,0.0
5182,1.0,1.4340390157469403e+19,6435134.0,23777.0,2.0,2.0,10391045.0,2430.0,4353.0,4709.0,0.0,0.0
5183,2.0,1.5989049276530887e+19,20349356.0,23828.0,2.0,1.0,9941.0,46139.0,50908.0,2521.0,2861636.0,1.0
5184,1.0,1.4340390157469403e+19,10110402.0,23808.0,2.0,1.0,8052817.0,35.0,609.0,10.0,158586.0,0.0
5185,1.0,4.492185564121211e+18,21386273.0,36828.0,2.0,1.0,335282.0,1697.0,9416.0,44810.0,3542285.0,1.0
5186,1.0,1.8101028571928648e+19,20178226.0,1247.0,2.0,1.0,13839.0,5029.0,523190.0,621380.0,0.0,0.0
5187,1.0,1.0156061311929823e+19,21375064.0,23778.0,1.0,1.0,18198.0,1992.0,8426.0,8577.0,19732160.0,0.0
5188,1.0,1.205787899908646e+19,20192676.0,27961.0,1.0,1.0,13275.0,39.0,72.0,100.0,5183076.0,1.0
5189,1.0,1.3683376947755565e+19,20027916.0,6969.0,3.0,3.0,2732788.0,26923.0,481786.0,391806.0,0.0,0.0
5190,1.0,5.410547229158581e+18,6457209.0,24173.0,1.0,1.0,116372.0,373.0,77.0,102.0,17745625.0,0.0
5191,1.0,9.252095893521328e+18,21205099.0,35809.0,2.0,1.0,4237645.0,462127.0,1557008.0,1413572.0,0.0,1.0
5192,1.0,1.4340390157469403e+19,3110597.0,23777.0,2.0,1.0,2439.0,330.0,154.0,226.0,12844767.0,1.0
5193,1.0,2.061296188583326e+18,2030895.0,387.0,3.0,1.0,62741.0,9359.0,7026.0,851.0,3706398.0,1.0
5194,1.0,1.3557133018779933e+19,20706014.0,34246.0,2.0,1.0,1.0,3.0,142.0,71.0,13667090.0,1.0
5195,1.0,1.4340390157469403e+19,21163927.0,23808.0,2.0,1.0,824918.0,850.0,1409.0,136.0,3946307.0,1.0
5196,1.0,7.089153070618363e+17,20561375.0,21500.0,2.0,1.0,1117.0,1996.0,6533.0,6759.0,11747752.0,1.0
5197,1.0,1.205787899908646e+19,20163161.0,27961.0,3.0,1.0,3089082.0,4945.0,6280.0,7402.0,175353.0,1.0
5198,1.0,3.2847602447996047e+18,20758091.0,34535.0,2.0,2.0,70441.0,10445.0,432058.0,67718.0,14879219.0,0.0
5199,1.0,1.158944329634103e+19,4603437.0,14550.0,2.0,2.0,5826.0,130425.0,829028.0,665139.0,985634.0,1.0
5200,1.0,1.4340390157469403e+19,20643973.0,23808.0,2.0,2.0,46929.0,96467.0,2948.0,2917.0,831549.0,1.0
5201,1.0,5.589649412465737e+18,21460396.0,35035.0,2.0,2.0,87.0,113.0,4846.0,232.0,2094021.0,0.0
5202,1.0,1.0726002060893145e+19,20036558.0,23800.0,2.0,1.0,98.0,49.0,44.0,75.0,3520065.0,1.0
5203,1.0,1.579506910872245e+19,21113979.0,35629.0,2.0,1.0,37527.0,15332.0,62637.0,62742.0,2298306.0,0.0
5204,2.0,1.205787899908646e+19,20192656.0,27961.0,1.0,1.0,1039862.0,74702.0,183721.0,181029.0,499841.0,1.0
5205,2.0,9.894105313757207e+18,8545479.0,24360.0,3.0,2.0,1962580.0,58500.0,95825.0,4217.0,0.0,0.0
5206,1.0,6.095780829628938e+18,21233578.0,36260.0,2.0,1.0,141437.0,94336.0,1060372.0,933614.0,1727082.0,1.0
5207,1.0,1.4340390157469403e+19,6434934.0,23777.0,1.0,1.0,818.0,14.0,10.0,17.0,17111608.0,0.0
5208,1.0,1.0577853563526506e+19,1348785.0,150.0,2.0,1.0,8619.0,20108.0,1114.0,15319.0,4678243.0,1.0
5209,1.0,6.263749423537724e+18,21520523.0,36720.0,1.0,1.0,33728.0,1994.0,2968.0,1534.0,12937581.0,0.0
5210,1.0,4.1286333491424783e+18,20975187.0,35306.0,1.0,1.0,12.0,1039.0,1072.0,1541.0,20024071.0,0.0
5211,1.0,1.1664224860161087e+19,20464484.0,33640.0,2.0,2.0,149.0,89.0,24796.0,10747.0,4889222.0,0.0
5212,1.0,1.4340390157469403e+19,3111401.0,23777.0,1.0,1.0,7477388.0,3521.0,2291.0,2529.0,3502056.0,0.0
5213,1.0,7.903914528320191e+18,21372405.0,2010.0,2.0,1.0,268.0,2713.0,3892.0,70.0,5285526.0,1.0
5214,1.0,5.410547229158581e+18,6456925.0,24173.0,1.0,1.0,8968.0,18405.0,77.0,102.0,425595.0,0.0
5215,2.0,1.4340390157469403e+19,21360099.0,23777.0,2.0,1.0,101919.0,1647.0,482.0,429.0,3300341.0,0.0
5216,1.0,1.4340390157469403e+19,9027314.0,23808.0,3.0,1.0,34.0,6.0,70.0,89.0,483214.0,1.0
5217,1.0,1.6755379536403536e+19,20141512.0,11152.0,3.0,2.0,6089904.0,312203.0,1499020.0,16429.0,0.0,1.0
5218,1.0,2.7980946068339952e+17,20360733.0,33148.0,1.0,1.0,48837.0,250157.0,743273.0,848137.0,2694202.0,1.0
5219,1.0,9.949727202638932e+18,21365541.0,36770.0,2.0,2.0,4670.0,29.0,7631.0,2588.0,972611.0,0.0
5220,1.0,6.324020793843805e+18,20711342.0,27500.0,3.0,1.0,4.0,33.0,417.0,262.0,7681235.0,0.0
5221,10.0,1.633552369382639e+19,4332655.0,17292.0,2.0,2.0,7201.0,4523.0,394054.0,322887.0,0.0,1.0
5222,2.0,8.848021695083077e+18,20035409.0,2387.0,2.0,1.0,168.0,549.0,3416.0,2941.0,1654641.0,1.0
5223,3.0,1.205787899908646e+19,20192990.0,27961.0,1.0,1.0,608.0,1385.0,7247.0,8036.0,13023365.0,0.0
5224,1.0,7.810615956856091e+18,4407466.0,26802.0,1.0,1.0,17764467.0,502734.0,1621909.0,396186.0,3147368.0,0.0
5225,1.0,1.4179404876427506e+19,4228684.0,27644.0,1.0,1.0,17873388.0,1434.0,25712.0,26686.0,0.0,1.0
5226,1.0,2.385431732375965e+18,7216215.0,1367.0,2.0,2.0,13550171.0,3779.0,8020.0,6159.0,0.0,0.0
5227,2.0,5.468727571223081e+18,20001249.0,1381.0,3.0,3.0,3589.0,95.0,193.0,283.0,128644.0,0.0
5228,3.0,9.220078877411736e+18,20427186.0,5030.0,3.0,1.0,18950.0,118043.0,15542.0,15147.0,0.0,1.0
5229,1.0,1.3416878294870458e+19,3066490.0,23786.0,1.0,1.0,6923.0,375.0,246.0,115.0,17592716.0,1.0
5230,1.0,1.205787899908646e+19,20192654.0,27961.0,1.0,1.0,25504804.0,8106.0,20804.0,40111.0,11566115.0,0.0
5231,1.0,1.6689374305059609e+19,20203330.0,5058.0,1.0,1.0,486.0,1431.0,757.0,954.0,3471342.0,0.0
5232,1.0,1.4340390157469403e+19,20643970.0,23808.0,2.0,1.0,38.0,20.0,9.0,9.0,84537.0,1.0
5233,1.0,1.4756578758696272e+19,21260536.0,3625.0,2.0,2.0,63437.0,353978.0,11051.0,4050.0,0.0,0.0
5234,1.0,8.978419462781355e+18,21194910.0,35042.0,3.0,2.0,6456.0,939.0,11907.0,19848.0,3875400.0,0.0
5235,3.0,1.5989049276530887e+19,20314830.0,23830.0,2.0,1.0,206712.0,209253.0,1163778.0,222.0,2350204.0,1.0
5236,1.0,1.1624066761054958e+19,3373986.0,5962.0,3.0,3.0,1958.0,2697.0,171.0,217.0,2051232.0,1.0
5237,1.0,1.4340390157469403e+19,9027213.0,23808.0,1.0,1.0,18.0,1.0,0.0,0.0,3366373.0,1.0
5238,1.0,4.517396212946768e+18,3832373.0,23793.0,1.0,1.0,14202897.0,1045.0,59.0,130.0,3387134.0,0.0
5239,1.0,1.205787899908646e+19,20163145.0,27961.0,3.0,2.0,5203551.0,2136.0,15736.0,11538.0,0.0,0.0
5240,3.0,1.1274636798287909e+19,20612664.0,23808.0,1.0,1.0,210020.0,19512.0,35394.0,8739.0,2069990.0,1.0
5241,77.0,1.802732184055217e+19,21963786.0,38202.0,2.0,2.0,149.0,16173.0,32852.0,33484.0,0.0,1.0
5242,1.0,2.352816826109845e+18,10362063.0,28873.0,2.0,1.0,3260.0,38.0,1150.0,1129.0,11963645.0,1.0
5243,2.0,1.4340390157469403e+19,3126882.0,23777.0,1.0,1.0,228191.0,1274.0,1659.0,1915.0,0.0,1.0
5244,3.0,1.27693939348108e+18,20508487.0,33630.0,2.0,1.0,25483.0,67184.0,146674.0,240331.0,2165797.0,1.0
5245,6.0,8.99455707050858e+18,20030165.0,23799.0,1.0,1.0,28.0,28.0,41.0,52.0,794654.0,0.0
5246,1.0,7.214092852304567e+17,20076839.0,28622.0,1.0,1.0,21618.0,21399.0,19943.0,27776.0,14132381.0,1.0
5247,1.0,1.3795219518596815e+19,20881759.0,7411.0,3.0,3.0,3099649.0,144.0,16361.0,15906.0,2279662.0,0.0
5248,1.0,3.752218522896965e+17,21862067.0,37842.0,2.0,2.0,1315.0,22909.0,22845.0,21778.0,119463.0,0.0
5249,1.0,1.0664591050012752e+19,20620168.0,30128.0,3.0,1.0,13611.0,3424.0,8572.0,11468.0,1287929.0,0.0
5250,1.0,5.468727571223081e+18,20001254.0,1381.0,2.0,1.0,14015081.0,13686.0,55321.0,53736.0,1549332.0,1.0
5251,1.0,1.5989049276530887e+19,20313578.0,23828.0,2.0,1.0,2524.0,18509.0,16003.0,140.0,14970206.0,1.0
5252,1.0,9.75107224858461e+18,10939146.0,29713.0,2.0,2.0,4389160.0,254.0,210.0,311.0,468555.0,0.0
5253,1.0,1.0556499707941431e+19,20919389.0,35006.0,2.0,1.0,30413.0,15198.0,278360.0,234052.0,522567.0,0.0
5254,1.0,1.205787899908646e+19,20174778.0,27961.0,1.0,1.0,6265.0,9773.0,15851.0,15499.0,21928359.0,1.0
5255,1.0,1.205787899908646e+19,20183696.0,27961.0,2.0,1.0,1060214.0,6399.0,10969.0,12495.0,876791.0,1.0
5256,1.0,1.0981755291997231e+19,4410203.0,2617.0,2.0,1.0,4360414.0,246.0,10748.0,9451.0,2557740.0,1.0
5257,2.0,5.851252814446936e+18,21477668.0,28698.0,2.0,2.0,2485.0,7388.0,1025.0,437.0,401715.0,1.0
5258,1.0,7.903914528320191e+18,21162343.0,1325.0,2.0,1.0,281936.0,187544.0,531418.0,511661.0,0.0,1.0
5259,1.0,1.034946865176566e+19,21522776.0,37422.0,3.0,1.0,0.0,0.0,12.0,4.0,10182010.0,0.0
5260,1.0,1.1121833691387079e+19,21156726.0,23807.0,1.0,1.0,3091259.0,852.0,4524.0,8.0,0.0,0.0
5261,1.0,9.960178603418085e+18,10649716.0,29475.0,1.0,1.0,2562.0,203.0,219.0,686.0,11258036.0,0.0
5262,1.0,2.1115975172883315e+18,21167203.0,35100.0,3.0,3.0,7953063.0,402.0,7665.0,7844.0,218353.0,0.0
5263,1.0,1.4865530536002556e+19,21460622.0,37080.0,1.0,1.0,167915.0,120891.0,415001.0,538862.0,0.0,1.0
5264,1.0,7.441172720328995e+18,22141878.0,38475.0,2.0,1.0,80762.0,286.0,263.0,343.0,10898741.0,0.0
5265,1.0,1.748941537782189e+19,4423472.0,18509.0,2.0,1.0,42236.0,27781.0,79007.0,30876.0,627392.0,1.0
5266,1.0,7.973994351429679e+18,20969733.0,35351.0,2.0,1.0,17.0,12.0,575.0,755.0,14076567.0,1.0
5267,2.0,9.904543645510777e+18,4253410.0,26608.0,1.0,1.0,131929.0,88453.0,211602.0,187675.0,0.0,1.0
5268,1.0,1.5967753497074043e+19,20035409.0,2387.0,2.0,1.0,168.0,549.0,883.0,4084.0,2674224.0,1.0
5269,1.0,1.043061867439321e+19,20527537.0,28837.0,2.0,1.0,218.0,2884.0,308.0,418.0,601250.0,1.0
5270,1.0,8.178815518285778e+18,21924788.0,38072.0,1.0,1.0,22464632.0,3529.0,77253.0,1229.0,1255603.0,0.0
5271,1.0,1.6949759439173958e+19,10405666.0,29900.0,1.0,1.0,37133.0,2834.0,101.0,134.0,20762243.0,0.0
5272,1.0,1.1121833691387079e+19,21134703.0,23807.0,2.0,1.0,383.0,6.0,73.0,8.0,7411705.0,1.0
5273,1.0,1.3731822326624662e+19,21119276.0,35665.0,2.0,2.0,79560.0,640.0,2942.0,3563.0,2172048.0,0.0
5274,2.0,1.378706943073524e+19,20652908.0,20016.0,2.0,2.0,10168.0,26116.0,791220.0,66621.0,0.0,0.0
5275,1.0,4.1286333491424783e+18,20975327.0,35306.0,1.0,1.0,12.0,8237.0,13114.0,11410.0,3218554.0,0.0
5276,1.0,1.205787899908646e+19,20192676.0,27961.0,2.0,1.0,37531.0,1019.0,1847.0,4488.0,1057004.0,0.0
5277,1.0,1.0203014392283206e+19,21197968.0,22500.0,2.0,1.0,13624019.0,735437.0,2506715.0,1962991.0,0.0,1.0
5278,1.0,7.010385989455118e+18,9583920.0,23637.0,2.0,1.0,4077.0,1499.0,32653.0,289.0,8395214.0,0.0
5279,1.0,1.4964837739872602e+19,20877153.0,2332.0,3.0,2.0,106188.0,10917.0,16745.0,17946.0,0.0,0.0
5280,1.0,1.6494563103462957e+19,20188724.0,32441.0,3.0,2.0,2589782.0,48839.0,601334.0,129501.0,0.0,0.0
5281,1.0,1.5859647530187389e+19,2989726.0,23778.0,1.0,1.0,15852.0,29744.0,62.0,79.0,180595.0,1.0
5282,1.0,7.903914528320191e+18,21162540.0,1325.0,1.0,1.0,20633482.0,20530.0,38300.0,35677.0,0.0,1.0
5283,1.0,2.6928596198512824e+18,4321470.0,2051.0,2.0,1.0,58.0,151.0,475.0,626.0,810070.0,1.0
5284,1.0,1.147957373620592e+19,20569470.0,24130.0,3.0,2.0,18700.0,46026.0,126998.0,113828.0,230352.0,1.0
5285,1.0,1.07462005425133e+19,22099332.0,30026.0,3.0,2.0,1800345.0,273858.0,816223.0,654941.0,0.0,0.0
5286,1.0,1.4347859242938208e+19,21963777.0,33931.0,3.0,2.0,18329.0,3044.0,10187.0,10238.0,1711532.0,1.0
5287,2.0,1.3795219518596815e+19,20881804.0,7411.0,3.0,1.0,1606912.0,32555.0,81423.0,68124.0,2235395.0,1.0
5288,1.0,1.2031233849814462e+19,20196980.0,23788.0,1.0,1.0,4727093.0,12804.0,495.0,661.0,0.0,0.0
5289,1.0,6.715049002232656e+18,3065545.0,23783.0,1.0,1.0,1834.0,60.0,54.0,78.0,18993920.0,0.0
5290,1.0,5.103335732153791e+18,10405659.0,29900.0,3.0,1.0,799167.0,3028.0,23.0,26.0,8474038.0,1.0
5291,1.0,1.4340390157469403e+19,4820229.0,23777.0,2.0,1.0,39277.0,43259.0,87666.0,77558.0,0.0,1.0
5292,1.0,1.287405425962581e+19,21098767.0,35107.0,2.0,2.0,16842.0,7096.0,304279.0,156382.0,48486.0,0.0
5293,1.0,1.2440971204951276e+19,21317622.0,36521.0,1.0,1.0,23917213.0,12173.0,220217.0,227783.0,1149050.0,1.0
5294,1.0,1.432575689518243e+19,5937156.0,24161.0,2.0,1.0,12555235.0,96187.0,230.0,350.0,12430802.0,0.0
5295,1.0,5.467921431274186e+18,10863287.0,30495.0,2.0,2.0,4829393.0,19075.0,98639.0,26000.0,18670.0,0.0
5296,1.0,1.1132806224225894e+19,3013332.0,10325.0,1.0,1.0,16936161.0,27606.0,26400.0,41.0,0.0,1.0
5297,1.0,4.517396212946768e+18,3832373.0,23793.0,1.0,1.0,3973.0,1045.0,59.0,130.0,20775750.0,1.0
5298,1.0,6.672167907146917e+18,20376737.0,33288.0,3.0,1.0,6919010.0,5127.0,540839.0,442209.0,187872.0,1.0
5299,1.0,7.68436522661895e+18,21880641.0,37890.0,2.0,1.0,247.0,1794.0,121892.0,177727.0,3130839.0,0.0
5300,2.0,1.4369597025772667e+19,20048602.0,29562.0,3.0,1.0,310045.0,94694.0,889328.0,29744.0,0.0,0.0
5301,2.0,1.7477126579068168e+19,3053700.0,24825.0,2.0,1.0,1244557.0,75811.0,174716.0,148892.0,0.0,0.0
5302,1.0,1.482760922305699e+19,20493497.0,33623.0,2.0,1.0,1577545.0,523135.0,2227185.0,46081.0,4928271.0,1.0
5303,1.0,8.99455707050858e+18,20030165.0,23799.0,2.0,1.0,18.0,28.0,41.0,52.0,5405118.0,1.0
5304,1.0,5.724079910135361e+18,21494468.0,24737.0,1.0,1.0,23644362.0,19483.0,77585.0,43740.0,167618.0,0.0
5305,2.0,1.4340390157469403e+19,10110402.0,23808.0,2.0,1.0,232.0,35.0,58.0,10.0,4192439.0,1.0
5306,1.0,1.4340390157469403e+19,6434950.0,23777.0,1.0,1.0,22701903.0,61.0,86.0,114.0,5943225.0,1.0
5307,1.0,5.846401732967282e+18,21261686.0,36357.0,2.0,1.0,41167.0,3467.0,304344.0,543.0,0.0,1.0
5308,2.0,5.468727571223081e+18,3856220.0,1381.0,2.0,2.0,27285.0,708.0,517.0,2190.0,10745.0,0.0
5309,1.0,1.2089732170889036e+19,20360650.0,4218.0,3.0,1.0,3051002.0,2572.0,138818.0,207.0,103174.0,1.0
5310,1.0,1.205787899908646e+19,20163588.0,27961.0,2.0,2.0,1495044.0,494.0,2062.0,2579.0,1297867.0,0.0
5311,2.0,1.136372424770545e+19,21334847.0,30405.0,2.0,1.0,20811.0,11339.0,176479.0,150358.0,0.0,1.0
5312,1.0,6.877516134389988e+18,20036473.0,2332.0,2.0,1.0,24751.0,26639.0,233085.0,461323.0,3426762.0,1.0
5313,1.0,1.1243521181800204e+19,21117008.0,35398.0,2.0,1.0,439312.0,712.0,2660.0,36039.0,0.0,1.0
5314,2.0,1.1917487537150255e+19,20926296.0,35130.0,2.0,2.0,403849.0,147.0,1097.0,3726.0,243559.0,1.0
5315,1.0,1.8254239794478185e+18,20360956.0,33235.0,2.0,1.0,983755.0,2732.0,93316.0,82264.0,212163.0,0.0
5316,1.0,1.205787899908646e+19,20222970.0,27961.0,1.0,1.0,180.0,102.0,352.0,1064.0,23351051.0,1.0
5317,2.0,1.5989049276530887e+19,20374514.0,23823.0,2.0,1.0,415976.0,465337.0,520167.0,430451.0,483369.0,1.0
5318,1.0,1.4340390157469403e+19,3106875.0,23777.0,2.0,1.0,12654.0,1411.0,41295.0,37990.0,1258570.0,0.0
5319,2.0,2.994924845956282e+18,20061245.0,23803.0,1.0,1.0,690079.0,53754.0,61974.0,386.0,0.0,1.0
5320,1.0,1.3756257544627677e+19,10360998.0,24354.0,3.0,3.0,444.0,3094.0,17862.0,3357.0,27869.0,0.0
5321,1.0,1.4531867648059392e+19,7144875.0,27484.0,2.0,2.0,72.0,585.0,110.0,279.0,48093.0,1.0
5322,1.0,5.410547229158581e+18,6453510.0,24173.0,2.0,2.0,2428677.0,20327.0,77.0,102.0,14071151.0,0.0
5323,1.0,1.205787899908646e+19,20221272.0,27961.0,1.0,1.0,23557105.0,25927.0,87086.0,88321.0,0.0,1.0
5324,2.0,2.4347563200652785e+18,20035838.0,29273.0,2.0,1.0,19.0,28.0,104.0,91.0,13872261.0,1.0
5325,1.0,1.4340390157469403e+19,9027211.0,23808.0,1.0,1.0,1276.0,1370.0,203.0,302.0,19491714.0,1.0
5326,1.0,4.2981186814246446e+18,21866035.0,385.0,3.0,2.0,250356.0,128.0,16112.0,15666.0,174807.0,0.0
5327,1.0,4.969291200346086e+18,1710586.0,3383.0,2.0,2.0,103951.0,32406.0,111591.0,106959.0,849535.0,1.0
5328,1.0,7.484333488664585e+18,21090281.0,34691.0,3.0,1.0,54.0,67.0,152.0,219.0,2541427.0,1.0
5329,1.0,3.7891318676043725e+18,22133158.0,38717.0,2.0,2.0,299405.0,191987.0,1377611.0,26177.0,0.0,0.0
5330,25.0,7.484333488664585e+18,21209488.0,34691.0,3.0,2.0,54.0,4174.0,2543.0,2801.0,0.0,1.0
5331,3.0,5.694962621524833e+18,9411496.0,5550.0,2.0,2.0,3709012.0,36450.0,272260.0,243778.0,2313466.0,1.0
5332,1.0,1.7363854844105064e+19,20017078.0,23798.0,1.0,1.0,615196.0,6375.0,4.0,5211.0,12674910.0,1.0
5333,1.0,1.7363854844105064e+19,20017073.0,23798.0,1.0,1.0,2614.0,9642.0,4.0,8922.0,2053267.0,0.0
5334,1.0,2.0021430589649848e+18,20188686.0,24124.0,2.0,1.0,11653549.0,1061578.0,116.0,161.0,55302.0,0.0
5335,1.0,1.5989049276530887e+19,20314350.0,23824.0,2.0,1.0,6832.0,19681.0,43652.0,31.0,11527134.0,1.0
5336,2.0,1.4340390157469403e+19,3111363.0,23777.0,3.0,3.0,832053.0,900.0,596.0,784.0,0.0,1.0
5337,1.0,1.3756257544627677e+19,20175518.0,24354.0,2.0,1.0,11344010.0,5158.0,79.0,391.0,7279795.0,1.0
5338,1.0,1.844094316957687e+19,21016781.0,35391.0,2.0,1.0,9131012.0,31299.0,266678.0,364781.0,2709340.0,1.0
5339,1.0,6.714165904582839e+18,21112894.0,35609.0,3.0,1.0,1461.0,1126.0,19824.0,22065.0,203963.0,1.0
5340,1.0,2.137528403495601e+18,20218298.0,23801.0,3.0,3.0,17.0,122.0,102.0,157.0,877585.0,0.0
5341,1.0,1.205787899908646e+19,20203709.0,27961.0,2.0,2.0,67.0,158.0,83.0,109.0,140938.0,1.0
5342,1.0,2.0021430589649848e+18,21202522.0,24124.0,2.0,2.0,10146696.0,990004.0,2936102.0,151.0,4055406.0,1.0
5343,1.0,1.680852893886352e+19,10713272.0,14588.0,2.0,1.0,489232.0,420457.0,2315508.0,1818755.0,0.0,0.0
5344,1.0,9.635475651574084e+18,21197774.0,2268.0,1.0,1.0,7138023.0,8648.0,15371.0,70424.0,318822.0,1.0
5345,1.0,2.0021430589649848e+18,20562139.0,24124.0,3.0,1.0,99064.0,6255.0,731077.0,151.0,8573369.0,0.0
5346,3.0,7.903914528320191e+18,21162250.0,1325.0,2.0,2.0,219440.0,2764.0,10177.0,15251.0,0.0,0.0
5347,2.0,9.824184422403826e+18,21491492.0,37323.0,2.0,2.0,330187.0,225.0,10693.0,3262.0,0.0,1.0
5348,1.0,5.104882177771823e+18,20326047.0,421.0,2.0,1.0,2549157.0,705673.0,1961337.0,389.0,0.0,0.0
5349,1.0,1.205787899908646e+19,20192676.0,27961.0,1.0,1.0,291895.0,4.0,60.0,206.0,8843564.0,0.0
5350,1.0,5.846401732967282e+18,21261677.0,36357.0,2.0,2.0,145.0,29.0,17875.0,4539.0,392308.0,1.0
5351,1.0,5.747166420328289e+18,21204413.0,2078.0,2.0,1.0,4432.0,27703.0,103893.0,96843.0,695178.0,1.0
5352,1.0,5.021665021762499e+18,4363326.0,2238.0,3.0,2.0,4495037.0,9113.0,198185.0,167726.0,0.0,0.0
5353,1.0,1.3090221289647714e+19,20174945.0,23795.0,3.0,2.0,6330.0,4037.0,3.0,7.0,130153.0,1.0
5354,1.0,5.120683440510468e+18,8676736.0,1268.0,2.0,2.0,2924672.0,3359.0,5411.0,35.0,14879207.0,1.0
5355,1.0,1.6269997630380212e+19,4278007.0,21349.0,2.0,1.0,10726760.0,60617.0,72501.0,69776.0,3049649.0,0.0
5356,1.0,2.0378347274806943e+18,20595372.0,854.0,2.0,1.0,1544.0,7017.0,19225.0,24478.0,6530316.0,1.0
5357,1.0,4.969291200346086e+18,10798387.0,3383.0,2.0,2.0,3654561.0,71.0,3276.0,4179.0,269535.0,0.0
5358,1.0,1.4170743816979116e+19,3923540.0,1998.0,2.0,1.0,1166189.0,5811.0,3943.0,387177.0,0.0,0.0
5359,32.0,6.015301734198921e+18,20978805.0,10197.0,3.0,3.0,283.0,3366.0,73196.0,4861.0,0.0,1.0
5360,1.0,1.205787899908646e+19,20183696.0,27961.0,2.0,1.0,11513173.0,5650.0,5122.0,6438.0,0.0,1.0
5361,1.0,9.585868690522626e+18,21340721.0,35377.0,2.0,1.0,220.0,2195.0,41554.0,45748.0,4879175.0,0.0
5362,1.0,1.4340390157469403e+19,20640001.0,23808.0,1.0,1.0,7390645.0,244.0,115.0,160.0,17582247.0,0.0
5363,2.0,1.4756578758696272e+19,20718029.0,3625.0,3.0,1.0,130522.0,38.0,40925.0,38304.0,744209.0,0.0
5364,1.0,6.263749423537724e+18,21881309.0,36720.0,1.0,1.0,41818.0,1030.0,1522.0,137.0,5605241.0,0.0
5365,1.0,2.8358866201923374e+18,21466408.0,36924.0,2.0,2.0,2134734.0,83.0,696.0,694.0,0.0,1.0
5366,1.0,1.5560355643043965e+19,21481073.0,23339.0,3.0,3.0,347647.0,7150.0,661293.0,533096.0,0.0,0.0
5367,1.0,6.636857452802744e+18,21525505.0,37371.0,1.0,1.0,23055657.0,384339.0,1593861.0,223342.0,87801.0,0.0
5368,1.0,5.358661540375364e+18,21791480.0,37692.0,1.0,1.0,14119.0,208.0,806.0,2206.0,3697483.0,0.0
5369,1.0,5.564371077993099e+18,3740573.0,14913.0,2.0,2.0,1951752.0,13469.0,141407.0,118300.0,0.0,0.0
5370,3.0,1.595507548723284e+18,20187595.0,24362.0,3.0,1.0,155.0,420.0,560.0,265.0,732623.0,0.0
5371,1.0,1.205787899908646e+19,20183697.0,27961.0,1.0,1.0,797856.0,3189.0,2764.0,3216.0,16203210.0,1.0
5372,1.0,1.4140300435418186e+18,20208463.0,1502.0,2.0,1.0,2012578.0,38.0,234.0,344.0,555511.0,1.0
5373,1.0,1.4340390157469403e+19,20643964.0,23808.0,2.0,1.0,129083.0,717.0,9.0,9.0,0.0,1.0
5374,2.0,8.134264174510893e+18,10950958.0,1268.0,1.0,1.0,1122.0,569.0,8517.0,2.0,19450887.0,1.0
5375,1.0,5.468727571223081e+18,20002590.0,1381.0,1.0,1.0,740.0,1206.0,1937.0,2182.0,14565307.0,0.0
5376,1.0,1.205787899908646e+19,20149146.0,27961.0,2.0,2.0,1375029.0,21309.0,153328.0,149077.0,0.0,0.0
5377,1.0,1.7299638493773875e+18,9583861.0,23637.0,2.0,1.0,413.0,2826.0,9010.0,223.0,6735332.0,1.0
5378,1.0,1.205787899908646e+19,20203709.0,27961.0,2.0,2.0,67.0,158.0,83.0,109.0,13342575.0,1.0
5379,1.0,4.2981186814246446e+18,3025756.0,385.0,3.0,3.0,14261.0,25680.0,221560.0,172.0,1112990.0,0.0
5380,1.0,1.1624066761054958e+19,3373964.0,5962.0,1.0,1.0,378.0,1109.0,171.0,217.0,17993876.0,1.0
5381,3.0,3.223008811592938e+18,3617647.0,15532.0,2.0,1.0,395938.0,2773.0,9831.0,11353.0,0.0,1.0
5382,1.0,1.5915371188739117e+19,21442248.0,37090.0,3.0,2.0,2474283.0,4428.0,74584.0,28161.0,12464.0,0.0
5383,1.0,1.205787899908646e+19,20223013.0,27961.0,1.0,1.0,794826.0,5302.0,7860.0,9553.0,6973629.0,1.0
5384,1.0,1.190425621705067e+18,20137593.0,21767.0,1.0,1.0,17836209.0,5745.0,1565.0,4339.0,0.0,1.0
5385,1.0,1.4340390157469403e+19,9027103.0,23808.0,2.0,1.0,1482.0,2459.0,129.0,184.0,1483162.0,1.0
5386,1.0,5.851252814446936e+18,21477738.0,28698.0,3.0,2.0,94352.0,56632.0,2471500.0,889609.0,254384.0,0.0
5387,12.0,1.3090221289647714e+19,20174985.0,23795.0,1.0,1.0,31.0,198.0,3.0,7.0,1187659.0,1.0
5388,1.0,5.888277431783336e+18,7955186.0,6520.0,1.0,1.0,159283.0,101.0,88.0,117.0,19343353.0,1.0
5389,2.0,1.7363854844105064e+19,20017082.0,23798.0,1.0,1.0,216559.0,65297.0,91467.0,80677.0,12725686.0,1.0
5390,1.0,8.848021695083077e+18,20047086.0,2387.0,2.0,1.0,58.0,151.0,205.0,194.0,848138.0,0.0
5391,1.0,1.4340390157469403e+19,10110402.0,23808.0,1.0,1.0,17772579.0,35.0,58.0,10.0,367551.0,0.0
5392,1.0,1.5989049276530887e+19,20314195.0,23823.0,2.0,1.0,5976.0,20485.0,22553.0,21536.0,15712946.0,1.0
5393,3.0,1.6655045096913689e+19,21803173.0,37711.0,2.0,1.0,14483.0,4381.0,86103.0,462.0,0.0,1.0
5394,4.0,1.3416878294870458e+19,3066490.0,23786.0,1.0,1.0,916.0,314.0,207.0,115.0,10657543.0,1.0
5395,1.0,1.1132806224225894e+19,3013323.0,10325.0,1.0,1.0,1957.0,3398.0,3091.0,41.0,17636964.0,0.0
5396,1.0,1.5989049276530887e+19,20314353.0,23824.0,2.0,1.0,195301.0,315667.0,658553.0,31.0,3324338.0,1.0
5397,1.0,1.8576716603259853e+18,4273870.0,23531.0,2.0,2.0,4676175.0,57500.0,70174.0,8697.0,861358.0,0.0
5398,1.0,1.2898817597254476e+19,4401036.0,19962.0,3.0,2.0,210992.0,19225.0,109380.0,94776.0,7764569.0,1.0
5399,1.0,4.307695610000461e+18,21204860.0,35824.0,2.0,2.0,5911.0,1640.0,7472.0,325.0,3469707.0,0.0
5400,1.0,1.4340390157469403e+19,7103486.0,23777.0,1.0,1.0,1531871.0,233.0,127.0,138.0,18086076.0,0.0
5401,1.0,2.4127717961104635e+18,20067145.0,23781.0,2.0,1.0,945.0,858.0,8.0,1.0,301552.0,0.0
5402,2.0,5.065532045350121e+18,20075876.0,12983.0,2.0,2.0,778.0,2932.0,47837.0,298180.0,1472581.0,0.0
5403,1.0,1.077230928844858e+19,21375373.0,34202.0,3.0,1.0,470179.0,2103.0,84227.0,70249.0,1200815.0,0.0
5404,1.0,7.903914528320191e+18,21162426.0,1325.0,1.0,1.0,27095.0,47639.0,107693.0,111539.0,12785517.0,0.0
5405,1.0,5.851252814446936e+18,21477562.0,28698.0,2.0,1.0,27613.0,2989.0,1104194.0,880590.0,1547156.0,0.0
5406,1.0,2.4277941976206295e+18,21092951.0,13672.0,2.0,1.0,10852367.0,88754.0,269864.0,520285.0,0.0,0.0
5407,1.0,9.740463035797752e+18,21423892.0,11536.0,2.0,2.0,11062727.0,37207.0,80099.0,71170.0,2563110.0,1.0
5408,1.0,6.892031969733662e+18,10403378.0,29298.0,3.0,3.0,4620.0,15530.0,59613.0,62666.0,468660.0,1.0
5409,4.0,9.931445470356765e+18,4395681.0,428.0,2.0,1.0,39482.0,8525.0,90866.0,80238.0,0.0,0.0
5410,1.0,9.329161806660276e+18,21329568.0,30027.0,3.0,3.0,8255234.0,1397.0,8825.0,10612.0,5937674.0,1.0
5411,1.0,5.851252814446936e+18,20133623.0,28698.0,2.0,2.0,717356.0,87017.0,450971.0,317096.0,7679312.0,0.0
5412,1.0,1.0222529794792052e+18,21400490.0,36859.0,1.0,1.0,19737018.0,10111.0,77932.0,70587.0,0.0,0.0
5413,1.0,1.0531200227160347e+19,9020218.0,16779.0,2.0,2.0,607632.0,722522.0,224.0,1533634.0,2888534.0,0.0
5414,2.0,1.4340390157469403e+19,6435307.0,23777.0,1.0,1.0,2.0,85.0,159.0,238.0,8477468.0,0.0
5415,2.0,1.6853885997037853e+19,4229301.0,7919.0,2.0,1.0,6448.0,31355.0,99887.0,155863.0,0.0,1.0
5416,1.0,5.736088897652721e+18,22168903.0,38789.0,3.0,2.0,1099.0,38.0,3108.0,3382.0,9296049.0,0.0
5417,1.0,1.205787899908646e+19,20185728.0,27961.0,2.0,1.0,2906115.0,23260.0,28735.0,30409.0,5845688.0,0.0
5418,1.0,3.814197904289281e+18,20348356.0,33196.0,2.0,1.0,436.0,123.0,41108.0,14674.0,4565953.0,1.0
5419,1.0,1.4340390157469403e+19,9027549.0,23808.0,2.0,1.0,224.0,27.0,14.0,18.0,7366213.0,1.0
5420,1.0,1.4531867648059392e+19,21815482.0,27485.0,3.0,1.0,72.0,8.0,176.0,59.0,815732.0,1.0
5421,1.0,1.4340390157469403e+19,3529333.0,23777.0,1.0,1.0,19854898.0,4747.0,338.0,460.0,9777522.0,0.0
5422,1.0,1.2310323414299814e+19,22004968.0,879.0,2.0,1.0,2154.0,41.0,769.0,959.0,3268142.0,0.0
5423,1.0,1.7299638493773875e+18,9585571.0,23637.0,2.0,1.0,194130.0,32.0,249.0,110.0,0.0,1.0
5424,1.0,1.578511299927674e+19,20908196.0,35088.0,3.0,2.0,0.0,0.0,2.0,5.0,9381624.0,0.0
5425,1.0,5.108201723211251e+18,20140243.0,11506.0,2.0,2.0,17601.0,99.0,2613.0,2604.0,15746488.0,1.0
5426,1.0,1.205787899908646e+19,20163133.0,27961.0,2.0,2.0,10947859.0,2333.0,11302.0,33632.0,0.0,0.0
5427,1.0,3.3898142717082214e+18,10673605.0,23649.0,2.0,1.0,74665.0,111861.0,345512.0,289391.0,6267350.0,1.0
5428,1.0,8.99455707050858e+18,20030165.0,23799.0,1.0,1.0,2332733.0,231.0,199.0,316.0,0.0,1.0
5429,1.0,1.4340390157469403e+19,9027213.0,23808.0,1.0,1.0,5.0,1.0,0.0,0.0,17159705.0,1.0
5430,1.0,1.4756578758696272e+19,20715797.0,3625.0,1.0,1.0,185595.0,195750.0,608643.0,492001.0,97829.0,1.0
5431,1.0,9.931106926159186e+18,21045739.0,8130.0,1.0,1.0,8860023.0,62222.0,164504.0,61528.0,967109.0,0.0
5432,1.0,1.4740615716179622e+19,4412338.0,25224.0,3.0,3.0,3915854.0,4352.0,251646.0,210208.0,311357.0,0.0
5433,1.0,1.7796600712134664e+19,1168669.0,2827.0,2.0,1.0,3525696.0,18940.0,42997.0,39801.0,28907.0,0.0
5434,1.0,7.509646896975274e+18,21409222.0,34879.0,1.0,1.0,82354.0,65147.0,212877.0,180460.0,19092807.0,1.0
5435,1.0,1.6999021642787568e+19,22158726.0,38625.0,2.0,1.0,1055537.0,12132.0,3366672.0,2861231.0,0.0,0.0
5436,1.0,1.5989049276530887e+19,20314199.0,23823.0,2.0,1.0,6003.0,26656.0,25158.0,23870.0,13614504.0,1.0
5437,2.0,7.903914528320191e+18,21162492.0,1325.0,2.0,2.0,9637822.0,5633.0,17088.0,25038.0,369361.0,0.0
5438,3.0,1.4531867648059392e+19,7144601.0,27484.0,2.0,1.0,606.0,4441.0,110.0,279.0,108127.0,1.0
5439,6.0,1.5989049276530887e+19,20374506.0,23823.0,2.0,1.0,1411.0,18284.0,15798.0,15388.0,1692299.0,1.0
5440,1.0,4.58628320308311e+17,21260755.0,8493.0,1.0,1.0,830259.0,216670.0,388570.0,318634.0,13450948.0,0.0
5441,1.0,1.205787899908646e+19,20185531.0,27961.0,1.0,1.0,6322300.0,11311.0,42709.0,995.0,1673979.0,1.0
5442,1.0,1.136372424770545e+19,21335499.0,30405.0,1.0,1.0,11522639.0,2162.0,32566.0,13409.0,256590.0,0.0
5443,1.0,6.071356180946373e+18,20028365.0,32124.0,2.0,2.0,811840.0,2967.0,2106.0,5320.0,15780582.0,0.0
5444,1.0,7.441172720328995e+18,22141878.0,38475.0,1.0,1.0,309930.0,286.0,263.0,343.0,23678914.0,0.0
5445,8.0,1.4340390157469403e+19,9027213.0,23808.0,2.0,1.0,1.0,1.0,0.0,0.0,28715.0,1.0
5446,1.0,1.4756578758696272e+19,20716440.0,3625.0,1.0,1.0,3459932.0,125385.0,258534.0,215773.0,0.0,0.0
5447,1.0,9.420883265985817e+18,4423663.0,28451.0,2.0,1.0,943450.0,85491.0,131769.0,17625.0,0.0,0.0
5448,1.0,5.998778395684809e+18,20319703.0,33117.0,2.0,1.0,21.0,12.0,301.0,799.0,1372883.0,0.0
5449,1.0,5.737098834817248e+18,21959784.0,38060.0,2.0,2.0,311778.0,96664.0,359363.0,295278.0,1506500.0,0.0
5450,1.0,6.260025637816221e+18,20603301.0,19759.0,1.0,1.0,24460451.0,208003.0,984173.0,826768.0,4844861.0,0.0
5451,1.0,1.3061508086984526e+19,9822952.0,2181.0,2.0,1.0,44371.0,33139.0,35541.0,35256.0,1855551.0,1.0
5452,1.0,6.539424021056515e+18,3219148.0,23777.0,1.0,1.0,1711680.0,54.0,57.0,72.0,12727400.0,1.0
5453,1.0,2.5336176303800955e+18,2835787.0,550.0,1.0,1.0,24161202.0,1630.0,3868.0,1797.0,0.0,0.0
5454,2.0,6.263749423537724e+18,21352947.0,36720.0,1.0,1.0,29043.0,3664.0,8441.0,635.0,1988814.0,0.0
5455,2.0,1.8425200088803072e+19,20033132.0,23790.0,1.0,1.0,42.0,1302.0,27.0,29.0,22931311.0,1.0
5456,2.0,8.335105002517451e+18,20591044.0,33524.0,1.0,1.0,6514.0,13224.0,4202.0,3884.0,660256.0,0.0
5457,1.0,9.786215189103297e+18,22141798.0,38759.0,3.0,3.0,78.0,57.0,2839.0,512.0,1233503.0,0.0
5458,2.0,1.266931600970813e+18,4405531.0,11000.0,2.0,2.0,3518026.0,2036.0,10024.0,12820.0,0.0,0.0
5459,1.0,5.468727571223081e+18,20001399.0,1381.0,2.0,1.0,1127314.0,8824.0,17046.0,16720.0,1950221.0,1.0
5460,1.0,1.4340390157469403e+19,21163924.0,23808.0,2.0,1.0,1036550.0,1023.0,2243.0,62.0,373686.0,0.0
5461,1.0,1.5366517485002252e+19,6794421.0,10611.0,2.0,1.0,88321.0,19660.0,103310.0,96693.0,633174.0,0.0
5462,1.0,1.4026041424198298e+17,21202901.0,36034.0,2.0,2.0,11453865.0,25515.0,111611.0,113406.0,0.0,0.0
5463,3.0,1.4340390157469403e+19,3126756.0,23777.0,1.0,1.0,1299586.0,1467.0,1305.0,1526.0,22370.0,1.0
5464,1.0,1.205787899908646e+19,20180680.0,27961.0,2.0,2.0,124123.0,47119.0,88600.0,5836.0,44540.0,0.0
5465,1.0,1.7390742392635052e+19,20122333.0,30658.0,3.0,3.0,195929.0,271.0,17130.0,13529.0,51582.0,0.0
5466,1.0,7.514444917765628e+18,10354403.0,774.0,2.0,1.0,214400.0,13980.0,335.0,4580.0,4834758.0,1.0
5467,1.0,1.4340390157469403e+19,10397422.0,23808.0,2.0,2.0,117.0,13.0,50.0,15.0,2752738.0,1.0
5468,1.0,1.4340390157469403e+19,9027213.0,23808.0,2.0,1.0,35.0,1.0,0.0,0.0,10489039.0,1.0
5469,1.0,1.7707520665894269e+19,20687981.0,27838.0,2.0,1.0,9226278.0,20893.0,270307.0,606381.0,25442.0,0.0
5470,2.0,5.468727571223081e+18,20002590.0,1381.0,3.0,1.0,6506411.0,6066.0,10421.0,10437.0,0.0,0.0
5471,1.0,1.4340390157469403e+19,20643971.0,23808.0,2.0,2.0,10.0,242.0,9.0,9.0,1327099.0,1.0
5472,2.0,1.5689252236861137e+19,21164295.0,24130.0,1.0,1.0,15371.0,28396.0,27379.0,29797.0,6180206.0,0.0
5473,1.0,1.4340390157469403e+19,3529706.0,23777.0,3.0,3.0,3668269.0,32474.0,105467.0,88543.0,786875.0,0.0
5474,1.0,1.52800761358246e+19,20553712.0,33642.0,2.0,1.0,13535628.0,319249.0,19415.0,1507122.0,0.0,0.0
5475,1.0,1.0246049358144756e+19,20575565.0,17830.0,2.0,1.0,139132.0,94456.0,47486.0,145121.0,1261380.0,0.0
5476,1.0,1.4340390157469403e+19,9027909.0,23808.0,2.0,1.0,24703.0,4668.0,1081.0,1288.0,196460.0,1.0
5477,3.0,1.2451409373379879e+19,20016744.0,22790.0,2.0,1.0,16454.0,22429.0,45038.0,45098.0,0.0,1.0
5478,1.0,9.60749667372957e+18,20372636.0,33258.0,2.0,2.0,11216457.0,42408.0,75559.0,6344.0,1099717.0,1.0
5479,2.0,1.5073532797309792e+19,20665695.0,21051.0,2.0,1.0,272960.0,132758.0,1851900.0,1518559.0,299.0,0.0
5480,1.0,1.205787899908646e+19,20157348.0,27961.0,2.0,2.0,2655402.0,64558.0,300179.0,281176.0,0.0,0.0
5481,1.0,1.5728490660725918e+19,2869817.0,21226.0,2.0,2.0,12297.0,6011.0,27632.0,19584.0,14514047.0,0.0
5482,1.0,1.7363854844105064e+19,20017075.0,23798.0,1.0,1.0,16297508.0,1970.0,4.0,6672.0,0.0,0.0
5483,1.0,1.4340390157469403e+19,21163923.0,23808.0,3.0,1.0,79610.0,3120.0,5427.0,37.0,5737506.0,1.0
5484,1.0,1.4340390157469403e+19,6434934.0,23777.0,1.0,1.0,7302714.0,14.0,10.0,17.0,3025401.0,0.0
5485,1.0,1.0141830757865486e+19,4421646.0,28192.0,3.0,1.0,3203371.0,3287.0,23350.0,18949.0,888550.0,0.0
5486,3.0,1.2238691811638161e+19,10597484.0,29596.0,2.0,2.0,10394.0,7645.0,257191.0,136477.0,247744.0,1.0
5487,1.0,1.7299638493773875e+18,9584289.0,23637.0,2.0,1.0,140139.0,2210.0,117512.0,155.0,2457282.0,1.0
5488,1.0,2.061296188583326e+18,2046632.0,387.0,2.0,2.0,2675391.0,1537.0,3163.0,3285.0,158436.0,0.0
5489,2.0,1.3831795664295342e+19,21245623.0,2437.0,3.0,3.0,92429.0,44701.0,117241.0,7415.0,268021.0,0.0
5490,1.0,1.4340390157469403e+19,4707561.0,23777.0,2.0,1.0,9601908.0,7184.0,19425.0,18701.0,0.0,0.0
5491,2.0,1.205787899908646e+19,20110135.0,27961.0,2.0,1.0,4664015.0,731615.0,1995642.0,1579368.0,0.0,1.0
5492,2.0,2.6928596198512824e+18,4337886.0,2051.0,2.0,1.0,16476.0,35000.0,57954.0,36363.0,283885.0,1.0
5493,67.0,3.813907722535401e+18,20705290.0,24166.0,2.0,2.0,5778.0,2657.0,13194.0,10410.0,0.0,1.0
5494,1.0,1.205787899908646e+19,20183541.0,27961.0,2.0,2.0,5757837.0,1367.0,4019.0,4446.0,0.0,1.0
5495,9.0,1.4600073692226415e+19,21520682.0,4004.0,3.0,3.0,26725.0,23397.0,158123.0,235.0,0.0,1.0
5496,1.0,5.120683440510468e+18,8680081.0,1268.0,3.0,3.0,3777656.0,3411.0,107.0,35.0,193508.0,0.0
5497,1.0,1.0498184723266925e+18,20967584.0,12299.0,2.0,2.0,56541.0,727454.0,2741425.0,2203083.0,513169.0,1.0
5498,1.0,1.8425200088803072e+19,20032447.0,23790.0,3.0,3.0,2467.0,3531.0,27.0,29.0,4671073.0,0.0
5499,1.0,1.0468467911880278e+19,20595073.0,854.0,2.0,2.0,2838343.0,16979.0,28188.0,27998.0,0.0,1.0
5500,1.0,1.021800488877112e+19,4382153.0,24159.0,2.0,1.0,52086.0,28503.0,292.0,237.0,12393910.0,0.0
5501,1.0,2.0021430589649848e+18,20188717.0,24124.0,3.0,3.0,740791.0,969.0,508.0,255.0,0.0,0.0
5502,1.0,8.809488910700807e+18,4269539.0,16442.0,2.0,2.0,2937694.0,547138.0,2187799.0,3008903.0,0.0,0.0
5503,1.0,1.6716330505220809e+19,10391526.0,14103.0,2.0,1.0,1662.0,5178.0,112548.0,550.0,127896.0,1.0
5504,1.0,5.764261266378217e+18,20208029.0,32829.0,3.0,1.0,8545.0,25572.0,33869.0,31545.0,0.0,1.0
5505,1.0,1.0336838597420036e+19,10761557.0,30269.0,3.0,2.0,1149.0,836.0,19417.0,18938.0,19615.0,0.0
5506,1.0,1.4340390157469403e+19,10110449.0,23808.0,2.0,2.0,14657590.0,11566.0,29352.0,141.0,0.0,0.0
5507,1.0,1.6742159257768634e+19,6764285.0,2218.0,2.0,1.0,1209447.0,306319.0,1376182.0,1065613.0,87867.0,1.0
5508,1.0,1.4340390157469403e+19,4861702.0,23777.0,3.0,2.0,1198816.0,186049.0,312308.0,257877.0,67717.0,1.0
5509,1.0,1.4202400320781967e+19,20890861.0,27503.0,3.0,3.0,8.0,15.0,1425.0,1347.0,28975.0,0.0
5510,1.0,2068449938142546.0,20947024.0,9472.0,1.0,1.0,100.0,246.0,36731.0,34027.0,48933.0,1.0
5511,1.0,2.4127717961104635e+18,20067154.0,23781.0,2.0,2.0,4.0,7.0,94.0,1.0,628086.0,1.0
5512,1.0,1.734180435361551e+19,21882834.0,37622.0,1.0,1.0,1402016.0,82.0,109.0,97.0,6014770.0,1.0
5513,1.0,7.903914528320191e+18,21162455.0,1325.0,1.0,1.0,22900009.0,4619.0,8226.0,1282.0,8680261.0,1.0
5514,1.0,4.192533441706128e+18,20945116.0,2533.0,3.0,2.0,10674.0,3896.0,14766.0,15995.0,2101023.0,0.0
5515,1.0,5.07990106805139e+18,4251682.0,25928.0,2.0,1.0,18294.0,43781.0,47566.0,43562.0,3590168.0,0.0
5516,1.0,1.4340390157469403e+19,4802890.0,23777.0,1.0,1.0,24607413.0,5571.0,9638.0,11023.0,2132849.0,0.0
5517,1.0,1.4340390157469403e+19,21163923.0,23808.0,1.0,1.0,775524.0,12002.0,21499.0,34.0,0.0,1.0
5518,1.0,1.4340390157469403e+19,20643914.0,23808.0,2.0,2.0,12718.0,3466.0,500.0,9.0,2243675.0,1.0
5519,1.0,1.4340390157469403e+19,9027524.0,23808.0,2.0,2.0,9975.0,1671.0,754.0,950.0,830716.0,0.0
5520,1.0,7.050507328889927e+18,3532705.0,7665.0,2.0,1.0,7306446.0,15746.0,188343.0,101864.0,54664.0,1.0
5521,1.0,7.903914528320191e+18,21162527.0,1325.0,2.0,2.0,11886197.0,8589.0,24.0,25.0,450914.0,1.0
5522,1.0,3.3101390977104466e+18,4165467.0,10562.0,2.0,1.0,139960.0,1248.0,169421.0,151438.0,5310910.0,0.0
5523,1.0,1.4531867648059392e+19,21781929.0,27482.0,1.0,1.0,225996.0,48630.0,54486.0,6.0,16477680.0,1.0
5524,1.0,8.802768287123155e+18,22115771.0,38554.0,2.0,1.0,3713380.0,668.0,681.0,884.0,0.0,0.0
5525,1.0,1.686921641749333e+19,22094568.0,38300.0,2.0,1.0,8705.0,11.0,721.0,927.0,2433155.0,0.0
5526,1.0,1.4340390157469403e+19,4803006.0,23777.0,1.0,1.0,25209464.0,1929.0,2153.0,2403.0,9950934.0,0.0
5527,1.0,2.137528403495601e+18,20218257.0,23801.0,1.0,1.0,195.0,377.0,280.0,425.0,2846710.0,1.0
5528,1.0,1.205787899908646e+19,20163488.0,27961.0,1.0,1.0,25612350.0,9.0,18.0,371.0,18996492.0,1.0
5529,1.0,4.192533441706128e+18,21314181.0,2533.0,3.0,1.0,2652012.0,67220.0,169894.0,144980.0,2492441.0,1.0
5530,1.0,1.7153861738207836e+19,21465121.0,37170.0,2.0,1.0,9507.0,2114.0,36512.0,33940.0,9412017.0,1.0
5531,1.0,5.844280627737668e+18,4998998.0,6626.0,2.0,1.0,5219837.0,8406.0,2848.0,63050.0,2200683.0,1.0
5532,1.0,1.4340390157469403e+19,3111401.0,23777.0,1.0,1.0,37225.0,3521.0,2291.0,2529.0,5157858.0,1.0
5533,1.0,2.3999248361775816e+18,21372872.0,36651.0,1.0,1.0,413590.0,73005.0,197296.0,166801.0,0.0,1.0
5534,2.0,7.903914528320191e+18,21162526.0,1325.0,1.0,1.0,37.0,297.0,22.0,23.0,8953328.0,0.0
5535,1.0,1.4531867648059392e+19,21815482.0,27485.0,2.0,1.0,11.0,8.0,97.0,76.0,13240349.0,0.0
5536,1.0,9.673833282278828e+18,10404803.0,29532.0,1.0,1.0,8769210.0,1135.0,6651.0,15489.0,482399.0,0.0
5537,4.0,1.205787899908646e+19,20192651.0,27961.0,1.0,1.0,261597.0,677.0,862.0,1077.0,0.0,1.0
5538,1.0,1.4340390157469403e+19,6434981.0,23777.0,1.0,1.0,443.0,175.0,132.0,190.0,23217867.0,1.0
5539,1.0,3.010475069228332e+18,21259995.0,35824.0,3.0,1.0,3931585.0,4644.0,10640.0,10669.0,578792.0,0.0
5540,1.0,8.848021695083077e+18,20436207.0,2387.0,2.0,1.0,2188.0,7357.0,21789.0,23534.0,15094775.0,1.0
5541,1.0,5.07990106805139e+18,7563542.0,25928.0,2.0,1.0,287742.0,51135.0,854312.0,862553.0,123595.0,0.0
5542,2.0,1.4340390157469403e+19,9027213.0,23808.0,1.0,1.0,5.0,1.0,0.0,0.0,2572267.0,1.0
5543,4.0,5.981194299220915e+18,20294091.0,32964.0,1.0,1.0,696855.0,27731.0,36737.0,47603.0,2404.0,0.0
5544,2.0,6.55022984632161e+18,21105761.0,8017.0,1.0,1.0,146501.0,53197.0,275725.0,406088.0,9722786.0,1.0
5545,1.0,1.4340390157469403e+19,10110402.0,23808.0,1.0,1.0,8126.0,35.0,58.0,10.0,106956.0,1.0
5546,1.0,7.903914528320191e+18,21162258.0,1325.0,1.0,1.0,17832048.0,665.0,4073.0,36.0,0.0,0.0
5547,1.0,1.4340390157469403e+19,9027458.0,23808.0,1.0,1.0,455695.0,1662.0,195.0,284.0,12779311.0,1.0
5548,2.0,3.089000650796075e+18,20140368.0,14327.0,1.0,1.0,207748.0,5013.0,367.0,23991.0,13972363.0,1.0
5549,4.0,1.205787899908646e+19,20192676.0,27961.0,3.0,2.0,3870215.0,58.0,350.0,521.0,1872522.0,0.0
5550,1.0,1.3416878294870458e+19,3066490.0,23786.0,1.0,1.0,3092.0,2088.0,1335.0,115.0,18831958.0,1.0
5551,1.0,4.2981186814246446e+18,20092453.0,385.0,1.0,1.0,2601.0,5648.0,4980.0,12816.0,8803490.0,1.0
5552,2.0,5.260594170071819e+16,3048011.0,23782.0,1.0,1.0,5074385.0,372.0,245.0,357.0,0.0,1.0
5553,2.0,7.664190938259116e+18,4372071.0,8466.0,2.0,1.0,49163.0,15919.0,567992.0,29441.0,0.0,1.0
5554,3.0,1.205787899908646e+19,20183770.0,27961.0,2.0,1.0,20953.0,31837.0,231412.0,200161.0,0.0,1.0
5555,1.0,1.0460794781478122e+18,21910913.0,37956.0,2.0,2.0,3.0,105.0,29.0,156.0,4943303.0,0.0
5556,1.0,4.2981186814246446e+18,7807018.0,385.0,2.0,1.0,11103.0,6806.0,8594.0,751.0,5473.0,1.0
5557,1.0,4.774481492345202e+18,21329799.0,36540.0,3.0,3.0,15661.0,2774.0,6170.0,6486.0,50673.0,1.0
5558,1.0,9.866428542214527e+18,21834112.0,37794.0,2.0,2.0,541.0,855.0,41588.0,703.0,825914.0,1.0
5559,1.0,1.205787899908646e+19,20203709.0,27961.0,2.0,1.0,67.0,158.0,83.0,109.0,42063.0,1.0
5560,1.0,1.205787899908646e+19,20203754.0,27961.0,1.0,1.0,25553367.0,242151.0,1542.0,1806.0,3020618.0,1.0
5561,2.0,5.260594170071819e+16,3048011.0,23782.0,1.0,1.0,1580.0,84.0,68.0,215.0,23233235.0,0.0
5562,1.0,1.4340390157469403e+19,4468256.0,23777.0,1.0,1.0,18535249.0,2173.0,1532.0,1617.0,0.0,1.0
5563,1.0,8.352721123948253e+18,20758003.0,550.0,2.0,2.0,4622821.0,1202.0,3758.0,3253.0,15185426.0,0.0
5564,1.0,1.4340390157469403e+19,9027858.0,23808.0,3.0,3.0,6360219.0,941655.0,37251.0,34513.0,1132320.0,0.0
5565,1.0,7.484333488664585e+18,21090281.0,34691.0,2.0,2.0,2.0,67.0,78.0,103.0,7393686.0,1.0
5566,2.0,1.205787899908646e+19,20222348.0,27961.0,2.0,2.0,1499.0,110.0,5100.0,2119.0,690578.0,1.0
5567,1.0,1.5583920834143244e+19,20970559.0,6017.0,2.0,2.0,3706.0,4605.0,5135.0,6051.0,626104.0,1.0
5568,1.0,4.022052751657998e+18,21372342.0,36495.0,2.0,1.0,11049043.0,234.0,15727.0,15324.0,6412502.0,1.0
5569,1.0,1.4600073692226415e+19,20665843.0,4004.0,2.0,1.0,4314.0,11775.0,41696.0,587.0,11940276.0,1.0
5570,2.0,1.1150087712396449e+18,3175170.0,4233.0,2.0,1.0,963003.0,6797.0,27385.0,25882.0,0.0,0.0
5571,1.0,2.4347563200652785e+18,20035892.0,29273.0,2.0,2.0,19.0,511.0,104.0,91.0,16796057.0,0.0
5572,1.0,3.4968217528800563e+18,21099052.0,26782.0,3.0,2.0,205549.0,1044.0,289608.0,258158.0,0.0,1.0
5573,1.0,1.3557133018779933e+19,20706014.0,34246.0,2.0,1.0,4.0,433.0,1264.0,71.0,10332475.0,0.0
5574,1.0,2.0840549143835784e+18,10403944.0,20881.0,3.0,3.0,971936.0,6461.0,19977.0,18140.0,331959.0,0.0
5575,1.0,7.484333488664585e+18,21209371.0,34691.0,1.0,1.0,2.0,11.0,71.0,93.0,22602670.0,1.0
5576,1.0,1.5772586986689348e+19,1964218.0,21153.0,3.0,1.0,3730972.0,50849.0,1566831.0,1361701.0,5317242.0,1.0
5577,1.0,7.953863969799817e+18,20197907.0,5058.0,2.0,2.0,34659.0,30741.0,5855.0,839.0,1934931.0,0.0
5578,1.0,1.5349556856043352e+19,21723632.0,36855.0,3.0,3.0,1729.0,58061.0,553.0,4604.0,1178990.0,0.0
5579,1.0,1.0189993640111104e+19,20705129.0,34127.0,2.0,1.0,1424833.0,10365.0,509712.0,59498.0,451873.0,1.0
5580,1.0,1.7741275671651385e+19,20170847.0,7357.0,2.0,2.0,278.0,1400.0,42608.0,45582.0,14746843.0,0.0
5581,1.0,1.0855617229560504e+19,4339731.0,20931.0,2.0,1.0,44818.0,3634.0,31139.0,4907.0,24950.0,1.0
5582,1.0,1.5989049276530887e+19,20314919.0,23830.0,2.0,1.0,5514.0,1544.0,64820.0,222.0,1596582.0,1.0
5583,1.0,4.8692858159735e+18,4386268.0,27341.0,3.0,2.0,5526777.0,7435.0,342.0,2597.0,186018.0,0.0
5584,1.0,8.99455707050858e+18,20030150.0,23799.0,2.0,1.0,1960.0,580.0,15.0,19.0,11137020.0,0.0
5585,2.0,1.4151367138752854e+19,21713692.0,28228.0,3.0,2.0,40786.0,4446.0,15239.0,94378.0,0.0,0.0
5586,1.0,1.205787899908646e+19,20163505.0,27961.0,2.0,1.0,573326.0,76.0,359.0,534.0,857043.0,1.0
5587,1.0,5.851252814446936e+18,20133093.0,28698.0,2.0,1.0,133.0,915.0,2814.0,3723.0,13312252.0,1.0
5588,1.0,1.205787899908646e+19,20157628.0,27961.0,3.0,3.0,0.0,0.0,7.0,14.0,9534971.0,0.0
5589,1.0,4.2981186814246446e+18,7820708.0,385.0,2.0,2.0,4532.0,8054.0,38815.0,48.0,5886996.0,1.0
5590,4.0,2.0021430589649848e+18,21353628.0,24124.0,3.0,1.0,20126.0,12754.0,190051.0,187698.0,0.0,0.0
5591,1.0,5.5111324610218e+18,4330050.0,10040.0,2.0,2.0,2894434.0,1147.0,4199.0,4332.0,1377732.0,0.0
5592,1.0,1.5774210463983825e+19,20893567.0,29983.0,1.0,1.0,22815245.0,516.0,11225.0,11180.0,0.0,1.0
5593,1.0,5.07990106805139e+18,4261844.0,25928.0,2.0,1.0,1766180.0,33116.0,33277.0,30932.0,0.0,0.0
5594,1.0,5.851252814446936e+18,21477562.0,28698.0,1.0,1.0,4450.0,13713.0,186226.0,88125.0,95736.0,0.0
5595,1.0,1.205787899908646e+19,20149093.0,27961.0,1.0,1.0,548.0,92.0,803.0,1209.0,1722002.0,0.0
5596,1.0,1.439243571784698e+19,21471646.0,37111.0,1.0,1.0,5548374.0,99731.0,255718.0,211919.0,0.0,0.0
5597,1.0,1.4340390157469403e+19,20640094.0,23808.0,2.0,2.0,2592460.0,2143.0,1614.0,1868.0,166087.0,0.0
5598,1.0,1.4531867648059392e+19,20446936.0,27482.0,1.0,1.0,849393.0,12590.0,32175.0,76.0,1736201.0,0.0
5599,3.0,1.4340390157469403e+19,20643975.0,23808.0,2.0,1.0,807846.0,1977.0,2118.0,2904.0,0.0,1.0
5600,1.0,5.745232374278799e+18,20667400.0,33914.0,2.0,2.0,667.0,32149.0,45976.0,56113.0,4006780.0,0.0
5601,5.0,1.1983960454051025e+19,4328839.0,17279.0,2.0,2.0,8.0,88.0,11121.0,5970.0,1103351.0,0.0
5602,2.0,5.260594170071819e+16,3048011.0,23782.0,1.0,1.0,275.0,761.0,484.0,735.0,5199506.0,1.0
5603,1.0,1.1046140217648155e+19,20711112.0,34166.0,2.0,2.0,11336715.0,4709.0,27932.0,20294.0,67697.0,1.0
5604,2.0,1.5860193830590669e+19,2878329.0,23777.0,1.0,1.0,5434.0,14761.0,21.0,22.0,14693047.0,1.0
5605,1.0,1.4340390157469403e+19,21163923.0,23808.0,2.0,2.0,331.0,1146.0,2591.0,37.0,14354041.0,0.0
5606,2.0,1.6716330505220809e+19,10391902.0,14103.0,2.0,2.0,3413207.0,4488.0,123348.0,228.0,789809.0,1.0
5607,2.0,1.205787899908646e+19,20147104.0,27961.0,1.0,1.0,1065470.0,104608.0,474045.0,395293.0,881864.0,1.0
5608,1.0,1.4340390157469403e+19,7113064.0,23777.0,1.0,1.0,7361.0,9168.0,9313.0,7473.0,10636796.0,1.0
5609,1.0,1.2972158645927619e+19,10409373.0,29128.0,2.0,1.0,2469.0,7843.0,81035.0,71969.0,130587.0,1.0
5610,14.0,3.7306253281194304e+17,3827183.0,23792.0,1.0,1.0,302299.0,2189.0,61.0,77.0,0.0,1.0
5611,1.0,1.595507548723284e+18,20187595.0,24362.0,1.0,1.0,155.0,420.0,560.0,3558.0,7184489.0,1.0
5612,1.0,1.578511299927674e+19,20908196.0,35088.0,2.0,2.0,0.0,0.0,2.0,5.0,16141894.0,0.0
5613,1.0,1.2427954896630129e+19,20425159.0,28182.0,2.0,1.0,11045586.0,1587.0,91315.0,39089.0,210449.0,1.0
5614,1.0,9.960178603418085e+18,10648050.0,29475.0,3.0,2.0,188430.0,252752.0,1878237.0,1977351.0,0.0,0.0
5615,4.0,1.6794704970244289e+19,5059561.0,26286.0,2.0,2.0,883.0,2703.0,303.0,5998.0,565947.0,1.0
5616,9.0,1.1020383486579003e+19,21191947.0,11171.0,3.0,1.0,70603.0,52225.0,516912.0,257178.0,0.0,1.0
5617,423.0,1.5632140892932542e+19,20882837.0,34953.0,2.0,1.0,787.0,6228.0,15857.0,9586.0,0.0,1.0
5618,2.0,1.4531867648059392e+19,3834142.0,27485.0,2.0,1.0,11.0,8.0,97.0,59.0,3607319.0,1.0
5619,1.0,1.3311343438192927e+19,3806502.0,23791.0,1.0,1.0,96.0,24.0,31.0,33.0,18630017.0,0.0
5620,1.0,1.3756257544627677e+19,8180514.0,24354.0,2.0,1.0,6455.0,424.0,2119.0,3128.0,15218774.0,1.0
5621,2.0,1.1458797015721509e+19,21967178.0,38250.0,3.0,2.0,1165.0,608.0,1445.0,807.0,0.0,1.0
5622,1.0,3.672146191748648e+18,21346566.0,36724.0,2.0,2.0,15624783.0,150.0,288.0,323.0,0.0,0.0
5623,1.0,8.335105002517451e+18,20441435.0,33524.0,1.0,1.0,4215.0,5725.0,14424.0,243.0,20690670.0,0.0
5624,1.0,7.143518654485987e+18,20393504.0,33093.0,1.0,1.0,805214.0,682.0,133.0,5632.0,225181.0,1.0
5625,1.0,1.4340390157469403e+19,9027637.0,23808.0,2.0,1.0,57.0,397.0,108.0,146.0,16588034.0,1.0
5626,1.0,8.710026386227672e+18,20187769.0,24362.0,1.0,1.0,7372.0,532.0,550.0,265.0,2844681.0,0.0
5627,1.0,9.662243402272995e+18,21273902.0,36286.0,2.0,1.0,1819779.0,1632.0,864.0,540.0,14241.0,1.0
5628,1.0,1.3676343896596736e+18,21400929.0,36897.0,2.0,2.0,20365.0,50.0,1006.0,578.0,3479943.0,0.0
5629,3.0,1.205787899908646e+19,20180629.0,27961.0,1.0,1.0,16778.0,34.0,624.0,832.0,0.0,0.0
5630,1.0,3.108748477409427e+18,21167635.0,35390.0,2.0,1.0,15385.0,24768.0,2571.0,1745.0,1575769.0,1.0
5631,2.0,4.855599153665009e+18,21514789.0,423.0,2.0,1.0,35999.0,5220.0,63102.0,731.0,250405.0,1.0
5632,1.0,4.968641645655362e+18,20966981.0,7674.0,2.0,1.0,46535.0,200524.0,884117.0,29937.0,5890744.0,1.0
5633,1.0,1.205787899908646e+19,20163214.0,27961.0,2.0,1.0,4562405.0,1754.0,1901.0,2389.0,1676037.0,1.0
5634,1.0,3.660542181808183e+18,1555003.0,302.0,1.0,1.0,50043.0,14908.0,100571.0,88345.0,2066469.0,1.0
5635,1.0,3.3696334856746706e+18,10613078.0,26244.0,1.0,1.0,784.0,1835.0,2170.0,1707.0,22561662.0,1.0
5636,1.0,2.316485537852451e+18,22100344.0,30026.0,3.0,1.0,8519464.0,18726.0,30462.0,28567.0,208621.0,0.0
5637,1.0,8.373195526595279e+18,20222351.0,2203.0,1.0,1.0,472.0,31324.0,155064.0,133003.0,797769.0,1.0
5638,1.0,1.1315908569713166e+19,20311134.0,18070.0,2.0,2.0,10416.0,3874.0,443.0,620.0,94217.0,0.0
5639,1.0,4.5945396790674017e+18,20687378.0,2568.0,2.0,1.0,4207.0,10263.0,21343.0,22457.0,4469287.0,1.0
5640,1.0,1.4756578758696272e+19,20717763.0,3625.0,2.0,1.0,10764299.0,35869.0,100234.0,90184.0,248469.0,1.0
5641,1.0,1.682665206743772e+19,4354085.0,24159.0,1.0,1.0,2289.0,256.0,194.0,276.0,20426785.0,1.0
5642,1.0,1.4340390157469403e+19,3207395.0,23777.0,1.0,1.0,17975001.0,21795.0,19607.0,18864.0,556318.0,0.0
5643,19.0,8.429269681940447e+18,20076441.0,8285.0,3.0,1.0,846476.0,200.0,10970.0,10960.0,0.0,0.0
5644,1.0,5.851252814446936e+18,20133093.0,28698.0,2.0,1.0,133.0,915.0,2814.0,3723.0,9030383.0,1.0
5645,1.0,1.6976068836763242e+19,20158522.0,27543.0,3.0,1.0,8.0,15.0,2282.0,18121.0,3440436.0,1.0
5646,1.0,1.6553394223500177e+19,4835910.0,2089.0,3.0,3.0,63321.0,34655.0,220807.0,186993.0,0.0,0.0
5647,1.0,1.1437885499763003e+19,20525570.0,33627.0,3.0,1.0,269.0,59.0,5658.0,5913.0,8173201.0,0.0
5648,1.0,8.848021695083077e+18,20066424.0,2387.0,3.0,3.0,169991.0,71.0,15009.0,193.0,81629.0,1.0
5649,1.0,1.4722228285687351e+19,20900471.0,18930.0,2.0,1.0,14357425.0,13621.0,571992.0,465217.0,1336040.0,1.0
5650,1.0,1.3810888228576528e+19,21339182.0,36627.0,2.0,1.0,409126.0,9314.0,170565.0,184997.0,0.0,1.0
5651,10.0,1.205787899908646e+19,20192901.0,27961.0,1.0,1.0,27040.0,6682.0,7521.0,16105.0,0.0,1.0
5652,4.0,2.6928596198512824e+18,4351094.0,2051.0,2.0,2.0,3862.0,61.0,170.0,249.0,5311056.0,0.0
5653,1.0,4.203081172173604e+18,4427011.0,28647.0,2.0,2.0,1531.0,7889.0,9308.0,10623.0,238438.0,1.0
5654,3.0,1.0773786357656998e+19,20715049.0,32942.0,1.0,1.0,19742565.0,67883.0,267133.0,266610.0,476168.0,0.0
5655,1.0,7.903914528320191e+18,21162424.0,1325.0,2.0,1.0,13979.0,28245.0,76555.0,78944.0,12326168.0,1.0
5656,1.0,1.3990112652234555e+19,20589180.0,33505.0,2.0,1.0,614.0,28629.0,209564.0,184136.0,3725066.0,0.0
5657,1.0,1.265502459667583e+17,21243951.0,36263.0,1.0,1.0,3769627.0,548.0,8817.0,179.0,593385.0,0.0
5658,2.0,1.3090221289647714e+19,20174985.0,23795.0,1.0,1.0,76.0,79.0,3.0,7.0,1496845.0,0.0
5659,1.0,1.5048523662019152e+19,20162708.0,32382.0,1.0,1.0,16687935.0,2558.0,122538.0,121551.0,20674818.0,0.0
5660,1.0,1.205787899908646e+19,20221059.0,27961.0,2.0,1.0,956.0,326.0,215.0,319.0,2034256.0,1.0
5661,1.0,1.0640182881678926e+19,21796545.0,37709.0,3.0,2.0,21632.0,51.0,958.0,512.0,0.0,0.0
5662,1.0,1.186222818905916e+19,20550266.0,32254.0,2.0,1.0,34934.0,3114.0,85332.0,77217.0,187384.0,1.0
5663,1.0,4.2981186814246446e+18,21866030.0,385.0,3.0,1.0,2860435.0,156018.0,500163.0,400490.0,5371901.0,1.0
5664,1.0,1.6718318332879909e+19,21271426.0,4983.0,1.0,1.0,65628.0,4568.0,5997.0,13695.0,502994.0,0.0
5665,2.0,1.0487381224704082e+19,4391306.0,19256.0,2.0,2.0,961081.0,19637.0,1297971.0,1030238.0,370125.0,0.0
5666,1.0,4.1286333491424783e+18,20975188.0,35306.0,2.0,2.0,2982.0,7185.0,14890.0,18494.0,4511197.0,1.0
5667,1.0,1.205787899908646e+19,20221012.0,27961.0,3.0,2.0,5381659.0,362.0,2391.0,2718.0,2607505.0,1.0
5668,1.0,3.874326764147005e+18,21090472.0,35465.0,2.0,1.0,12622585.0,11371.0,20715.0,8082.0,0.0,0.0
5669,1.0,1.3991216566165025e+19,20894147.0,34963.0,3.0,1.0,1724077.0,154790.0,1734603.0,1370167.0,0.0,0.0
5670,1.0,1.595507548723284e+18,20187587.0,24362.0,1.0,1.0,5725.0,8829.0,9473.0,1596.0,2559881.0,1.0
5671,1.0,1.7299638493773875e+18,9587096.0,23637.0,3.0,1.0,7574968.0,55330.0,598.0,227.0,0.0,0.0
5672,1.0,1.445280056686617e+19,10587781.0,29696.0,1.0,1.0,2575.0,279.0,372.0,468.0,22816090.0,0.0
5673,1.0,9.051232671280761e+18,20985475.0,29479.0,3.0,1.0,4124.0,22600.0,26220.0,10143.0,3973862.0,1.0
5674,2.0,1.205787899908646e+19,20157103.0,27961.0,1.0,1.0,9048898.0,33887.0,45852.0,49049.0,20068102.0,1.0
5675,1.0,7.803498973520802e+18,20025340.0,10497.0,2.0,2.0,2086161.0,9406.0,144560.0,144636.0,0.0,0.0
5676,1.0,1.6679778279547242e+19,21714419.0,37503.0,2.0,1.0,310620.0,3153.0,70805.0,63261.0,507816.0,1.0
5677,6.0,1.5145480155589095e+19,20888541.0,23807.0,1.0,1.0,7.0,5.0,5.0,11.0,23615836.0,0.0
5678,1.0,1.205787899908646e+19,20163161.0,27961.0,3.0,3.0,1358710.0,9869.0,46885.0,46237.0,0.0,0.0
5679,1.0,1.4433706419706933e+19,21953978.0,38104.0,2.0,2.0,5358874.0,144.0,8868.0,767.0,4948701.0,0.0
5680,1.0,5.260594170071819e+16,3048013.0,23782.0,1.0,1.0,9907.0,369.0,240.0,405.0,402009.0,1.0
5681,1.0,9.513138473390442e+18,20904404.0,18107.0,1.0,1.0,17943611.0,2053.0,321757.0,185511.0,2833046.0,0.0
5682,1.0,1.1315908569713166e+19,20311284.0,18070.0,2.0,1.0,13154867.0,4.0,512.0,696.0,0.0,0.0
5683,1.0,1.205787899908646e+19,20163111.0,27961.0,1.0,1.0,12657.0,3047.0,3687.0,4456.0,1009730.0,1.0
5684,1.0,1.4779372599199648e+19,20601313.0,2494.0,2.0,1.0,675222.0,60795.0,135822.0,1126.0,0.0,1.0
5685,2.0,1.205787899908646e+19,20192676.0,27961.0,2.0,2.0,11953341.0,715.0,5354.0,6240.0,0.0,0.0
5686,2.0,1.4340390157469403e+19,21360115.0,23777.0,2.0,2.0,289.0,6.0,574.0,158.0,14817437.0,0.0
5687,1.0,1.4340390157469403e+19,9027213.0,23808.0,2.0,1.0,1.0,1.0,0.0,0.0,2359600.0,0.0
5688,1.0,1.205787899908646e+19,20164568.0,27961.0,3.0,3.0,139595.0,7931.0,48521.0,48220.0,8699.0,0.0
5689,1.0,1.8263574281569872e+17,20589144.0,2421.0,3.0,2.0,395801.0,30327.0,174899.0,4667.0,0.0,0.0
5690,1.0,8.119057108691817e+18,20876635.0,34760.0,1.0,1.0,68.0,100.0,34.0,40.0,15861969.0,1.0
5691,1.0,4.2981186814246446e+18,7176125.0,385.0,3.0,1.0,114258.0,64453.0,78628.0,51053.0,0.0,0.0
5692,1.0,2.364607393400564e+18,21716137.0,36387.0,2.0,1.0,1716.0,926.0,194489.0,102756.0,11352617.0,1.0
5693,1.0,8.99455707050858e+18,20030151.0,23799.0,3.0,2.0,4.0,7.0,15.0,19.0,182770.0,0.0
5694,1.0,1.4340390157469403e+19,3107702.0,23777.0,2.0,1.0,3514434.0,10934.0,31832.0,29696.0,7284066.0,1.0
5695,1.0,3.223008811592938e+18,3617647.0,15532.0,2.0,2.0,7160.0,2773.0,9831.0,11353.0,1077746.0,0.0
5696,1.0,5.345544339361683e+18,5858719.0,23796.0,1.0,1.0,75.0,179.0,6.0,12.0,19477677.0,1.0
5697,1.0,7.903914528320191e+18,21162353.0,1325.0,2.0,2.0,3896377.0,649.0,1038.0,485.0,0.0,1.0
5698,9.0,3.583186794558268e+18,21402191.0,36906.0,1.0,1.0,13498.0,12805.0,21046.0,74959.0,0.0,1.0
5699,1.0,1.205787899908646e+19,20174623.0,27961.0,1.0,1.0,23399384.0,257.0,262.0,419.0,22073958.0,1.0
5700,1.0,1.4340390157469403e+19,20644045.0,23808.0,1.0,1.0,11204.0,2.0,1.0,3.0,12921258.0,1.0
5701,1.0,1.7048721173511748e+19,4288675.0,24162.0,2.0,2.0,15436363.0,4235.0,1456.0,1694.0,13993118.0,0.0
5702,1.0,1.665530914948281e+19,21210084.0,35941.0,2.0,2.0,44621.0,20188.0,32187.0,6500.0,0.0,1.0
5703,31.0,1.8425200088803072e+19,20033132.0,23790.0,2.0,1.0,928.0,598.0,27.0,29.0,0.0,1.0
5704,1.0,1.7380935734227162e+18,10612637.0,16860.0,2.0,1.0,533866.0,1670.0,38001.0,3877.0,608765.0,0.0
5705,1.0,1.205787899908646e+19,20192652.0,27961.0,1.0,1.0,22516134.0,607.0,3315.0,8508.0,119401.0,0.0
5706,1.0,4.958329080138619e+18,8666342.0,262.0,1.0,1.0,69972.0,20758.0,20673.0,19906.0,342378.0,0.0
5707,1.0,1.4340390157469403e+19,20640001.0,23808.0,1.0,1.0,121290.0,244.0,115.0,160.0,19226543.0,0.0
5708,1.0,1.578511299927674e+19,20908196.0,35088.0,3.0,2.0,0.0,0.0,2.0,5.0,8304653.0,0.0
5709,1.0,1.6742159257768634e+19,6779084.0,2218.0,3.0,1.0,221978.0,272783.0,1372665.0,1065443.0,250686.0,1.0
5710,1.0,5.468727571223081e+18,4226249.0,1381.0,2.0,1.0,140012.0,69.0,2459.0,2711.0,9375871.0,0.0
5711,1.0,7.277062081426791e+18,20920193.0,14700.0,2.0,1.0,336385.0,236460.0,494059.0,412214.0,600017.0,1.0
5712,1.0,4.2981186814246446e+18,21866029.0,385.0,1.0,1.0,1354587.0,173.0,300.0,410.0,502114.0,1.0
5713,1.0,1.1288378057162324e+19,20370465.0,879.0,2.0,2.0,387223.0,209475.0,2394246.0,1811418.0,5250527.0,1.0
5714,1.0,1.3055532161255512e+19,7461950.0,13179.0,2.0,2.0,31678.0,40625.0,1096580.0,944001.0,2253175.0,1.0
5715,1.0,8.246047717549859e+18,10356429.0,22928.0,1.0,1.0,217290.0,192768.0,2610408.0,2049443.0,4181147.0,1.0
5716,1.0,1.1121833691387079e+19,21134703.0,23807.0,3.0,1.0,2694.0,604.0,1590.0,8.0,47562.0,0.0
5717,1.0,3.672146191748648e+18,21346685.0,36724.0,2.0,2.0,4469985.0,142816.0,332958.0,985.0,45667.0,0.0
5718,1.0,1.4492523977312543e+19,21273103.0,36379.0,2.0,1.0,14460168.0,63539.0,91498.0,108842.0,5351682.0,0.0
5719,1.0,7.903914528320191e+18,21162521.0,1325.0,2.0,1.0,2810905.0,2119.0,22.0,23.0,3926480.0,1.0
5720,1.0,1.3742635301971245e+19,21345355.0,36687.0,2.0,2.0,116844.0,2779.0,117290.0,549.0,1264431.0,1.0
5721,1.0,1.205787899908646e+19,20192653.0,27961.0,1.0,1.0,22556383.0,3231.0,14491.0,16090.0,14789212.0,0.0
5722,1.0,1.526717023645375e+19,21016971.0,35081.0,2.0,1.0,12838394.0,859239.0,3466687.0,2712519.0,1090190.0,1.0
5723,1.0,1.7053489773160421e+19,20660148.0,33968.0,1.0,1.0,22488263.0,21276.0,57358.0,59519.0,50760.0,0.0
5724,1.0,1.6604442479597177e+19,8389378.0,11706.0,2.0,1.0,7948.0,15622.0,77616.0,78151.0,3718919.0,1.0
5725,1.0,1.4756578758696272e+19,22138814.0,3625.0,1.0,1.0,262.0,6478.0,5327.0,118.0,96819.0,1.0
5726,1.0,6.539424021056515e+18,3219149.0,23777.0,2.0,1.0,13765570.0,1618.0,57.0,72.0,0.0,0.0
5727,1.0,1.2951491554687855e+19,21139111.0,35487.0,3.0,2.0,7919342.0,3559.0,10872.0,9724.0,1785434.0,1.0
5728,1.0,1.205787899908646e+19,20180690.0,27961.0,1.0,1.0,5827.0,4097.0,10767.0,12852.0,14801.0,0.0
5729,1.0,7.903914528320191e+18,21162258.0,1325.0,2.0,1.0,14640539.0,9.0,2795.0,3058.0,0.0,0.0
5730,1.0,3.5885953601784837e+18,21359692.0,2564.0,1.0,1.0,812413.0,89263.0,600.0,907.0,0.0,0.0
5731,1.0,4.203081172173604e+18,20087225.0,28647.0,3.0,2.0,2109210.0,50041.0,111780.0,97798.0,6391786.0,0.0
5732,1.0,4.242948718502748e+18,20214576.0,29696.0,3.0,1.0,3130405.0,7329.0,5965.0,2582.0,0.0,1.0
5733,2.0,1.945672113938153e+18,21712924.0,37317.0,2.0,2.0,1.0,2478.0,1306.0,1161.0,323140.0,0.0
5734,1.0,1.3090221289647714e+19,20174985.0,23795.0,2.0,1.0,821.0,3709.0,3.0,7.0,8765248.0,1.0
5735,1.0,1.5989049276530887e+19,20314310.0,23824.0,2.0,1.0,403997.0,388761.0,859234.0,31.0,2254615.0,1.0
5736,2.0,1.205787899908646e+19,20183674.0,27961.0,1.0,1.0,336442.0,15468.0,22874.0,3738.0,959364.0,0.0
5737,2.0,9.991057275835721e+17,10870982.0,30428.0,3.0,1.0,3185.0,16024.0,19834.0,19079.0,1512571.0,0.0
5738,1.0,1.4340390157469403e+19,21360098.0,23777.0,2.0,2.0,11.0,8.0,416.0,473.0,11051849.0,0.0
5739,1.0,4.937464795735672e+16,21818567.0,2093.0,3.0,1.0,9674.0,35284.0,1153563.0,57371.0,829414.0,0.0
5740,1.0,3.1609360899619886e+18,21454540.0,37132.0,2.0,2.0,9327489.0,603.0,155822.0,133455.0,0.0,0.0
5741,1.0,1.4340390157469403e+19,3207527.0,23777.0,2.0,2.0,1308.0,5548.0,3752.0,4078.0,7447658.0,1.0
5742,1.0,7.803498973520802e+18,20104799.0,10497.0,3.0,3.0,1150072.0,105609.0,286513.0,247971.0,0.0,0.0
5743,1.0,1.6583435308151357e+18,21258143.0,2298.0,2.0,1.0,10891356.0,6818.0,19641.0,78143.0,5063078.0,0.0
5744,1.0,9.991057275835721e+17,10866957.0,30428.0,3.0,3.0,8143.0,194092.0,334039.0,274567.0,0.0,0.0
5745,1.0,1.5859647530187389e+19,4291071.0,23778.0,1.0,1.0,1.0,25.0,11.0,24.0,1240792.0,0.0
5746,1.0,1.3991216566165025e+19,21249811.0,34963.0,2.0,2.0,9061008.0,57858.0,355833.0,257638.0,0.0,0.0
5747,1.0,1.3756257544627677e+19,8350700.0,24035.0,2.0,1.0,55.0,195.0,6227.0,2400.0,6283726.0,0.0
5748,1.0,1.205787899908646e+19,20221382.0,27961.0,2.0,2.0,117878.0,102238.0,304824.0,256256.0,2231025.0,1.0
5749,2.0,1.4756578758696272e+19,21546170.0,3625.0,2.0,1.0,4239025.0,1195701.0,3068065.0,2397009.0,5670702.0,1.0
5750,1.0,1.3089328464596462e+19,21192184.0,11171.0,3.0,1.0,1138182.0,19306.0,76215.0,13649.0,0.0,0.0
5751,1.0,2.1957294574080543e+18,21748234.0,4218.0,1.0,1.0,8454686.0,759670.0,1968777.0,1637710.0,2272880.0,1.0
5752,1.0,9.167181650862944e+18,21487878.0,37330.0,3.0,3.0,1388300.0,406.0,1782.0,1405.0,0.0,0.0
5753,6.0,1.157123341427795e+19,4206043.0,12085.0,2.0,1.0,102117.0,91672.0,707274.0,588003.0,0.0,0.0
5754,2.0,1.099159647493597e+19,20900292.0,35011.0,3.0,1.0,3880265.0,33700.0,35052.0,887.0,0.0,0.0
5755,1.0,2.670952723278905e+18,20172874.0,23805.0,2.0,2.0,5.0,3.0,35.0,16.0,4602690.0,0.0
5756,1.0,5.5111324610218e+18,3853647.0,10040.0,2.0,2.0,8709688.0,63770.0,1385.0,1625.0,12313127.0,1.0
5757,3.0,1.205787899908646e+19,20163506.0,27961.0,1.0,1.0,861.0,74.0,119.0,186.0,17544983.0,0.0
5758,1.0,1.205787899908646e+19,20180687.0,27961.0,2.0,1.0,2755544.0,8704.0,62896.0,1201.0,0.0,1.0
5759,1.0,1.194581708171779e+19,8604988.0,12755.0,2.0,2.0,59404.0,43504.0,47536.0,160892.0,221281.0,0.0
5760,1.0,4.2981186814246446e+18,10759137.0,385.0,1.0,1.0,7343901.0,25111.0,23707.0,674.0,15134377.0,0.0
5761,1.0,9.906039987402797e+18,21713821.0,19433.0,2.0,1.0,90229.0,101635.0,410580.0,374342.0,1945.0,0.0
5762,1.0,1.3393518283442651e+19,4319995.0,799.0,2.0,2.0,4023042.0,353.0,212.0,330.0,15469436.0,0.0
5763,1.0,7.903914528320191e+18,21162350.0,1325.0,1.0,1.0,118921.0,168.0,320.0,932.0,1004651.0,0.0
5764,1.0,4.2981186814246446e+18,7826681.0,385.0,2.0,2.0,2804.0,23747.0,31484.0,48.0,266537.0,1.0
5765,1.0,1.3756257544627677e+19,8350725.0,24035.0,3.0,1.0,27629.0,20269.0,30285.0,98960.0,3494.0,0.0
5766,1.0,5.308285339368021e+18,2882248.0,23778.0,2.0,1.0,433006.0,593.0,216.0,320.0,0.0,0.0
5767,1.0,1.8425200088803072e+19,20033132.0,23790.0,1.0,1.0,42.0,1302.0,27.0,29.0,21915289.0,1.0
5768,2.0,1.205787899908646e+19,20174704.0,27961.0,1.0,1.0,33270.0,32876.0,38693.0,39608.0,9179535.0,0.0
5769,1.0,8.357823133451141e+18,22039575.0,21018.0,2.0,2.0,780186.0,97760.0,39617.0,17147.0,0.0,0.0
5770,1.0,9.174612709618086e+18,20000801.0,30156.0,3.0,2.0,7113731.0,57220.0,99115.0,208720.0,0.0,0.0
5771,1.0,1.4340390157469403e+19,3109132.0,23777.0,3.0,1.0,2616634.0,9056.0,14606.0,14299.0,0.0,0.0
5772,1.0,1.5989049276530887e+19,20314195.0,23823.0,2.0,1.0,5976.0,20485.0,22553.0,21536.0,3418298.0,0.0
5773,1.0,1.205787899908646e+19,20183674.0,27961.0,1.0,1.0,2955247.0,352761.0,975860.0,896492.0,14284960.0,0.0
5774,1.0,1.7378916553169437e+19,21156221.0,20855.0,3.0,2.0,1047387.0,32462.0,701.0,4416.0,3829887.0,0.0
5775,1.0,2.4127717961104635e+18,20067154.0,23781.0,2.0,2.0,5.0,3.0,8.0,1.0,593333.0,1.0
5776,1.0,9.004035880665279e+18,20595493.0,33800.0,1.0,1.0,4497.0,19240.0,34728.0,35156.0,17017979.0,1.0
5777,1.0,1.205787899908646e+19,20222696.0,27961.0,3.0,3.0,8332238.0,5165.0,295872.0,264050.0,340604.0,1.0
5778,7.0,1.5989049276530887e+19,20313520.0,23828.0,2.0,1.0,22994.0,100601.0,139717.0,140.0,4112641.0,1.0
5779,1.0,9.881207773436752e+18,4332980.0,23778.0,2.0,1.0,107926.0,22.0,13.0,21.0,1632538.0,0.0
5780,1.0,7.903914528320191e+18,21162251.0,1325.0,1.0,1.0,12088454.0,32297.0,66889.0,77355.0,0.0,0.0
5781,1.0,1.388181391131223e+19,21114185.0,35361.0,2.0,1.0,795882.0,3715.0,7433.0,7000.0,0.0,1.0
5782,1.0,1.205787899908646e+19,20161610.0,27961.0,2.0,2.0,11751766.0,20228.0,78954.0,84647.0,0.0,0.0
5783,1.0,1.717805808148279e+19,21822116.0,36884.0,2.0,1.0,15253386.0,24717.0,100800.0,66880.0,0.0,0.0
5784,1.0,2.837251504134271e+17,21260993.0,30105.0,1.0,1.0,1165.0,204.0,51377.0,72309.0,19164430.0,1.0
5785,5.0,1.4531867648059392e+19,6960866.0,27485.0,2.0,1.0,4108715.0,1634.0,110.0,889.0,828554.0,1.0
5786,1.0,2.6928596198512824e+18,4321431.0,2051.0,2.0,1.0,304.0,931.0,3647.0,3969.0,14273173.0,1.0
5787,1.0,4.696782904677008e+18,3178174.0,23790.0,1.0,1.0,7014078.0,56336.0,32.0,236.0,423922.0,0.0
5788,1.0,1.4531867648059392e+19,21781814.0,27482.0,1.0,1.0,5821.0,5252.0,3543.0,6.0,17080694.0,0.0
5789,1.0,1.4340390157469403e+19,21163928.0,23808.0,2.0,2.0,2854651.0,7581.0,12075.0,332.0,0.0,0.0
5790,2.0,4.4513056575718467e+18,21139978.0,7976.0,2.0,2.0,1945.0,909.0,137925.0,76370.0,0.0,1.0
5791,1.0,1.6393588321202457e+19,21382479.0,36797.0,3.0,1.0,14577.0,12869.0,374176.0,308086.0,199419.0,1.0
5792,1.0,5.120683440510468e+18,8676167.0,1268.0,3.0,1.0,7684320.0,1232.0,1222.0,1752.0,0.0,1.0
5793,1.0,8.802768287123155e+18,20871586.0,34758.0,2.0,2.0,1.0,18.0,42.0,47.0,7485368.0,0.0
5794,1.0,1.1379461126848995e+19,21480075.0,24354.0,2.0,1.0,3292794.0,11973.0,99976.0,905.0,580047.0,1.0
5795,1.0,1.6260772621026212e+19,21910149.0,37986.0,2.0,1.0,14758626.0,1006.0,20145.0,21181.0,0.0,0.0
5796,1.0,1.4116219366481588e+19,20574976.0,22595.0,2.0,1.0,15025283.0,63.0,2171527.0,1960698.0,12652619.0,0.0
5797,1.0,1.4340390157469403e+19,20643914.0,23808.0,2.0,1.0,525537.0,3466.0,500.0,9.0,1420592.0,1.0
5798,2.0,1.4340390157469403e+19,4468256.0,23777.0,1.0,1.0,23126555.0,2173.0,1532.0,1617.0,762049.0,0.0
5799,1.0,1.2658058876405023e+19,21134616.0,29684.0,3.0,1.0,207368.0,1177.0,6688.0,6612.0,5593736.0,1.0
5800,1.0,2.470253408587162e+18,21193219.0,35900.0,1.0,1.0,7.0,5.0,141.0,187.0,9949839.0,0.0
5801,1.0,1.205787899908646e+19,20192675.0,27961.0,2.0,2.0,15941930.0,10054.0,12763.0,14959.0,150876.0,1.0
5802,1.0,8.374971958388247e+18,3819353.0,4832.0,2.0,2.0,162341.0,613.0,1609.0,2133.0,221549.0,0.0
5803,1.0,1.077230928844858e+19,20705605.0,34202.0,2.0,2.0,371855.0,115123.0,1569123.0,1243200.0,318552.0,1.0
5804,1.0,1.5989049276530887e+19,20314804.0,23830.0,3.0,1.0,1174.0,4710.0,17994.0,222.0,10058599.0,1.0
5805,3.0,4.876702067173951e+17,20501785.0,24027.0,3.0,3.0,127699.0,68413.0,463539.0,377530.0,375.0,0.0
5806,1.0,9.196010022739865e+18,21134749.0,35687.0,2.0,1.0,9785.0,3646.0,1455893.0,1154266.0,5567474.0,1.0
5807,1.0,1.4340390157469403e+19,6435266.0,23777.0,2.0,2.0,122.0,7331.0,5337.0,5643.0,9464649.0,0.0
5808,1.0,3.4265101513450337e+18,10939649.0,26989.0,1.0,1.0,89097.0,31677.0,464619.0,431632.0,0.0,0.0
5809,1.0,3.672146191748648e+18,21346700.0,36724.0,2.0,2.0,10798544.0,9138.0,22864.0,26570.0,1232363.0,0.0
5810,1.0,1.3756257544627677e+19,8184894.0,24354.0,2.0,1.0,12695581.0,660.0,2203.0,2455.0,1591534.0,1.0
5811,1.0,7.903914528320191e+18,21162424.0,1325.0,2.0,1.0,4795.0,11946.0,32133.0,33788.0,12050355.0,1.0
5812,1.0,1.2492052901112949e+19,4378305.0,2260.0,3.0,1.0,5176.0,4997.0,32672.0,4004.0,703700.0,1.0
5813,1.0,1.203306359509442e+19,21955544.0,34674.0,1.0,1.0,4994.0,16369.0,52953.0,48045.0,107624.0,0.0
5814,1.0,1.103186554642774e+19,20967182.0,28733.0,2.0,2.0,130000.0,2990.0,6183.0,7203.0,9637540.0,0.0
5815,1.0,8.265651261671431e+18,20326404.0,16822.0,2.0,2.0,119766.0,8159.0,33746.0,34736.0,6021985.0,0.0
5816,1.0,8.598834672875647e+18,20606574.0,8854.0,3.0,1.0,8151255.0,509332.0,3861649.0,400192.0,0.0,0.0
5817,1.0,2.594274942001667e+18,21191425.0,35833.0,2.0,2.0,308.0,50.0,1711.0,894.0,6468071.0,0.0
5818,1.0,1.2869476132568216e+19,20945287.0,17630.0,2.0,1.0,848.0,4663.0,7961.0,8120.0,6546844.0,0.0
5819,1.0,5.851252814446936e+18,21477611.0,28698.0,1.0,1.0,925.0,1372.0,5269.0,5590.0,16648.0,1.0
5820,2.0,5.260594170071819e+16,3048011.0,23782.0,1.0,1.0,23085113.0,761.0,484.0,735.0,3978385.0,1.0
5821,1.0,1.2089732170889036e+19,20361194.0,4218.0,3.0,3.0,5423.0,11075.0,244.0,958.0,2505010.0,0.0
5822,1.0,9.004035880665279e+18,20595493.0,33800.0,3.0,2.0,11686.0,17048.0,19812.0,22583.0,7914091.0,1.0
5823,1.0,9.495878972188682e+18,10400310.0,29439.0,1.0,1.0,4460714.0,63.0,198.0,119.0,9999525.0,0.0
5824,1.0,6.472457727453447e+18,22183346.0,36858.0,3.0,1.0,172660.0,4145.0,746255.0,352798.0,1452309.0,0.0
5825,6.0,1.205787899908646e+19,20222970.0,27961.0,2.0,2.0,1032307.0,19331.0,29286.0,54204.0,0.0,0.0
5826,4.0,2.9274417732553446e+18,21340240.0,17108.0,1.0,1.0,231991.0,186493.0,2160308.0,17515.0,0.0,1.0
5827,1.0,7.903914528320191e+18,21162403.0,1325.0,2.0,1.0,2839.0,6725.0,15955.0,17475.0,11338048.0,1.0
5828,1.0,1.205787899908646e+19,20183538.0,27961.0,2.0,2.0,1675401.0,30997.0,60112.0,54366.0,0.0,0.0
5829,2.0,5.021665021762499e+18,4281833.0,2238.0,3.0,3.0,185418.0,42767.0,127997.0,119355.0,0.0,0.0
5830,1.0,5.468727571223081e+18,20003419.0,1381.0,2.0,1.0,31450.0,3258.0,3462.0,4142.0,223033.0,0.0
5831,1.0,4.144035774470012e+18,2683585.0,23064.0,2.0,1.0,2271.0,4617.0,675.0,707.0,10304982.0,1.0
5832,1.0,1.5989049276530887e+19,20314205.0,23823.0,2.0,1.0,4206.0,4725.0,12159.0,12049.0,13863856.0,1.0
5833,1.0,1.4340390157469403e+19,9027213.0,23808.0,2.0,1.0,1.0,1.0,0.0,0.0,5269800.0,1.0
5834,2.0,1.0835185696930497e+19,20902096.0,24185.0,3.0,1.0,552763.0,1072.0,43942.0,44456.0,0.0,0.0
5835,2.0,1.595507548723284e+18,20187668.0,24362.0,2.0,2.0,748923.0,51827.0,65726.0,138326.0,85553.0,0.0
5836,1.0,1.6891725730444182e+19,21520693.0,37383.0,2.0,1.0,11059967.0,26505.0,364996.0,36453.0,162731.0,0.0
5837,3.0,1.092798684029836e+19,4215723.0,6037.0,1.0,1.0,3761703.0,128622.0,325351.0,275898.0,691566.0,1.0
5838,1.0,1.205787899908646e+19,20192676.0,27961.0,1.0,1.0,71901.0,9820.0,40217.0,378.0,1469676.0,0.0
5839,1.0,4.2981186814246446e+18,3705754.0,385.0,2.0,2.0,184779.0,298056.0,589450.0,485782.0,2810975.0,0.0
5840,1.0,1.4340390157469403e+19,3110734.0,23777.0,2.0,1.0,86.0,64.0,121.0,170.0,12794935.0,0.0
5841,1.0,9.673833282278828e+18,10404803.0,29532.0,1.0,1.0,165364.0,43745.0,77033.0,29841.0,10818534.0,0.0
5842,1.0,7.903914528320191e+18,21162254.0,1325.0,2.0,2.0,5179878.0,1358.0,9507.0,13882.0,2223697.0,1.0
5843,1.0,1.249451517382105e+19,4430962.0,7894.0,2.0,2.0,73683.0,318053.0,25504.0,24420.0,38648.0,0.0
5844,1.0,1.1952262061131227e+19,21417916.0,36938.0,1.0,1.0,2249438.0,215.0,249237.0,206780.0,0.0,1.0
5845,1.0,1.4340390157469403e+19,21163924.0,23808.0,2.0,2.0,123.0,129.0,2096.0,62.0,1991676.0,0.0
5846,1.0,7.09896999443857e+18,21329870.0,21053.0,2.0,1.0,408607.0,41951.0,112988.0,54770.0,0.0,0.0
5847,1.0,7.903914528320191e+18,21162432.0,1325.0,1.0,1.0,26139467.0,20176.0,35471.0,36164.0,849875.0,0.0
5848,1.0,6.561076208560099e+18,21327146.0,36607.0,1.0,1.0,16592366.0,20672.0,22832.0,315.0,22288412.0,1.0
5849,1.0,3.858745227068633e+18,20592705.0,33776.0,2.0,1.0,517.0,2217.0,2832.0,3186.0,12752079.0,1.0
5850,1.0,1.205787899908646e+19,20148759.0,27961.0,2.0,1.0,12165615.0,6385.0,14490.0,8951.0,44513.0,0.0
5851,1.0,2.4347563200652785e+18,20035892.0,29273.0,2.0,1.0,433117.0,1818.0,104.0,91.0,764318.0,0.0
5852,1.0,1.2837504198869455e+19,21947171.0,30627.0,2.0,1.0,7883637.0,1158.0,144255.0,124195.0,9965089.0,1.0
5853,2.0,1.4779372599199648e+19,20601293.0,2494.0,1.0,1.0,482933.0,279265.0,923.0,546.0,0.0,0.0
5854,1.0,1.4340390157469403e+19,3126443.0,23777.0,1.0,1.0,4027592.0,13899.0,23758.0,22548.0,1118194.0,0.0
5855,54.0,1.5989049276530887e+19,20314944.0,23830.0,2.0,2.0,353.0,2472.0,9220.0,222.0,0.0,1.0
5856,1.0,1.205787899908646e+19,20170556.0,27961.0,1.0,1.0,284.0,64.0,184.0,1427.0,20458548.0,0.0
5857,1.0,1.3616247906704456e+19,20881053.0,21102.0,2.0,1.0,9071216.0,95701.0,680573.0,2899.0,0.0,0.0
5858,9.0,1.4340390157469403e+19,9027213.0,23808.0,2.0,1.0,1.0,1.0,0.0,0.0,805905.0,1.0
5859,1.0,1.7334027609384952e+18,21132056.0,11584.0,1.0,1.0,46614.0,10811.0,17453.0,13621.0,10750244.0,0.0
5860,1.0,1.5145480155589095e+19,21130287.0,23807.0,2.0,1.0,249.0,120.0,391.0,8.0,159475.0,1.0
5861,1.0,1.841489264235657e+19,21222500.0,36185.0,2.0,2.0,12877183.0,7319.0,780624.0,627041.0,5731730.0,1.0
5862,1.0,1.4340390157469403e+19,9027213.0,23808.0,2.0,1.0,1.0,1.0,0.0,0.0,12777722.0,0.0
5863,1.0,5.589649412465737e+18,21123481.0,35035.0,1.0,1.0,2258.0,738.0,945.0,42.0,8182699.0,1.0
5864,1.0,1.246232894783424e+19,21119271.0,35616.0,3.0,1.0,2536601.0,419.0,18381.0,22994.0,0.0,0.0
5865,1.0,1.7299638493773875e+18,9585571.0,23637.0,2.0,2.0,17.0,32.0,306.0,155.0,3080222.0,0.0
5866,1.0,1.5145480155589095e+19,20888595.0,23807.0,3.0,1.0,23.0,48.0,5.0,11.0,2260824.0,1.0
5867,1.0,1.7363854844105064e+19,20017078.0,23798.0,1.0,1.0,205754.0,12855.0,4.0,11912.0,3857648.0,0.0
5868,2.0,6.304301414549714e+18,9124316.0,2560.0,2.0,1.0,66752.0,432.0,762.0,1061.0,6614354.0,1.0
5869,1.0,7.903914528320191e+18,21162526.0,1325.0,3.0,1.0,15.0,10.0,24.0,25.0,4966008.0,1.0
5870,1.0,1.0415456433791711e+19,1168669.0,2827.0,2.0,1.0,15506900.0,80.0,2780.0,3180.0,984487.0,0.0
5871,1.0,6.399024617856669e+18,21299608.0,36491.0,3.0,3.0,1434247.0,1526.0,107719.0,282.0,5072322.0,1.0
5872,1.0,2.6928596198512824e+18,4330200.0,2051.0,1.0,1.0,707.0,3678.0,6295.0,4774.0,3469855.0,1.0
5873,1.0,1.0726002060893145e+19,20036558.0,23800.0,1.0,1.0,127.0,49.0,44.0,75.0,10659463.0,0.0
5874,1.0,1.7537770627114689e+19,21339960.0,36662.0,2.0,2.0,2804.0,26899.0,288.0,323.0,6410248.0,1.0
5875,1.0,1.2114412275207148e+19,4381524.0,27320.0,2.0,2.0,2735237.0,26606.0,69095.0,47799.0,0.0,0.0
5876,1.0,1.3304911424394945e+19,20961075.0,24685.0,2.0,2.0,1023.0,471.0,2535.0,868.0,239760.0,0.0
5877,1.0,1.205787899908646e+19,20183785.0,27961.0,2.0,1.0,9881749.0,102.0,161.0,244.0,0.0,1.0
5878,1.0,1.3284296803534027e+19,21205110.0,22042.0,2.0,2.0,417854.0,57622.0,1922014.0,91645.0,1321224.0,1.0
5879,1.0,1.130902570404585e+19,22002401.0,38263.0,3.0,2.0,3.0,105.0,64.0,163.0,10345567.0,0.0
5880,2.0,1.7363854844105064e+19,20017082.0,23798.0,2.0,2.0,80454.0,1071.0,832.0,1028.0,11122586.0,0.0
5881,1.0,1.3416878294870458e+19,3066490.0,23786.0,1.0,1.0,17966073.0,375.0,246.0,115.0,0.0,1.0
5882,1.0,1.7773447404475077e+19,20952042.0,27603.0,2.0,2.0,4154728.0,1184.0,259766.0,254747.0,140116.0,0.0
5883,2.0,1.5725567830008504e+19,21134381.0,33296.0,2.0,2.0,50188.0,70.0,1217.0,3575.0,0.0,0.0
5884,1.0,1.0821299788101059e+19,10795376.0,674.0,2.0,2.0,12789583.0,7941.0,38209.0,687.0,26484.0,0.0
5885,1.0,1.2902129976731994e+19,3067652.0,23785.0,1.0,1.0,23194287.0,1885.0,13152.0,181.0,21789140.0,1.0
5886,1.0,1.5536745146689828e+18,20083853.0,23780.0,2.0,1.0,4585.0,2385.0,114.0,154.0,9398331.0,1.0
5887,1.0,5.260594170071819e+16,3048011.0,23782.0,1.0,1.0,7149.0,747.0,698.0,215.0,698863.0,1.0
5888,1.0,3.7306253281194304e+17,3827183.0,23792.0,1.0,1.0,4705.0,3344.0,61.0,77.0,3224877.0,1.0
5889,1.0,5.851252814446936e+18,20141112.0,28698.0,2.0,1.0,86629.0,22280.0,460460.0,403533.0,0.0,1.0
5890,1.0,1.205787899908646e+19,22212123.0,29951.0,1.0,1.0,18188472.0,1092.0,27890.0,26370.0,0.0,0.0
5891,1.0,1.0080430211743812e+19,20687158.0,34122.0,3.0,3.0,1273.0,117.0,26563.0,704.0,1303927.0,0.0
5892,1.0,1.7299638493773875e+18,9585571.0,23637.0,2.0,1.0,17.0,32.0,306.0,155.0,15315573.0,0.0
5893,1.0,5.260594170071819e+16,3048011.0,23782.0,1.0,1.0,275.0,761.0,484.0,735.0,20533069.0,1.0
5894,1.0,1.6399364599287648e+19,10797499.0,922.0,1.0,1.0,12537.0,3857.0,4623.0,1007.0,4272639.0,1.0
5895,2.0,1.2591304309598136e+18,4270877.0,8097.0,2.0,2.0,62788.0,26455.0,295425.0,88854.0,3803906.0,1.0
5896,1.0,1.4340390157469403e+19,21163925.0,23808.0,2.0,1.0,10389976.0,293387.0,994892.0,148.0,14412552.0,1.0
5897,2.0,1.1150235265387772e+18,21835435.0,37480.0,1.0,1.0,499525.0,393139.0,1082153.0,696985.0,0.0,1.0
5898,2.0,2.4127717961104635e+18,20067152.0,23781.0,1.0,1.0,905.0,4661.0,8.0,1.0,1743004.0,0.0
5899,1.0,1.0487429021452035e+18,21343575.0,8479.0,1.0,1.0,1104.0,6965.0,22519.0,25815.0,4561467.0,1.0
5900,1.0,5.120683440510468e+18,8676727.0,1268.0,3.0,2.0,1054157.0,71875.0,103418.0,13.0,0.0,0.0
5901,1.0,9.187819620593032e+18,2819203.0,7382.0,3.0,2.0,92606.0,90.0,7512.0,9796.0,0.0,0.0
5902,1.0,1.4340390157469403e+19,9027213.0,23808.0,1.0,1.0,35.0,1.0,0.0,0.0,17984289.0,1.0
5903,1.0,1.4340390157469403e+19,10229179.0,23808.0,2.0,1.0,17403.0,14692.0,16193.0,256.0,3534519.0,1.0
5904,1.0,7.903914528320191e+18,21162550.0,1325.0,2.0,2.0,68738.0,503.0,3261.0,10359.0,1497903.0,1.0
5905,1.0,1.3573694575168276e+19,2522872.0,17648.0,2.0,2.0,4699061.0,25373.0,798987.0,797973.0,12914.0,1.0
5906,1.0,1.4756578758696272e+19,20715824.0,3625.0,2.0,1.0,317957.0,24048.0,69696.0,68425.0,1969942.0,1.0
5907,1.0,2.6928596198512824e+18,4212764.0,2051.0,2.0,2.0,120.0,30.0,163.0,56.0,1492898.0,1.0
5908,1.0,1.205787899908646e+19,20163487.0,27961.0,1.0,1.0,2741710.0,727.0,1117.0,1523.0,1627579.0,1.0
5909,1.0,5.39106729149704e+18,21100198.0,35535.0,3.0,1.0,1325.0,204.0,32816.0,1151.0,9666614.0,0.0
5910,7.0,1.4340390157469403e+19,6434934.0,23777.0,1.0,1.0,258764.0,14.0,10.0,17.0,0.0,1.0
5911,1.0,1.4340390157469403e+19,3063598.0,23777.0,3.0,1.0,466521.0,206418.0,848177.0,674616.0,1561857.0,1.0
5912,1.0,5.468727571223081e+18,20003332.0,1381.0,2.0,1.0,2240.0,3222.0,416197.0,46520.0,5951972.0,1.0
5913,1.0,7.121934934366596e+18,20929895.0,33662.0,3.0,3.0,15482.0,6655.0,745766.0,255613.0,689688.0,0.0
5914,1.0,7.360279425078247e+18,20788616.0,30195.0,3.0,1.0,5668522.0,2030.0,9705.0,30417.0,563053.0,0.0
5915,1.0,1.205787899908646e+19,20192652.0,27961.0,2.0,1.0,91229.0,2279.0,8198.0,17307.0,1807486.0,1.0
5916,1.0,4.2981186814246446e+18,7829194.0,385.0,3.0,2.0,552844.0,159214.0,262271.0,3821.0,0.0,0.0
5917,1.0,1.2838762443592323e+18,20757974.0,34160.0,2.0,1.0,34022.0,185007.0,632560.0,12570.0,4673610.0,1.0
5918,2.0,2.670952723278905e+18,20172874.0,23805.0,2.0,2.0,5.0,114.0,134.0,16.0,5406970.0,0.0
5919,1.0,1.6249354450388718e+19,20745529.0,34540.0,2.0,1.0,364763.0,26749.0,491497.0,134616.0,2745.0,0.0
5920,1.0,1.4340390157469403e+19,3109028.0,23777.0,2.0,2.0,1818.0,1904.0,2706.0,2965.0,715456.0,1.0
5921,1.0,2.6009916479816904e+18,21822282.0,37492.0,2.0,1.0,21.0,12.0,265.0,3020.0,7694460.0,1.0
5922,1.0,7.903914528320191e+18,20623363.0,2012.0,2.0,2.0,50007.0,4876.0,10318.0,229.0,7584444.0,1.0
5923,1.0,1.7196987450064022e+19,21415631.0,36962.0,3.0,1.0,44573.0,473.0,4465.0,4857.0,494131.0,0.0
5924,1.0,5.51947666935741e+18,20936272.0,26266.0,2.0,1.0,12796185.0,108778.0,89829.0,43714.0,12196423.0,1.0
5925,1.0,1.4340390157469403e+19,21163921.0,23808.0,1.0,1.0,789.0,437.0,1493.0,39.0,9713535.0,0.0
5926,1.0,1.569083990533624e+19,21483547.0,37283.0,2.0,2.0,2395.0,2231.0,12608.0,12464.0,464633.0,0.0
5927,1.0,4.192533441706128e+18,20148789.0,2533.0,3.0,1.0,6113511.0,6826.0,11004.0,11627.0,446982.0,0.0
5928,1.0,1.726475602755735e+19,20666013.0,34128.0,2.0,1.0,14642016.0,9537.0,64120.0,21522.0,3253824.0,1.0
5929,2.0,8.18014951841799e+18,21212152.0,36091.0,2.0,2.0,2529271.0,38408.0,79110.0,80231.0,2056034.0,0.0
5930,1.0,1.3742635301971245e+19,21345296.0,36687.0,1.0,1.0,35151.0,15432.0,445660.0,431.0,23646928.0,0.0
5931,1.0,7.903914528320191e+18,20869505.0,2010.0,1.0,1.0,207473.0,110.0,267.0,85.0,259974.0,1.0
5932,1.0,1.205787899908646e+19,20192676.0,27961.0,2.0,2.0,6.0,4.0,60.0,205.0,257994.0,0.0
5933,1.0,8.134264174510893e+18,1610015.0,1268.0,2.0,1.0,387156.0,193.0,3907.0,6688.0,11253.0,0.0
5934,1.0,9.3378920674551e+18,9824427.0,14392.0,3.0,2.0,665863.0,347630.0,2338849.0,1909678.0,3901443.0,1.0
5935,1.0,7.158881796980826e+18,21525403.0,37365.0,1.0,1.0,20317.0,171298.0,453251.0,3604.0,9599096.0,1.0
5936,1.0,1.1923373762349988e+19,3621952.0,10509.0,2.0,1.0,816242.0,533813.0,1277137.0,1161100.0,332440.0,1.0
5937,1.0,1.4340390157469403e+19,20643970.0,23808.0,3.0,2.0,38.0,20.0,9.0,9.0,909752.0,0.0
5938,1.0,3.823702657028056e+18,10615050.0,23649.0,2.0,1.0,7603792.0,10576.0,22825.0,25598.0,0.0,0.0
5939,3.0,9.75107224858461e+18,10937884.0,29713.0,2.0,2.0,4785.0,499.0,20563.0,19769.0,97365.0,1.0
5940,1.0,1.7840702976215355e+19,20009924.0,7244.0,2.0,2.0,129.0,384.0,1026.0,1217.0,9825247.0,1.0
5941,2.0,4.8692858159735e+18,10959330.0,27341.0,3.0,1.0,2040542.0,4795.0,6612.0,2597.0,0.0,0.0
5942,1.0,1.7414446823271944e+19,21967059.0,38189.0,3.0,2.0,71843.0,12307.0,1049252.0,24022.0,8093958.0,1.0
5943,1.0,7.142644197552396e+18,20273663.0,32674.0,2.0,1.0,13778823.0,3251.0,20387.0,4663.0,1370935.0,1.0
5944,1.0,1.205787899908646e+19,20183781.0,27961.0,1.0,1.0,2456.0,4505.0,3935.0,4307.0,9507416.0,0.0
5945,3.0,1.1750633790945196e+19,21474012.0,34536.0,3.0,2.0,104470.0,3969.0,126.0,8537.0,0.0,0.0
5946,1.0,6.55022984632161e+18,4391488.0,8017.0,2.0,1.0,37411.0,31903.0,115678.0,395483.0,2250696.0,0.0
5947,1.0,1.0531200227160347e+19,9019855.0,16779.0,2.0,2.0,129497.0,202468.0,224.0,738689.0,0.0,0.0
5948,1.0,3.7906150158105697e+18,4419085.0,14558.0,2.0,2.0,6829858.0,28617.0,26771.0,25322.0,0.0,0.0
5949,1.0,1.6171386009622512e+19,21119276.0,35665.0,1.0,1.0,1080.0,640.0,3014.0,2559.0,9338890.0,0.0
5950,4.0,1.1624066761054958e+19,3373964.0,5962.0,1.0,1.0,378.0,1109.0,171.0,217.0,182109.0,1.0
5951,3601.0,5.260594170071819e+16,3048011.0,23782.0,1.0,1.0,5413.0,965.0,605.0,215.0,0.0,1.0
5952,1.0,5.468727571223081e+18,21400836.0,1381.0,2.0,1.0,2190756.0,7110.0,55730.0,42348.0,9082797.0,1.0
5953,1.0,1.6294078431385895e+19,21215678.0,14289.0,2.0,2.0,2945.0,2810.0,15401.0,22167.0,6736002.0,0.0
5954,1.0,1.1315908569713166e+19,20311333.0,18070.0,2.0,2.0,23.0,48.0,807.0,1195.0,2761567.0,0.0
5955,7.0,7.546605610976305e+17,3741193.0,7455.0,3.0,3.0,223029.0,120384.0,1291948.0,904856.0,0.0,0.0
5956,1.0,1.4340390157469403e+19,20644007.0,23808.0,3.0,1.0,229370.0,530.0,309.0,333.0,10712637.0,1.0
5957,1.0,7.041933894562209e+18,21313319.0,36456.0,3.0,3.0,8499.0,7693.0,125102.0,22675.0,1034828.0,0.0
5958,1.0,5.497402316540119e+18,21464747.0,37086.0,3.0,2.0,44126.0,230.0,3525.0,341.0,2089087.0,1.0
5959,1.0,4.945098023753992e+18,10770404.0,30157.0,1.0,1.0,19283783.0,596.0,144.0,2102.0,1808016.0,0.0
5960,5.0,1.1332813870391036e+19,21220087.0,24411.0,3.0,2.0,81351.0,7807.0,57940.0,3339.0,4880.0,0.0
5961,1.0,1.4340390157469403e+19,10110295.0,23808.0,2.0,2.0,47010.0,374.0,744.0,43.0,122739.0,0.0
5962,1.0,1.6024529692286857e+19,21729298.0,21307.0,2.0,2.0,658.0,3745.0,14407.0,1202.0,14419553.0,0.0
5963,1.0,1.136372424770545e+19,21096340.0,30405.0,2.0,2.0,972712.0,23.0,3347.0,3859.0,2011708.0,1.0
5964,1.0,6.306604626543082e+18,21019008.0,35424.0,3.0,1.0,139094.0,13849.0,31160.0,25204.0,1384589.0,1.0
5965,1.0,1.1164199168954257e+19,21312666.0,28421.0,1.0,1.0,4969.0,10325.0,13385.0,4554.0,6497461.0,0.0
5966,1.0,1.4415681608498106e+19,21194514.0,34292.0,2.0,1.0,2073.0,3851.0,5195.0,5524.0,7015845.0,1.0
5967,1.0,2.1115975172883315e+18,21189823.0,35100.0,3.0,2.0,835.0,2011.0,631.0,830.0,4216784.0,1.0
5968,1.0,3.010475069228332e+18,21259995.0,35824.0,3.0,1.0,6164.0,533.0,4807.0,5874.0,1193785.0,1.0
5969,1.0,7.180889801071672e+18,20762946.0,34510.0,2.0,1.0,13323654.0,2464.0,439991.0,404116.0,188839.0,1.0
5970,1.0,1.217055884821344e+19,22158160.0,38778.0,3.0,2.0,6549838.0,374.0,157701.0,2331.0,86214.0,0.0
5971,1.0,9.991057275835721e+17,20389703.0,30428.0,1.0,1.0,91378.0,166773.0,287943.0,237118.0,0.0,0.0
5972,1.0,1.4340390157469403e+19,10335635.0,23808.0,2.0,1.0,44614.0,2099.0,1460.0,144.0,3802386.0,1.0
5973,8.0,1.0886090726356115e+19,21751485.0,2220.0,3.0,2.0,7436.0,4392.0,25452.0,24085.0,0.0,1.0
5974,1.0,7.063154296769774e+18,20418740.0,33500.0,2.0,2.0,50929.0,3691.0,125325.0,876.0,1652622.0,0.0
5975,1.0,2.608525037448634e+18,21233574.0,36226.0,1.0,1.0,10802939.0,8279.0,37585.0,783.0,11854619.0,0.0
5976,1.0,1.9908161544255846e+18,2912157.0,19556.0,2.0,1.0,8.0,15.0,5723.0,6880.0,12501706.0,1.0
5977,1.0,4.799016207578835e+18,21251106.0,35913.0,2.0,1.0,90870.0,14710.0,46225.0,28559.0,7408390.0,0.0
5978,11.0,3.558787559009577e+18,21926671.0,38024.0,2.0,1.0,2501.0,3538.0,167740.0,143241.0,0.0,1.0
5979,1.0,1.5145480155589095e+19,20888595.0,23807.0,1.0,1.0,23.0,48.0,5.0,11.0,343638.0,1.0
5980,1.0,1.4340390157469403e+19,10110407.0,23808.0,1.0,1.0,15613.0,2619.0,2258.0,10.0,108209.0,1.0
5981,1.0,1.4340390157469403e+19,20644045.0,23808.0,1.0,1.0,22922.0,2.0,1.0,3.0,6781381.0,1.0
5982,2.0,8.374909699888823e+18,4341632.0,10861.0,2.0,2.0,6181971.0,4595.0,246071.0,219740.0,2194732.0,0.0
5983,1.0,9.102118953715763e+18,4303755.0,13140.0,1.0,1.0,1658.0,35379.0,4187.0,39140.0,152410.0,0.0
5984,32.0,1.3742635301971245e+19,21345206.0,36687.0,2.0,2.0,145.0,29.0,51414.0,308.0,0.0,1.0
5985,1.0,1.263444496635344e+19,4077031.0,11812.0,1.0,1.0,19258071.0,95778.0,244891.0,239751.0,0.0,0.0
5986,2.0,1.4340390157469403e+19,4407965.0,23808.0,2.0,1.0,1053839.0,4808.0,3247.0,926.0,0.0,0.0
5987,1.0,1.3810888228576528e+19,21339196.0,36627.0,3.0,3.0,716.0,1925.0,168497.0,356149.0,0.0,1.0
5988,1.0,1.205787899908646e+19,20180224.0,27961.0,3.0,1.0,12859.0,14709.0,110172.0,98398.0,4586589.0,1.0
5989,1.0,1.4531867648059392e+19,21780560.0,27482.0,1.0,1.0,1366290.0,97255.0,135095.0,6.0,1295574.0,0.0
5990,2.0,1.205787899908646e+19,20222567.0,27961.0,2.0,2.0,10411.0,3795.0,3556.0,4187.0,1523389.0,0.0
5991,1.0,1.3676343896596736e+18,21400929.0,36897.0,1.0,1.0,3727.0,1426.0,14486.0,111.0,18039036.0,0.0
5992,1.0,2.670952723278905e+18,20172890.0,23805.0,2.0,2.0,16112.0,73.0,304.0,16.0,0.0,1.0
5993,1.0,7.391531180177239e+18,20691773.0,34245.0,2.0,1.0,7927514.0,32512.0,207593.0,1411.0,151157.0,0.0
5994,1.0,1.4340390157469403e+19,3110597.0,23777.0,2.0,1.0,87309.0,330.0,154.0,226.0,6217247.0,1.0
5995,4.0,6.093818683681955e+18,22126504.0,37952.0,3.0,1.0,14755.0,8655.0,39937.0,36763.0,303689.0,1.0
5996,1.0,5.589649412465737e+18,20950716.0,35067.0,2.0,1.0,637.0,6657.0,6157.0,42.0,11761850.0,0.0
5997,1.0,5.851252814446936e+18,20599634.0,28698.0,1.0,1.0,18035795.0,383512.0,2921677.0,1732653.0,1667780.0,1.0
5998,1.0,6.265544988354663e+18,20668514.0,854.0,2.0,1.0,9911833.0,979180.0,3482929.0,2635980.0,5593458.0,1.0
5999,1.0,1.4340390157469403e+19,9027575.0,23808.0,3.0,3.0,512176.0,562.0,173.0,252.0,10481524.0,1.0
6000,1.0,1.7509127536650932e+19,10854269.0,10890.0,1.0,1.0,14464939.0,625.0,906.0,880.0,9400560.0,1.0
6001,1.0,1.205787899908646e+19,20203709.0,27961.0,2.0,2.0,67.0,158.0,83.0,109.0,146262.0,1.0
6002,1.0,1.6424016382219692e+19,21157409.0,3648.0,3.0,1.0,3457758.0,22255.0,257227.0,244913.0,0.0,0.0
6003,1.0,1.5989049276530887e+19,20314350.0,23824.0,2.0,1.0,3439.0,10850.0,22718.0,31.0,16112091.0,1.0
6004,1.0,8.500522684193181e+18,20325929.0,32984.0,2.0,1.0,3415140.0,90572.0,254945.0,232482.0,14371063.0,1.0
6005,1.0,2.772771105567122e+18,4256462.0,13883.0,2.0,1.0,892556.0,21828.0,81369.0,101543.0,0.0,1.0
6006,1.0,1.7092886344565673e+18,20960406.0,35105.0,3.0,2.0,1699.0,6331.0,30220.0,28962.0,8972443.0,0.0
6007,2.0,5.336377794177265e+18,21969375.0,7553.0,2.0,1.0,320061.0,1012.0,3803.0,31876.0,0.0,1.0
6008,2.0,3.6213144195345005e+17,21866239.0,37156.0,2.0,1.0,4812.0,8497.0,214818.0,2239.0,762.0,0.0
6009,1.0,1.089356239829434e+19,20202868.0,879.0,2.0,1.0,372683.0,130.0,7069.0,435.0,4611235.0,1.0
6010,1.0,2.4127717961104635e+18,20066504.0,23781.0,1.0,1.0,20227949.0,18814.0,8.0,1.0,6006638.0,0.0
6011,3.0,1.3090221289647714e+19,20174982.0,23795.0,1.0,1.0,663600.0,67486.0,3.0,7.0,17626895.0,1.0
6012,1.0,1.205787899908646e+19,20110166.0,27961.0,2.0,1.0,747134.0,232401.0,1215262.0,1058790.0,1837997.0,1.0
6013,1.0,5.589649412465737e+18,21460360.0,35035.0,1.0,1.0,83.0,249.0,16132.0,232.0,201680.0,1.0
6014,2.0,4.2981186814246446e+18,3700987.0,385.0,2.0,2.0,412834.0,612466.0,1542639.0,1309450.0,25284.0,0.0
6015,1.0,2.733857070874651e+18,4326260.0,16640.0,2.0,2.0,1477293.0,7951.0,24111.0,22852.0,53079.0,1.0
6016,1.0,1.2087370743524798e+19,20603677.0,9304.0,3.0,3.0,2993200.0,599792.0,2180694.0,2528714.0,0.0,0.0
6017,1.0,8.335105002517451e+18,20582549.0,33524.0,3.0,2.0,4.0,56.0,51.0,129.0,61679.0,1.0
6018,2.0,1.0919064709912023e+19,2967152.0,1000.0,1.0,1.0,2693.0,573.0,1548.0,3300.0,12542315.0,0.0
6019,1.0,1.578511299927674e+19,20908196.0,35088.0,2.0,2.0,0.0,0.0,2.0,5.0,4547925.0,0.0
6020,1.0,1.4340390157469403e+19,21163923.0,23808.0,2.0,2.0,63556.0,4367.0,16155.0,34.0,1374524.0,1.0
6021,1.0,4.3945255389402655e+18,10404502.0,10794.0,2.0,1.0,4762.0,7325.0,5183.0,3460.0,5469213.0,1.0
6022,1.0,1.4772922191189284e+18,10869170.0,30420.0,2.0,1.0,3221834.0,26529.0,38338.0,37835.0,0.0,1.0
6023,1.0,6.228784066129291e+18,4269457.0,1998.0,2.0,2.0,36839.0,15540.0,43873.0,40330.0,4410088.0,0.0
6024,1.0,1.5989049276530887e+19,20273380.0,23824.0,3.0,1.0,1743.0,5538.0,10351.0,31.0,4719317.0,1.0
6025,1.0,1.4340390157469403e+19,21360101.0,23777.0,2.0,2.0,737299.0,231647.0,7337.0,727.0,0.0,0.0
6026,1.0,1.205787899908646e+19,20185461.0,27961.0,2.0,2.0,13918190.0,232.0,325.0,506.0,0.0,0.0
6027,1.0,7.903914528320191e+18,21162526.0,1325.0,1.0,1.0,64.0,10.0,22.0,23.0,7196307.0,1.0
6028,1.0,1.1363457806790746e+19,20137552.0,26278.0,3.0,1.0,141.0,57.0,124.0,176.0,9974508.0,0.0
6029,85.0,1.3731822326624662e+19,21119276.0,35665.0,2.0,2.0,566.0,640.0,2942.0,3563.0,0.0,1.0
6030,1.0,1.5989049276530887e+19,20311750.0,23824.0,2.0,1.0,3052.0,2297.0,31186.0,31.0,11674203.0,0.0
6031,2.0,1.3991216566165025e+19,20893551.0,34963.0,2.0,2.0,267251.0,63471.0,572458.0,392914.0,0.0,0.0
6032,1.0,4.410674818748975e+18,21725404.0,36541.0,3.0,3.0,966391.0,207.0,8816.0,4178.0,3832255.0,0.0
6033,1.0,1.747484747591359e+19,21714133.0,37448.0,2.0,2.0,11716876.0,1476.0,21652.0,41622.0,0.0,1.0
6034,1.0,1.4952606566645522e+19,1996236.0,11777.0,2.0,1.0,8116473.0,1642.0,4516.0,4490.0,82259.0,0.0
6035,1.0,1.2611010400425636e+19,6912105.0,27499.0,2.0,2.0,2487032.0,5553.0,94552.0,83286.0,1620887.0,0.0
6036,1.0,2.1115975172883315e+18,21167205.0,35100.0,2.0,1.0,566672.0,618.0,961.0,1171.0,155404.0,0.0
6037,1.0,1.205787899908646e+19,20185439.0,27961.0,2.0,2.0,44.0,27.0,192.0,292.0,4354221.0,0.0
6038,1.0,1.1243521181800204e+19,21021732.0,35398.0,2.0,1.0,582.0,3932.0,5498.0,13072.0,4908825.0,1.0
6039,2.0,1.4340390157469403e+19,3107748.0,23777.0,2.0,2.0,5277178.0,14301.0,132551.0,150477.0,1561081.0,1.0
6040,4.0,1.4340390157469403e+19,21163923.0,23808.0,1.0,1.0,1779537.0,8457.0,15962.0,37.0,0.0,1.0
6041,1.0,1.4340390157469403e+19,9027213.0,23808.0,3.0,1.0,1.0,1.0,0.0,0.0,604692.0,0.0
6042,1.0,1.4340390157469403e+19,3063407.0,23777.0,2.0,1.0,255199.0,85879.0,201064.0,169815.0,7199450.0,0.0
6043,1.0,9.012990428506736e+18,4250498.0,116.0,3.0,3.0,79778.0,15041.0,44479.0,10443.0,197473.0,0.0
6044,1.0,1.4340390157469403e+19,21163924.0,23808.0,1.0,1.0,78677.0,90.0,1651.0,67.0,3023073.0,0.0
6045,1.0,1.2096553073524529e+18,10400787.0,12006.0,2.0,2.0,4594956.0,14749.0,26015.0,24597.0,0.0,1.0
6046,2.0,1.5455746947201999e+19,2137362.0,19513.0,2.0,1.0,8.0,15.0,3533.0,2845.0,15927828.0,0.0
6047,1.0,1.3090221289647714e+19,20174985.0,23795.0,1.0,1.0,31.0,135.0,3.0,7.0,15367731.0,1.0
6048,1.0,1.4340390157469403e+19,20640001.0,23808.0,1.0,1.0,15927.0,244.0,115.0,160.0,22550902.0,0.0
6049,1.0,1.4170743816979116e+19,3923549.0,1998.0,2.0,2.0,354589.0,17724.0,1793.0,378152.0,0.0,0.0
6050,1.0,2.1957294574080543e+18,20341167.0,4218.0,2.0,1.0,32729.0,42497.0,4933.0,4524.0,14776611.0,1.0
6051,7.0,1.1784801450693761e+19,4234480.0,7264.0,2.0,1.0,134102.0,18118.0,17978.0,10569.0,0.0,1.0
6052,1.0,1.8237933458413375e+19,21967535.0,37155.0,1.0,1.0,7048193.0,611.0,932059.0,188331.0,12658.0,0.0
6053,1.0,1.41925449278508e+19,21343300.0,10969.0,2.0,2.0,546083.0,651704.0,3936266.0,39723.0,68055.0,0.0
6054,1.0,1.5145480155589095e+19,21968652.0,23807.0,2.0,1.0,127549.0,9186.0,151534.0,129532.0,308942.0,0.0
6055,1.0,1.4340390157469403e+19,3064891.0,23777.0,2.0,2.0,5151.0,6216.0,28968.0,27220.0,393152.0,1.0
6056,1.0,1.4340390157469403e+19,9027448.0,23808.0,1.0,1.0,298.0,202.0,56.0,68.0,29006.0,1.0
6057,1.0,1.3756257544627677e+19,20587938.0,24354.0,3.0,3.0,27020.0,454.0,533.0,709.0,4608617.0,1.0
6058,1.0,1.4340390157469403e+19,9027213.0,23808.0,1.0,1.0,1.0,1.0,0.0,0.0,1185455.0,1.0
6059,1.0,8.624410930658001e+18,21164028.0,20853.0,1.0,1.0,23049134.0,156354.0,255732.0,122718.0,0.0,1.0
6060,1.0,2.6928596198512824e+18,4321470.0,2051.0,2.0,1.0,58.0,151.0,475.0,626.0,552380.0,0.0
6061,1.0,1.8224086249867991e+19,21417598.0,8493.0,1.0,1.0,16753493.0,1043334.0,3178776.0,2486794.0,0.0,0.0
6062,1.0,3.1756196348312545e+18,4341504.0,17299.0,3.0,1.0,171.0,126.0,118175.0,103245.0,1541204.0,1.0
6063,1.0,8.134264174510893e+18,10950950.0,1268.0,2.0,1.0,40607.0,26072.0,106258.0,2.0,1241881.0,1.0
6064,1.0,2.6928596198512824e+18,4321472.0,2051.0,2.0,1.0,241.0,740.0,1912.0,2166.0,4307036.0,1.0
6065,1.0,1.2246593748590672e+19,2781798.0,7324.0,2.0,1.0,2487.0,2259.0,22032.0,21078.0,11385365.0,0.0
6066,1.0,8.848021695083077e+18,20287136.0,2387.0,1.0,1.0,24474732.0,175282.0,433116.0,7830.0,3007941.0,0.0
6067,1.0,1.205787899908646e+19,20185489.0,27961.0,2.0,1.0,5929.0,55.0,75.0,108.0,4178339.0,1.0
6068,2.0,3.9389783431856097e+18,6455429.0,20789.0,1.0,1.0,1646041.0,96771.0,132827.0,131828.0,0.0,1.0
6069,1.0,4.713858016704855e+18,1958993.0,17508.0,2.0,1.0,73410.0,72432.0,125010.0,183496.0,88946.0,0.0
6070,1.0,8.848021695083077e+18,20073728.0,2387.0,2.0,2.0,1668688.0,2791.0,32613.0,34320.0,83717.0,0.0
6071,1.0,1.1751890852108218e+19,6575428.0,23801.0,1.0,1.0,2419.0,8551.0,238.0,2010.0,17379266.0,1.0
6072,1.0,1.7313255053256755e+19,4362703.0,843.0,2.0,1.0,1380141.0,743.0,4994.0,2196.0,0.0,1.0
6073,1.0,1.4340390157469403e+19,3060533.0,23777.0,2.0,1.0,53193.0,15436.0,40045.0,36847.0,13473668.0,1.0
6074,1.0,5.260594170071819e+16,3048011.0,23782.0,1.0,1.0,213664.0,1419.0,933.0,1226.0,17012897.0,1.0
6075,1.0,1.9249597086182638e+18,21406123.0,36941.0,2.0,1.0,38597.0,150403.0,780816.0,614238.0,501713.0,1.0
6076,1.0,1.4340390157469403e+19,9027549.0,23808.0,2.0,2.0,10362697.0,27.0,14.0,18.0,963113.0,0.0
6077,1.0,7.455366139119306e+18,21239855.0,36248.0,2.0,2.0,152.0,772.0,19289.0,16946.0,1200780.0,0.0
6078,1.0,4.231570301299196e+18,4299976.0,20836.0,1.0,1.0,13569686.0,34427.0,109560.0,188873.0,421126.0,0.0
6079,1.0,1.3736473979320947e+19,21426829.0,4778.0,2.0,1.0,14821.0,8703.0,253459.0,13389.0,13064288.0,1.0
6080,1.0,1.4340390157469403e+19,21163921.0,23808.0,2.0,1.0,260.0,51.0,337.0,38.0,702114.0,0.0
6081,2.0,8.134264174510893e+18,10950986.0,1268.0,3.0,3.0,10222.0,6604.0,18369.0,2.0,1392.0,0.0
6082,1.0,1.4340390157469403e+19,9027213.0,23808.0,3.0,1.0,1.0,1.0,0.0,0.0,5271764.0,1.0
6083,1.0,1.4340390157469403e+19,9027027.0,23808.0,1.0,1.0,1309.0,4284.0,2489.0,2737.0,23293724.0,0.0
6084,1.0,1.5145480155589095e+19,22072969.0,23807.0,3.0,1.0,5667422.0,4219.0,73092.0,65023.0,0.0,1.0
6085,1.0,8.797475995675113e+18,20317745.0,33066.0,2.0,1.0,8281.0,449.0,633.0,803.0,16017890.0,1.0
6086,1.0,1.4340390157469403e+19,6434934.0,23777.0,1.0,1.0,142.0,14.0,10.0,17.0,22423949.0,1.0
6087,1.0,1.3569379387617704e+19,21401997.0,36853.0,1.0,1.0,4456145.0,108761.0,396257.0,326090.0,947245.0,1.0
6088,1.0,6.095780829628938e+18,21233588.0,36260.0,2.0,2.0,173.0,29.0,4786.0,4266.0,15995553.0,1.0
6089,1.0,1.4340390157469403e+19,3109470.0,23777.0,2.0,1.0,1908943.0,3338.0,7439.0,7607.0,827311.0,1.0
6090,1.0,2.4127717961104635e+18,20067139.0,23781.0,1.0,1.0,85.0,133.0,8.0,1.0,23750602.0,1.0
6091,1.0,8.99455707050858e+18,20030165.0,23799.0,2.0,1.0,1988.0,231.0,199.0,316.0,6597001.0,1.0
6092,1.0,1.205787899908646e+19,20174779.0,27961.0,1.0,1.0,18958320.0,381.0,874.0,1123.0,0.0,0.0
6093,1.0,6.879613387390751e+18,21161202.0,28376.0,2.0,2.0,439494.0,1004.0,26447.0,25010.0,0.0,0.0
6094,1.0,1.205787899908646e+19,20192676.0,27961.0,2.0,2.0,10572383.0,623.0,2755.0,3523.0,13995295.0,0.0
6095,2.0,1.3756257544627677e+19,8350700.0,24035.0,2.0,1.0,55.0,195.0,1151.0,737.0,1595100.0,1.0
6096,1.0,3.6320829963532314e+18,21488237.0,37284.0,3.0,3.0,60763.0,4946.0,25066.0,23756.0,69010.0,0.0
6097,1.0,1.4340390157469403e+19,9027773.0,23808.0,2.0,2.0,165414.0,82978.0,6661.0,6883.0,0.0,0.0
6098,1.0,1.4340390157469403e+19,21360124.0,23777.0,2.0,1.0,811274.0,803.0,12919.0,3907.0,1946261.0,0.0
6099,1.0,1.7335528865005988e+19,4394396.0,7884.0,3.0,2.0,220597.0,5164.0,10144.0,11138.0,308752.0,0.0
6100,1.0,5.17059581273531e+18,4367699.0,19472.0,3.0,2.0,173231.0,1885.0,78221.0,85225.0,388151.0,0.0
6101,1.0,5.742389997330723e+18,4402245.0,8555.0,3.0,2.0,5338164.0,3641.0,14421.0,8079.0,434038.0,0.0
6102,4.0,4.2981186814246446e+18,3706215.0,385.0,2.0,2.0,1717495.0,555645.0,1615066.0,1328587.0,1035712.0,1.0
6103,1.0,1.0077122932051026e+19,21219787.0,2154.0,3.0,1.0,2798631.0,538147.0,3509422.0,17847.0,0.0,0.0
6104,1.0,1.6425016580746103e+19,4356409.0,8399.0,2.0,1.0,1219.0,15626.0,13547.0,21810.0,14224347.0,1.0
6105,1.0,7.903914528320191e+18,21162522.0,1325.0,1.0,1.0,337678.0,2721.0,22.0,23.0,34802.0,0.0
6106,1.0,1.389898619961782e+19,21129857.0,35568.0,2.0,2.0,10956435.0,5476.0,13171.0,16521.0,1458391.0,1.0
6107,1.0,1.4340390157469403e+19,9027637.0,23808.0,1.0,1.0,250.0,586.0,108.0,146.0,1647844.0,1.0
6108,2.0,1.099159647493597e+19,20020355.0,591.0,1.0,1.0,12437.0,5874.0,34249.0,8395.0,1072223.0,0.0
6109,1.0,1.7726715653219592e+19,21163892.0,9785.0,1.0,1.0,7886654.0,153.0,412.0,133.0,3937925.0,0.0
6110,3.0,4.493614734112401e+18,9800244.0,6034.0,2.0,1.0,413060.0,53648.0,4961.0,126198.0,193786.0,1.0
6111,1.0,3.2573948693518597e+18,20687878.0,27838.0,3.0,3.0,381164.0,1434.0,150727.0,145919.0,601809.0,1.0
6112,3.0,1.5253108637314435e+19,20800610.0,34140.0,2.0,1.0,3002.0,1384.0,70399.0,40074.0,15978.0,1.0
6113,1.0,5.260594170071819e+16,3048013.0,23782.0,1.0,1.0,66619.0,6719.0,4678.0,885.0,12282128.0,1.0
6114,1.0,3.0099647630329375e+18,4393420.0,2580.0,1.0,1.0,22354345.0,546.0,2741.0,2067.0,1581999.0,0.0
6115,1.0,2.4347563200652785e+18,20119827.0,29273.0,1.0,1.0,4388522.0,155616.0,577.0,757.0,0.0,0.0
6116,1.0,1.055896696863167e+19,4405323.0,14724.0,3.0,1.0,2581.0,446.0,33656.0,5904.0,649309.0,0.0
6117,1.0,1.1121833691387079e+19,21156859.0,23807.0,2.0,1.0,3314.0,4131.0,8325.0,8.0,5014128.0,0.0
6118,1.0,1.5989049276530887e+19,20314652.0,23828.0,1.0,1.0,23365.0,85975.0,113442.0,140.0,21543570.0,1.0
6119,1.0,1.0358000177924415e+19,10793262.0,25361.0,3.0,3.0,2265173.0,19803.0,98730.0,84136.0,0.0,0.0
6120,1.0,1.5349556856043352e+19,22098389.0,36855.0,1.0,1.0,120974.0,305553.0,190.0,1737.0,23072511.0,0.0
6121,1.0,8.134264174510893e+18,10593093.0,1268.0,3.0,3.0,3826198.0,2333.0,5349.0,2.0,552999.0,0.0
6122,1.0,9.75107224858461e+18,10850151.0,29713.0,2.0,1.0,8314.0,4226.0,9482.0,13135.0,4333125.0,0.0
6123,1.0,5.254058357720631e+18,10616124.0,25725.0,1.0,1.0,21612040.0,113324.0,168814.0,173839.0,759406.0,0.0
6124,1.0,5.851252814446936e+18,21478247.0,28698.0,2.0,1.0,4115.0,2830.0,56960.0,23341.0,7102685.0,1.0
6125,1.0,1.4756578758696272e+19,20715074.0,3625.0,2.0,2.0,839.0,17933.0,17589.0,14673.0,15010600.0,0.0
6126,1.0,1.4340390157469403e+19,4450414.0,23777.0,1.0,1.0,24046.0,41511.0,142730.0,122882.0,0.0,0.0
6127,1.0,1.570947928247294e+19,20588401.0,33692.0,2.0,2.0,15846124.0,959.0,1350.0,1817.0,0.0,0.0
6128,1.0,7.903914528320191e+18,21162262.0,1325.0,3.0,2.0,6222275.0,46.0,785.0,1593.0,0.0,0.0
6129,1.0,1.682665206743772e+19,4354085.0,24159.0,1.0,1.0,7967.0,256.0,194.0,276.0,20206454.0,1.0
6130,1.0,9.279176529507936e+18,10673571.0,23649.0,2.0,1.0,1674739.0,43767.0,95885.0,31448.0,1162317.0,1.0
6131,1.0,1.205787899908646e+19,20180590.0,27961.0,3.0,1.0,321773.0,173315.0,441528.0,377183.0,0.0,1.0
6132,2.0,1.6231969211832777e+19,21760480.0,37223.0,1.0,1.0,3399359.0,32487.0,177094.0,150910.0,0.0,1.0
6133,1.0,9.573487645018952e+18,1973400.0,1339.0,3.0,3.0,1502143.0,258.0,1400.0,2003.0,0.0,0.0
6134,1.0,2.4347563200652785e+18,21173726.0,29273.0,2.0,2.0,1437.0,1928.0,169.0,69.0,2948107.0,0.0
6135,1.0,1.5145480155589095e+19,21183710.0,23807.0,1.0,1.0,2975385.0,869.0,406.0,8.0,36159.0,0.0
6136,1.0,1.445280056686617e+19,10961601.0,29696.0,2.0,1.0,15282608.0,112920.0,376056.0,326749.0,923550.0,0.0
6137,82.0,3.033267520282205e+18,20111423.0,32311.0,3.0,1.0,32692.0,13391.0,48713.0,31942.0,0.0,1.0
6138,1.0,7.903914528320191e+18,21162526.0,1325.0,2.0,1.0,15.0,10.0,22.0,23.0,6215390.0,0.0
6139,2.0,1.205787899908646e+19,20147157.0,27961.0,1.0,1.0,2637833.0,221.0,165.0,269.0,2974655.0,1.0
6140,1.0,7.82707398506013e+18,10869418.0,30450.0,1.0,1.0,924455.0,323651.0,672662.0,612895.0,0.0,0.0
6141,1.0,1.5989049276530887e+19,20313555.0,23824.0,3.0,2.0,1853.0,5793.0,15681.0,31.0,974469.0,1.0
6142,1.0,1.034946865176566e+19,21522776.0,37422.0,3.0,1.0,0.0,0.0,12.0,4.0,9967580.0,0.0
6143,1.0,1.7248755108316783e+19,20325333.0,10040.0,3.0,1.0,1649426.0,23605.0,21811.0,24100.0,0.0,0.0
6144,1.0,7.903914528320191e+18,20869436.0,2010.0,2.0,1.0,871.0,344.0,1110.0,85.0,4993369.0,1.0
6145,1.0,1.7299638493773875e+18,9583748.0,23637.0,2.0,2.0,2486980.0,2148.0,3996.0,185.0,6663238.0,0.0
6146,1.0,1.205787899908646e+19,20192652.0,27961.0,3.0,1.0,7309218.0,8775.0,23810.0,378.0,2689678.0,1.0
6147,1.0,9.65169183523457e+18,21481307.0,37202.0,2.0,2.0,6058.0,262.0,50773.0,46320.0,4084827.0,0.0
6148,1.0,5.745232374278799e+18,20667417.0,33914.0,1.0,1.0,181369.0,134240.0,872816.0,30370.0,0.0,0.0
6149,1.0,1.3090221289647714e+19,20174982.0,23795.0,2.0,1.0,4466.0,2437.0,3.0,7.0,5253348.0,1.0
6150,1.0,1.136372424770545e+19,21221224.0,30405.0,2.0,1.0,20459.0,26778.0,316942.0,389048.0,1344904.0,1.0
6151,1.0,4.945098023753992e+18,10767056.0,30157.0,2.0,2.0,28235.0,22578.0,144.0,340.0,5401791.0,0.0
6152,1.0,9.951063479368546e+18,21339282.0,36663.0,3.0,3.0,89.0,87.0,10469.0,502.0,131441.0,0.0
6153,1.0,8.99455707050858e+18,20030165.0,23799.0,2.0,1.0,19.0,28.0,41.0,52.0,14026773.0,1.0
6154,1.0,6.651767444124581e+18,21488073.0,36993.0,2.0,1.0,13569412.0,6594.0,511738.0,416120.0,872892.0,1.0
6155,2.0,2.137528403495601e+18,20218301.0,23801.0,3.0,1.0,197.0,114.0,48.0,58.0,105218.0,1.0
6156,1.0,5.313783616197782e+18,20699989.0,34336.0,3.0,2.0,6418797.0,42701.0,626487.0,544065.0,0.0,0.0
6157,1.0,1.0468467911880278e+19,20952393.0,854.0,1.0,1.0,21792315.0,27669.0,164778.0,60953.0,19463842.0,0.0
6158,2.0,1.4340390157469403e+19,3110990.0,23777.0,1.0,1.0,10989.0,1913.0,1360.0,1601.0,2469993.0,1.0
6159,2.0,1.1945298859485911e+19,21094247.0,35463.0,1.0,1.0,450.0,3679.0,2385.0,192.0,1075887.0,1.0
6160,1.0,1.136372424770545e+19,20124692.0,30405.0,2.0,1.0,12085.0,13194.0,48433.0,49228.0,628214.0,0.0
6161,1.0,8.134264174510893e+18,10593096.0,1268.0,2.0,2.0,10444406.0,132.0,89049.0,638.0,798834.0,0.0
6162,1.0,8.718971903532905e+18,20896650.0,35075.0,2.0,1.0,56505.0,5454.0,139.0,201.0,3631441.0,0.0
6163,4.0,1.4140300435418186e+18,21246154.0,1502.0,2.0,1.0,254742.0,10.0,113.0,153.0,0.0,1.0
6164,1.0,1.4340390157469403e+19,6434912.0,23777.0,2.0,1.0,1355.0,16.0,36.0,44.0,8132265.0,1.0
6165,1.0,1.205787899908646e+19,20163507.0,27961.0,3.0,3.0,1875300.0,69562.0,117655.0,104317.0,1456870.0,1.0
6166,1.0,6.074941304825951e+18,20663840.0,34062.0,2.0,2.0,12566.0,3430.0,82633.0,414.0,2720609.0,0.0
6167,3.0,1.4340390157469403e+19,9027213.0,23808.0,2.0,1.0,5.0,1.0,0.0,0.0,10849110.0,1.0
6168,3.0,1.0498407902855231e+19,21878948.0,37600.0,3.0,3.0,1418042.0,386701.0,1900834.0,3119.0,0.0,0.0
6169,1.0,3.834517231696973e+18,20846520.0,2291.0,3.0,2.0,1770635.0,83004.0,276995.0,230363.0,0.0,1.0
6170,2.0,1.2178998317479303e+19,2330255.0,17566.0,1.0,1.0,1256566.0,187.0,25964.0,24541.0,1822240.0,1.0
6171,1.0,1.5989049276530887e+19,20314310.0,23824.0,2.0,1.0,756.0,2270.0,5495.0,31.0,2145024.0,0.0
6172,1.0,8.99455707050858e+18,20030165.0,23799.0,3.0,1.0,134.0,73.0,122.0,180.0,471800.0,1.0
6173,1.0,4.2981186814246446e+18,21866030.0,385.0,3.0,1.0,5785006.0,172.0,2022.0,2232.0,144420.0,1.0
6174,3.0,1.9952917878195843e+18,20388868.0,29479.0,2.0,1.0,11646.0,47609.0,8046.0,938.0,4460575.0,1.0
6175,1.0,7.903914528320191e+18,21162263.0,1325.0,1.0,1.0,21677926.0,1168.0,2098.0,3541.0,0.0,0.0
6176,1.0,3.010475069228332e+18,21487965.0,35824.0,2.0,1.0,380370.0,12496.0,26219.0,24750.0,315890.0,1.0
6177,1.0,1.1458797015721509e+19,21967178.0,38250.0,3.0,2.0,4863.0,608.0,1623.0,807.0,1948.0,0.0
6178,1.0,6.147790640203314e+18,21287579.0,35204.0,2.0,1.0,142651.0,5463.0,9546.0,810.0,9554285.0,0.0
6179,3.0,1.7363854844105064e+19,20017082.0,23798.0,2.0,1.0,3540.0,819.0,716.0,918.0,344834.0,0.0
6180,2.0,2.6928596198512824e+18,4291742.0,2051.0,1.0,1.0,358407.0,77863.0,6434.0,63.0,3390036.0,0.0
6181,1.0,7.903914528320191e+18,21162420.0,1325.0,2.0,2.0,5549.0,15206.0,45079.0,45092.0,16234189.0,1.0
6182,1.0,1.205787899908646e+19,20192903.0,27961.0,2.0,2.0,982.0,2.0,82.0,275.0,293912.0,0.0
6183,1.0,7.803498973520802e+18,20075768.0,10497.0,2.0,1.0,757921.0,443030.0,1305630.0,1147693.0,75197.0,1.0
6184,1.0,1.3756257544627677e+19,21103916.0,24354.0,2.0,1.0,16748.0,6000.0,41064.0,19725.0,2366948.0,1.0
6185,1.0,4.774481492345202e+18,21431123.0,36540.0,3.0,1.0,1137.0,343.0,6888.0,5403.0,2073671.0,1.0
6186,3.0,4.2981186814246446e+18,2932392.0,385.0,3.0,3.0,3505554.0,57481.0,67965.0,61031.0,2757862.0,0.0
6187,1.0,4.492185564121211e+18,21386241.0,36828.0,3.0,3.0,3046285.0,343197.0,1546579.0,4074.0,156550.0,1.0
6188,1.0,8.323416633313459e+18,21449292.0,36135.0,3.0,3.0,133422.0,393.0,17610.0,17041.0,1159072.0,1.0
6189,1.0,1.4340390157469403e+19,10397447.0,23808.0,2.0,1.0,13.0,21.0,16.0,15.0,4169560.0,1.0
6190,1.0,1.4347859242938208e+19,21717679.0,33931.0,2.0,2.0,38723.0,32351.0,213139.0,268801.0,27024.0,1.0
6191,1.0,1.147957373620592e+19,21164100.0,24130.0,2.0,2.0,1622.0,3027.0,13510.0,5916.0,34517.0,1.0
6192,1.0,1.4347859242938208e+19,21022176.0,33931.0,2.0,2.0,185115.0,29398.0,56681.0,1721.0,3885326.0,1.0
6193,1.0,1.4340390157469403e+19,21163921.0,23808.0,2.0,1.0,13183145.0,1392.0,2047.0,38.0,22405.0,0.0
6194,2.0,3.888530780821654e+18,21263995.0,28411.0,1.0,1.0,11934.0,9176.0,6741.0,7500.0,21800370.0,1.0
6195,1.0,8.991036021092601e+18,20907176.0,35077.0,2.0,2.0,4704723.0,251830.0,1122988.0,978398.0,2228.0,0.0
6196,1.0,1.4314594624726841e+19,22159017.0,38785.0,3.0,3.0,203.0,1259.0,17728.0,87.0,5190715.0,1.0
6197,1.0,1.4340390157469403e+19,4449962.0,23777.0,2.0,1.0,9744.0,2318.0,17836.0,1710.0,47229.0,0.0
6198,2.0,5.120683440510468e+18,8676729.0,1268.0,2.0,1.0,235250.0,19719.0,40989.0,47316.0,1945441.0,1.0
6199,1.0,1.6955212292252912e+19,20730627.0,34364.0,2.0,1.0,109373.0,88077.0,680094.0,594090.0,2897687.0,1.0
6200,1.0,1.0887249095975928e+19,20907078.0,33570.0,1.0,1.0,7878065.0,9503.0,13021.0,5392.0,1298094.0,0.0
6201,1.0,7.402391970444945e+18,20594866.0,854.0,1.0,1.0,158394.0,277308.0,980047.0,649.0,977991.0,1.0
6202,2.0,9.949277209392642e+18,21968498.0,38288.0,3.0,1.0,249775.0,9771.0,794266.0,4321.0,4500763.0,1.0
6203,1.0,1.4340390157469403e+19,9027103.0,23808.0,2.0,1.0,11.0,96.0,129.0,184.0,3527981.0,1.0
6204,1.0,9.133549713053886e+18,20666191.0,8055.0,1.0,1.0,42619.0,1031.0,2094.0,1572.0,270053.0,0.0
6205,1.0,1.5989049276530887e+19,20314847.0,23830.0,2.0,1.0,1542.0,447.0,24466.0,222.0,4282175.0,1.0
6206,1.0,5.120683440510468e+18,8676724.0,1268.0,3.0,1.0,354940.0,40.0,45.0,13.0,0.0,0.0
6207,1.0,1.205787899908646e+19,20148824.0,27961.0,3.0,2.0,153016.0,93589.0,529532.0,452920.0,0.0,0.0
6208,1.0,4.696782904677008e+18,3179059.0,23790.0,1.0,1.0,28.0,155.0,32.0,54.0,894190.0,0.0
6209,1.0,1.6654823496887767e+19,21068138.0,14162.0,2.0,2.0,12011058.0,778.0,12251.0,14962.0,769196.0,0.0
6210,1.0,1.4340390157469403e+19,9027213.0,23808.0,1.0,1.0,1.0,1.0,0.0,0.0,1256239.0,1.0
6211,1.0,1.4947456318249884e+19,10794115.0,29735.0,2.0,1.0,49644.0,44901.0,3313.0,274770.0,21522.0,0.0
6212,1.0,1.205787899908646e+19,20192652.0,27961.0,1.0,1.0,23537247.0,818.0,1244.0,1616.0,0.0,0.0
6213,2.0,9.79273561585553e+18,10796769.0,30329.0,2.0,1.0,753.0,36564.0,41595.0,19123.0,7011399.0,1.0
6214,1.0,3.1879655052352783e+18,4236199.0,13826.0,2.0,2.0,1962683.0,3489.0,9530.0,9635.0,41669.0,0.0
6215,1.0,5.5111324610218e+18,2749794.0,10040.0,3.0,1.0,2423873.0,10277.0,408334.0,79010.0,60087.0,1.0
6216,1.0,7.143518654485987e+18,20393504.0,33093.0,2.0,1.0,370.0,82.0,133.0,544.0,8054538.0,1.0
6217,1.0,1.3090221289647714e+19,20174985.0,23795.0,1.0,1.0,31.0,198.0,3.0,7.0,13302598.0,0.0
6218,1.0,4.2981186814246446e+18,7828172.0,385.0,1.0,1.0,101.0,292.0,196.0,48.0,21596568.0,0.0
6219,2.0,1.6516764525936157e+19,20438474.0,33476.0,1.0,1.0,2514264.0,797.0,2253.0,3862.0,0.0,0.0
6220,1.0,5.345544339361683e+18,5858822.0,23796.0,1.0,1.0,35.0,282.0,6.0,12.0,7798688.0,1.0
6221,1.0,1.4340390157469403e+19,4468209.0,23777.0,1.0,1.0,31045.0,710.0,463.0,600.0,1681070.0,1.0
6222,1.0,6.324020793843805e+18,20711336.0,27500.0,1.0,1.0,4392.0,2507.0,3883.0,2130.0,886327.0,0.0
6223,1.0,1.8339091974847631e+19,21425204.0,36893.0,2.0,1.0,1982.0,1410.0,54080.0,121.0,8460.0,0.0
6224,1.0,7.903914528320191e+18,21162434.0,1325.0,2.0,2.0,5136.0,14847.0,42104.0,45.0,4306331.0,1.0
6225,1.0,1.5976083199026307e+19,4407514.0,15948.0,2.0,1.0,1158.0,2446.0,73085.0,73090.0,11061088.0,1.0
6226,2.0,7.703279069701543e+18,21299640.0,4983.0,1.0,1.0,14.0,26.0,38.0,51.0,14094790.0,0.0
6227,1.0,7.143518654485987e+18,20393504.0,33093.0,2.0,2.0,637.0,82.0,133.0,544.0,13891152.0,1.0
6228,1.0,1.4329749696151253e+19,22114167.0,38623.0,3.0,3.0,622.0,87.0,1028.0,5783.0,11165581.0,0.0
6229,3.0,1.3756257544627677e+19,21947086.0,24354.0,1.0,1.0,22222.0,21928.0,22602.0,1938.0,524519.0,0.0
6230,1.0,1.3319308606163715e+18,21200088.0,1337.0,2.0,1.0,11132.0,60633.0,1156688.0,7848.0,148650.0,1.0
6231,1.0,1.7962103236755943e+19,20436404.0,12248.0,1.0,1.0,6799944.0,97.0,174.0,253.0,756723.0,0.0
6232,1.0,7.903914528320191e+18,21162543.0,1325.0,1.0,1.0,2910297.0,238.0,745.0,1118.0,0.0,1.0
6233,1.0,1.5921336727042415e+19,21301363.0,12394.0,2.0,1.0,10392438.0,32296.0,115201.0,100232.0,283.0,0.0
6234,1.0,5.279923881196409e+18,20887107.0,34951.0,2.0,2.0,2717.0,94.0,3858.0,509.0,11364276.0,1.0
6235,1.0,8.229775072537468e+18,7818616.0,11672.0,2.0,1.0,327486.0,159378.0,999824.0,798383.0,896964.0,1.0
6236,1.0,1.523471329505401e+19,3500007.0,23964.0,1.0,1.0,138762.0,43477.0,73051.0,67476.0,8410.0,0.0
6237,1.0,4.2981186814246446e+18,3620765.0,385.0,2.0,1.0,9260088.0,860186.0,2106950.0,2032674.0,502020.0,1.0
6238,1.0,1.099159647493597e+19,20020785.0,591.0,2.0,2.0,452530.0,25019.0,33960.0,609.0,0.0,1.0
6239,1.0,1.3503262172158704e+19,1545183.0,1185.0,2.0,1.0,8908797.0,21310.0,121553.0,105825.0,0.0,0.0
6240,1.0,9.885413659980886e+18,4364669.0,2503.0,1.0,1.0,29.0,6912.0,21336.0,20460.0,9029449.0,0.0
6241,1.0,5.279923881196409e+18,20887107.0,34951.0,1.0,1.0,199836.0,507.0,8149.0,509.0,847584.0,1.0
6242,1.0,1.1850025374314144e+19,10791601.0,30241.0,1.0,1.0,363.0,626.0,759.0,1246.0,23814408.0,1.0
6243,1.0,9.11903956743514e+18,21174174.0,35786.0,2.0,2.0,20731.0,10247.0,51418.0,561.0,16691460.0,1.0
6244,2.0,1.1132806224225894e+19,3013323.0,10325.0,1.0,1.0,17644931.0,220.0,164.0,41.0,214417.0,0.0
6245,1.0,1.7081663447916315e+19,21538511.0,3668.0,2.0,2.0,9063263.0,2280.0,261159.0,127861.0,0.0,0.0
6246,1.0,4.2981186814246446e+18,21866029.0,385.0,1.0,1.0,14503.0,173.0,296.0,408.0,21883885.0,1.0
6247,1.0,1.3382199721756363e+19,21314283.0,7626.0,2.0,1.0,10889570.0,12416.0,70374.0,8534.0,3392167.0,1.0
6248,1.0,1.8962784138570514e+18,4378577.0,12355.0,2.0,2.0,248335.0,81485.0,457930.0,375399.0,700468.0,0.0
6249,1.0,2.7835808411033615e+18,22127453.0,36040.0,3.0,3.0,93782.0,3261.0,41196.0,18152.0,0.0,1.0
6250,1.0,9.279176529507936e+18,10673605.0,23649.0,1.0,1.0,940330.0,58551.0,136314.0,127166.0,1679700.0,1.0
6251,24.0,1.401385012114721e+19,21414448.0,36980.0,2.0,1.0,4943.0,22490.0,48027.0,2022.0,0.0,1.0
6252,1.0,1.5491795959373562e+19,21258558.0,36331.0,2.0,2.0,11014.0,9193.0,87889.0,77820.0,14616718.0,1.0
6253,1.0,1.0958721602282486e+19,21392336.0,8878.0,3.0,2.0,7357.0,31819.0,100292.0,65920.0,6142018.0,1.0
6254,1.0,1.205787899908646e+19,20163506.0,27961.0,1.0,1.0,14781456.0,74.0,119.0,186.0,953954.0,1.0
6255,1.0,1.205787899908646e+19,20220954.0,27961.0,2.0,2.0,14461073.0,11705.0,174487.0,164600.0,2078310.0,1.0
6256,1.0,7.903914528320191e+18,20885559.0,2010.0,2.0,1.0,12145806.0,319794.0,926594.0,724283.0,0.0,0.0
6257,1.0,1.2761937145908517e+19,21220411.0,2636.0,1.0,1.0,84.0,124.0,537.0,712.0,2861892.0,0.0
6258,1.0,7.903914528320191e+18,21162526.0,1325.0,2.0,1.0,159.0,561.0,22.0,23.0,1577737.0,1.0
6259,1.0,1.578511299927674e+19,20908196.0,35088.0,3.0,2.0,0.0,0.0,2.0,5.0,10196760.0,0.0
6260,1.0,1.5859647530187389e+19,4291071.0,23778.0,3.0,3.0,1.0,25.0,11.0,24.0,1248717.0,0.0
6261,1.0,8.688697220357878e+18,21090567.0,7248.0,1.0,1.0,7000011.0,374130.0,860661.0,15166.0,0.0,0.0
6262,6.0,5.23020868223563e+17,21469085.0,16008.0,3.0,1.0,8.0,15.0,2630.0,3500.0,3545809.0,1.0
6263,1.0,2.893720394770737e+17,21339865.0,36499.0,3.0,3.0,4051.0,1596.0,79910.0,75164.0,4770555.0,1.0
6264,1.0,9.904543645510777e+18,20878125.0,26608.0,1.0,1.0,3048626.0,1812.0,3125.0,3818.0,0.0,1.0
6265,1.0,1.0664591050012752e+19,20620168.0,30128.0,2.0,2.0,3358863.0,419.0,4102.0,2107.0,5528850.0,0.0
6266,1.0,8.99455707050858e+18,20030165.0,23799.0,2.0,1.0,18.0,28.0,41.0,52.0,15701505.0,1.0
6267,9.0,3.5784755323119903e+18,21389907.0,36818.0,2.0,2.0,103564.0,19020.0,3910858.0,1207597.0,0.0,1.0
6268,19.0,9.991057275835721e+17,10870970.0,30428.0,3.0,1.0,12204.0,9189.0,119225.0,104038.0,0.0,1.0
6269,1.0,7.903914528320191e+18,21162108.0,1325.0,2.0,1.0,471767.0,1537.0,11371.0,14397.0,0.0,0.0
6270,1.0,1.6175660192407687e+19,20710761.0,24101.0,2.0,2.0,10364278.0,19401.0,108499.0,114702.0,32384.0,0.0
6271,1.0,1.3304911424394945e+19,20961075.0,24685.0,3.0,3.0,2060.0,99.0,3246.0,868.0,318570.0,0.0
6272,2.0,1.1028170091218354e+19,21016887.0,33363.0,2.0,2.0,80009.0,31696.0,67973.0,36659.0,2257545.0,1.0
6273,1.0,3.011959141886622e+18,21400741.0,36898.0,3.0,3.0,15209.0,72603.0,1004341.0,87.0,9180277.0,1.0
6274,1.0,1.5848204901272906e+19,1848326.0,3814.0,2.0,2.0,3807158.0,2574.0,64209.0,2936.0,13848380.0,0.0
6275,1.0,9.252095893521328e+18,21205099.0,35809.0,2.0,1.0,31618.0,26806.0,561129.0,457922.0,14146929.0,1.0
6276,1.0,1.4140300435418186e+18,21246154.0,1502.0,2.0,1.0,15.0,10.0,113.0,153.0,1871768.0,0.0
6277,1.0,6.331063142318543e+18,21400871.0,36677.0,1.0,1.0,2648.0,1022.0,13348.0,13434.0,22541595.0,1.0
6278,1.0,1.205787899908646e+19,20185531.0,27961.0,2.0,2.0,11101756.0,35218.0,212409.0,188193.0,6231920.0,1.0
6279,7.0,1.257552877938876e+19,3112706.0,23778.0,2.0,1.0,234397.0,13.0,17.0,30.0,4585960.0,0.0
6280,1.0,1.7363854844105064e+19,20017082.0,23798.0,1.0,1.0,4536.0,1071.0,832.0,1028.0,9670023.0,1.0
6281,1.0,1.7245542574473951e+19,3505206.0,24089.0,1.0,1.0,139329.0,391.0,518.0,690.0,1836428.0,1.0
6282,1.0,1.4340390157469403e+19,20644045.0,23808.0,1.0,1.0,318.0,2.0,1.0,3.0,2354052.0,0.0
6283,1.0,8.335105002517451e+18,20582549.0,33524.0,3.0,2.0,4.0,56.0,51.0,129.0,685672.0,0.0
6284,2.0,1.3756257544627677e+19,10793936.0,24354.0,2.0,2.0,7839965.0,1640.0,1673.0,299.0,0.0,0.0
6285,1.0,1.4340390157469403e+19,10110519.0,23808.0,1.0,1.0,146352.0,90473.0,136815.0,10.0,74108.0,0.0
6286,1.0,2.994924845956282e+18,20061284.0,23803.0,1.0,1.0,365727.0,28457.0,106.0,73.0,5296985.0,1.0
6287,1.0,1.4433706419706933e+19,21953978.0,38104.0,2.0,2.0,1879288.0,90.0,6722.0,6940.0,0.0,0.0
6288,1.0,1.5493010999793789e+19,20445198.0,33363.0,1.0,1.0,2286702.0,425264.0,1209059.0,960787.0,874487.0,1.0
6289,1.0,1.4340390157469403e+19,20644045.0,23808.0,1.0,1.0,37915.0,2.0,1.0,3.0,1998665.0,0.0
6290,1.0,4.915934706495802e+18,21425429.0,30614.0,3.0,1.0,25314.0,22331.0,165870.0,141683.0,2853.0,0.0
6291,1.0,1.6794704970244289e+19,7206993.0,26286.0,1.0,1.0,21393551.0,355.0,636.0,139.0,5004933.0,1.0
6292,1.0,1.4786313135268948e+19,4323779.0,12252.0,3.0,1.0,3566132.0,92621.0,236271.0,208771.0,0.0,0.0
6293,111.0,1.608847813967667e+19,5936054.0,11565.0,2.0,1.0,17502.0,10539.0,55430.0,57459.0,0.0,1.0
6294,1.0,4.854565026284844e+18,21896948.0,20939.0,1.0,1.0,565.0,1791.0,4363.0,4681.0,697659.0,0.0
6295,2.0,9.991057275835721e+17,10870932.0,30428.0,2.0,1.0,12510886.0,16034.0,40704.0,28135.0,673791.0,1.0
6296,1.0,1.4340390157469403e+19,10397422.0,23808.0,2.0,2.0,12528119.0,13.0,50.0,15.0,1128655.0,1.0
6297,1.0,1.4347859242938208e+19,21963776.0,33931.0,3.0,3.0,1970431.0,11680.0,196147.0,166107.0,4215654.0,0.0
6298,1.0,3.7002588211106647e+18,21847633.0,37822.0,3.0,2.0,104944.0,126.0,266551.0,38864.0,137949.0,1.0
6299,1.0,1.0650740765261496e+19,20463470.0,2590.0,3.0,2.0,3096569.0,56151.0,428828.0,357651.0,0.0,0.0
6300,1.0,8.134264174510893e+18,4176358.0,1268.0,1.0,1.0,24375292.0,41.0,105.0,164.0,1459694.0,1.0
6301,1.0,7.903914528320191e+18,21162254.0,1325.0,2.0,2.0,3001501.0,3309.0,7437.0,10239.0,740177.0,0.0
6302,2.0,1.205787899908646e+19,22211854.0,29951.0,1.0,1.0,25117357.0,597353.0,2492001.0,1981327.0,0.0,0.0
6303,1.0,4.033902433867767e+18,21939581.0,38065.0,3.0,1.0,30865.0,6036.0,2255.0,2492.0,301630.0,0.0
6304,1.0,1.2611010400425636e+19,21939292.0,27499.0,3.0,1.0,17.0,976.0,1455.0,1709.0,8438812.0,1.0
6305,2.0,1.205787899908646e+19,20192676.0,27961.0,2.0,2.0,4196027.0,30133.0,74668.0,69211.0,1864713.0,1.0
6306,1.0,3.6467769802843336e+18,2259277.0,1488.0,2.0,2.0,4295198.0,24007.0,105897.0,230860.0,855569.0,1.0
6307,6.0,8.335105002517451e+18,20582549.0,33524.0,2.0,2.0,21011.0,6384.0,5570.0,9695.0,0.0,1.0
6308,1.0,1.4140300435418186e+18,20208486.0,1502.0,2.0,2.0,756.0,2270.0,438.0,22217.0,11602642.0,0.0
6309,1.0,1.205787899908646e+19,20185489.0,27961.0,2.0,2.0,2304.0,46.0,227.0,366.0,9709408.0,1.0
6310,2.0,1.1548026559192025e+19,22101415.0,24912.0,2.0,2.0,1119947.0,31346.0,95951.0,84721.0,850411.0,0.0
6311,1.0,1.747484747591359e+19,21714131.0,37448.0,2.0,1.0,2411760.0,321.0,431.0,652.0,6651448.0,0.0
6312,1.0,1.570947928247294e+19,21119697.0,33692.0,2.0,1.0,831.0,4541.0,3297.0,3580.0,3401682.0,0.0
6313,1.0,1.130902570404585e+19,22002401.0,38263.0,2.0,1.0,7253.0,105.0,168.0,88.0,785809.0,1.0
6314,1.0,8.759089342923386e+17,3616719.0,12994.0,2.0,2.0,8.0,143.0,3867.0,4979.0,6030795.0,0.0
6315,2.0,6.228784066129291e+18,4350326.0,1998.0,3.0,1.0,70720.0,21573.0,107191.0,200205.0,0.0,1.0
6316,1.0,8.600895121553957e+18,21442606.0,37104.0,3.0,3.0,3529.0,10294.0,100349.0,1927.0,467123.0,0.0
6317,1.0,2.4127717961104635e+18,20067154.0,23781.0,2.0,2.0,231.0,733.0,1058.0,1.0,8898.0,0.0
6318,2.0,1.0863642513558415e+19,21593064.0,2485.0,3.0,3.0,11734.0,13874.0,319649.0,136747.0,0.0,1.0
6319,1.0,1.205787899908646e+19,20192652.0,27961.0,2.0,2.0,26239.0,431.0,3987.0,5419.0,755297.0,0.0
6320,1.0,5.07990106805139e+18,7727764.0,25928.0,2.0,1.0,11099883.0,212009.0,436949.0,434625.0,0.0,0.0
6321,1.0,1.4340390157469403e+19,21360119.0,23777.0,2.0,1.0,15629355.0,785.0,8184.0,679.0,10668562.0,0.0
6322,2.0,8.042460390058072e+17,22093927.0,38136.0,1.0,1.0,102324.0,52297.0,59898.0,53991.0,378293.0,1.0
6323,2.0,1.1624066761054958e+19,3373964.0,5962.0,1.0,1.0,378.0,1109.0,171.0,217.0,67454.0,1.0
6324,1.0,8.718971903532905e+18,20897286.0,35075.0,2.0,2.0,12432.0,39520.0,139.0,201.0,7412066.0,0.0
6325,1.0,5.468727571223081e+18,20024803.0,1381.0,3.0,2.0,231401.0,32828.0,32917.0,30838.0,0.0,0.0
6326,1.0,1.0727841184882809e+19,21407576.0,36901.0,2.0,2.0,21249.0,1862.0,5594.0,5898.0,134184.0,0.0
6327,1.0,1.4756578758696272e+19,21547394.0,3625.0,2.0,1.0,13023.0,8441.0,33422.0,31881.0,53559.0,0.0
6328,1.0,5.96488424738245e+18,21866195.0,22511.0,3.0,2.0,1473180.0,555.0,116435.0,102213.0,0.0,0.0
6329,1.0,2.039620248402007e+18,20915489.0,34292.0,2.0,1.0,593418.0,9402.0,15910.0,15482.0,8465347.0,1.0
6330,2.0,1.734180435361551e+19,20387275.0,30213.0,2.0,2.0,1207.0,589.0,1600.0,159.0,1360995.0,0.0
6331,1.0,1.4140300435418186e+18,20384437.0,1502.0,2.0,1.0,299.0,839.0,919.0,1131.0,1531588.0,0.0
6332,1.0,3.858745227068633e+18,20904533.0,33776.0,1.0,1.0,718030.0,27475.0,54428.0,2012.0,0.0,0.0
6333,1.0,1.4340390157469403e+19,6434934.0,23777.0,1.0,1.0,425.0,14.0,10.0,17.0,23093559.0,0.0
6334,1.0,5.998778395684809e+18,20319718.0,33117.0,2.0,1.0,237.0,139.0,1027.0,799.0,12084015.0,1.0
6335,1.0,1.4340390157469403e+19,3111366.0,23777.0,1.0,1.0,1343.0,588.0,558.0,733.0,1161683.0,0.0
6336,2.0,2.6928596198512824e+18,4291756.0,2051.0,2.0,1.0,8077.0,15244.0,4405.0,63.0,82869.0,1.0
6337,1.0,1.1864367735327336e+19,4339094.0,819.0,2.0,2.0,3841686.0,178932.0,299175.0,231470.0,2333006.0,0.0
6338,1.0,5.747166420328289e+18,21204449.0,2078.0,2.0,1.0,9883780.0,977972.0,2880876.0,2831597.0,349908.0,0.0
6339,1.0,1.4340390157469403e+19,3060562.0,23777.0,3.0,1.0,44651.0,17137.0,41201.0,37909.0,427144.0,1.0
6340,1.0,1.4340390157469403e+19,4428784.0,23808.0,2.0,2.0,246830.0,18103.0,40412.0,37151.0,4063.0,0.0
6341,1.0,1.7962103236755943e+19,4323440.0,12248.0,1.0,1.0,201088.0,808.0,1323.0,1540.0,3929095.0,0.0
6342,3.0,2.4127717961104635e+18,20067145.0,23781.0,1.0,1.0,3422.0,1897.0,8.0,1.0,19697939.0,0.0
6343,2.0,2.3115966165384125e+18,21372409.0,36803.0,2.0,2.0,7243668.0,670.0,1174.0,9057.0,224462.0,1.0
6344,1.0,1.6044381745585736e+19,21751954.0,37601.0,2.0,2.0,5584360.0,59.0,31216.0,13335.0,825544.0,1.0
6345,1.0,2.0021430589649848e+18,20188717.0,24124.0,2.0,2.0,2485.0,15560.0,55.0,95.0,6988888.0,0.0
6346,1.0,2.137528403495601e+18,20218304.0,23801.0,2.0,2.0,90.0,652.0,656.0,856.0,9038660.0,0.0
6347,1.0,1.205787899908646e+19,20157075.0,27961.0,1.0,1.0,24931575.0,1278.0,1517.0,1886.0,0.0,1.0
6348,1.0,1.4340390157469403e+19,6434962.0,23777.0,1.0,1.0,5102.0,1417.0,1663.0,1922.0,14930297.0,0.0
6349,1.0,1.0190517205193092e+18,20745582.0,34448.0,2.0,1.0,849204.0,1293.0,8821.0,10102.0,211651.0,0.0
6350,1.0,1.034946865176566e+19,21522776.0,37422.0,3.0,1.0,0.0,0.0,12.0,4.0,4506340.0,0.0
6351,1.0,2.4127717961104635e+18,20067154.0,23781.0,3.0,3.0,70.0,3.0,53.0,1.0,4735897.0,0.0
6352,1.0,1.8108522136565864e+19,21187264.0,20551.0,2.0,2.0,94.0,358.0,275.0,475.0,351087.0,0.0
6353,1.0,1.4340390157469403e+19,4593443.0,23777.0,1.0,1.0,3929743.0,222561.0,629394.0,505717.0,0.0,1.0
6354,1.0,1.4340390157469403e+19,9027213.0,23808.0,2.0,1.0,1.0,1.0,0.0,0.0,6606207.0,1.0
6355,2.0,5.260594170071819e+16,3048011.0,23782.0,1.0,1.0,8736374.0,997.0,713.0,1059.0,319691.0,0.0
6356,1.0,1.205787899908646e+19,20163126.0,27961.0,2.0,2.0,374328.0,7650.0,6231.0,6649.0,0.0,0.0
6357,1.0,9.991057275835721e+17,20389286.0,30428.0,2.0,1.0,1037202.0,697.0,2975.0,3263.0,5626980.0,0.0
6358,1.0,1.1363457806790746e+19,20137552.0,26278.0,2.0,1.0,7759664.0,57.0,124.0,176.0,1452245.0,1.0
6359,1.0,7.903914528320191e+18,21162261.0,1325.0,2.0,2.0,140521.0,6410.0,15495.0,36.0,475118.0,0.0
6360,1.0,2.6928596198512824e+18,4330718.0,2051.0,2.0,2.0,662.0,2752.0,3566.0,2808.0,1338317.0,1.0
6361,1.0,1.5350446793497958e+19,21471949.0,37244.0,2.0,2.0,57736.0,60910.0,175200.0,203461.0,3275.0,0.0
6362,1.0,3.9389783431856097e+18,6454416.0,20789.0,2.0,2.0,17443.0,31087.0,160824.0,178958.0,9374692.0,0.0
6363,1.0,3.437036379678776e+18,20892904.0,27940.0,3.0,2.0,2600763.0,33429.0,427031.0,362094.0,0.0,0.0
6364,1.0,1.5627868302498286e+19,20704557.0,12204.0,2.0,2.0,1649136.0,3144.0,185089.0,184283.0,847046.0,0.0
6365,1.0,2.1115975172883315e+18,21354466.0,35100.0,2.0,1.0,12446542.0,343.0,1402.0,1042.0,0.0,1.0
6366,1.0,8.184779782783628e+18,4321535.0,13922.0,1.0,1.0,570205.0,4068.0,5955.0,6194.0,13033523.0,0.0
6367,1.0,2.6928596198512824e+18,4291665.0,2051.0,2.0,2.0,9823430.0,10435.0,739.0,63.0,0.0,0.0
6368,2.0,5.888277431783336e+18,7955186.0,6520.0,2.0,1.0,73.0,101.0,88.0,117.0,9927595.0,1.0
6369,1.0,1.1624066761054958e+19,3373519.0,5962.0,1.0,1.0,52.0,6392.0,7956.0,8111.0,140880.0,0.0
6370,1.0,1.205787899908646e+19,20221012.0,27961.0,2.0,2.0,9787799.0,362.0,2391.0,2718.0,191349.0,0.0
6371,1.0,1.3606710857522262e+19,21926038.0,36911.0,1.0,1.0,1441951.0,3056.0,4923.0,5272.0,0.0,0.0
6372,1.0,9.60176539679029e+18,20054358.0,23802.0,1.0,1.0,645.0,5853.0,4932.0,6562.0,18452523.0,1.0
6373,20.0,1.4340390157469403e+19,20643971.0,23808.0,1.0,1.0,29135.0,242.0,9.0,9.0,0.0,0.0
6374,1.0,5.426086052293394e+18,20701622.0,34383.0,2.0,2.0,930515.0,2181.0,44680.0,37747.0,1757017.0,0.0
6375,1.0,1.205787899908646e+19,20164261.0,27961.0,3.0,3.0,619262.0,5208.0,74681.0,69978.0,8421014.0,1.0
6376,2.0,7.903914528320191e+18,21162455.0,1325.0,3.0,2.0,2265.0,4619.0,8226.0,1282.0,21179.0,1.0
6377,1.0,1.6362773697454047e+19,20171442.0,16896.0,2.0,1.0,8.0,15.0,2394.0,3803.0,10654270.0,0.0
6378,1.0,1.3151904808845496e+19,20967445.0,35300.0,2.0,1.0,170623.0,13211.0,48915.0,49467.0,456248.0,0.0
6379,1.0,1.4340390157469403e+19,20640094.0,23808.0,2.0,1.0,1764.0,2143.0,1614.0,1868.0,7522652.0,0.0
6380,1.0,1.4340390157469403e+19,3111508.0,23777.0,2.0,1.0,654573.0,205.0,156.0,231.0,968865.0,0.0
6381,1.0,9.75107224858461e+18,10939133.0,29713.0,1.0,1.0,1632149.0,23120.0,30154.0,28275.0,2617586.0,0.0
6382,1.0,1.5627868302498286e+19,20704557.0,12204.0,3.0,2.0,250063.0,3144.0,185089.0,134226.0,0.0,0.0
6383,3.0,2.995481416397091e+18,21111769.0,34561.0,2.0,1.0,431566.0,209405.0,793091.0,15627.0,0.0,1.0
6384,1.0,1.205787899908646e+19,20185460.0,27961.0,2.0,2.0,4615155.0,1593.0,7534.0,8540.0,0.0,0.0
6385,1.0,1.205787899908646e+19,20223016.0,27961.0,3.0,1.0,904017.0,3395.0,4920.0,6072.0,8970113.0,1.0
6386,1.0,6.715049002232656e+18,3065545.0,23783.0,1.0,1.0,24842768.0,60.0,54.0,78.0,990357.0,0.0
6387,1.0,1.7778267054811294e+19,21345686.0,36696.0,2.0,2.0,1756.0,748.0,185815.0,30774.0,26676.0,1.0
6388,1.0,1.4340390157469403e+19,20640124.0,23808.0,2.0,1.0,4415631.0,2388.0,1658.0,2574.0,0.0,0.0
6389,1.0,1.4340390157469403e+19,6434934.0,23777.0,1.0,1.0,25.0,14.0,10.0,17.0,16321646.0,0.0
6390,1.0,1.4340390157469403e+19,20644056.0,23808.0,2.0,2.0,4266.0,746.0,726.0,931.0,15679043.0,1.0
6391,1.0,1.760741167171896e+19,4343840.0,15805.0,1.0,1.0,69842.0,868.0,10131.0,10611.0,0.0,0.0
6392,1.0,4.89430326276886e+18,20193811.0,26244.0,2.0,2.0,12904.0,17332.0,15760.0,17748.0,7575285.0,1.0
6393,1.0,7.408403959748027e+18,9824938.0,17016.0,2.0,1.0,15641056.0,92392.0,306115.0,301299.0,945852.0,0.0
6394,1.0,4.2981186814246446e+18,3821505.0,385.0,2.0,1.0,283445.0,146497.0,232417.0,195379.0,0.0,1.0
6395,7.0,1.8084522838201234e+18,21509926.0,2152.0,3.0,2.0,27299.0,25096.0,27837.0,26331.0,0.0,0.0
6396,1.0,7.740359519782391e+18,4430601.0,28837.0,2.0,2.0,2179.0,53868.0,134790.0,116582.0,7153577.0,0.0
6397,1.0,1.034946865176566e+19,21522776.0,37422.0,3.0,1.0,0.0,0.0,26.0,28.0,4851317.0,0.0
6398,3.0,1.1029660940276564e+19,3834142.0,27485.0,2.0,1.0,11.0,8.0,28.0,209.0,4939999.0,1.0
6399,2.0,1.6949759439173958e+19,10405666.0,29900.0,1.0,1.0,208.0,125.0,101.0,134.0,21330102.0,0.0
6400,1.0,5.5111324610218e+18,2547342.0,10040.0,2.0,2.0,4454481.0,1404.0,5657.0,49304.0,0.0,0.0
6401,2.0,1.205787899908646e+19,20180628.0,27961.0,1.0,1.0,1505979.0,2912.0,2908.0,3551.0,0.0,0.0
6402,1.0,1.1450525969697879e+18,22091463.0,38472.0,3.0,2.0,1658491.0,87.0,1028.0,5507.0,1118174.0,0.0
6403,2.0,1.4340390157469403e+19,20640094.0,23808.0,3.0,1.0,8583970.0,2143.0,1614.0,1868.0,122373.0,0.0
6404,1.0,1.205787899908646e+19,20163199.0,27961.0,1.0,1.0,21583.0,10909.0,10356.0,12061.0,7639626.0,0.0
6405,1.0,1.4964837739872602e+19,20036920.0,2332.0,2.0,1.0,694.0,182.0,1848.0,2290.0,78024.0,1.0
6406,1.0,5.279923881196409e+18,20887107.0,34951.0,2.0,1.0,3832.0,4623.0,35345.0,509.0,7369339.0,1.0
6407,1.0,7.360279425078247e+18,20568175.0,30195.0,2.0,2.0,9681.0,30756.0,1321.0,1613.0,128095.0,1.0
6408,6.0,7.903914528320191e+18,21162514.0,1325.0,1.0,1.0,183413.0,36.0,22.0,23.0,0.0,1.0
6409,1.0,9.777313373006797e+18,21250991.0,36360.0,3.0,3.0,413757.0,2620.0,109883.0,34351.0,9030221.0,0.0
6410,1.0,1.5275682559243414e+19,4401726.0,9538.0,2.0,2.0,20049.0,26884.0,96482.0,99274.0,229082.0,1.0
6411,2.0,7.903914528320191e+18,21162526.0,1325.0,2.0,1.0,159.0,561.0,24.0,25.0,3330396.0,1.0
6412,1.0,1.4340390157469403e+19,3109835.0,23777.0,1.0,1.0,601579.0,57945.0,69626.0,62298.0,295923.0,0.0
6413,1.0,1.4340390157469403e+19,3109497.0,23777.0,2.0,2.0,1339995.0,2895.0,27990.0,26452.0,7045161.0,0.0
6414,1.0,1.205787899908646e+19,20159008.0,27961.0,2.0,1.0,13851117.0,293.0,264.0,427.0,0.0,0.0
6415,1.0,1.3311343438192927e+19,3806502.0,23791.0,1.0,1.0,96.0,24.0,31.0,33.0,7420228.0,0.0
6416,1.0,7.063154296769774e+18,20418740.0,33500.0,1.0,1.0,3775.0,6825.0,8747.0,876.0,9757910.0,0.0
6417,1.0,7.903914528320191e+18,21135640.0,1325.0,2.0,2.0,447.0,1378.0,4471.0,5237.0,14032188.0,1.0
6418,1.0,1.5347157359829613e+19,10231243.0,23040.0,1.0,1.0,1264.0,4860.0,3389.0,1963.0,99294.0,0.0
6419,1.0,2.0021430589649848e+18,20945367.0,24124.0,2.0,2.0,439.0,4728.0,31871.0,151.0,446226.0,0.0
6420,2.0,4.915934706495802e+18,21264682.0,30614.0,3.0,3.0,88187.0,23360.0,340521.0,359276.0,0.0,0.0
6421,1.0,1.5859647530187389e+19,4285804.0,23778.0,1.0,1.0,6513658.0,13073.0,84.0,481.0,138824.0,0.0
6422,1.0,1.6167735625523108e+19,10939605.0,30707.0,2.0,1.0,477916.0,6296.0,40740.0,37586.0,0.0,0.0
6423,2.0,1.205787899908646e+19,20163490.0,27961.0,1.0,1.0,10850.0,4954.0,5676.0,7077.0,18968588.0,1.0
6424,1.0,1.4340390157469403e+19,9027213.0,23808.0,2.0,1.0,1.0,1.0,0.0,0.0,2150568.0,1.0
6425,9.0,6.170683676171038e+18,21953249.0,9785.0,1.0,1.0,24821.0,11808.0,23172.0,8291.0,0.0,1.0
6426,1.0,5.260594170071819e+16,3048011.0,23782.0,1.0,1.0,20018.0,372.0,245.0,357.0,4202346.0,1.0
6427,1.0,1.4340390157469403e+19,9027213.0,23808.0,2.0,1.0,1.0,1.0,0.0,0.0,3345952.0,1.0
6428,1.0,1.147957373620592e+19,21164189.0,24130.0,3.0,3.0,277550.0,43453.0,195530.0,214621.0,0.0,0.0
6429,2.0,1.3416878294870458e+19,3066490.0,23786.0,2.0,1.0,519944.0,375.0,246.0,115.0,0.0,1.0
6430,2.0,1.584902515794882e+19,4411706.0,21997.0,2.0,1.0,164.0,53.0,287.0,446.0,6464325.0,1.0
6431,1.0,1.4340390157469403e+19,3064880.0,23777.0,1.0,1.0,8578917.0,54954.0,63641.0,57219.0,634944.0,0.0
6432,1.0,1.205787899908646e+19,20222805.0,27961.0,1.0,1.0,155050.0,12716.0,168942.0,145330.0,1702.0,0.0
6433,1.0,1.1315908569713166e+19,20044084.0,18070.0,1.0,1.0,1081.0,2183.0,211.0,313.0,916407.0,1.0
6434,1.0,1.650925870706283e+19,4202040.0,10571.0,2.0,1.0,12851992.0,132867.0,322945.0,243138.0,3326388.0,1.0
6435,1.0,2.7659720161423985e+18,4419916.0,4862.0,2.0,1.0,2.0,142.0,180.0,258.0,4940102.0,0.0
6436,1.0,7.903914528320191e+18,21162254.0,1325.0,2.0,1.0,14287810.0,27546.0,60870.0,89833.0,1211689.0,1.0
6437,1.0,9.27543026634541e+18,1668889.0,6845.0,2.0,2.0,34.0,31.0,231.0,337.0,14796127.0,0.0
6438,1.0,1.4340390157469403e+19,20644008.0,23808.0,2.0,1.0,2856.0,5296.0,1144.0,1350.0,821444.0,1.0
6439,2.0,1.4756578758696272e+19,21418198.0,3625.0,1.0,1.0,1192.0,252.0,440.0,582.0,148733.0,1.0
6440,1.0,1.0630034501035168e+19,21340838.0,35766.0,3.0,1.0,7451988.0,258883.0,899353.0,123862.0,1346614.0,1.0
6441,2.0,4.949197173803122e+18,20664767.0,24107.0,2.0,1.0,62.0,23.0,818.0,1103.0,3663925.0,1.0
6442,1.0,1.205787899908646e+19,20170412.0,27961.0,1.0,1.0,1283708.0,53063.0,140155.0,175682.0,445647.0,0.0
6443,1.0,7.903914528320191e+18,21162526.0,1325.0,1.0,1.0,37.0,297.0,24.0,25.0,1475196.0,0.0
6444,1.0,1.034946865176566e+19,21522776.0,37422.0,3.0,1.0,0.0,0.0,12.0,4.0,9797495.0,0.0
6445,1.0,3.097512261150419e+18,21519584.0,37337.0,2.0,2.0,7419.0,304.0,42353.0,38171.0,492745.0,0.0
6446,2.0,2.2188438361244534e+18,21406545.0,36890.0,2.0,2.0,1058.0,2738.0,22280.0,2539.0,4967128.0,0.0
6447,2.0,1.4340390157469403e+19,6434960.0,23777.0,1.0,1.0,19323219.0,438.0,393.0,522.0,681318.0,0.0
6448,1.0,7.583003028210444e+18,20619964.0,33272.0,2.0,2.0,104815.0,168781.0,293438.0,224.0,3322769.0,1.0
6449,1.0,1.1243521181800204e+19,21712556.0,35398.0,2.0,1.0,244.0,178.0,423.0,973.0,158055.0,1.0
6450,1.0,1.4253194983856288e+19,21363191.0,20669.0,3.0,2.0,229973.0,505244.0,1708923.0,17720.0,1450554.0,1.0
6451,1.0,1.5779377134362898e+19,10405724.0,29588.0,3.0,2.0,6351189.0,24723.0,22989.0,8089.0,1064421.0,0.0
6452,1.0,1.4347859242938208e+19,21963775.0,33931.0,3.0,3.0,267851.0,4628.0,14878.0,14537.0,2031028.0,1.0
6453,1.0,7.903914528320191e+18,21162550.0,1325.0,2.0,2.0,98093.0,1026.0,4098.0,5518.0,12444348.0,0.0
6454,1.0,1.7363854844105064e+19,20017078.0,23798.0,1.0,1.0,81.0,429.0,4.0,518.0,23722563.0,1.0
6455,1.0,1.205787899908646e+19,20147157.0,27961.0,1.0,1.0,509718.0,162814.0,264618.0,248779.0,19448309.0,0.0
6456,1.0,1.205787899908646e+19,20163489.0,27961.0,1.0,1.0,1269535.0,22070.0,23419.0,25814.0,257561.0,0.0
6457,1.0,1.5118748124046563e+19,21720669.0,37557.0,1.0,1.0,47163.0,371.0,2887.0,3156.0,14552561.0,0.0
6458,1.0,9.673833282278828e+18,21292889.0,29532.0,2.0,1.0,26856.0,1920.0,66086.0,59291.0,414028.0,1.0
6459,1.0,4.945098023753992e+18,10769105.0,30157.0,3.0,2.0,3932.0,70.0,132205.0,11390.0,2197558.0,1.0
6460,1.0,1.034946865176566e+19,21522776.0,37422.0,3.0,1.0,0.0,0.0,25.0,4.0,3770233.0,0.0
6461,1.0,9.750422518906778e+18,21222415.0,35880.0,2.0,1.0,391784.0,1680.0,36261.0,2251.0,1190608.0,0.0
6462,4.0,1.4340390157469403e+19,21163921.0,23808.0,2.0,1.0,4246469.0,51.0,330.0,39.0,1434013.0,1.0
6463,1.0,1.7446436672557894e+19,1590312.0,357.0,2.0,2.0,1781.0,8884.0,11703.0,813.0,154877.0,1.0
6464,1.0,1.6115599508770384e+17,2495274.0,16193.0,3.0,1.0,204843.0,51080.0,136629.0,31630.0,0.0,1.0
6465,1.0,1.3497616670510653e+19,21338887.0,36234.0,2.0,1.0,20747.0,12951.0,183876.0,25530.0,73112.0,0.0
6466,1.0,1.3176739392768733e+19,20879030.0,19561.0,2.0,2.0,59628.0,16064.0,20732.0,22399.0,1821.0,1.0
6467,1.0,8.119057108691817e+18,20876635.0,34760.0,1.0,1.0,68.0,100.0,34.0,40.0,20767917.0,1.0
6468,12.0,1.4282302614919805e+19,20804908.0,720.0,3.0,2.0,19329.0,19316.0,398015.0,3965.0,0.0,1.0
6469,3.0,1.4340390157469403e+19,9027213.0,23808.0,3.0,1.0,1.0,1.0,0.0,0.0,1302841.0,0.0
6470,1.0,1.82526417530213e+19,10753593.0,26141.0,1.0,1.0,19010829.0,99546.0,3811.0,4120.0,23658.0,0.0
6471,1.0,1.4340390157469403e+19,20643970.0,23808.0,3.0,1.0,54.0,431.0,9.0,9.0,2015058.0,1.0
6472,1.0,4.439654198004823e+18,8209691.0,5187.0,3.0,3.0,8020479.0,150850.0,1717613.0,1382423.0,0.0,0.0
6473,1.0,1.4340390157469403e+19,6434912.0,23777.0,1.0,1.0,1607.0,16.0,36.0,44.0,19825133.0,1.0
6474,1.0,1.6706503920079129e+19,21959789.0,38060.0,3.0,1.0,1125.0,16935.0,58359.0,52626.0,507596.0,1.0
6475,1.0,8.390751886332699e+18,20869954.0,854.0,2.0,2.0,9703636.0,2625.0,88943.0,476.0,724700.0,0.0
6476,1.0,7.536841130902041e+18,21208884.0,34619.0,1.0,1.0,985.0,3693.0,1299.0,1517.0,10530446.0,1.0
6477,1.0,4.517396212946768e+18,20054391.0,23793.0,2.0,2.0,200702.0,223322.0,59.0,264.0,41290.0,0.0
6478,1.0,1.4531867648059392e+19,9753803.0,27484.0,1.0,1.0,697493.0,200855.0,362941.0,334403.0,20885513.0,1.0
6479,1.0,1.205787899908646e+19,20183758.0,27961.0,2.0,2.0,4840766.0,3651.0,27637.0,33207.0,781915.0,0.0
6480,1.0,1.3384857948156529e+18,20802241.0,33931.0,2.0,1.0,13608.0,29115.0,444527.0,1260.0,14635421.0,1.0
6481,1.0,1.6808552398964148e+19,4423663.0,28451.0,3.0,2.0,160262.0,22034.0,243249.0,448.0,1652749.0,0.0
6482,1.0,2.8868319536849126e+18,20388958.0,17457.0,3.0,1.0,8078.0,6497.0,16996.0,13914.0,65.0,0.0
6483,1.0,1.4340390157469403e+19,21163924.0,23808.0,2.0,2.0,5573.0,4431.0,6599.0,67.0,4860869.0,1.0
6484,1.0,8.74656989764206e+18,21386548.0,33887.0,2.0,2.0,1078167.0,247170.0,3082123.0,2393501.0,1311.0,1.0
6485,1.0,1.6815157233128012e+19,20884934.0,34984.0,1.0,1.0,9192.0,14203.0,50339.0,83209.0,20719208.0,1.0
6486,1.0,9.814494029592777e+18,21014907.0,6869.0,1.0,1.0,32136.0,5029.0,151129.0,3718.0,128.0,0.0
6487,1.0,1.034946865176566e+19,21522776.0,37422.0,2.0,1.0,0.0,0.0,25.0,4.0,12237969.0,0.0
6488,1.0,1.154854293114536e+19,5060672.0,17432.0,3.0,1.0,1106431.0,4200.0,397798.0,174479.0,0.0,0.0
6489,1.0,1.4340390157469403e+19,3074003.0,23777.0,2.0,1.0,395.0,346.0,650.0,847.0,16186331.0,0.0
6490,1.0,1.4340390157469403e+19,9027213.0,23808.0,1.0,1.0,1.0,1.0,0.0,0.0,8520424.0,1.0
6491,1.0,5.851252814446936e+18,21477562.0,28698.0,1.0,1.0,199.0,522.0,39820.0,36666.0,426810.0,1.0
6492,1.0,1.1379461126848995e+19,10588468.0,24354.0,2.0,2.0,14552325.0,16720.0,382.0,691.0,2333.0,0.0
6493,1.0,8.99455707050858e+18,20030151.0,23799.0,2.0,2.0,4.0,7.0,15.0,19.0,696462.0,1.0
6494,5.0,1.205787899908646e+19,22211704.0,29951.0,1.0,1.0,7162694.0,69712.0,231494.0,194464.0,10642690.0,0.0
6495,1.0,1.4729228426860739e+19,4379518.0,21029.0,1.0,1.0,52779.0,26519.0,143351.0,3736.0,431479.0,1.0
6496,2.0,1.4340390157469403e+19,20643978.0,23808.0,3.0,1.0,3743584.0,690.0,250.0,358.0,2279268.0,1.0
6497,1.0,4.2981186814246446e+18,3911895.0,385.0,2.0,1.0,8.0,1379.0,24258.0,22969.0,12514016.0,0.0
6498,1.0,7.903914528320191e+18,21162554.0,1325.0,2.0,1.0,295.0,62.0,1716.0,2187.0,508702.0,1.0
6499,1.0,1.6277393205549326e+19,20383397.0,28051.0,1.0,1.0,25090922.0,1078.0,953.0,1177.0,18105341.0,1.0
6500,1.0,1.0654170755925957e+19,4394256.0,12331.0,1.0,1.0,916162.0,3951.0,4784.0,5142.0,20471702.0,0.0
6501,1.0,7.903914528320191e+18,21162362.0,1325.0,2.0,1.0,216885.0,39576.0,162537.0,142833.0,11918526.0,1.0
6502,1.0,4.1531067261550464e+18,20574289.0,854.0,1.0,1.0,11896.0,22749.0,76865.0,13124.0,4244074.0,1.0
6503,270.0,2.0021430589649848e+18,20188693.0,24124.0,2.0,1.0,59.0,4909.0,116.0,161.0,0.0,1.0
6504,1.0,5.433192684383794e+18,21354450.0,36735.0,2.0,2.0,7577.0,115.0,913.0,1120.0,1610126.0,1.0
6505,1.0,1.432575689518243e+19,5936876.0,24161.0,1.0,1.0,19018347.0,394.0,230.0,350.0,6742676.0,0.0
6506,1.0,1.205787899908646e+19,20164280.0,27961.0,2.0,1.0,6107.0,6533.0,12730.0,13674.0,615040.0,1.0
6507,1.0,1.205787899908646e+19,20161720.0,27961.0,3.0,3.0,5556889.0,2732.0,14030.0,20537.0,0.0,1.0
6508,1.0,5.209663382779159e+17,21697258.0,37547.0,2.0,2.0,1283.0,1719.0,74503.0,66578.0,209087.0,1.0
6509,1.0,1.7691281100813662e+19,20896045.0,33534.0,1.0,1.0,38193.0,39144.0,163681.0,19993.0,86487.0,0.0
6510,1.0,1.205787899908646e+19,20180250.0,27961.0,1.0,1.0,701903.0,108.0,111.0,225.0,14228044.0,0.0
6511,1.0,1.3756257544627677e+19,20175527.0,24354.0,2.0,1.0,530.0,3817.0,79.0,199.0,533547.0,1.0
6512,1.0,1.4340390157469403e+19,3107769.0,23777.0,1.0,1.0,101689.0,82953.0,147847.0,127007.0,645497.0,0.0
6513,1.0,1.205787899908646e+19,20174698.0,27961.0,2.0,1.0,229.0,661.0,634.0,974.0,16801978.0,1.0
6514,1.0,1.021800488877112e+19,20036281.0,24159.0,2.0,1.0,2130.0,3229.0,46.0,65.0,9928401.0,0.0
6515,1.0,1.4415681608498106e+19,21194514.0,34292.0,2.0,2.0,471.0,534.0,11094.0,1206.0,4243032.0,1.0
6516,1.0,7.903914528320191e+18,21162350.0,1325.0,2.0,1.0,654.0,168.0,320.0,45.0,16327954.0,0.0
6517,1.0,1.7357473946378435e+19,1474952.0,3251.0,3.0,2.0,210712.0,209245.0,3424311.0,2357199.0,0.0,0.0
6518,1.0,1.3359361103803858e+18,20599535.0,33847.0,3.0,1.0,41956.0,99958.0,388315.0,363587.0,0.0,1.0
6519,1.0,5.5111324610218e+18,10600897.0,10040.0,2.0,1.0,143363.0,8753.0,6507.0,1142.0,11301082.0,1.0
6520,1.0,7.903914528320191e+18,21162436.0,1325.0,2.0,1.0,10702.0,24212.0,74746.0,69151.0,15631847.0,0.0
6521,1.0,1.205787899908646e+19,20183701.0,27961.0,1.0,1.0,2700188.0,227.0,1237.0,530.0,39318.0,1.0
6522,1.0,3.5168895657275873e+18,4340958.0,1267.0,3.0,3.0,16683.0,10265.0,19584.0,21403.0,2919902.0,0.0
6523,1.0,3.089000650796075e+18,21211147.0,14327.0,2.0,1.0,12231917.0,4070.0,2810.0,67263.0,1493849.0,0.0
6524,5.0,1.4340390157469403e+19,9027213.0,23808.0,2.0,1.0,5.0,1.0,0.0,0.0,180126.0,1.0
6525,6.0,1.827775781617713e+19,20938640.0,35206.0,2.0,2.0,4401.0,570.0,9908.0,3187.0,0.0,1.0
6526,1.0,1.4340390157469403e+19,9027559.0,23808.0,1.0,1.0,19707167.0,3846.0,14.0,18.0,5842329.0,1.0
6527,1.0,1.2837504198869455e+19,21819185.0,30627.0,2.0,1.0,1334.0,963.0,321619.0,46986.0,2576146.0,1.0
6528,2.0,1.205787899908646e+19,20174738.0,27961.0,2.0,1.0,69240.0,33232.0,44874.0,50741.0,3850588.0,1.0
6529,1.0,2.565631318136778e+18,22114389.0,38594.0,1.0,1.0,16033015.0,414.0,67851.0,7575.0,1108777.0,1.0
6530,1.0,1.3416878294870458e+19,3066490.0,23786.0,1.0,1.0,477.0,314.0,207.0,115.0,23315862.0,1.0
6531,1.0,1.324299935436537e+19,3626541.0,1137.0,3.0,2.0,65411.0,63699.0,378324.0,36281.0,127366.0,1.0
6532,1.0,4.2981186814246446e+18,3050705.0,385.0,2.0,2.0,722568.0,246575.0,825341.0,172.0,13465478.0,0.0
6533,1.0,1.4340390157469403e+19,9027213.0,23808.0,3.0,1.0,1.0,1.0,0.0,0.0,1378827.0,1.0
6534,1.0,4.2981186814246446e+18,21866029.0,385.0,1.0,1.0,774556.0,173.0,300.0,410.0,0.0,1.0
6535,1.0,1.205787899908646e+19,20174778.0,27961.0,2.0,1.0,4756.0,1233.0,2346.0,3054.0,2170301.0,1.0
6536,1.0,1.205787899908646e+19,20157108.0,27961.0,2.0,2.0,1764.0,2143.0,9585.0,367.0,10519739.0,0.0
6537,1.0,1.2397719443947192e+19,21260227.0,879.0,2.0,1.0,12757018.0,130.0,18365.0,17848.0,4303504.0,1.0
6538,1.0,6.330275022833566e+18,21909775.0,37666.0,3.0,2.0,66710.0,26703.0,7594.0,112055.0,311.0,0.0
6539,1.0,1.205787899908646e+19,20192676.0,27961.0,2.0,1.0,98.0,39.0,131.0,436.0,4177954.0,1.0
6540,1.0,1.194581708171779e+19,8604969.0,12755.0,3.0,1.0,10423.0,3067.0,8818.0,8956.0,3254407.0,1.0
6541,1.0,5.888277431783336e+18,7955188.0,6520.0,3.0,1.0,1367682.0,1461.0,10550.0,12106.0,2239790.0,1.0
6542,1.0,1.4340390157469403e+19,3126701.0,23777.0,2.0,1.0,516.0,1289.0,2893.0,3165.0,9035808.0,0.0
6543,1.0,5.388657062187064e+18,20569119.0,32426.0,1.0,1.0,1254278.0,385653.0,1361490.0,742489.0,501492.0,1.0
6544,1.0,4.2981186814246446e+18,3906763.0,385.0,1.0,1.0,17023028.0,138901.0,1430232.0,1133723.0,399069.0,0.0
6545,127.0,1.3411610075250555e+18,21325116.0,36548.0,1.0,1.0,328.0,1491.0,2625.0,3408.0,0.0,1.0
6546,1.0,1.4340390157469403e+19,9027213.0,23808.0,2.0,2.0,1.0,1.0,0.0,0.0,15472919.0,0.0
6547,1.0,1.2287009091067853e+18,4271311.0,23778.0,2.0,1.0,15035003.0,189.0,99.0,132.0,0.0,0.0
6548,2.0,1.4399505795670258e+19,2909588.0,23778.0,2.0,2.0,100.0,246.0,465.0,605.0,0.0,0.0
6549,2.0,7.903914528320191e+18,21162108.0,1325.0,1.0,1.0,39356.0,7655.0,19430.0,45.0,9069377.0,1.0
6550,1.0,8.53880642476184e+18,21647366.0,37471.0,2.0,1.0,14444.0,10441.0,266635.0,588.0,13257145.0,1.0
6551,1.0,1.205787899908646e+19,20163134.0,27961.0,2.0,2.0,12978322.0,15581.0,42379.0,67984.0,0.0,0.0
6552,1.0,1.3616247906704456e+19,20881053.0,21102.0,1.0,1.0,6423.0,2433.0,18118.0,17517.0,20266394.0,1.0
6553,1.0,4.144035774470012e+18,2683585.0,23064.0,2.0,1.0,3342.0,4617.0,675.0,707.0,2557212.0,1.0
6554,2.0,1.2888045709501014e+19,1692571.0,11218.0,2.0,2.0,539072.0,185133.0,997216.0,583637.0,440.0,0.0
6555,1.0,2.6928596198512824e+18,21737434.0,2051.0,3.0,1.0,157370.0,181240.0,9704.0,290173.0,0.0,1.0
6556,1.0,1.4492523977312543e+19,21273103.0,36379.0,2.0,2.0,735.0,1482.0,2413.0,812.0,4172317.0,1.0
6557,1.0,1.2837504198869455e+19,21947171.0,30627.0,2.0,1.0,559.0,3157.0,470988.0,383301.0,6989073.0,1.0
6558,1.0,1.4340390157469403e+19,20644007.0,23808.0,1.0,1.0,9714.0,530.0,309.0,333.0,3973914.0,0.0
6559,1.0,1.4154950775437416e+19,10396003.0,28978.0,2.0,2.0,12543802.0,150325.0,339115.0,19888.0,86084.0,1.0
6560,1.0,1.2593329917925302e+19,2102367.0,17545.0,2.0,2.0,14394199.0,52602.0,1499787.0,1590557.0,152518.0,0.0
6561,1.0,5.5111324610218e+18,2718858.0,10040.0,2.0,1.0,4777.0,2012.0,28717.0,26950.0,6364561.0,1.0
6562,1.0,1.4340390157469403e+19,3207857.0,23777.0,3.0,2.0,10071.0,329.0,348.0,470.0,3984735.0,0.0
6563,4.0,1.6013584520900049e+19,20287534.0,33047.0,1.0,1.0,23736961.0,13005.0,10327.0,12310.0,12101.0,0.0
6564,1.0,1.4340390157469403e+19,9027213.0,23808.0,2.0,1.0,70.0,1.0,0.0,0.0,16640633.0,1.0
6565,2.0,1.6651755825741746e+19,21126939.0,35659.0,2.0,2.0,453197.0,29813.0,64469.0,62376.0,2357363.0,1.0
6566,1.0,1.4140300435418186e+18,2365389.0,1502.0,2.0,1.0,3481969.0,107.0,155.0,241.0,0.0,1.0
6567,1.0,1.3368693338695166e+19,22210306.0,38952.0,3.0,1.0,37396.0,109617.0,934109.0,747288.0,2962573.0,1.0
6568,1.0,8.813902859733762e+18,20886690.0,34840.0,1.0,1.0,32210.0,568.0,1368.0,1834.0,1929964.0,1.0
6569,1.0,5.260594170071819e+16,3048011.0,23782.0,1.0,1.0,94735.0,372.0,245.0,357.0,4419588.0,1.0
6570,1.0,1.4545961484432266e+18,20875074.0,14074.0,3.0,1.0,364072.0,56292.0,4163.0,4500.0,0.0,0.0
6571,1.0,1.205787899908646e+19,20163493.0,27961.0,3.0,3.0,13214.0,1177.0,24420.0,27551.0,1038155.0,1.0
6572,1.0,1.4347859242938208e+19,21717675.0,33931.0,3.0,2.0,362753.0,259298.0,686538.0,549450.0,0.0,0.0
6573,1.0,9.80216020746314e+18,21326379.0,35303.0,1.0,1.0,6393.0,150820.0,600789.0,583700.0,0.0,0.0
6574,1.0,1.4664987580513153e+19,4425940.0,28392.0,2.0,1.0,2055780.0,5264.0,194573.0,140409.0,0.0,0.0
6575,1.0,1.205787899908646e+19,20183726.0,27961.0,1.0,1.0,50865.0,14402.0,17061.0,18103.0,6240079.0,1.0
6576,1.0,1.733445727023105e+18,21140357.0,30760.0,1.0,1.0,1000.0,3747.0,6475.0,6708.0,3540811.0,1.0
6577,2.0,5.897684150049572e+18,20308693.0,26941.0,3.0,2.0,283736.0,40614.0,270473.0,618794.0,26043.0,0.0
6578,1.0,6.715049002232656e+18,3065545.0,23783.0,1.0,1.0,10013075.0,504.0,339.0,168.0,0.0,1.0
6579,1.0,1.7654447561421345e+19,20369400.0,33205.0,3.0,1.0,93.0,440.0,1019.0,728.0,8623445.0,1.0
6580,1.0,1.4340390157469403e+19,3111001.0,23777.0,3.0,2.0,142854.0,10230.0,48841.0,44647.0,0.0,0.0
6581,1.0,3.316358663713014e+16,21459103.0,36884.0,1.0,1.0,113338.0,7262.0,57259.0,51728.0,20852335.0,1.0
6582,1.0,1.8355884356950837e+19,4420724.0,12319.0,1.0,1.0,75765.0,1703.0,45953.0,46760.0,0.0,1.0
6583,1.0,2.943991803378489e+18,20692062.0,34152.0,1.0,1.0,20451651.0,72296.0,849736.0,680723.0,7735841.0,0.0
6584,1.0,6.481460918770902e+18,20741351.0,10447.0,3.0,1.0,7201666.0,666744.0,3995501.0,132909.0,9016403.0,1.0
6585,1.0,1.5859647530187389e+19,2989726.0,23778.0,1.0,1.0,26184.0,1471.0,62.0,79.0,13406625.0,1.0
6586,2.0,8.335105002517451e+18,20582549.0,33524.0,2.0,1.0,12424.0,2046.0,2110.0,9148.0,4500430.0,0.0
6587,1.0,4.3610478355631887e+18,20670379.0,27992.0,2.0,1.0,61173.0,23165.0,94599.0,242493.0,1934875.0,1.0
6588,1.0,1.4340390157469403e+19,20643969.0,23808.0,3.0,3.0,1466.0,544.0,9.0,9.0,3022422.0,0.0
6589,1.0,5.07990106805139e+18,7611763.0,25928.0,1.0,1.0,2607.0,17061.0,16564.0,16507.0,5762744.0,0.0
6590,1.0,1.7363854844105064e+19,20017078.0,23798.0,1.0,1.0,81.0,429.0,4.0,518.0,536024.0,1.0
6591,1.0,8.119057108691817e+18,20876635.0,34760.0,1.0,1.0,355.0,199.0,34.0,40.0,10267308.0,0.0
6592,1.0,9.279176529507936e+18,10673568.0,23649.0,2.0,2.0,42667.0,40281.0,401931.0,116159.0,1309477.0,1.0
6593,1.0,1.578511299927674e+19,20908196.0,35088.0,3.0,2.0,0.0,0.0,2.0,5.0,9042286.0,0.0
6594,1.0,1.205787899908646e+19,20192652.0,27961.0,2.0,2.0,11057633.0,12095.0,205827.0,99.0,0.0,1.0
6595,1.0,7.91862084340181e+18,20016638.0,13396.0,3.0,3.0,912924.0,195992.0,1592105.0,117310.0,0.0,0.0
6596,1.0,1.147957373620592e+19,20569492.0,24130.0,3.0,1.0,6020.0,14333.0,70413.0,5525.0,50306.0,0.0
6597,73.0,1.3359361103803858e+18,20599370.0,33847.0,2.0,1.0,772.0,1638.0,35269.0,34883.0,0.0,1.0
6598,1.0,1.205787899908646e+19,20203753.0,27961.0,1.0,1.0,459.0,810.0,83.0,109.0,380131.0,1.0
6599,3.0,1.205787899908646e+19,20185528.0,27961.0,3.0,3.0,205035.0,95.0,19434.0,19195.0,291169.0,0.0
6600,3.0,1.4340390157469403e+19,9027213.0,23808.0,2.0,1.0,5.0,1.0,0.0,0.0,3413229.0,1.0
6601,3.0,7.903914528320191e+18,21162463.0,1325.0,1.0,1.0,92049.0,22022.0,42014.0,45446.0,10393177.0,1.0
6602,1.0,1.205787899908646e+19,20164306.0,27961.0,1.0,1.0,17150787.0,16133.0,73829.0,75902.0,1316797.0,1.0
6603,1.0,9.684554778607002e+18,21405939.0,36943.0,3.0,1.0,56995.0,41844.0,73195.0,71124.0,0.0,0.0
6604,2.0,1.4340390157469403e+19,3207857.0,23777.0,2.0,2.0,48.0,329.0,348.0,470.0,1082926.0,1.0
6605,1.0,1.7190505978019734e+19,21819092.0,36519.0,3.0,2.0,7580939.0,44416.0,403009.0,209831.0,0.0,0.0
6606,1.0,7.143518654485987e+18,20393504.0,33093.0,3.0,1.0,408.0,696.0,133.0,3334.0,7787614.0,1.0
6607,1.0,4.309977213398526e+18,20935174.0,32685.0,3.0,3.0,2367.0,498.0,13669.0,16538.0,1145843.0,1.0
6608,1.0,1.205787899908646e+19,20163161.0,27961.0,3.0,3.0,3223151.0,64845.0,210060.0,177452.0,0.0,0.0
6609,1.0,8.335105002517451e+18,20582549.0,33524.0,2.0,2.0,3134.0,2046.0,536.0,1228.0,10124244.0,1.0
6610,1.0,1.5971032628113983e+19,20164096.0,16756.0,2.0,1.0,14425694.0,3699.0,605412.0,86862.0,3909817.0,0.0
6611,1.0,1.4531867648059392e+19,3831880.0,27486.0,3.0,1.0,5865301.0,390.0,1379.0,59.0,4265405.0,1.0
6612,1.0,8.942292088986528e+17,4240880.0,14577.0,2.0,2.0,14704129.0,14718.0,58920.0,53095.0,15651380.0,1.0
6613,1.0,4.949197173803122e+18,20664766.0,24107.0,2.0,2.0,197938.0,37113.0,44634.0,41547.0,609828.0,1.0
6614,1.0,3.163997420314436e+18,21445118.0,26288.0,2.0,1.0,14280991.0,428284.0,1227424.0,976322.0,0.0,0.0
6615,9.0,2.0021430589649848e+18,20188697.0,24124.0,1.0,1.0,4760.0,8859.0,36218.0,151.0,1697133.0,0.0
6616,2.0,1.4340390157469403e+19,9027213.0,23808.0,3.0,1.0,5.0,1.0,0.0,0.0,6909037.0,1.0
6617,1.0,1.077230928844858e+19,21893850.0,34202.0,3.0,2.0,1282488.0,788.0,2862.0,219434.0,0.0,0.0
6618,1.0,1.136372424770545e+19,20128640.0,30405.0,2.0,1.0,608389.0,75371.0,453635.0,362754.0,3449274.0,1.0
6619,1.0,8.713709707905994e+18,2635400.0,4324.0,1.0,1.0,584.0,1761.0,1134.0,1598.0,8443188.0,1.0
6620,1.0,1.2310323414299814e+19,22005013.0,879.0,1.0,1.0,3422358.0,153904.0,2213026.0,1948651.0,752762.0,1.0
6621,1.0,1.5689252236861137e+19,20569494.0,24130.0,2.0,1.0,286.0,956.0,34255.0,5525.0,416316.0,1.0
6622,1.0,1.689034821615166e+19,21300872.0,36481.0,2.0,2.0,2781.0,3767.0,237476.0,215074.0,0.0,0.0
6623,2.0,1.7164170343287489e+19,20561138.0,28996.0,2.0,1.0,17824.0,8248.0,24815.0,16135.0,216410.0,1.0
6624,3.0,1.2089732170889036e+19,20361194.0,4218.0,2.0,2.0,263.0,2733.0,244.0,207.0,991932.0,0.0
6625,1.0,3.3898142717082214e+18,10673606.0,23649.0,2.0,1.0,176689.0,111008.0,316487.0,265737.0,1258759.0,1.0
6626,2.0,1.7363854844105064e+19,20017061.0,23798.0,1.0,1.0,1652.0,706.0,519.0,673.0,3627748.0,0.0
6627,1.0,1.1926298342577986e+19,20413875.0,5022.0,2.0,1.0,158.0,106.0,7173.0,7340.0,7568590.0,0.0
6628,2.0,2.6928596198512824e+18,21785391.0,2051.0,3.0,1.0,58.0,151.0,475.0,626.0,743361.0,1.0
6629,1.0,1.4340390157469403e+19,21163925.0,23808.0,2.0,1.0,7150.0,395.0,808.0,120.0,14588244.0,1.0
6630,2.0,1.841489264235657e+19,21222503.0,36185.0,3.0,2.0,82874.0,3141.0,70545.0,74275.0,0.0,1.0
6631,1.0,7.703279069701543e+18,21299637.0,4983.0,1.0,1.0,701.0,4409.0,4657.0,4122.0,21733775.0,1.0
6632,1.0,2.994924845956282e+18,20061287.0,23803.0,1.0,1.0,1757632.0,24424.0,106.0,73.0,18819553.0,1.0
6633,1.0,7.903914528320191e+18,21162369.0,1325.0,2.0,2.0,3200.0,32425.0,61967.0,77963.0,2458721.0,1.0
6634,1.0,1.2781736040875118e+18,20877873.0,28947.0,2.0,2.0,1016371.0,3356.0,127526.0,29736.0,10643589.0,1.0
6635,1.0,7.724777562526898e+18,2061720.0,23861.0,1.0,1.0,15261912.0,28354.0,48165.0,49607.0,605380.0,0.0
6636,1.0,6.877516134389988e+18,20075449.0,2332.0,1.0,1.0,44607.0,7155.0,658.0,858.0,5754645.0,0.0
6637,1.0,1.4531867648059392e+19,21815493.0,27485.0,2.0,2.0,53.0,266.0,746.0,338.0,174832.0,1.0
6638,2.0,8.99455707050858e+18,20030151.0,23799.0,2.0,1.0,379.0,7432.0,15.0,19.0,692065.0,1.0
6639,1.0,4.854565026284844e+18,21896948.0,20939.0,2.0,2.0,565.0,1791.0,8086.0,8056.0,6655624.0,0.0
6640,1.0,1.4340390157469403e+19,3110758.0,23777.0,2.0,1.0,833673.0,99251.0,134302.0,116098.0,0.0,0.0
6641,1.0,1.3090221289647714e+19,20174985.0,23795.0,1.0,1.0,76.0,79.0,3.0,7.0,18709160.0,0.0
6642,1.0,1.544603379916078e+19,20975340.0,35280.0,2.0,2.0,2398123.0,42081.0,935.0,8458.0,9364.0,0.0
6643,1.0,1.4061670698045905e+19,21360228.0,36744.0,3.0,3.0,1.0,12.0,1163.0,2191.0,920860.0,1.0
6644,1.0,1.114840536190283e+19,3728851.0,14525.0,2.0,2.0,9081.0,4950.0,1755238.0,308048.0,1060943.0,0.0
6645,1.0,4.5533487946235405e+17,8550280.0,24354.0,2.0,1.0,366816.0,141876.0,18410.0,5300.0,4158071.0,1.0
6646,1.0,1.0703080153223078e+19,4231439.0,24106.0,1.0,1.0,465481.0,96107.0,234393.0,120869.0,7857835.0,0.0
6647,1.0,3.108748477409427e+18,21167632.0,35390.0,3.0,1.0,12022.0,13805.0,14859.0,1745.0,72047.0,0.0
6648,1.0,4.2981186814246446e+18,8002008.0,385.0,1.0,1.0,529260.0,190950.0,326601.0,3230.0,123865.0,1.0
6649,1.0,9.573487645018952e+18,1918045.0,1339.0,2.0,2.0,1388311.0,11172.0,296815.0,325858.0,0.0,0.0
6650,1.0,7.187087343356859e+17,21271363.0,30649.0,1.0,1.0,26226032.0,2414.0,6053.0,5923.0,0.0,0.0
6651,1.0,1.612534912145489e+19,4425099.0,28441.0,2.0,1.0,9352557.0,2307.0,3384.0,2381.0,7945924.0,1.0
6652,1.0,1.4947456318249884e+19,10605311.0,29735.0,2.0,2.0,13372105.0,508174.0,2259756.0,1784259.0,0.0,1.0
6653,2.0,7.903914528320191e+18,21162414.0,1325.0,2.0,1.0,14048113.0,63178.0,155133.0,36.0,3330279.0,0.0
6654,1.0,4.696782904677008e+18,3176858.0,23790.0,1.0,1.0,19.0,47.0,32.0,54.0,1564884.0,0.0
6655,1.0,1.0193664922076922e+19,3080977.0,20128.0,2.0,1.0,262166.0,5344.0,30017.0,45133.0,740000.0,0.0
6656,1.0,1.4340390157469403e+19,6435156.0,23777.0,1.0,1.0,33070.0,243.0,202.0,301.0,6055901.0,0.0
6657,1.0,1.479551851449943e+19,3116881.0,25607.0,3.0,3.0,43014.0,937.0,4615.0,7761.0,9123284.0,0.0
6658,1.0,9.949727202638932e+18,21365642.0,36770.0,2.0,1.0,12879099.0,38200.0,725967.0,3133.0,11351143.0,1.0
6659,1.0,1.352869864397721e+19,21953284.0,38131.0,3.0,2.0,963458.0,719.0,105061.0,92080.0,848081.0,1.0
6660,5.0,1.5822134238473933e+19,20144311.0,23804.0,1.0,1.0,684.0,2405.0,1512.0,2040.0,638157.0,1.0
6661,1.0,3.5885953601784837e+18,20351325.0,2564.0,2.0,1.0,8742918.0,299843.0,1266126.0,1006715.0,559207.0,1.0
6662,46.0,1.4964837739872602e+19,20041871.0,2332.0,2.0,2.0,8169.0,18992.0,74766.0,77203.0,0.0,1.0
6663,3.0,1.3311343438192927e+19,3806502.0,23791.0,1.0,1.0,41.0,24.0,31.0,33.0,3225286.0,1.0
6664,2.0,2.994778988782128e+18,21100778.0,35482.0,3.0,1.0,38915.0,1629.0,1129.0,1334.0,533437.0,0.0
6665,1.0,1.4531867648059392e+19,3834142.0,27485.0,3.0,1.0,2.0,8.0,28.0,74.0,740113.0,0.0
6666,1.0,1.3406956631891155e+19,21109894.0,30132.0,3.0,3.0,376529.0,2527.0,12914.0,15784.0,0.0,0.0
6667,1.0,1.7818400491126395e+18,4415949.0,10970.0,3.0,3.0,2432122.0,123570.0,182965.0,155635.0,2868487.0,1.0
6668,1.0,1.205787899908646e+19,20174613.0,27961.0,1.0,1.0,1711733.0,284.0,269.0,420.0,20055469.0,0.0
6669,1.0,5.991342888311894e+18,4223735.0,22227.0,2.0,1.0,48476.0,2645.0,22276.0,21247.0,472600.0,0.0
6670,1.0,1.205787899908646e+19,20157628.0,27961.0,1.0,1.0,963508.0,361480.0,1322289.0,1176239.0,8351260.0,1.0
6671,1.0,1.0198164876074803e+19,21345986.0,36640.0,2.0,1.0,3332.0,16766.0,1136.0,1341.0,2649163.0,1.0
6672,1.0,1.3384857948156529e+18,20802266.0,33931.0,2.0,1.0,356330.0,407930.0,2522590.0,1745694.0,0.0,0.0
6673,1.0,1.6574256386225258e+19,20647834.0,8771.0,2.0,1.0,261045.0,36855.0,371842.0,305073.0,347485.0,0.0
6674,1.0,9.390444283884915e+18,7679666.0,10655.0,3.0,1.0,1254.0,193.0,8953.0,9074.0,50767.0,0.0
6675,1.0,1.3243640383761205e+19,20900491.0,2401.0,1.0,1.0,1369.0,210.0,670.0,662.0,477724.0,1.0
6676,1.0,1.1315908569713166e+19,20044070.0,18070.0,2.0,2.0,882.0,505.0,27127.0,1190.0,2057858.0,0.0
6677,1.0,1.9734681500088594e+18,21811296.0,37715.0,2.0,2.0,980185.0,832.0,875995.0,525495.0,10627.0,0.0
6678,1.0,1.5145480155589095e+19,21183708.0,23807.0,2.0,1.0,691.0,537.0,15082.0,8.0,11571563.0,1.0
6679,1.0,1.4340390157469403e+19,9027932.0,23808.0,2.0,1.0,3110.0,2462.0,3200.0,10.0,936534.0,1.0
6680,2.0,1.1429136807014275e+19,20108136.0,23787.0,2.0,1.0,2898112.0,3317.0,993.0,1199.0,7819092.0,0.0
6681,1.0,1.537110493640385e+19,20569733.0,11676.0,3.0,2.0,1975664.0,15568.0,2577.0,26394.0,0.0,0.0
6682,1.0,5.23202986740349e+18,4316718.0,765.0,1.0,1.0,1642011.0,17136.0,70939.0,73700.0,0.0,0.0
6683,1.0,2.6928596198512824e+18,4212764.0,2051.0,2.0,2.0,776460.0,290.0,278.0,56.0,1515360.0,1.0
6684,1.0,2.6928596198512824e+18,4333159.0,2051.0,3.0,1.0,58905.0,3094.0,4688.0,5055.0,3904830.0,1.0
6685,1.0,1.077230928844858e+19,21893856.0,34202.0,3.0,2.0,58.0,151.0,1959.0,1058.0,1755510.0,0.0
6686,1.0,1.4531867648059392e+19,3831795.0,27486.0,2.0,1.0,1980.0,1660.0,4111.0,59.0,14610847.0,0.0
6687,1.0,1.5145480155589095e+19,20889026.0,23807.0,3.0,1.0,2.0,11.0,5.0,11.0,5695744.0,0.0
6688,1.0,1.564052170308098e+19,21458858.0,36442.0,3.0,3.0,6655001.0,12095.0,1429.0,1685.0,0.0,0.0
6689,1.0,1.39826104833129e+19,21425382.0,591.0,2.0,1.0,4218713.0,1989.0,9739.0,829.0,356267.0,0.0
6690,3.0,2.565631318136778e+18,21219953.0,35982.0,2.0,1.0,56899.0,1394.0,5987.0,26873.0,0.0,1.0
6691,1.0,1.3416878294870458e+19,3066490.0,23786.0,1.0,1.0,916.0,314.0,207.0,115.0,11800512.0,1.0
6692,1.0,1.4340390157469403e+19,6434912.0,23777.0,1.0,1.0,240695.0,16.0,36.0,44.0,3500996.0,1.0
6693,1.0,1.4340390157469403e+19,4409207.0,23808.0,1.0,1.0,22936106.0,283257.0,23288.0,22145.0,442346.0,0.0
6694,1.0,1.0938804788081207e+19,10959312.0,30880.0,2.0,1.0,3084113.0,172569.0,998910.0,33072.0,0.0,0.0
6695,1.0,1.117586714202214e+19,21219229.0,36200.0,2.0,2.0,47538.0,43389.0,461918.0,391069.0,8772993.0,0.0
6696,2.0,1.7299638493773875e+18,9585571.0,23637.0,2.0,1.0,18.0,32.0,236.0,112.0,365627.0,1.0
6697,3.0,3.089000650796075e+18,21138903.0,14327.0,1.0,1.0,21196557.0,3804.0,1958.0,8241.0,15301305.0,0.0
6698,1.0,1.3384857948156529e+18,20802266.0,33931.0,2.0,2.0,14165220.0,77655.0,388804.0,3326.0,11421974.0,0.0
6699,1.0,6.912851286990253e+18,20047847.0,18918.0,1.0,1.0,4587867.0,642491.0,3472666.0,2716981.0,74948.0,0.0
6700,1.0,1.4340390157469403e+19,3109405.0,23777.0,1.0,1.0,2292238.0,128656.0,122205.0,106297.0,445738.0,0.0
6701,1.0,1.205787899908646e+19,20180221.0,27961.0,1.0,1.0,354.0,108.0,111.0,225.0,19076316.0,0.0
6702,1.0,1.414047191811998e+19,21100645.0,7611.0,3.0,3.0,411115.0,35879.0,82689.0,132626.0,0.0,0.0
6703,1.0,6.203550892805098e+18,21347194.0,36730.0,2.0,2.0,1868.0,1886.0,9972.0,11847.0,1485367.0,0.0
6704,1.0,5.468727571223081e+18,4214364.0,1381.0,3.0,3.0,159.0,10.0,1080.0,1760.0,10738256.0,0.0
6705,1.0,1.3393281957586207e+19,21968695.0,34178.0,3.0,3.0,7571948.0,912.0,30715.0,699.0,0.0,0.0
6706,2.0,1.3597158905417308e+18,3566828.0,3357.0,2.0,1.0,1684887.0,104563.0,367239.0,256524.0,309314.0,1.0
6707,1.0,1.1315908569713166e+19,20311224.0,18070.0,2.0,2.0,65843.0,23125.0,220.0,324.0,0.0,0.0
6708,1.0,1.7363854844105064e+19,20017078.0,23798.0,1.0,1.0,1525002.0,9493.0,4.0,8314.0,3153365.0,1.0
6709,1.0,1.9952917878195843e+18,21571687.0,29479.0,3.0,3.0,289496.0,389732.0,1149243.0,795578.0,1445989.0,1.0
6710,1.0,1.1721199480294476e+19,21019635.0,32252.0,2.0,2.0,10577.0,3055.0,830714.0,96808.0,0.0,1.0
6711,4.0,1.0759987332158731e+17,21727400.0,37577.0,1.0,1.0,1144320.0,18580.0,41827.0,38503.0,94872.0,0.0
6712,1.0,1.0169761080974203e+19,20462382.0,29296.0,3.0,1.0,236.0,519.0,2342.0,4400.0,1089524.0,0.0
6713,1.0,5.74270981960019e+18,4419385.0,14219.0,3.0,1.0,995188.0,31225.0,71603.0,64061.0,36083.0,0.0
6714,1.0,1.205787899908646e+19,20185489.0,27961.0,1.0,1.0,20482407.0,55.0,409.0,579.0,416843.0,1.0
6715,1.0,1.1624066761054958e+19,3373282.0,5962.0,3.0,2.0,32702.0,15750.0,97675.0,89651.0,208529.0,1.0
6716,2.0,1.5689252236861137e+19,20569506.0,24130.0,2.0,2.0,2613.0,6872.0,786.0,451.0,7936732.0,0.0
6717,1.0,1.4340390157469403e+19,20643785.0,23808.0,1.0,1.0,209262.0,479978.0,7464.0,9696.0,0.0,1.0
6718,1.0,1.099159647493597e+19,20363130.0,591.0,2.0,1.0,26124.0,11657.0,16976.0,5170.0,16374466.0,0.0
6719,1.0,8.178815518285778e+18,21924788.0,38072.0,3.0,1.0,61887.0,4733.0,12571.0,595.0,0.0,0.0
6720,1.0,9.75107224858461e+18,10937875.0,29713.0,1.0,1.0,273.0,802.0,582.0,759.0,21493577.0,0.0
6721,1.0,1.1676740299324125e+19,20865329.0,34771.0,1.0,1.0,25167119.0,27715.0,85918.0,60948.0,0.0,0.0
6722,1.0,4.571512889902532e+18,8549459.0,891.0,1.0,1.0,1211.0,752.0,4168.0,1403.0,5890128.0,1.0
6723,1.0,1.205787899908646e+19,20192676.0,27961.0,2.0,2.0,180307.0,21742.0,22755.0,30557.0,0.0,0.0
6724,1.0,1.205787899908646e+19,20185603.0,27961.0,1.0,1.0,397097.0,44490.0,91819.0,86257.0,3924396.0,1.0
6725,1.0,1.4340390157469403e+19,21163923.0,23808.0,2.0,2.0,1121881.0,436.0,798.0,37.0,12536668.0,1.0
6726,14.0,6.877516134389988e+18,20036473.0,2332.0,2.0,1.0,1282.0,1646.0,9229.0,4070.0,0.0,1.0
6727,1.0,1.4340390157469403e+19,6435121.0,23777.0,1.0,1.0,5597.0,6688.0,6436.0,6682.0,16013706.0,0.0
6728,1.0,2.969839980938398e+18,4160042.0,14540.0,2.0,2.0,6109258.0,41056.0,2542232.0,212432.0,0.0,1.0
6729,1.0,8.985848390845467e+18,21210686.0,32862.0,2.0,2.0,1319685.0,99720.0,254593.0,273969.0,0.0,0.0
6730,1.0,1.205787899908646e+19,20192654.0,27961.0,2.0,2.0,6540235.0,2224.0,2865.0,3653.0,663593.0,0.0
6731,1.0,3.7002588211106647e+18,21847640.0,37822.0,3.0,3.0,132.0,574.0,164482.0,39762.0,185582.0,1.0
6732,2.0,4.876702067173951e+17,20590534.0,24027.0,3.0,1.0,65584.0,53910.0,293200.0,297705.0,5273932.0,1.0
6733,1.0,1.827775781617713e+19,20938647.0,35206.0,2.0,2.0,25996.0,6626.0,20561.0,36251.0,484635.0,0.0
6734,1.0,1.5725823299303027e+19,5045679.0,2135.0,3.0,2.0,1321827.0,9474.0,414191.0,338607.0,1493.0,0.0
6735,2.0,8.797475995675113e+18,20376030.0,33066.0,1.0,1.0,53456.0,31009.0,5953.0,3989.0,2555881.0,0.0
6736,1.0,1.205787899908646e+19,20192676.0,27961.0,2.0,2.0,508517.0,2662.0,6578.0,370.0,1756906.0,1.0
6737,1.0,1.5490513422247694e+19,21105448.0,35562.0,3.0,3.0,3350812.0,64043.0,1097053.0,64125.0,0.0,0.0
6738,1.0,1.5860193830590669e+19,2878230.0,23777.0,2.0,1.0,6.0,4.0,21.0,22.0,7065007.0,0.0
6739,1.0,4.696782904677008e+18,3177874.0,23790.0,1.0,1.0,762.0,2580.0,32.0,54.0,2437035.0,0.0
6740,1.0,9.279176529507936e+18,10673605.0,23649.0,1.0,1.0,2157796.0,49811.0,106085.0,106394.0,1462963.0,1.0
6741,1.0,1.157455241643688e+19,21391184.0,8837.0,3.0,2.0,1324707.0,3060.0,37624.0,26525.0,18801.0,0.0
6742,1.0,1.205787899908646e+19,20192651.0,27961.0,2.0,1.0,647.0,1853.0,3288.0,3643.0,2861038.0,1.0
6743,1.0,5.103335732153791e+18,10405659.0,29900.0,2.0,1.0,3073.0,42.0,23.0,26.0,12654993.0,0.0
6744,1.0,1.6662550820893366e+19,21109435.0,27628.0,2.0,2.0,23944.0,24391.0,145050.0,146259.0,7321479.0,1.0
6745,1.0,2.2893957641570243e+18,20588315.0,33793.0,1.0,1.0,225.0,13259.0,18237.0,293.0,1251050.0,1.0
6746,1.0,2.452358325719527e+18,21879014.0,37600.0,2.0,1.0,34082.0,7393.0,78403.0,1198.0,343804.0,0.0
6747,1.0,7.451614988597315e+18,20183495.0,22423.0,3.0,2.0,1684357.0,77.0,140397.0,284201.0,2005879.0,1.0
6748,1.0,1.2838762443592323e+18,20757974.0,34160.0,1.0,1.0,163914.0,10326.0,207374.0,12570.0,1820357.0,0.0
6749,1.0,9.209885274217334e+18,21340751.0,36573.0,3.0,2.0,30093.0,54987.0,677633.0,1284.0,27979.0,0.0
6750,3.0,1.3756257544627677e+19,9024876.0,24354.0,2.0,1.0,1454.0,8487.0,8581.0,8730.0,1925356.0,1.0
6751,1.0,1.205787899908646e+19,20164261.0,27961.0,1.0,1.0,92118.0,51296.0,90200.0,2119.0,20657984.0,0.0
6752,46.0,9.881207773436752e+18,4332980.0,23778.0,2.0,1.0,1230443.0,22.0,13.0,21.0,0.0,0.0
6753,1.0,1.352869864397721e+19,21953300.0,38131.0,2.0,1.0,1354392.0,131501.0,2435426.0,87.0,56533.0,1.0
6754,1.0,1.4340390157469403e+19,20640003.0,23808.0,2.0,2.0,126940.0,7298.0,17195.0,20521.0,359735.0,1.0
6755,1.0,2.147392561695609e+17,21203247.0,27679.0,2.0,1.0,14987.0,2653.0,86410.0,76582.0,3573134.0,0.0
6756,1.0,7.903914528320191e+18,21162526.0,1325.0,2.0,2.0,89.0,295.0,22.0,23.0,638326.0,1.0
6757,1.0,1.205787899908646e+19,20160305.0,27961.0,1.0,1.0,20314562.0,234627.0,474413.0,386395.0,1788132.0,1.0
6758,1.0,1.4340390157469403e+19,6435109.0,23777.0,2.0,1.0,679.0,917.0,2605.0,2877.0,8215745.0,1.0
6759,1.0,1.066467938443029e+19,10613855.0,28779.0,3.0,2.0,59304.0,61737.0,178909.0,164473.0,313417.0,1.0
6760,1.0,1.4531867648059392e+19,20133172.0,32444.0,1.0,1.0,11115.0,3987.0,363071.0,596.0,10822282.0,1.0
6761,2.0,1.205787899908646e+19,20203709.0,27961.0,1.0,1.0,67.0,158.0,83.0,109.0,2001914.0,1.0
6762,1.0,5.103335732153791e+18,10405659.0,29900.0,1.0,1.0,1486.0,33.0,23.0,26.0,7191800.0,0.0
6763,1.0,8.363781040394014e+18,10959866.0,23806.0,2.0,1.0,102.0,977.0,37.0,46.0,328343.0,0.0
6764,2.0,6.228784066129291e+18,4270869.0,1998.0,1.0,1.0,18185554.0,56731.0,70975.0,45433.0,1700713.0,0.0
6765,1.0,9.960178603418085e+18,10649716.0,29475.0,1.0,1.0,4690.0,203.0,219.0,689.0,19178814.0,0.0
6766,1.0,4.58628320308311e+17,21432123.0,8493.0,3.0,1.0,287556.0,402134.0,953935.0,288987.0,0.0,1.0
6767,1.0,1.7363854844105064e+19,20017078.0,23798.0,1.0,1.0,63647.0,3226.0,4.0,2638.0,4700.0,0.0
6768,1.0,1.205787899908646e+19,20163588.0,27961.0,2.0,1.0,3358291.0,629860.0,1994036.0,1576700.0,13684527.0,1.0
6769,1.0,5.345544339361683e+18,5858886.0,23796.0,1.0,1.0,190.0,1070.0,6.0,12.0,7768395.0,1.0
6770,8.0,1.205787899908646e+19,20174693.0,27961.0,1.0,1.0,3386189.0,8279.0,21934.0,23827.0,0.0,1.0
6771,1.0,3.4486002454827796e+18,10752610.0,30361.0,2.0,2.0,52331.0,117321.0,262835.0,1821.0,246273.0,1.0
6772,3.0,1.747942042983075e+19,21206964.0,20472.0,3.0,2.0,174708.0,687.0,23826.0,28041.0,0.0,0.0
6773,1.0,4.192533441706128e+18,21488215.0,2533.0,2.0,2.0,117601.0,209669.0,471318.0,383593.0,474855.0,1.0
6774,1.0,1.1315908569713166e+19,20074389.0,18070.0,1.0,1.0,4724895.0,3750.0,379.0,765.0,0.0,0.0
6775,1.0,9.45917755559769e+18,21163121.0,5466.0,3.0,1.0,89822.0,107639.0,348078.0,339432.0,0.0,0.0
6776,1.0,1.4756578758696272e+19,21455526.0,3625.0,2.0,1.0,37.0,356.0,2835.0,3100.0,16782992.0,1.0
6777,1.0,2.0021430589649848e+18,20188717.0,24124.0,1.0,1.0,176399.0,289725.0,456.0,1041.0,7371503.0,0.0
6778,1.0,1.4340390157469403e+19,9027213.0,23808.0,2.0,1.0,70.0,1.0,0.0,0.0,12638382.0,0.0
6779,1.0,4.110348821605919e+18,2950735.0,19549.0,3.0,2.0,405939.0,3331.0,12468.0,12374.0,2619519.0,1.0
6780,1.0,1.1570917665805173e+19,20448777.0,33493.0,2.0,2.0,3285682.0,9813.0,407291.0,7334.0,259954.0,0.0
6781,1.0,1.4340390157469403e+19,2910239.0,23777.0,2.0,2.0,1550.0,13419.0,10738.0,10750.0,1376774.0,1.0
6782,1.0,2.385431732375965e+18,4224233.0,1367.0,1.0,1.0,19353945.0,581.0,653.0,945.0,622756.0,0.0
6783,3.0,4.2981186814246446e+18,21866029.0,385.0,1.0,1.0,10254.0,173.0,300.0,410.0,22008118.0,1.0
6784,1.0,3.508598868129778e+18,4381302.0,8421.0,2.0,1.0,2531.0,1654.0,6709.0,7939.0,1422167.0,1.0
6785,1.0,1.4340390157469403e+19,21163925.0,23808.0,2.0,1.0,12464946.0,6552.0,8277.0,120.0,97072.0,1.0
6786,1.0,6.372515012479612e+18,20876272.0,4751.0,2.0,1.0,87501.0,6629.0,20632.0,18369.0,4761713.0,1.0
6787,2.0,6.866370298485688e+18,10082758.0,16892.0,3.0,1.0,4997535.0,21533.0,278001.0,318.0,0.0,0.0
6788,2.0,1.6812730781823742e+19,22040045.0,38304.0,2.0,1.0,427052.0,15930.0,547323.0,584325.0,69.0,0.0
6789,1.0,6.228784066129291e+18,4350284.0,1998.0,2.0,2.0,7600328.0,1692.0,26145.0,31522.0,985869.0,0.0
6790,1.0,9.881207773436752e+18,4332980.0,23778.0,2.0,1.0,11956038.0,22.0,13.0,21.0,1153566.0,0.0
6791,5.0,1.4340390157469403e+19,3062200.0,23777.0,3.0,3.0,37697.0,15786.0,156776.0,134161.0,0.0,1.0
6792,1.0,2.0042556180443613e+17,20549643.0,30041.0,2.0,1.0,6644.0,1703.0,97897.0,97280.0,11802091.0,0.0
6793,1.0,1.4340390157469403e+19,20644076.0,23808.0,3.0,2.0,210.0,898.0,201.0,297.0,3129873.0,1.0
6794,1.0,1.4531867648059392e+19,7144538.0,27484.0,1.0,1.0,441.0,1263.0,110.0,764.0,25768.0,0.0
6795,2.0,1.4340390157469403e+19,20643970.0,23808.0,2.0,1.0,54.0,431.0,9.0,9.0,1193589.0,1.0
6796,1.0,6.715049002232656e+18,3065545.0,23783.0,1.0,1.0,1142.0,167.0,128.0,212.0,233360.0,1.0
6797,1.0,1.8036767643507182e+19,20653348.0,33947.0,2.0,1.0,4623786.0,832.0,60002.0,100831.0,85832.0,0.0
6798,23.0,8.971415363487362e+18,4362287.0,23599.0,2.0,2.0,19770.0,25142.0,43686.0,40076.0,0.0,1.0
6799,1.0,1.5167927993406933e+19,20207781.0,781.0,3.0,1.0,534.0,2919.0,18708.0,860.0,363739.0,1.0
6800,1.0,1.4340390157469403e+19,21163923.0,23808.0,2.0,1.0,235.0,1869.0,2946.0,37.0,4219512.0,1.0
6801,3.0,1.5145480155589095e+19,21023578.0,23807.0,1.0,1.0,107172.0,86330.0,261.0,891.0,22057893.0,0.0
6802,2.0,3.7330677759269975e+18,22139764.0,38636.0,3.0,1.0,1861.0,3512.0,17185.0,16662.0,3836194.0,0.0
6803,3.0,1.4340390157469403e+19,7113064.0,23777.0,2.0,1.0,7361.0,9168.0,9313.0,7473.0,12565663.0,0.0
6804,1.0,9.029516599927685e+18,20302828.0,22485.0,2.0,2.0,81641.0,40308.0,115028.0,90969.0,2478743.0,1.0
6805,1.0,1.4340390157469403e+19,3110597.0,23777.0,1.0,1.0,3543.0,330.0,154.0,226.0,5359972.0,1.0
6806,1.0,8.968090158283424e+18,21203766.0,20718.0,2.0,1.0,1181338.0,6574.0,28909.0,32073.0,164772.0,1.0
6807,1.0,2.061296188583326e+18,4971316.0,387.0,2.0,2.0,845920.0,1511.0,64201.0,482.0,0.0,0.0
6808,1.0,1.6258649554399928e+19,21229193.0,36220.0,1.0,1.0,111.0,7004.0,1748.0,362.0,7728681.0,0.0
6809,2.0,8.99455707050858e+18,20030165.0,23799.0,3.0,1.0,17.0,28.0,41.0,52.0,7568958.0,1.0
6810,1.0,1.5234067465152874e+19,9821065.0,16951.0,3.0,2.0,57779.0,87522.0,1521689.0,82645.0,5153173.0,1.0
6811,1.0,7.903914528320191e+18,21162109.0,1325.0,1.0,1.0,6347.0,272.0,767.0,1453.0,23814938.0,1.0
6812,1.0,1.535770248511473e+19,20929278.0,21027.0,1.0,1.0,24640366.0,2035.0,1560.0,1823.0,71146.0,0.0
6813,1.0,9.886254981095862e+18,4357741.0,17602.0,1.0,1.0,24906300.0,19307.0,75145.0,77025.0,170087.0,0.0
6814,1.0,5.497402316540119e+18,21464747.0,37086.0,3.0,2.0,1210827.0,230.0,3525.0,341.0,0.0,0.0
6815,1.0,1.4660509946428452e+18,20895773.0,34604.0,2.0,2.0,33791.0,89146.0,1395913.0,1107891.0,4084898.0,1.0
6816,1.0,1.6772851793638846e+19,22111131.0,38584.0,1.0,1.0,102159.0,5781.0,178032.0,151981.0,7640750.0,0.0
6817,1.0,1.6023517015743437e+19,4388029.0,8026.0,2.0,2.0,35723.0,5856.0,11957.0,13233.0,1745349.0,0.0
6818,1.0,7.341799059012098e+18,21312958.0,36527.0,2.0,1.0,500.0,124.0,2012.0,2434.0,2511252.0,1.0
6819,13.0,1.5118748124046563e+19,21720669.0,37557.0,2.0,1.0,7098.0,371.0,2887.0,3156.0,0.0,1.0
6820,1.0,1.1809797616920572e+19,22111430.0,38598.0,3.0,2.0,26941.0,861.0,63586.0,1573.0,5368598.0,1.0
6821,1.0,1.205787899908646e+19,20183519.0,27961.0,2.0,2.0,66267.0,29785.0,112509.0,103236.0,1083192.0,1.0
6822,3.0,2.6928596198512824e+18,4333159.0,2051.0,2.0,1.0,7910617.0,3094.0,4688.0,5055.0,565228.0,1.0
6823,1.0,4.525400588885921e+18,4411119.0,12411.0,2.0,1.0,443629.0,10450.0,28093.0,31385.0,308390.0,1.0
6824,1.0,9.37743301020855e+18,21263918.0,36412.0,3.0,2.0,7403545.0,3910.0,237181.0,16144.0,4077442.0,0.0
6825,1.0,1.4531867648059392e+19,7144875.0,27484.0,1.0,1.0,72.0,585.0,110.0,2330.0,333417.0,1.0
6826,1.0,1.4340390157469403e+19,9027213.0,23808.0,2.0,1.0,20705.0,1.0,0.0,0.0,8729248.0,1.0
6827,1.0,8.802768287123155e+18,20871586.0,34758.0,3.0,3.0,9.0,18.0,42.0,47.0,873198.0,0.0
6828,1.0,1.205787899908646e+19,20221306.0,27961.0,3.0,2.0,51265.0,83962.0,295852.0,260088.0,2146221.0,1.0
6829,2.0,1.205787899908646e+19,20170569.0,27961.0,1.0,1.0,512236.0,416.0,454.0,654.0,231304.0,0.0
6830,1.0,7.903914528320191e+18,20623358.0,2012.0,2.0,2.0,1411.0,2655.0,4108.0,230.0,15573192.0,1.0
6831,1.0,1.8425200088803072e+19,20033130.0,23790.0,1.0,1.0,33629.0,24754.0,27.0,29.0,193001.0,1.0
6832,1.0,7.803498973520802e+18,20688007.0,10497.0,3.0,1.0,18771.0,18723.0,16572.0,25059.0,264130.0,1.0
6833,1.0,1.4340390157469403e+19,21360099.0,23777.0,2.0,1.0,62.0,23.0,488.0,211.0,13318101.0,1.0
6834,1.0,1.0603176232430332e+19,21220237.0,32340.0,1.0,1.0,141224.0,21498.0,77591.0,57050.0,19248057.0,0.0
6835,1.0,9.004035880665279e+18,20595493.0,33800.0,1.0,1.0,72579.0,779.0,741.0,991.0,16392665.0,1.0
6836,1.0,7.52081831732621e+18,21506303.0,2437.0,2.0,2.0,118.0,1644.0,2671.0,871.0,1973412.0,0.0
6837,1.0,4.0685062024997084e+18,4430601.0,28837.0,2.0,2.0,22716.0,4513.0,1219.0,1959.0,5978239.0,1.0
6838,1.0,1.4301931306179305e+19,21572372.0,37472.0,2.0,2.0,46863.0,21719.0,199326.0,128816.0,2596086.0,0.0
6839,1.0,1.3475356637420884e+19,4424034.0,28699.0,2.0,1.0,13746969.0,46812.0,326.0,450.0,6321918.0,1.0
6840,2.0,1.4340390157469403e+19,20644075.0,23808.0,1.0,1.0,81117.0,4597.0,201.0,297.0,5650282.0,1.0
6841,2.0,1.4340390157469403e+19,21163923.0,23808.0,2.0,1.0,49867.0,13482.0,23569.0,34.0,354376.0,1.0
6842,1.0,1.7644778352940085e+19,21300584.0,34056.0,2.0,1.0,3474407.0,10894.0,843142.0,704415.0,811784.0,0.0
6843,1.0,2.1115975172883315e+18,21167206.0,35100.0,2.0,2.0,1123.0,389.0,664.0,893.0,3934108.0,1.0
6844,1.0,3.010475069228332e+18,21259977.0,35824.0,2.0,2.0,4781.0,15440.0,40345.0,19843.0,2760255.0,1.0
6845,1.0,1.37205818015937e+19,20929328.0,35146.0,1.0,1.0,16907319.0,1015.0,31280.0,2237.0,0.0,0.0
6846,1.0,1.621353013289259e+19,21435867.0,35656.0,3.0,3.0,5847452.0,90383.0,191502.0,162541.0,3000324.0,0.0
6847,2.0,1.3359361103803858e+18,20599533.0,33847.0,2.0,2.0,9645818.0,48149.0,639773.0,614837.0,243310.0,1.0
6848,1.0,1.5125668486826609e+19,21407545.0,36191.0,1.0,1.0,17144953.0,3283.0,6118.0,6393.0,7349946.0,1.0
6849,1.0,1.205787899908646e+19,20222594.0,27961.0,3.0,1.0,354905.0,4528.0,6368.0,7377.0,6137370.0,0.0
6850,1.0,1.205787899908646e+19,20163645.0,27961.0,2.0,2.0,7758.0,4942.0,157274.0,163131.0,10679409.0,0.0
6851,1.0,1.205787899908646e+19,20157628.0,27961.0,3.0,3.0,0.0,0.0,7.0,14.0,6074995.0,0.0
6852,1.0,1.8283637943560964e+19,20363465.0,11152.0,3.0,2.0,23387.0,31804.0,530905.0,16495.0,5134489.0,1.0
6853,1.0,1.8379774726231224e+18,20002943.0,2291.0,2.0,1.0,3336.0,5969.0,2709.0,1933.0,5972357.0,1.0
6854,1.0,5.851252814446936e+18,20141230.0,28698.0,2.0,1.0,41815.0,60125.0,1854505.0,1461717.0,559562.0,1.0
6855,1.0,1.2761937145908517e+19,21220411.0,2636.0,1.0,1.0,866.0,124.0,537.0,712.0,8153605.0,1.0
6856,2.0,1.4340390157469403e+19,9027213.0,23808.0,3.0,1.0,1.0,1.0,0.0,0.0,289334.0,1.0
6857,1.0,5.453745095566019e+18,20270647.0,32990.0,1.0,1.0,4864.0,4123.0,6199.0,1581.0,4556942.0,1.0
6858,1.0,7.903914528320191e+18,21162432.0,1325.0,3.0,1.0,987.0,4118.0,11041.0,12192.0,9511188.0,1.0
6859,1.0,2.6928596198512824e+18,4351094.0,2051.0,1.0,1.0,22740002.0,61.0,170.0,249.0,8936740.0,0.0
6860,1.0,1.4340390157469403e+19,10397447.0,23808.0,1.0,1.0,13.0,21.0,16.0,15.0,10316181.0,0.0
6861,2.0,4.601838009925348e+18,20885041.0,34976.0,2.0,1.0,5394752.0,84943.0,217109.0,190572.0,648285.0,1.0
6862,1.0,8.53880642476184e+18,21647369.0,37471.0,3.0,1.0,907.0,3444.0,137519.0,746.0,0.0,1.0
6863,2.0,1.7065143026592063e+19,21810829.0,1231.0,2.0,1.0,15581276.0,74977.0,153638.0,130769.0,407166.0,0.0
6864,356.0,5.888277431783336e+18,4352279.0,6520.0,2.0,1.0,15.0,10.0,429.0,617.0,0.0,1.0
6865,1.0,1.1243521181800204e+19,21116973.0,35398.0,2.0,1.0,2712386.0,7240.0,10536.0,20827.0,298531.0,0.0
6866,1.0,1.2892941488276077e+19,21460946.0,34043.0,2.0,1.0,8.0,15.0,1079.0,2610.0,5183049.0,1.0
6867,1.0,1.807861800280327e+19,22182223.0,38797.0,1.0,1.0,1479.0,16.0,461.0,599.0,13608500.0,1.0
6868,1.0,5.467921431274186e+18,10863236.0,30495.0,2.0,1.0,9067.0,13659.0,173556.0,197672.0,1458873.0,1.0
6869,1.0,9.420883265985817e+18,4423680.0,28451.0,3.0,2.0,45.0,81.0,314.0,426.0,263051.0,0.0
6870,1.0,1.3676343896596736e+18,21401034.0,36897.0,2.0,1.0,42826.0,4159.0,63604.0,578.0,1027912.0,0.0
6871,1.0,1.4406010195163697e+19,22134045.0,37278.0,2.0,1.0,1900430.0,27787.0,140581.0,121326.0,0.0,0.0
6872,2.0,4.6055291155997635e+18,20970099.0,6017.0,1.0,1.0,335942.0,1226.0,1786.0,983.0,0.0,0.0
6873,1.0,5.664657886268478e+18,21442134.0,37070.0,3.0,1.0,6400.0,2346.0,1162677.0,305796.0,3885052.0,0.0
6874,1.0,1.5145480155589095e+19,21183719.0,23807.0,3.0,1.0,8373.0,3530.0,2221.0,8.0,2253267.0,1.0
6875,1.0,1.8173048973571684e+19,7543728.0,14158.0,2.0,2.0,3730.0,10381.0,55575.0,55528.0,352077.0,0.0
6876,1.0,5.851252814446936e+18,10426564.0,28698.0,2.0,2.0,34713.0,150423.0,1035937.0,826441.0,3453806.0,0.0
6877,1.0,7.143518654485987e+18,20393504.0,33093.0,2.0,1.0,276.0,320.0,133.0,1331.0,11511.0,1.0
6878,2.0,1.4340390157469403e+19,9027448.0,23808.0,2.0,1.0,103.0,217.0,56.0,68.0,8959218.0,1.0
6879,1.0,5.345544339361683e+18,5858719.0,23796.0,1.0,1.0,75.0,179.0,6.0,12.0,23631645.0,0.0
6880,1.0,1.4340390157469403e+19,3529333.0,23777.0,2.0,1.0,2103814.0,4747.0,338.0,460.0,2706929.0,1.0
6881,1.0,1.205787899908646e+19,20163295.0,27961.0,1.0,1.0,136630.0,20453.0,22412.0,22804.0,17911626.0,0.0
6882,1.0,3.717198117925449e+18,20124874.0,30195.0,2.0,1.0,75893.0,59111.0,1882.0,974932.0,4122128.0,1.0
6883,114.0,1.4340390157469403e+19,9027213.0,23808.0,2.0,1.0,1.0,1.0,0.0,0.0,745.0,1.0
6884,1.0,1.5872012694861505e+19,20885025.0,34855.0,2.0,2.0,494.0,1143.0,16793.0,1657.0,12230587.0,0.0
6885,2.0,1.1243521181800204e+19,21021732.0,35398.0,2.0,1.0,244.0,1722.0,423.0,6656.0,258620.0,1.0
6886,1.0,1.3771105145726681e+19,21205776.0,35349.0,3.0,1.0,332.0,225.0,4611.0,5790.0,2514672.0,0.0
6887,1.0,1.578511299927674e+19,20908196.0,35088.0,3.0,2.0,0.0,0.0,2.0,5.0,5488079.0,0.0
6888,1.0,1.3416878294870458e+19,3066490.0,23786.0,1.0,1.0,3715.0,2088.0,1335.0,115.0,196147.0,1.0
6889,1.0,1.1029660940276564e+19,3834142.0,27485.0,2.0,2.0,11.0,8.0,28.0,209.0,7503378.0,1.0
6890,1.0,1.205787899908646e+19,20221162.0,27961.0,1.0,1.0,94615.0,7347.0,309534.0,45592.0,651398.0,1.0
6891,1.0,9.279176529507936e+18,10673577.0,23649.0,2.0,2.0,163.0,316.0,1743.0,2581.0,1000976.0,1.0
6892,1.0,6.324020793843805e+18,20711342.0,27500.0,2.0,2.0,87629.0,70.0,3842.0,2149.0,0.0,0.0
6893,3.0,1.4340390157469403e+19,20644076.0,23808.0,2.0,2.0,476136.0,2419.0,201.0,297.0,2391033.0,1.0
6894,1.0,1.205787899908646e+19,20174716.0,27961.0,2.0,2.0,2738393.0,1800.0,29978.0,37506.0,0.0,0.0
6895,1.0,8.2522234381569e+17,6572808.0,18042.0,1.0,1.0,23900918.0,2223.0,28251.0,90270.0,51830.0,0.0
6896,1.0,7.903914528320191e+18,21162422.0,1325.0,2.0,2.0,4147.0,13830.0,38220.0,40886.0,14703958.0,1.0
6897,1.0,1.4340390157469403e+19,21163921.0,23808.0,2.0,1.0,2739206.0,10181.0,38827.0,38.0,1598.0,1.0
6898,1.0,1.4571474312879376e+19,20640426.0,5529.0,3.0,1.0,686293.0,70973.0,170641.0,11571.0,0.0,0.0
6899,1.0,1.3756257544627677e+19,20587344.0,24354.0,1.0,1.0,25938371.0,58.0,1209.0,479.0,1596201.0,0.0
6900,5.0,7.771884441258275e+18,20865520.0,32367.0,2.0,1.0,15153.0,24325.0,399111.0,504542.0,0.0,1.0
6901,1.0,1.3384857948156529e+18,20802241.0,33931.0,2.0,2.0,424604.0,18213.0,22908.0,33352.0,3389398.0,0.0
6902,1.0,1.7793055910913241e+19,20665187.0,34007.0,2.0,1.0,946150.0,229343.0,2220626.0,1748023.0,1679558.0,1.0
6903,1.0,1.4340390157469403e+19,9027213.0,23808.0,2.0,1.0,5.0,1.0,0.0,0.0,9386577.0,1.0
6904,1.0,1.034946865176566e+19,21522776.0,37422.0,3.0,1.0,0.0,0.0,26.0,28.0,5243372.0,0.0
6905,4.0,1.0900652141469913e+19,21220365.0,2636.0,2.0,1.0,14233840.0,3793.0,10142.0,11493.0,0.0,0.0
6906,1.0,8.624410930658001e+18,21011567.0,33635.0,1.0,1.0,57799.0,57263.0,165272.0,75821.0,390620.0,0.0
6907,1.0,1.7065143026592063e+19,1848616.0,1231.0,2.0,1.0,662965.0,9762.0,19057.0,22330.0,981797.0,0.0
6908,1.0,4.2981186814246446e+18,21866036.0,385.0,3.0,1.0,289401.0,47724.0,124731.0,108341.0,583430.0,1.0
6909,1.0,1.205787899908646e+19,20192666.0,27961.0,1.0,1.0,143065.0,495.0,2064.0,2398.0,1480333.0,0.0
6910,9.0,1.4340390157469403e+19,9027213.0,23808.0,1.0,1.0,5.0,1.0,0.0,0.0,4782322.0,0.0
6911,1.0,4.2981186814246446e+18,2939715.0,385.0,1.0,1.0,979.0,5481.0,3712.0,4042.0,5309956.0,0.0
6912,2.0,1.4531867648059392e+19,21778793.0,27482.0,3.0,2.0,1705940.0,2966.0,227662.0,6.0,0.0,0.0
6913,1.0,1.4752340494333622e+19,21189759.0,20862.0,3.0,2.0,40050.0,2840.0,287982.0,256078.0,613871.0,0.0
6914,1.0,1.5239144474629646e+19,2686153.0,3118.0,2.0,1.0,6541764.0,7029.0,10922.0,14572.0,1778457.0,1.0
6915,1.0,4.231570301299196e+18,20668226.0,20836.0,1.0,1.0,4066.0,516.0,34025.0,31668.0,9703838.0,1.0
6916,3.0,1.1945298859485911e+19,21094247.0,35463.0,1.0,1.0,450.0,3679.0,2385.0,192.0,18266374.0,1.0
6917,24.0,1.4568423718347313e+19,20708685.0,8517.0,2.0,2.0,1633.0,784.0,170499.0,98267.0,0.0,1.0
6918,1.0,1.1781470843330357e+19,20669557.0,34122.0,2.0,1.0,30645.0,7612.0,12240.0,4124.0,2928774.0,1.0
6919,1.0,1.205787899908646e+19,20174678.0,27961.0,2.0,1.0,11194.0,1800.0,2601.0,3166.0,4707843.0,1.0
6920,1.0,1.0309024480928905e+19,4387042.0,5255.0,1.0,1.0,24239586.0,7935.0,3185.0,3464.0,5898934.0,0.0
6921,1.0,1.343190286554467e+19,4353251.0,12052.0,2.0,2.0,8722639.0,366980.0,2110715.0,1662290.0,256579.0,0.0
6922,1.0,1.4340390157469403e+19,3109028.0,23777.0,2.0,2.0,1020860.0,1904.0,2706.0,2965.0,3841098.0,0.0
6923,6.0,6.715049002232656e+18,3065545.0,23783.0,1.0,1.0,3106.0,60.0,54.0,78.0,2140847.0,1.0
6924,1.0,1.0168320798451945e+19,4425506.0,28073.0,2.0,2.0,9950.0,20235.0,237427.0,205933.0,8662944.0,0.0
6925,1.0,1.4340390157469403e+19,21163921.0,23808.0,1.0,1.0,427.0,255.0,414.0,38.0,226996.0,1.0
6926,1.0,9.991057275835721e+17,20389050.0,30428.0,3.0,3.0,888537.0,312998.0,1728119.0,1254783.0,216160.0,1.0
6927,1.0,5.851252814446936e+18,21477562.0,28698.0,2.0,1.0,232.0,2425.0,3831.0,4148.0,16208861.0,1.0
6928,2.0,9.237596053174082e+18,21325669.0,35382.0,2.0,2.0,7588.0,20016.0,96100.0,30061.0,1427096.0,0.0
6929,1.0,1.205787899908646e+19,20183681.0,27961.0,2.0,1.0,1872.0,261.0,323.0,497.0,4679965.0,1.0
6930,3.0,5.260594170071819e+16,3048011.0,23782.0,1.0,1.0,275.0,761.0,484.0,735.0,2562365.0,1.0
6931,1.0,1.1659373614241503e+19,20898514.0,34882.0,1.0,1.0,16021370.0,14546.0,99623.0,15491.0,10707205.0,0.0
6932,1.0,3.063626249967102e+18,21127012.0,35674.0,2.0,2.0,997121.0,6811.0,100954.0,395416.0,14153655.0,0.0
6933,1.0,1.0934587522791373e+19,4416986.0,16893.0,1.0,1.0,307595.0,36065.0,56412.0,20601.0,801972.0,0.0
6934,1.0,3.562091599564823e+18,4279729.0,16494.0,2.0,1.0,32325.0,971.0,1759.0,2378.0,4799537.0,1.0
6935,1.0,1.205787899908646e+19,20192990.0,27961.0,1.0,1.0,6.0,4.0,60.0,206.0,194043.0,1.0
6936,2.0,3.87535613628379e+18,20864206.0,33161.0,3.0,1.0,280757.0,15585.0,52893.0,279670.0,0.0,1.0
6937,1.0,8.670848036674834e+18,21520398.0,27347.0,2.0,1.0,526.0,1205.0,1613.0,1873.0,6328753.0,1.0
6938,1.0,1.4202400320781967e+19,21526679.0,27503.0,2.0,2.0,223.0,92.0,22134.0,21153.0,158433.0,0.0
6939,1.0,1.4347859242938208e+19,21092218.0,33931.0,1.0,1.0,1099046.0,114339.0,311311.0,5373.0,1057592.0,1.0
6940,1.0,1.5078998389629417e+19,4026702.0,1980.0,3.0,2.0,12307.0,572.0,1853.0,11370.0,3850380.0,1.0
6941,2.0,5.157001849629967e+18,20318614.0,27695.0,2.0,2.0,14465772.0,816.0,97390.0,92468.0,0.0,0.0
6942,1.0,1.3643020171234605e+19,10172709.0,947.0,1.0,1.0,23290155.0,8082.0,66063.0,81112.0,175389.0,0.0
6943,1.0,1.4340390157469403e+19,21163928.0,23808.0,2.0,1.0,454172.0,695.0,6771.0,332.0,502327.0,1.0
6944,1.0,4.969291200346086e+18,1693459.0,3383.0,2.0,1.0,14358493.0,45228.0,999.0,79060.0,13844973.0,0.0
6945,1.0,1.034946865176566e+19,21522776.0,37422.0,3.0,1.0,0.0,0.0,25.0,4.0,6741423.0,0.0
6946,1.0,1.30641835374664e+19,21854525.0,37799.0,3.0,3.0,2448268.0,16405.0,49751.0,45239.0,640.0,0.0
6947,1.0,3.010475069228332e+18,21259993.0,35824.0,1.0,1.0,1343028.0,3264.0,51012.0,49180.0,381563.0,0.0
6948,1.0,2.565631318136778e+18,21211065.0,36125.0,2.0,2.0,3850411.0,6698.0,4976.0,5312.0,829228.0,1.0
6949,1.0,1.205787899908646e+19,20222696.0,27961.0,2.0,1.0,3079.0,1248.0,11769.0,12086.0,386930.0,1.0
6950,1.0,8.363781040394014e+18,10959866.0,23806.0,2.0,1.0,3334.0,253.0,37.0,46.0,2723002.0,1.0
6951,1.0,2.877985348532404e+18,20759389.0,33847.0,2.0,1.0,366793.0,391703.0,1501369.0,1190305.0,0.0,1.0
6952,1.0,5.714575606690538e+18,20928786.0,33348.0,2.0,1.0,173.0,29.0,15794.0,15371.0,6531472.0,1.0
6953,1.0,6.912851286990253e+18,20050585.0,19186.0,1.0,1.0,107773.0,84298.0,174709.0,361527.0,23598709.0,1.0
6954,2.0,5.589649412465737e+18,20950131.0,35067.0,1.0,1.0,23654754.0,18237.0,33258.0,42.0,9983721.0,0.0
6955,1.0,1.804693554139927e+19,21342716.0,36552.0,3.0,1.0,1278765.0,28104.0,344720.0,283989.0,0.0,0.0
6956,1.0,1.7989747235538194e+19,20395616.0,24036.0,2.0,1.0,13879446.0,10185.0,12904.0,615.0,1073259.0,0.0
6957,3.0,5.260594170071819e+16,3048011.0,23782.0,1.0,1.0,875764.0,372.0,245.0,357.0,3985968.0,0.0
6958,1.0,3.583186794558268e+18,21402177.0,36906.0,1.0,1.0,161635.0,115.0,257.0,1783.0,0.0,0.0
6959,1.0,1.8101028571928648e+19,20192622.0,1247.0,1.0,1.0,16810915.0,6692.0,130468.0,143348.0,0.0,0.0
6960,1.0,1.205787899908646e+19,20203709.0,27961.0,2.0,1.0,67.0,158.0,83.0,109.0,639295.0,1.0
6961,1.0,1.3090221289647714e+19,20174989.0,23795.0,2.0,1.0,234.0,1787.0,3.0,7.0,825871.0,1.0
6962,2.0,1.4140300435418186e+18,2365388.0,1502.0,2.0,2.0,51138.0,176.0,1139.0,241.0,611919.0,1.0
6963,1.0,1.1379461126848995e+19,21480134.0,24354.0,2.0,1.0,1666.0,376.0,5729.0,905.0,93923.0,0.0
6964,1.0,7.962517543079213e+18,20561620.0,30727.0,2.0,2.0,79704.0,273.0,24696.0,23280.0,3316729.0,1.0
6965,1.0,1.8054023944582975e+19,20600384.0,29479.0,2.0,2.0,36516.0,21138.0,49301.0,5735.0,766495.0,1.0
6966,1.0,1.8036767643507182e+19,20653772.0,33947.0,3.0,2.0,23776.0,2817.0,47623.0,20494.0,0.0,0.0
6967,2.0,1.4340390157469403e+19,9027213.0,23808.0,1.0,1.0,379.0,1.0,0.0,0.0,2707768.0,1.0
6968,1.0,1.4340390157469403e+19,20640000.0,23808.0,2.0,1.0,695.0,263.0,52.0,61.0,10274333.0,0.0
6969,1.0,1.775198478542475e+19,20197158.0,32634.0,3.0,1.0,38099.0,40439.0,340759.0,27685.0,1954278.0,0.0
6970,1.0,1.3756257544627677e+19,10706719.0,24035.0,3.0,1.0,731.0,2665.0,14911.0,9474.0,7102104.0,1.0
6971,1.0,6.820251791914283e+18,1269294.0,9573.0,3.0,2.0,1224332.0,3362.0,6933.0,6677.0,0.0,0.0
6972,1.0,6.263749423537724e+18,21520523.0,36720.0,1.0,1.0,319364.0,441.0,686.0,409.0,12031288.0,1.0
6973,3.0,1.4340390157469403e+19,6435209.0,23777.0,2.0,2.0,2871233.0,1264.0,1041.0,1239.0,4511237.0,1.0
6974,1.0,1.5724432766227421e+19,20919320.0,35103.0,2.0,2.0,23025.0,87201.0,1375456.0,585452.0,3606010.0,1.0
6975,1.0,1.4340390157469403e+19,10110375.0,23808.0,1.0,1.0,2916.0,2921.0,2242.0,10.0,19322160.0,0.0
6976,1.0,1.3384857948156529e+18,20802241.0,33931.0,1.0,1.0,648452.0,18150.0,16033.0,195519.0,18804381.0,0.0
6977,1.0,1.3182762625019128e+19,2823870.0,3966.0,3.0,3.0,7941473.0,34325.0,154711.0,87385.0,1568288.0,0.0
6978,1.0,1.3416878294870458e+19,3066490.0,23786.0,1.0,1.0,477.0,314.0,207.0,115.0,21892217.0,1.0
6979,1.0,1.7693099677562102e+19,20108853.0,29900.0,2.0,1.0,899.0,1000.0,901.0,1117.0,933606.0,1.0
6980,1.0,1.6709405790339167e+18,20330671.0,33157.0,2.0,1.0,13783.0,22755.0,208795.0,1052.0,15114162.0,0.0
6981,1.0,1.578511299927674e+19,20908196.0,35088.0,3.0,2.0,0.0,0.0,2.0,5.0,10155197.0,0.0
6982,1.0,8.893439702406565e+18,21205790.0,29914.0,3.0,2.0,4.0,7.0,1482.0,456.0,5205578.0,0.0
6983,1.0,3.707278298787996e+18,10353260.0,8640.0,3.0,2.0,100307.0,166.0,3273.0,3553.0,0.0,0.0
6984,1.0,5.901349891861968e+18,4387679.0,24207.0,2.0,2.0,20333.0,4649.0,20200.0,27463.0,534317.0,1.0
6985,1.0,1.5745434129825966e+19,4344840.0,24224.0,2.0,2.0,4897224.0,6732.0,26357.0,24894.0,0.0,0.0
6986,1.0,1.4340390157469403e+19,9027213.0,23808.0,1.0,1.0,5.0,1.0,0.0,0.0,18013706.0,0.0
6987,3.0,1.5145480155589095e+19,21927070.0,23807.0,2.0,1.0,170.0,2166.0,30.0,32.0,5096830.0,0.0
6988,1.0,1.8390644256412522e+19,20319969.0,879.0,2.0,2.0,1008.0,3216.0,21670.0,6640.0,7340872.0,0.0
6989,5.0,1.3359361103803858e+18,20599629.0,33847.0,2.0,2.0,40220.0,124338.0,404643.0,380753.0,0.0,0.0
6990,2.0,1.266931600970813e+18,4405531.0,11000.0,2.0,2.0,797.0,2036.0,10024.0,12820.0,2072339.0,1.0
6991,1.0,3.558787559009577e+18,21926671.0,38024.0,3.0,2.0,121586.0,7710.0,204848.0,174238.0,36326.0,0.0
6992,1.0,4.192533441706128e+18,20639425.0,2533.0,3.0,2.0,6010658.0,5493.0,93301.0,90173.0,9608557.0,0.0
6993,1.0,1.7299638493773875e+18,9585571.0,23637.0,2.0,1.0,17.0,32.0,236.0,112.0,12521998.0,1.0
6994,1.0,1.4340390157469403e+19,10110529.0,23808.0,2.0,2.0,4385420.0,311.0,534.0,10.0,1709097.0,0.0
6995,3.0,7.903914528320191e+18,20623363.0,2012.0,1.0,1.0,4035946.0,773.0,2007.0,230.0,0.0,1.0
6996,1.0,4.2981186814246446e+18,21866030.0,385.0,1.0,1.0,2626393.0,62316.0,137546.0,118286.0,97999.0,0.0
6997,1.0,5.345544339361683e+18,5858576.0,23796.0,1.0,1.0,566420.0,66826.0,6.0,12.0,17754436.0,0.0
6998,1.0,3.2486660638755927e+18,22119424.0,36869.0,3.0,1.0,127159.0,123299.0,987325.0,738115.0,654616.0,1.0
6999,1.0,1.1624066761054958e+19,3373319.0,5962.0,2.0,1.0,3356.0,1183.0,27061.0,25606.0,8359455.0,1.0
7000,1.0,3.9377229675037143e+18,21868432.0,37852.0,3.0,2.0,316389.0,39331.0,792370.0,636253.0,1459754.0,0.0
7001,1.0,7.862333832652934e+18,10666378.0,30052.0,2.0,1.0,13124065.0,1807.0,22266.0,21249.0,3011253.0,0.0
7002,1.0,1.3756257544627677e+19,10959058.0,24354.0,2.0,2.0,2.0,11.0,242.0,383.0,15103724.0,0.0
7003,1.0,1.451586208829595e+19,4383847.0,26236.0,3.0,2.0,2437779.0,8319.0,16560.0,36103.0,0.0,0.0
7004,1.0,1.7474947678421414e+19,20424011.0,7005.0,1.0,1.0,12438.0,27528.0,41737.0,8811.0,4071988.0,0.0
7005,1.0,1.2871563470264744e+19,21167676.0,35831.0,1.0,1.0,420.0,1160.0,9285.0,37698.0,1093886.0,0.0
7006,2.0,1.6626621295632536e+19,20449902.0,14043.0,2.0,1.0,795.0,1452.0,5387.0,5692.0,1796540.0,1.0
7007,1.0,1.4340390157469403e+19,9027549.0,23808.0,2.0,1.0,227162.0,2770.0,14.0,18.0,1710470.0,1.0
7008,15.0,2.504651598567297e+18,22073678.0,35668.0,3.0,2.0,11856.0,69169.0,209073.0,176586.0,0.0,1.0
7009,1.0,1.4340390157469403e+19,3074451.0,23777.0,2.0,2.0,891599.0,34220.0,103257.0,90536.0,1082249.0,0.0
7010,1.0,1.3781729013181213e+19,22159199.0,38726.0,1.0,1.0,24813.0,9528.0,1492021.0,7664.0,585769.0,0.0
7011,1.0,1.4756578758696272e+19,21547202.0,3625.0,2.0,2.0,302716.0,84772.0,329391.0,496978.0,29180.0,0.0
7012,1.0,1.4660509946428452e+18,20895733.0,34604.0,2.0,1.0,13201372.0,96781.0,217386.0,212466.0,15184479.0,1.0
7013,2.0,2.137528403495601e+18,20218299.0,23801.0,2.0,2.0,219.0,894.0,613.0,924.0,8838651.0,0.0
7014,1.0,1.2440971204951276e+19,21317615.0,36521.0,2.0,2.0,157942.0,602.0,198262.0,347890.0,116224.0,0.0
7015,1.0,6.108324141650597e+18,20373148.0,33201.0,2.0,1.0,4948.0,10891.0,490685.0,10889.0,7795143.0,1.0
7016,1.0,1.4340390157469403e+19,10397422.0,23808.0,1.0,1.0,489.0,13.0,50.0,15.0,19957145.0,0.0
7017,1.0,6.324020793843805e+18,20711342.0,27500.0,3.0,3.0,1.0,12.0,188.0,124.0,5419359.0,0.0
7018,1.0,5.851252814446936e+18,21477562.0,28698.0,2.0,1.0,92.0,35.0,10845.0,5084.0,165485.0,1.0
7019,1.0,1.0004901579278895e+19,20183297.0,32789.0,2.0,2.0,2784650.0,674.0,39768.0,36539.0,96547.0,0.0
7020,1.0,5.260594170071819e+16,3048011.0,23782.0,2.0,1.0,1261.0,1068.0,695.0,1002.0,16110436.0,1.0
7021,2.0,5.851252814446936e+18,20132332.0,28698.0,2.0,1.0,106.0,44.0,3345.0,2959.0,195684.0,1.0
7022,1.0,3.3913795723357266e+18,20741829.0,34169.0,3.0,2.0,6025557.0,471.0,31519.0,29475.0,0.0,0.0
7023,1.0,6.475891272991593e+18,21408578.0,36946.0,1.0,1.0,4415740.0,1270.0,2395.0,1271.0,23900819.0,0.0
7024,1.0,1.4340390157469403e+19,9027614.0,23808.0,1.0,1.0,2270161.0,1508.0,138.0,198.0,91943.0,0.0
7025,1.0,1.1379461126848995e+19,21480110.0,24354.0,3.0,1.0,2482524.0,1721.0,9394.0,905.0,9519339.0,1.0
7026,1.0,2.0261938421998525e+18,21388542.0,927.0,2.0,1.0,168641.0,13476.0,352487.0,1902.0,1765.0,0.0
7027,1.0,1.3359361103803858e+18,20599538.0,33847.0,3.0,3.0,23022.0,37435.0,1124904.0,1216877.0,5471739.0,1.0
7028,1.0,9.226324830443962e+18,22159029.0,38776.0,3.0,1.0,1751187.0,19237.0,86876.0,76947.0,0.0,0.0
7029,1.0,1.572049047108855e+19,21248308.0,36196.0,2.0,2.0,4262787.0,19961.0,328068.0,18916.0,0.0,0.0
7030,1.0,9.34641022769029e+18,20393736.0,22567.0,2.0,2.0,8536.0,44279.0,336984.0,297192.0,1022579.0,1.0
7031,1.0,2.0465051509607314e+18,20705028.0,18311.0,2.0,2.0,50553.0,4388.0,224306.0,196180.0,3189351.0,1.0
7032,1.0,8.227240285050302e+18,21430376.0,37013.0,3.0,1.0,6505329.0,421392.0,1301897.0,5501.0,10666901.0,1.0
7033,1.0,9.102118953715763e+18,21438968.0,13140.0,1.0,1.0,25044592.0,104876.0,147789.0,138293.0,1763307.0,1.0
7034,1.0,1.130902570404585e+19,22089370.0,38263.0,2.0,2.0,3.0,241.0,29.0,182.0,5395146.0,0.0
7035,1.0,2.565631318136778e+18,21127424.0,34205.0,1.0,1.0,17359712.0,211695.0,170643.0,543702.0,0.0,0.0
7036,1.0,1.0901878375955827e+19,21867256.0,36487.0,1.0,1.0,16379540.0,9646.0,856.0,7457.0,0.0,1.0
7037,1.0,1.5689252236861137e+19,21164123.0,24130.0,1.0,1.0,10980.0,4328.0,11443.0,4192.0,2100173.0,0.0
7038,1.0,1.1551352603896937e+18,21098111.0,35532.0,2.0,1.0,5073.0,1147.0,7528.0,8740.0,11452150.0,1.0
7039,1.0,8.420205075577666e+18,20316644.0,27696.0,2.0,1.0,17711.0,19583.0,828542.0,785510.0,14710664.0,1.0
7040,1.0,4.192533441706128e+18,20660463.0,2533.0,2.0,2.0,12195226.0,4683.0,38162.0,2685.0,161731.0,1.0
7041,1.0,1.1121833691387079e+19,21134703.0,23807.0,1.0,1.0,22463457.0,1262.0,4110.0,8.0,456278.0,1.0
7042,1.0,1.3416878294870458e+19,3066490.0,23786.0,1.0,1.0,477.0,314.0,207.0,115.0,1525051.0,1.0
7043,1.0,1.5876638847899261e+18,20952326.0,33991.0,2.0,1.0,47777.0,7736.0,131496.0,229471.0,6293875.0,1.0
7044,1.0,1.5689252236861137e+19,20569494.0,24130.0,2.0,1.0,286.0,956.0,14474.0,19614.0,12664020.0,1.0
7045,1.0,1.3676343896596736e+18,21400929.0,36897.0,2.0,1.0,15813.0,50.0,1003.0,111.0,14227939.0,0.0
7046,1.0,1.4202509338856897e+19,21259440.0,10226.0,1.0,1.0,1815950.0,9061.0,229872.0,206345.0,1473530.0,0.0
7047,1.0,4.2981186814246446e+18,7827429.0,385.0,2.0,2.0,15232580.0,64314.0,97187.0,48.0,0.0,0.0
7048,1.0,1.265502459667583e+17,21243957.0,36263.0,2.0,2.0,1534.0,4936.0,27753.0,179.0,14172910.0,0.0
7049,2.0,4.696782904677008e+18,3178140.0,23790.0,1.0,1.0,27192.0,8880.0,32.0,236.0,16043782.0,0.0
7050,1.0,1.3333799131580213e+19,21020193.0,35431.0,3.0,1.0,5507664.0,55973.0,208900.0,254111.0,0.0,0.0
7051,1.0,1.3543424044640694e+19,21463221.0,22245.0,1.0,1.0,16701998.0,30523.0,62734.0,59596.0,3617122.0,0.0
7052,1.0,6.358273138009531e+18,21259326.0,1303.0,2.0,1.0,4531.0,9355.0,843.0,1522.0,5421193.0,0.0
7053,1.0,1.3222797952955216e+19,20906954.0,14049.0,2.0,2.0,9123181.0,791075.0,3516204.0,1051563.0,0.0,0.0
7054,1.0,1.4340390157469403e+19,6434912.0,23777.0,1.0,1.0,1849.0,16.0,36.0,44.0,7741050.0,1.0
7055,1.0,1.7171684670985843e+19,21187265.0,20551.0,2.0,1.0,17055.0,7586.0,10241.0,6921.0,848031.0,1.0
7056,10.0,1.205787899908646e+19,20157182.0,27961.0,2.0,2.0,1534731.0,3155.0,24235.0,27712.0,0.0,0.0
7057,1.0,1.099159647493597e+19,20020785.0,591.0,2.0,1.0,6646.0,3391.0,3961.0,609.0,4437538.0,1.0
7058,1.0,5.260594170071819e+16,3048011.0,23782.0,1.0,1.0,18077763.0,997.0,713.0,1059.0,15576689.0,1.0
7059,1.0,8.99455707050858e+18,20030151.0,23799.0,3.0,2.0,3408.0,409.0,15.0,19.0,182052.0,1.0
7060,3.0,6.55022984632161e+18,20302810.0,8017.0,3.0,2.0,2617423.0,103.0,4134.0,975.0,4312392.0,0.0
7061,2.0,1.0460794781478122e+18,22129963.0,37956.0,1.0,1.0,4463415.0,1199.0,29.0,156.0,4695985.0,1.0
7062,1.0,6.404062830824005e+18,10404206.0,5477.0,2.0,1.0,11049468.0,360.0,17927.0,17381.0,1360749.0,0.0
7063,3.0,1.4531867648059392e+19,3834142.0,27485.0,2.0,1.0,2.0,8.0,28.0,74.0,2031291.0,0.0
7064,1.0,1.4399505795670258e+19,2909590.0,23778.0,3.0,1.0,2927462.0,191.0,85.0,113.0,0.0,0.0
7065,1.0,1.2528432958745423e+18,20926485.0,35127.0,2.0,2.0,1806697.0,686347.0,2869476.0,2268456.0,4833508.0,1.0
7066,1.0,1.8425200088803072e+19,20033132.0,23790.0,1.0,1.0,42.0,598.0,27.0,29.0,23108434.0,1.0
7067,1.0,1.733445727023105e+18,21140357.0,30760.0,1.0,1.0,12099.0,27993.0,7836.0,1528.0,16584131.0,0.0
7068,1.0,6.764238664920475e+18,20929734.0,35158.0,2.0,2.0,2857.0,2377.0,10001.0,2424.0,7258256.0,0.0
7069,1.0,5.888277431783336e+18,4352279.0,6520.0,1.0,1.0,412.0,790.0,562.0,562.0,19785684.0,1.0
7070,1.0,1.4340390157469403e+19,21163925.0,23808.0,3.0,2.0,7766553.0,1869.0,2668.0,120.0,0.0,0.0
7071,1.0,1.205787899908646e+19,20203751.0,27961.0,2.0,1.0,9420.0,17818.0,1542.0,1806.0,6620280.0,1.0
7072,1.0,2.772771105567122e+18,4256462.0,13883.0,3.0,1.0,16168.0,7355.0,49207.0,18115.0,1987301.0,1.0
7073,1.0,1.0238834864685472e+18,10400124.0,29160.0,2.0,2.0,5389134.0,26108.0,26351.0,24952.0,1479304.0,1.0
7074,1.0,1.9057869711544797e+17,3243858.0,19132.0,2.0,1.0,10389.0,1795.0,13731.0,15238.0,8616239.0,1.0
7075,1.0,1.611268343126521e+19,21134701.0,30394.0,2.0,2.0,1127.0,727.0,43443.0,37440.0,66367.0,0.0
7076,2.0,4.725882021484678e+18,22088309.0,37665.0,3.0,1.0,72551.0,23916.0,70861.0,48760.0,418912.0,1.0
7077,1.0,1.205787899908646e+19,20147157.0,27961.0,1.0,1.0,19641308.0,47664.0,67156.0,67724.0,21216554.0,0.0
7078,1.0,6.277372745388775e+18,21901522.0,37934.0,3.0,2.0,52236.0,89.0,663.0,939.0,635573.0,0.0
7079,1.0,1.7299638493773875e+18,9584169.0,23637.0,2.0,1.0,145932.0,106.0,2401.0,223.0,318287.0,0.0
7080,1.0,1.034946865176566e+19,21522776.0,37422.0,3.0,1.0,0.0,0.0,12.0,4.0,3406897.0,0.0
7081,1.0,1.5989049276530887e+19,20314350.0,23824.0,2.0,1.0,193096.0,327857.0,684347.0,31.0,1409246.0,1.0
7082,1.0,4.192533441706128e+18,20445193.0,2533.0,2.0,1.0,1114127.0,82379.0,627674.0,507008.0,1209512.0,0.0
7083,1.0,1.613447588699713e+19,20441840.0,33495.0,1.0,1.0,24184230.0,35045.0,141888.0,146136.0,5099784.0,0.0
7084,1.0,1.136372424770545e+19,20124509.0,30405.0,2.0,2.0,798157.0,531.0,12657.0,37224.0,194934.0,0.0
7085,1.0,1.4531867648059392e+19,21779847.0,27482.0,3.0,1.0,2745.0,24019.0,22058.0,6.0,6524817.0,0.0
7086,1.0,1.7363854844105064e+19,20017078.0,23798.0,1.0,1.0,81.0,429.0,4.0,208.0,14965510.0,1.0
7087,1.0,1.205787899908646e+19,20170556.0,27961.0,3.0,2.0,45273.0,48509.0,118302.0,118662.0,379469.0,0.0
7088,1.0,6.852451554810391e+18,20563587.0,17281.0,2.0,1.0,26529.0,12349.0,384672.0,149250.0,1718.0,0.0
7089,1.0,1.4140300435418186e+18,20208857.0,1502.0,3.0,2.0,7717.0,388.0,1528.0,348.0,36112.0,1.0
7090,1.0,8.119057108691817e+18,20876635.0,34760.0,1.0,1.0,344237.0,5278.0,34.0,40.0,12035693.0,1.0
7091,1.0,7.541763260367528e+16,10668832.0,30170.0,3.0,3.0,62196.0,110616.0,313637.0,264213.0,143373.0,0.0
7092,1.0,4.6055291155997635e+18,20970060.0,6017.0,2.0,1.0,11479233.0,12877.0,13778.0,14183.0,1100272.0,1.0
7093,1.0,1.4340390157469403e+19,20644045.0,23808.0,1.0,1.0,1454778.0,2.0,1.0,3.0,204794.0,0.0
7094,1.0,1.3871191115261514e+19,22185253.0,38315.0,3.0,1.0,5706297.0,530617.0,1905166.0,1033652.0,9902379.0,1.0
7095,2.0,1.421274378396493e+19,21329487.0,36624.0,2.0,2.0,238069.0,262.0,12196.0,16857.0,2763947.0,0.0
7096,1.0,1.4340390157469403e+19,21163925.0,23808.0,3.0,2.0,51.0,395.0,808.0,120.0,8530523.0,1.0
7097,1.0,1.1547636679726547e+19,21229134.0,36219.0,2.0,1.0,119.0,147.0,4868.0,1155.0,15651866.0,1.0
7098,1.0,1.0810083886899845e+19,10309951.0,28492.0,2.0,2.0,60324.0,16698.0,1342.0,1798.0,2602980.0,0.0
7099,3.0,4.3131119374982446e+18,4212730.0,2054.0,3.0,3.0,40989.0,41294.0,207758.0,120392.0,3764.0,0.0
7100,3.0,1.0493494137545437e+19,4262568.0,19755.0,1.0,1.0,4427.0,53689.0,114852.0,260540.0,0.0,1.0
7101,6.0,1.160376848368766e+19,20051093.0,29562.0,3.0,1.0,9348.0,3714.0,825818.0,312627.0,0.0,1.0
7102,2.0,4.725882021484678e+18,21810772.0,37665.0,2.0,2.0,119887.0,260.0,6032.0,6312.0,33507.0,1.0
7103,1.0,5.07990106805139e+18,7611175.0,25928.0,2.0,1.0,1002711.0,474273.0,1704807.0,214099.0,682445.0,0.0
7104,1.0,2.952157907697274e+17,10338168.0,5156.0,2.0,1.0,811932.0,8078.0,17500.0,13605.0,0.0,0.0
7105,1.0,1.0669660379403606e+18,20876922.0,34789.0,2.0,1.0,785319.0,65899.0,1966080.0,351349.0,1490947.0,0.0
7106,1.0,4.481970871919275e+18,20073584.0,24288.0,2.0,1.0,663899.0,5102.0,286.0,397.0,68870.0,0.0
7107,1.0,1.7897915859156228e+19,7212132.0,2675.0,2.0,1.0,9835272.0,6468.0,7163.0,7336.0,0.0,1.0
7108,1.0,3.2975417656117156e+18,10224041.0,28138.0,2.0,2.0,9784607.0,3339.0,246844.0,33334.0,6596207.0,1.0
7109,1.0,4.660171733307025e+18,10139344.0,16894.0,2.0,1.0,525.0,91.0,44389.0,40716.0,13220308.0,0.0
7110,2.0,1.205787899908646e+19,20183685.0,27961.0,1.0,1.0,178397.0,8275.0,19114.0,18406.0,7452880.0,0.0
7111,1.0,1.3384857948156529e+18,20759015.0,33931.0,2.0,2.0,15715496.0,54204.0,201334.0,186920.0,0.0,0.0
7112,2.0,1.5009878117274857e+19,20062072.0,16756.0,2.0,1.0,302030.0,106636.0,1825238.0,2035841.0,0.0,0.0
7113,1.0,1.034946865176566e+19,21522776.0,37422.0,3.0,1.0,0.0,0.0,25.0,4.0,8951529.0,0.0
7114,1.0,8.637480472132896e+18,20445579.0,33334.0,2.0,1.0,25822.0,7110.0,497837.0,493473.0,2398525.0,0.0
7115,1.0,5.648676231877414e+18,21323311.0,36380.0,3.0,1.0,82721.0,43576.0,292245.0,159180.0,1218600.0,1.0
7116,1.0,1.205787899908646e+19,20174703.0,27961.0,1.0,1.0,109507.0,2564.0,2760.0,3744.0,11988863.0,1.0
7117,1.0,5.671704900911612e+17,21314188.0,12114.0,3.0,3.0,485755.0,1795.0,20362.0,19995.0,242298.0,0.0
7118,2.0,6.35979784588904e+18,21463277.0,35554.0,2.0,1.0,1284327.0,8876.0,117941.0,103134.0,0.0,0.0
7119,1.0,1.2860330221988952e+19,21406823.0,36895.0,2.0,1.0,7692.0,4745.0,224130.0,1056.0,3533552.0,0.0
7120,1.0,7.402391970444945e+18,20594900.0,854.0,2.0,1.0,50989.0,50843.0,103420.0,106544.0,7506761.0,1.0
7121,1.0,4.3945255389402655e+18,10404502.0,10794.0,3.0,2.0,34443.0,37133.0,53375.0,48391.0,1220924.0,1.0
7122,1.0,9.069302951596745e+18,20945651.0,35231.0,1.0,1.0,24718374.0,7898.0,21230.0,8266.0,4893630.0,1.0
7123,4.0,1.3503262172158704e+19,4308418.0,1185.0,1.0,1.0,147765.0,6333.0,11754.0,216.0,2903329.0,0.0
7124,1.0,5.387259243305928e+18,20212781.0,29213.0,2.0,2.0,90.0,196.0,11830.0,24225.0,15990443.0,0.0
7125,1.0,1.205787899908646e+19,20185720.0,27961.0,2.0,2.0,4576570.0,48471.0,324683.0,7842.0,1054.0,0.0
7126,1.0,1.3090221289647714e+19,20174985.0,23795.0,1.0,1.0,31.0,135.0,3.0,7.0,18345800.0,0.0
7127,1.0,7.903914528320191e+18,21372581.0,2010.0,2.0,2.0,49.0,31.0,237.0,189.0,1911565.0,1.0
7128,1.0,1.4779610188253967e+18,1001404.0,2666.0,3.0,3.0,670361.0,16819.0,1087070.0,978417.0,0.0,0.0
7129,2.0,1.4340390157469403e+19,20644045.0,23808.0,1.0,1.0,32.0,2.0,1.0,3.0,8858932.0,0.0
7130,1.0,1.4340390157469403e+19,10445640.0,23808.0,2.0,2.0,2533623.0,29683.0,222.0,267.0,2270470.0,0.0
7131,1.0,7.063154296769774e+18,20418738.0,33500.0,3.0,1.0,3792059.0,166894.0,1187656.0,541.0,1715.0,1.0
7132,1.0,1.4347859242938208e+19,21022282.0,33931.0,1.0,1.0,2976345.0,354951.0,794744.0,990069.0,430126.0,1.0
7133,48.0,1.5889052232801778e+19,3138472.0,7570.0,2.0,1.0,5759.0,13507.0,823.0,84907.0,0.0,1.0
7134,2.0,1.205787899908646e+19,20192676.0,27961.0,1.0,1.0,14080214.0,280.0,277.0,815.0,0.0,0.0
7135,1.0,1.4531867648059392e+19,20447704.0,27482.0,1.0,1.0,1060732.0,2545.0,1589.0,76.0,255077.0,1.0
7136,2.0,1.4646254558959196e+19,21104865.0,10939.0,2.0,1.0,2384612.0,8537.0,127357.0,128520.0,1423440.0,0.0
7137,1.0,1.205787899908646e+19,20159190.0,27961.0,1.0,1.0,19806.0,293.0,264.0,427.0,3260745.0,1.0
7138,4.0,3.2276719965582874e+18,21386125.0,32832.0,2.0,1.0,24548.0,15614.0,38550.0,38741.0,0.0,1.0
7139,1.0,2.6928596198512824e+18,4291763.0,2051.0,2.0,1.0,56.0,211.0,235.0,63.0,13008357.0,0.0
7140,1.0,2.2731401222152845e+18,21911242.0,37967.0,3.0,3.0,44367.0,874.0,82628.0,7066.0,106420.0,1.0
7141,2.0,1.4756578758696272e+19,21547617.0,3625.0,2.0,1.0,328.0,23737.0,21729.0,21324.0,91036.0,0.0
7142,1.0,1.205787899908646e+19,20192652.0,27961.0,3.0,1.0,453964.0,13292.0,37707.0,378.0,33381.0,0.0
7143,1.0,1.3311343438192927e+19,3806502.0,23791.0,1.0,1.0,270.0,24.0,31.0,33.0,2125720.0,0.0
7144,1.0,1.4340390157469403e+19,9027448.0,23808.0,3.0,1.0,1056.0,202.0,56.0,68.0,1110665.0,1.0
7145,1.0,2.670952723278905e+18,20172874.0,23805.0,2.0,1.0,1.0,3.0,35.0,16.0,3138493.0,1.0
7146,2.0,1.7245542574473951e+19,3623230.0,24089.0,2.0,1.0,76488.0,23884.0,405439.0,51439.0,7787599.0,1.0
7147,1.0,2.137528403495601e+18,20218298.0,23801.0,1.0,1.0,3716.0,12892.0,12746.0,29017.0,4803200.0,0.0
7148,1.0,3.8942848771866363e+18,21500376.0,32574.0,2.0,2.0,65.0,119.0,1118.0,1319.0,6199002.0,0.0
7149,2.0,9.421811754004204e+18,20934911.0,32271.0,2.0,1.0,27310.0,40868.0,156312.0,470923.0,4002957.0,0.0
7150,1.0,1.3384857948156529e+18,20802241.0,33931.0,2.0,1.0,2445.0,2482.0,105927.0,1260.0,1777928.0,0.0
7151,1.0,1.205787899908646e+19,20203752.0,27961.0,1.0,1.0,971053.0,2218.0,83.0,109.0,1772992.0,0.0
7152,3.0,5.179363754403472e+17,20875709.0,34844.0,3.0,3.0,1805256.0,1751.0,1180.0,2952.0,0.0,0.0
7153,6.0,5.536990763104922e+18,4404663.0,2612.0,2.0,2.0,85829.0,42392.0,49434.0,79838.0,0.0,1.0
7154,1.0,5.851252814446936e+18,21477472.0,28698.0,2.0,1.0,8930.0,3888.0,18267.0,17652.0,16401935.0,1.0
7155,1.0,2.4127717961104635e+18,20067145.0,23781.0,2.0,2.0,34890.0,3798.0,8.0,1.0,7684902.0,0.0
7156,2.0,1.5148081156213817e+19,20140769.0,28837.0,2.0,2.0,2179.0,2154.0,704.0,908.0,0.0,0.0
7157,1.0,8.323416633313459e+18,21261705.0,36135.0,2.0,2.0,488.0,1000.0,893.0,1112.0,4236139.0,0.0
7158,3.0,1.226330248914136e+19,10025055.0,932.0,2.0,1.0,147443.0,148310.0,797721.0,672032.0,0.0,1.0
7159,1.0,1.205787899908646e+19,20147340.0,27961.0,1.0,1.0,20474644.0,4355.0,5072.0,5803.0,18383678.0,0.0
7160,2.0,6.791565021519463e+18,21920339.0,37956.0,2.0,1.0,3.0,17.0,93.0,171.0,2204002.0,0.0
7161,1.0,5.345544339361683e+18,5858822.0,23796.0,1.0,1.0,35.0,282.0,6.0,12.0,1569045.0,1.0
7162,5.0,1.4340390157469403e+19,9027213.0,23808.0,2.0,1.0,1.0,1.0,0.0,0.0,182180.0,1.0
7163,1.0,1.4340390157469403e+19,9027575.0,23808.0,1.0,1.0,20025.0,3504.0,173.0,252.0,4658012.0,0.0
7164,1.0,1.2485598954401746e+18,21334743.0,36643.0,2.0,2.0,13694494.0,2779.0,134491.0,125203.0,1105589.0,1.0
7165,1.0,1.546913694592869e+19,21126258.0,2436.0,3.0,1.0,1356951.0,12269.0,96224.0,147720.0,270470.0,0.0
7166,1.0,1.1458797015721509e+19,21967178.0,38250.0,3.0,3.0,34403.0,20589.0,1445.0,807.0,0.0,0.0
7167,1.0,1.3756257544627677e+19,21409301.0,24354.0,3.0,1.0,59464.0,318.0,13144.0,10759.0,447418.0,1.0
7168,1.0,1.1945298859485911e+19,21094247.0,35463.0,1.0,1.0,93.0,1335.0,2115.0,192.0,3964408.0,0.0
7169,1.0,5.271976168082996e+18,20215190.0,28187.0,2.0,2.0,1543.0,27997.0,560734.0,737403.0,0.0,0.0
7170,1.0,6.601746059193693e+18,1758456.0,14428.0,2.0,1.0,9926822.0,6799.0,5934.0,239.0,0.0,1.0
7171,2.0,7.903914528320191e+18,21022572.0,2010.0,1.0,1.0,11037745.0,82966.0,203043.0,8039.0,0.0,1.0
7172,1.0,5.851252814446936e+18,21477604.0,28698.0,3.0,1.0,18104.0,7540.0,405204.0,331516.0,717414.0,1.0
7173,1.0,1.4340390157469403e+19,10397422.0,23808.0,1.0,1.0,117.0,13.0,50.0,15.0,15320262.0,0.0
7174,1.0,1.077230928844858e+19,20877064.0,34202.0,2.0,2.0,302126.0,55699.0,1010.0,1204.0,6294378.0,0.0
7175,2.0,1.8425200088803072e+19,20033125.0,23790.0,1.0,1.0,42.0,160.0,27.0,29.0,20882387.0,1.0
7176,1.0,1.6277773123342381e+19,10764867.0,29485.0,1.0,1.0,23988168.0,495719.0,1634844.0,1306941.0,1064695.0,0.0
7177,1.0,1.5989049276530887e+19,20374547.0,23823.0,2.0,1.0,10224.0,46764.0,51751.0,47180.0,14355270.0,1.0
7178,1.0,7.903914528320191e+18,21162421.0,1325.0,2.0,1.0,10627.0,46494.0,102826.0,105877.0,10906667.0,0.0
7179,1.0,1.663504440681367e+19,2770909.0,23926.0,2.0,2.0,12946212.0,845390.0,24802.0,23485.0,541621.0,0.0
7180,1.0,1.4756578758696272e+19,21546123.0,3625.0,2.0,2.0,10739144.0,48992.0,418666.0,342129.0,3483525.0,1.0
7181,1.0,5.260594170071819e+16,3048011.0,23782.0,1.0,1.0,275.0,761.0,484.0,735.0,572154.0,1.0
7182,1.0,8.99455707050858e+18,20030150.0,23799.0,1.0,1.0,1623.0,4567.0,15.0,19.0,7881307.0,0.0
7183,1.0,1.205787899908646e+19,20180703.0,27961.0,2.0,2.0,10328247.0,538.0,5214.0,6516.0,9155548.0,0.0
7184,1.0,2.88551812994783e+18,4202551.0,4901.0,1.0,1.0,145284.0,11235.0,987382.0,789088.0,212234.0,0.0
7185,1.0,1.2837504198869455e+19,21947148.0,30627.0,3.0,1.0,135569.0,9591.0,997063.0,796877.0,0.0,0.0
7186,1.0,1.4340390157469403e+19,21163923.0,23808.0,2.0,1.0,3766777.0,2916.0,4266.0,34.0,0.0,1.0
7187,1.0,1.3756257544627677e+19,8350708.0,24035.0,2.0,1.0,326.0,1008.0,15305.0,2090.0,7261013.0,1.0
7188,2.0,7.907174822017791e+18,21115419.0,34410.0,1.0,1.0,519527.0,18262.0,114106.0,112780.0,416870.0,0.0
7189,1.0,5.204250663046859e+18,10752184.0,30199.0,2.0,2.0,8391902.0,29700.0,24077.0,22812.0,0.0,1.0
7190,1.0,9.699931439735276e+18,3609757.0,7279.0,3.0,1.0,510936.0,64207.0,220676.0,595903.0,0.0,1.0
7191,1.0,1.2704056466397923e+19,20901132.0,34987.0,2.0,2.0,10082.0,3738.0,631520.0,145639.0,69404.0,0.0
7192,1.0,2.0021430589649848e+18,20607357.0,24124.0,2.0,1.0,15422.0,12040.0,58046.0,48123.0,0.0,1.0
7193,1.0,1.4340390157469403e+19,21360098.0,23777.0,2.0,1.0,228.0,610.0,302.0,211.0,16843497.0,1.0
7194,2.0,1.8425200088803072e+19,20033125.0,23790.0,1.0,1.0,42.0,160.0,27.0,29.0,10642306.0,1.0
7195,4.0,3.672146191748648e+18,21346731.0,36724.0,2.0,1.0,611841.0,8800.0,715.0,116003.0,605353.0,0.0
7196,1.0,7.45062309562295e+18,20763779.0,32065.0,2.0,2.0,24328.0,35533.0,1174965.0,931643.0,204004.0,0.0
7197,1.0,1.205787899908646e+19,20192913.0,27961.0,2.0,2.0,1184144.0,268.0,1637.0,2665.0,5171474.0,0.0
7198,1.0,1.4340390157469403e+19,21163925.0,23808.0,1.0,1.0,453.0,1914.0,2813.0,120.0,8470979.0,1.0
7199,10.0,1.3055532161255512e+19,7461946.0,13179.0,3.0,1.0,2224.0,1909.0,123480.0,114845.0,0.0,0.0
7200,2.0,4.876702067173951e+17,20589742.0,24027.0,2.0,1.0,472808.0,719.0,18350.0,21891.0,155728.0,1.0
7201,1.0,1.205787899908646e+19,22212597.0,29951.0,1.0,1.0,2.0,48.0,5300.0,5618.0,7367741.0,1.0
7202,1.0,7.877361752466289e+18,21130083.0,35491.0,2.0,2.0,1829.0,3089.0,31385.0,116057.0,25368.0,0.0
7203,2.0,1.1474681982540716e+19,21193951.0,24072.0,2.0,1.0,23664.0,14929.0,265611.0,235155.0,8709793.0,0.0
7204,1.0,2.1223134474053192e+18,8297396.0,20803.0,2.0,1.0,2877.0,11422.0,3962.0,4288.0,7484011.0,1.0
7205,1.0,2.3771491106577915e+18,21960429.0,35320.0,3.0,1.0,13146.0,27208.0,2319809.0,34865.0,443459.0,1.0
7206,1.0,6.164205476474996e+17,21399141.0,7838.0,2.0,2.0,175024.0,255242.0,485089.0,415348.0,812270.0,1.0
7207,1.0,1.4140300435418186e+18,2365389.0,1502.0,2.0,1.0,2768.0,107.0,155.0,241.0,3527315.0,1.0
7208,1.0,1.4756578758696272e+19,20716116.0,3625.0,3.0,1.0,5526356.0,33528.0,1014688.0,7812.0,0.0,0.0
7209,1.0,1.205787899908646e+19,20192990.0,27961.0,2.0,1.0,6.0,4.0,39.0,55.0,996063.0,1.0
7210,1.0,2.0021430589649848e+18,20197030.0,24124.0,2.0,1.0,160006.0,83937.0,598050.0,151.0,16801.0,1.0
7211,1.0,5.345544339361683e+18,5858537.0,23796.0,1.0,1.0,21797672.0,6667.0,6.0,12.0,0.0,0.0
7212,1.0,1.205787899908646e+19,20163591.0,27961.0,2.0,1.0,665593.0,9.0,103.0,166.0,0.0,1.0
7213,1.0,1.021800488877112e+19,4357407.0,24159.0,3.0,1.0,2296493.0,9.0,479.0,632.0,712391.0,0.0
7214,1.0,1.4347859242938208e+19,20684656.0,33931.0,1.0,1.0,351650.0,84299.0,110832.0,168343.0,22716045.0,1.0
7215,1.0,1.4340390157469403e+19,10335742.0,23808.0,3.0,2.0,967983.0,446.0,629.0,144.0,10227787.0,0.0
7216,1.0,5.851252814446936e+18,20134157.0,28698.0,2.0,2.0,4141302.0,6.0,18461.0,34181.0,1666453.0,0.0
7217,2.0,1.4061670698045905e+19,21360226.0,36744.0,1.0,1.0,7573807.0,267.0,7090.0,2699.0,0.0,1.0
7218,1.0,7.903914528320191e+18,20869505.0,2010.0,1.0,1.0,14885797.0,110.0,267.0,85.0,81682.0,0.0
7219,1.0,2.6928596198512824e+18,4212764.0,2051.0,2.0,1.0,10336.0,380.0,2429.0,56.0,2316053.0,1.0
7220,1.0,1.205787899908646e+19,20180673.0,27961.0,1.0,1.0,1174.0,29.0,4561.0,4975.0,427378.0,0.0
7221,2.0,1.4340390157469403e+19,21232853.0,23808.0,2.0,2.0,152397.0,1488.0,11877.0,634.0,966491.0,0.0
7222,1.0,1.8849175979017254e+17,21393591.0,24151.0,2.0,2.0,704756.0,1683.0,57662.0,51870.0,3323895.0,1.0
7223,1.0,1.205787899908646e+19,20192676.0,27961.0,2.0,2.0,14652068.0,58.0,779.0,2148.0,0.0,0.0
7224,1.0,1.105694079510541e+19,4300366.0,1590.0,2.0,1.0,1713548.0,18296.0,61213.0,102205.0,0.0,0.0
7225,3.0,1.4340390157469403e+19,3207779.0,23777.0,2.0,1.0,83722.0,5589.0,3843.0,4165.0,0.0,1.0
7226,4.0,1.099159647493597e+19,20900282.0,35011.0,2.0,1.0,29950.0,18633.0,20093.0,887.0,0.0,0.0
7227,1.0,2.6928596198512824e+18,4330718.0,2051.0,2.0,1.0,4807.0,2752.0,3566.0,2808.0,7281371.0,1.0
7228,1.0,5.5111324610218e+18,4205774.0,10040.0,3.0,2.0,7674455.0,1260.0,6969.0,9445.0,0.0,0.0
7229,1.0,7.246004546779674e+17,2934610.0,23778.0,2.0,1.0,9098.0,302.0,117.0,162.0,1698741.0,0.0
7230,1.0,1.5689252236861137e+19,21164208.0,24130.0,2.0,1.0,15473996.0,308881.0,682401.0,549928.0,0.0,1.0
7231,1.0,1.693387188561126e+19,20069407.0,30736.0,2.0,1.0,5352758.0,9873.0,14885.0,28425.0,3331654.0,1.0
7232,3.0,1.2624898118114988e+19,21245605.0,36003.0,2.0,1.0,126350.0,103411.0,271703.0,193461.0,0.0,1.0
7233,1.0,3.011959141886622e+18,21400705.0,36898.0,3.0,3.0,980104.0,1801.0,27362.0,87.0,0.0,0.0
7234,1.0,1.205787899908646e+19,20147157.0,27961.0,1.0,1.0,18064961.0,221.0,165.0,269.0,1807818.0,0.0
7235,1.0,1.4340390157469403e+19,7112982.0,23777.0,3.0,2.0,13699.0,3007.0,7610.0,7789.0,32069.0,0.0
7236,1.0,5.851252814446936e+18,21477562.0,28698.0,2.0,1.0,15864.0,34193.0,435182.0,236525.0,16126909.0,1.0
7237,1.0,1.4531867648059392e+19,21779997.0,27482.0,1.0,1.0,1132713.0,57028.0,67485.0,6.0,4206384.0,1.0
7238,1.0,3.0400992591693215e+18,21812878.0,37714.0,2.0,2.0,555293.0,1879.0,98514.0,1434.0,4765405.0,0.0
7239,1.0,1.205787899908646e+19,20192903.0,27961.0,1.0,1.0,5403609.0,2.0,82.0,272.0,570070.0,1.0
7240,1.0,4.876702067173951e+17,20502124.0,24027.0,2.0,1.0,91281.0,6933.0,32207.0,35748.0,9110719.0,1.0
7241,1.0,2.4347563200652785e+18,20639903.0,29273.0,1.0,1.0,8011.0,7402.0,104.0,16648.0,11700463.0,1.0
7242,1.0,5.120683440510468e+18,8676734.0,1268.0,1.0,1.0,354976.0,4154.0,4736.0,13.0,22145399.0,0.0
7243,1.0,8.14311036677258e+18,4258205.0,10611.0,2.0,2.0,1956172.0,11363.0,58010.0,57819.0,273457.0,0.0
7244,1.0,7.484333488664585e+18,21209487.0,34691.0,2.0,1.0,717698.0,6606.0,324.0,449.0,0.0,1.0
7245,1.0,3.089000650796075e+18,20140368.0,14327.0,2.0,2.0,1051937.0,1986.0,367.0,631.0,0.0,0.0
7246,1.0,1.205787899908646e+19,20163630.0,27961.0,3.0,2.0,467.0,41621.0,60312.0,56805.0,4984867.0,1.0
7247,8.0,1.1363457806790746e+19,20137552.0,26278.0,3.0,1.0,129.0,57.0,124.0,176.0,404580.0,1.0
7248,2.0,1.3311343438192927e+19,3806502.0,23791.0,2.0,1.0,1956.0,24.0,31.0,33.0,617727.0,1.0
7249,1.0,7.784175918004295e+18,4255793.0,10679.0,1.0,1.0,21104279.0,1885.0,6537.0,6763.0,0.0,0.0
7250,1.0,1.4340390157469403e+19,4873875.0,23777.0,3.0,3.0,2561.0,703.0,29009.0,27263.0,4079478.0,1.0
7251,8.0,7.903914528320191e+18,20640488.0,2012.0,2.0,2.0,95988.0,112681.0,751066.0,21200.0,0.0,1.0
7252,1.0,1.205787899908646e+19,20180248.0,27961.0,1.0,1.0,3483287.0,10260.0,12617.0,14161.0,81615.0,1.0
7253,1.0,6.263749423537724e+18,21352947.0,36720.0,1.0,1.0,113065.0,7283.0,11199.0,635.0,1128064.0,1.0
7254,2.0,8.227240285050302e+18,21432781.0,37013.0,1.0,1.0,3571.0,22118.0,114321.0,6399.0,5497450.0,1.0
7255,1.0,1.205787899908646e+19,20192676.0,27961.0,2.0,1.0,5995631.0,536.0,4606.0,11591.0,0.0,0.0
7256,1.0,9.45917755559769e+18,21163051.0,5466.0,3.0,3.0,225296.0,82014.0,320648.0,362015.0,5400219.0,1.0
7257,2.0,1.4340390157469403e+19,21163923.0,23808.0,1.0,1.0,740176.0,28947.0,58259.0,37.0,0.0,0.0
7258,1.0,1.205787899908646e+19,20183816.0,27961.0,2.0,1.0,842172.0,2233.0,10786.0,11580.0,0.0,0.0
7259,1.0,6.539424021056515e+18,3219154.0,23777.0,2.0,2.0,290281.0,4981.0,4656.0,5026.0,11508341.0,1.0
7260,1.0,1.5145480155589095e+19,20888541.0,23807.0,3.0,1.0,7.0,5.0,5.0,11.0,6307544.0,1.0
7261,1.0,5.851252814446936e+18,21477551.0,28698.0,2.0,1.0,11490958.0,1677.0,14642.0,14329.0,0.0,0.0
7262,1.0,1.4758798219331756e+19,3562629.0,6097.0,3.0,1.0,68616.0,8177.0,184908.0,356.0,0.0,0.0
7263,1.0,1.403039042509868e+19,21404451.0,21062.0,2.0,1.0,6977.0,3814.0,4339.0,4985.0,13113716.0,1.0
7264,1.0,1.232153168618031e+19,7816877.0,199.0,2.0,1.0,7080224.0,138282.0,211983.0,255603.0,2391015.0,1.0
7265,2.0,6.022501597409948e+18,3190869.0,25632.0,2.0,1.0,3733.0,5863.0,353.0,477.0,274917.0,0.0
7266,1.0,1.5689252236861137e+19,21164209.0,24130.0,2.0,1.0,753.0,185.0,6632.0,18727.0,2676745.0,1.0
7267,1.0,5.851252814446936e+18,10787539.0,28698.0,2.0,1.0,26.0,52.0,332.0,454.0,1594779.0,1.0
7268,1.0,1.3204451396499407e+19,21387898.0,36856.0,2.0,2.0,210196.0,1107.0,19335.0,18543.0,78915.0,0.0
7269,1.0,1.3756257544627677e+19,10793951.0,24354.0,2.0,1.0,316532.0,23.0,247.0,299.0,933722.0,1.0
7270,1.0,1.5845076855774034e+19,21116679.0,11662.0,3.0,2.0,611538.0,55512.0,237550.0,229933.0,0.0,0.0
7271,1.0,1.4340390157469403e+19,21163921.0,23808.0,1.0,1.0,789.0,437.0,1493.0,39.0,13056602.0,0.0
7272,1.0,3.730969178583323e+18,20639561.0,11879.0,2.0,2.0,4029067.0,63234.0,200640.0,171344.0,0.0,0.0
7273,1.0,6.399024617856669e+18,21299608.0,36491.0,2.0,2.0,7144536.0,7319.0,214268.0,282.0,0.0,0.0
7274,3.0,1.249635434702199e+19,20569023.0,4185.0,3.0,1.0,32019.0,31264.0,169472.0,152885.0,0.0,1.0
7275,1.0,1.4568423718347313e+19,21385413.0,8517.0,3.0,1.0,2912.0,2286.0,41042.0,43673.0,24251.0,0.0
7276,1.0,1.205787899908646e+19,20161621.0,27961.0,1.0,1.0,4008951.0,103006.0,340928.0,300838.0,0.0,1.0
7277,1.0,1.734180435361551e+19,21882834.0,37622.0,1.0,1.0,2875.0,82.0,109.0,97.0,23741903.0,1.0
7278,1.0,9.81130735235002e+18,8961000.0,17925.0,2.0,1.0,577160.0,9490.0,5637.0,5944.0,794902.0,0.0
7279,1.0,1.4140300435418186e+18,21246154.0,1502.0,3.0,1.0,15.0,10.0,113.0,153.0,5656639.0,1.0
7280,1.0,1.5771082217451264e+18,21359883.0,36645.0,2.0,2.0,14582532.0,4584.0,23109.0,21996.0,0.0,0.0
7281,1.0,1.205787899908646e+19,20163220.0,27961.0,1.0,1.0,1726186.0,359.0,869.0,1253.0,660208.0,0.0
7282,1.0,1.3761298601607923e+18,20571118.0,28996.0,2.0,1.0,419538.0,161653.0,1205042.0,958181.0,19470.0,1.0
7283,3.0,7.246004546779674e+17,2934610.0,23778.0,2.0,1.0,540.0,302.0,117.0,162.0,7564151.0,1.0
7284,1.0,1.7446436672557894e+19,1590297.0,357.0,3.0,1.0,47.0,165.0,143.0,268.0,7642751.0,1.0
7285,1.0,1.1663288590002938e+19,21970113.0,8323.0,2.0,1.0,79.0,95.0,92569.0,81757.0,2552814.0,0.0
7286,1.0,1.4340390157469403e+19,20640200.0,23808.0,2.0,2.0,13153102.0,5010.0,8106.0,43844.0,1038512.0,1.0
7287,1.0,1.502388657607911e+19,4200803.0,24810.0,3.0,2.0,89509.0,21697.0,64534.0,63059.0,576394.0,0.0
7288,1.0,1.205787899908646e+19,20163141.0,27961.0,1.0,1.0,1109.0,1123.0,1278.0,3991.0,9529.0,0.0
7289,1.0,1.3756257544627677e+19,8350700.0,24035.0,1.0,1.0,55.0,195.0,1952.0,5082.0,343516.0,1.0
7290,1.0,1.205787899908646e+19,20164768.0,27961.0,1.0,1.0,10286170.0,1251.0,1359.0,1822.0,2619721.0,1.0
7291,2.0,1.3756257544627677e+19,8176638.0,24354.0,2.0,2.0,1155156.0,2183.0,13604.0,3652.0,0.0,0.0
7292,1.0,1.4340390157469403e+19,21163927.0,23808.0,3.0,1.0,2936589.0,850.0,1361.0,127.0,4119857.0,1.0
7293,3.0,1.523471329505401e+19,3499915.0,23964.0,2.0,1.0,404411.0,6004.0,13605.0,1918.0,1713314.0,0.0
7294,1.0,1.7817400347038802e+19,22074215.0,38354.0,1.0,1.0,5694213.0,53032.0,35378.0,32844.0,0.0,0.0
7295,1.0,2.6928596198512824e+18,4344041.0,2051.0,3.0,2.0,60.0,71.0,151.0,218.0,557007.0,1.0
7296,1.0,4.4518679174189957e+18,4396727.0,9120.0,2.0,1.0,3766754.0,17130.0,42224.0,45030.0,0.0,1.0
7297,1.0,1.5860193830590669e+19,2878230.0,23777.0,2.0,1.0,6.0,4.0,21.0,22.0,7036052.0,0.0
7298,1.0,1.4340390157469403e+19,3207991.0,23777.0,2.0,1.0,29653.0,11511.0,15709.0,15296.0,755818.0,1.0
7299,1.0,1.472983725358749e+19,10601525.0,12075.0,2.0,1.0,15537789.0,8858.0,325857.0,346729.0,1283153.0,0.0
7300,2.0,1.160649692616683e+19,20870157.0,34680.0,1.0,1.0,856073.0,146888.0,403443.0,451869.0,0.0,0.0
7301,1.0,6.403347236105971e+18,20374795.0,23647.0,2.0,1.0,70403.0,9355.0,22549.0,952.0,343080.0,1.0
7302,1.0,5.424339152401921e+18,20701692.0,22425.0,1.0,1.0,128623.0,609.0,242241.0,182698.0,1070618.0,1.0
7303,1.0,1.7684992286763078e+19,20206761.0,32794.0,1.0,1.0,2281645.0,303292.0,3179310.0,21874.0,381709.0,0.0
7304,1.0,1.229851114321493e+19,6503966.0,27810.0,2.0,2.0,13326724.0,36132.0,55666.0,55325.0,486376.0,0.0
7305,1.0,1.205787899908646e+19,20163490.0,27961.0,1.0,1.0,2661.0,269.0,319.0,3593.0,4206563.0,0.0
7306,3.0,3.2875959265292856e+18,9691432.0,737.0,2.0,2.0,35841.0,41127.0,99876.0,97823.0,0.0,1.0
7307,3.0,1.205787899908646e+19,20163220.0,27961.0,3.0,1.0,90497.0,2313.0,3578.0,4474.0,0.0,1.0
7308,1.0,7.664190938259116e+18,4372088.0,8466.0,3.0,2.0,2415.0,9202.0,18524.0,10047.0,10327.0,0.0
7309,9.0,4.58628320308311e+17,21220595.0,8493.0,1.0,1.0,312596.0,79380.0,172736.0,147283.0,0.0,1.0
7310,1.0,1.3777349290581666e+19,20051478.0,22472.0,2.0,2.0,9805.0,6116.0,165951.0,440266.0,2987277.0,0.0
7311,2.0,7.903914528320191e+18,20623356.0,2012.0,1.0,1.0,317808.0,183071.0,171681.0,310.0,9563322.0,1.0
7312,1.0,1.205787899908646e+19,20163506.0,27961.0,2.0,2.0,10560053.0,9.0,18.0,27.0,1077450.0,0.0
7313,1.0,6.035594048570444e+18,2232939.0,20147.0,2.0,1.0,12922619.0,31449.0,33555.0,31244.0,11995722.0,0.0
7314,2.0,6.539424021056515e+18,3219149.0,23777.0,2.0,1.0,704.0,1618.0,57.0,72.0,47982.0,1.0
7315,1.0,1.7733194280285432e+19,9899607.0,9545.0,2.0,1.0,12904.0,7660.0,18351.0,19676.0,6134891.0,1.0
7316,1.0,1.4340390157469403e+19,10397534.0,23808.0,2.0,2.0,394.0,40234.0,16.0,167.0,2195965.0,1.0
7317,1.0,1.205787899908646e+19,20163591.0,27961.0,1.0,1.0,22929883.0,9.0,103.0,166.0,17444955.0,0.0
7318,1.0,1.3166161943838913e+19,21440521.0,36545.0,2.0,1.0,221304.0,1224.0,101981.0,89593.0,1583491.0,0.0
7319,1.0,1.1078015115745737e+19,21958142.0,37507.0,3.0,2.0,1238128.0,61575.0,754072.0,518268.0,1856260.0,0.0
7320,1.0,3.9694229361624786e+18,21425996.0,36928.0,2.0,2.0,64472.0,135830.0,552488.0,447830.0,0.0,1.0
7321,1.0,7.903914528320191e+18,21101537.0,2010.0,2.0,1.0,402089.0,264409.0,753881.0,623477.0,3588727.0,1.0
7322,1.0,4.2981186814246446e+18,21866029.0,385.0,1.0,1.0,207365.0,38612.0,74045.0,66092.0,5071448.0,1.0
7323,2.0,1.205787899908646e+19,20174562.0,27961.0,1.0,1.0,80.0,72.0,183.0,273.0,1989341.0,1.0
7324,1.0,1.205787899908646e+19,20192652.0,27961.0,3.0,1.0,7056502.0,25138.0,268232.0,232374.0,383460.0,1.0
7325,1.0,4.1286333491424783e+18,20975188.0,35306.0,1.0,1.0,6761.0,15227.0,16406.0,17758.0,166509.0,1.0
7326,1.0,5.315378418122699e+18,20368009.0,30911.0,1.0,1.0,3649419.0,8331.0,22043.0,6620.0,0.0,0.0
7327,1.0,4.968641645655362e+18,20966981.0,7674.0,2.0,2.0,607.0,487.0,32841.0,35923.0,7182161.0,1.0
7328,1.0,7.1357971807607e+18,2062743.0,11830.0,3.0,3.0,341243.0,169613.0,7286.0,73757.0,47749.0,0.0
7329,1.0,1.2003233572914084e+18,21359779.0,11727.0,2.0,1.0,13695.0,66715.0,169237.0,71225.0,5472003.0,0.0
7330,1.0,1.4347859242938208e+19,21963777.0,33931.0,1.0,1.0,362784.0,73343.0,429175.0,348534.0,858700.0,0.0
7331,2.0,2.994924845956282e+18,20061281.0,23803.0,1.0,1.0,2516.0,948.0,106.0,73.0,130748.0,1.0
7332,1.0,1.5859647530187389e+19,4285948.0,23778.0,1.0,1.0,586.0,676.0,19.0,376.0,14593.0,0.0
7333,1.0,7.903914528320191e+18,20869445.0,2010.0,1.0,1.0,9368.0,2009.0,34862.0,85.0,21568831.0,0.0
7334,1.0,2.4739008999210875e+18,3508713.0,17545.0,3.0,1.0,1549698.0,34260.0,1617545.0,288763.0,0.0,0.0
7335,12.0,1.205787899908646e+19,20185546.0,27961.0,2.0,1.0,163.0,150.0,24196.0,25850.0,0.0,0.0
7336,2.0,2.9590737011815547e+18,20685620.0,5595.0,1.0,1.0,486286.0,5714.0,128972.0,92308.0,0.0,0.0
7337,1.0,1.445280056686617e+19,20041730.0,29696.0,3.0,2.0,3191565.0,334545.0,373.0,1250112.0,0.0,0.0
7338,1.0,5.345544339361683e+18,5858824.0,23796.0,1.0,1.0,3463.0,5288.0,6.0,12.0,1111471.0,0.0
7339,1.0,1.3885821690078222e+19,20714120.0,854.0,2.0,2.0,3529.0,1893.0,3182.0,4860.0,1823601.0,0.0
7340,2.0,5.888277431783336e+18,21187495.0,6520.0,2.0,2.0,2809072.0,584292.0,2145224.0,1854917.0,849756.0,1.0
7341,1.0,1.3403922597903469e+19,21100813.0,4815.0,2.0,2.0,9940.0,8122.0,174728.0,260611.0,306872.0,0.0
7342,1.0,1.205787899908646e+19,20183690.0,27961.0,2.0,2.0,12200900.0,38359.0,139187.0,125760.0,704093.0,1.0
7343,1.0,1.4291474290033648e+19,20989079.0,29772.0,1.0,1.0,33113.0,51408.0,138434.0,119497.0,2128733.0,1.0
7344,1.0,7.484333488664585e+18,21209371.0,34691.0,3.0,3.0,577.0,2680.0,71.0,93.0,8875600.0,0.0
7345,1.0,1.804143862955244e+19,4264533.0,13912.0,2.0,1.0,698.0,362.0,8225.0,8366.0,4193916.0,1.0
7346,1.0,2.6928596198512824e+18,4336682.0,2051.0,1.0,1.0,53290.0,26750.0,26897.0,24662.0,1305932.0,1.0
7347,1.0,1.1078015115745737e+19,21812766.0,37507.0,1.0,1.0,5498501.0,66147.0,311503.0,257796.0,119077.0,0.0
7348,1.0,1.734180435361551e+19,21882834.0,37622.0,2.0,1.0,17259.0,82.0,109.0,97.0,5552767.0,1.0
7349,1.0,1.6583435308151357e+18,21258213.0,2298.0,2.0,1.0,4953995.0,55959.0,82252.0,172930.0,4211192.0,1.0
7350,1.0,1.205787899908646e+19,20163609.0,27961.0,1.0,1.0,78200.0,74.0,119.0,186.0,11558742.0,0.0
7351,1.0,1.4340390157469403e+19,4707659.0,23777.0,2.0,1.0,3662285.0,3155.0,5869.0,6168.0,3413791.0,1.0
7352,1.0,1.7291005660315484e+19,21494553.0,36251.0,3.0,1.0,41004.0,13644.0,1028481.0,1001316.0,1810536.0,1.0
7353,1.0,5.64124742863679e+18,7216187.0,1367.0,2.0,2.0,66022.0,55565.0,64934.0,44892.0,613749.0,0.0
7354,1.0,4.041532016941751e+18,21130198.0,13096.0,1.0,1.0,5842823.0,87182.0,465971.0,374760.0,4203727.0,1.0
7355,1.0,1.4340390157469403e+19,21163921.0,23808.0,2.0,2.0,8037.0,770.0,2879.0,38.0,5913709.0,1.0
7356,1.0,9.175736586663888e+18,22073103.0,38327.0,3.0,3.0,3294004.0,24288.0,378265.0,105209.0,1396600.0,0.0
7357,1.0,2.5850087259221207e+18,3533459.0,22458.0,1.0,1.0,1986772.0,220157.0,692195.0,557784.0,670625.0,1.0
7358,1.0,1.3359361103803858e+18,20599533.0,33847.0,2.0,2.0,13592292.0,24328.0,309608.0,321034.0,0.0,0.0
7359,1.0,3.011959141886622e+18,21400747.0,36898.0,3.0,2.0,8649424.0,4936.0,95908.0,53638.0,5001568.0,1.0
7360,1.0,5.167663176066971e+18,21396388.0,11158.0,1.0,1.0,15635238.0,152802.0,610894.0,313399.0,16045554.0,1.0
7361,3.0,1.4340390157469403e+19,7113064.0,23777.0,1.0,1.0,7361.0,9168.0,9313.0,7473.0,537734.0,0.0
7362,1.0,5.260594170071819e+16,3048011.0,23782.0,1.0,1.0,7576935.0,1068.0,695.0,1002.0,0.0,0.0
7363,1.0,1.4340390157469403e+19,3199919.0,23777.0,1.0,1.0,8554.0,2178.0,3368.0,3649.0,20047037.0,1.0
7364,1.0,3.011959141886622e+18,21400702.0,36898.0,2.0,1.0,48.0,148.0,3767.0,379.0,1737184.0,1.0
7365,1.0,1.8200436972721132e+19,5009399.0,27477.0,3.0,2.0,421990.0,5285.0,3588.0,3898.0,0.0,0.0
7366,1.0,7.903914528320191e+18,21162553.0,1325.0,2.0,1.0,14408620.0,225.0,3791.0,4160.0,14475118.0,1.0
7367,1.0,7.903914528320191e+18,20623358.0,2012.0,3.0,2.0,1419.0,694.0,1998.0,229.0,4151957.0,0.0
7368,1.0,1.5145480155589095e+19,21183715.0,23807.0,2.0,2.0,11749607.0,3727.0,2748.0,8.0,36193.0,0.0
7369,2.0,8.134264174510893e+18,10951033.0,1268.0,1.0,1.0,1281.0,116.0,92.0,2.0,2454646.0,0.0
7370,1.0,1.0468467911880278e+19,20595062.0,854.0,2.0,1.0,43770.0,7941.0,18615.0,21355.0,1798203.0,1.0
7371,2.0,3.163997420314436e+18,7409283.0,26288.0,1.0,1.0,1688156.0,1631.0,1677.0,9439.0,0.0,0.0
7372,1.0,1.3384857948156529e+18,20802241.0,33931.0,2.0,1.0,472.0,11919.0,48325.0,1260.0,15016565.0,0.0
7373,1.0,1.1363457806790746e+19,20137567.0,26280.0,1.0,1.0,285525.0,123492.0,3612.0,3926.0,4084511.0,1.0
7374,1.0,1.4145292070677786e+18,21174064.0,35858.0,2.0,1.0,55001.0,11438.0,1411562.0,260752.0,5818.0,1.0
7375,1.0,1.4340390157469403e+19,21163923.0,23808.0,3.0,2.0,6936.0,3120.0,5427.0,37.0,797650.0,0.0
7376,4.0,1.5989049276530887e+19,20311947.0,23824.0,2.0,1.0,273338.0,385732.0,859218.0,31.0,0.0,1.0
7377,3.0,1.4531867648059392e+19,21782366.0,27482.0,3.0,3.0,119338.0,43650.0,73706.0,6.0,0.0,1.0
7378,1.0,1.205787899908646e+19,20157628.0,27961.0,3.0,3.0,0.0,0.0,7.0,14.0,9266594.0,0.0
7379,1.0,1.4340390157469403e+19,9027426.0,23808.0,1.0,1.0,33782.0,2656.0,1640.0,1896.0,21744910.0,0.0
7380,1.0,1.4051611837622872e+19,20384079.0,21074.0,3.0,3.0,136443.0,26054.0,40090.0,2735.0,7150.0,0.0
7381,1.0,1.4340390157469403e+19,20640003.0,23808.0,3.0,2.0,9737.0,89684.0,143433.0,5334.0,0.0,0.0
7382,1.0,9.45917755559769e+18,21163142.0,5466.0,2.0,2.0,9126034.0,24006.0,100126.0,116629.0,0.0,0.0
7383,2.0,7.903914528320191e+18,21162251.0,1325.0,2.0,2.0,4398.0,130.0,743.0,45.0,3076809.0,0.0
7384,1.0,1.4340390157469403e+19,10110504.0,23808.0,2.0,2.0,2664822.0,2833.0,3848.0,141.0,1528201.0,1.0
7385,1.0,1.4340390157469403e+19,21360115.0,23777.0,2.0,1.0,1424.0,31.0,1536.0,143.0,1386144.0,0.0
7386,1.0,1.3664929132974123e+19,4323965.0,13168.0,2.0,1.0,1474163.0,474356.0,1125377.0,972239.0,389471.0,1.0
7387,1.0,8.848021695083077e+18,20035409.0,2387.0,2.0,1.0,179.0,509.0,2804.0,2994.0,104326.0,0.0
7388,1.0,1.205787899908646e+19,20186341.0,27961.0,3.0,2.0,115846.0,20199.0,338367.0,281019.0,228251.0,1.0
7389,1.0,7.903914528320191e+18,21162109.0,1325.0,1.0,1.0,22654657.0,5649.0,18427.0,25436.0,859335.0,0.0
7390,1.0,1.4140300435418186e+18,20208947.0,1502.0,2.0,2.0,1502257.0,171.0,1390.0,1395.0,54765.0,0.0
7391,1.0,5.5111324610218e+18,20665892.0,10040.0,2.0,1.0,1519570.0,26479.0,41553.0,44279.0,4688297.0,0.0
7392,1.0,1.7741456305373202e+19,21293823.0,36500.0,1.0,1.0,11493.0,6019.0,6235.0,177290.0,0.0,0.0
7393,1.0,1.077230928844858e+19,21893856.0,34202.0,3.0,3.0,58.0,151.0,2862.0,6302.0,3034055.0,0.0
7394,1.0,1.4756578758696272e+19,21910755.0,3625.0,3.0,1.0,2057777.0,494770.0,2327797.0,1827810.0,0.0,0.0
7395,1.0,9.991057275835721e+17,20389731.0,30428.0,2.0,2.0,3195185.0,45926.0,703582.0,567148.0,4924899.0,0.0
7396,1.0,1.4340390157469403e+19,21360127.0,23777.0,2.0,1.0,55861.0,5947.0,416069.0,3014.0,2014789.0,0.0
7397,1.0,2.6928596198512824e+18,4351128.0,2051.0,2.0,2.0,13158.0,417.0,668.0,81.0,3329504.0,0.0
7398,1.0,1.4340390157469403e+19,9027963.0,23808.0,2.0,1.0,34148.0,6619.0,6442.0,10.0,917083.0,0.0
7399,1.0,2.4127717961104635e+18,20067139.0,23781.0,1.0,1.0,23089719.0,133.0,8.0,1.0,371943.0,0.0
7400,1.0,6.071356180946373e+18,20028357.0,32124.0,2.0,2.0,2574.0,9670.0,12393.0,27040.0,4222882.0,1.0
7401,1.0,1.3756257544627677e+19,20175343.0,24354.0,2.0,1.0,1947949.0,1223.0,79.0,199.0,3784194.0,1.0
7402,1.0,2.9786957986084147e+18,21718859.0,37505.0,1.0,1.0,149.0,16173.0,32852.0,33484.0,2983553.0,1.0
7403,1.0,1.4340390157469403e+19,9027238.0,23808.0,1.0,1.0,1946.0,643.0,74.0,94.0,18765295.0,0.0
7404,1.0,1.205787899908646e+19,20157284.0,27961.0,2.0,2.0,11063350.0,29904.0,85547.0,81086.0,0.0,0.0
7405,1.0,2.837251504134271e+17,21260947.0,30105.0,2.0,2.0,125554.0,47060.0,174377.0,2473.0,1388427.0,1.0
7406,1.0,1.3719437960356153e+19,20526560.0,33137.0,2.0,1.0,556382.0,18412.0,102139.0,46985.0,39766.0,1.0
7407,1.0,1.7299638493773875e+18,9584260.0,23637.0,2.0,1.0,864.0,70.0,8337.0,285.0,383424.0,1.0
7408,1.0,7.903914528320191e+18,21162422.0,1325.0,2.0,2.0,1593.0,5242.0,12805.0,586.0,15169645.0,1.0
7409,1.0,2.1957294574080543e+18,21258460.0,4218.0,1.0,1.0,838865.0,312414.0,757681.0,2644.0,91964.0,1.0
7410,1.0,1.4600441902468987e+19,21092681.0,35316.0,2.0,2.0,10773820.0,6521.0,85582.0,71475.0,1869311.0,0.0
7411,4.0,5.888277431783336e+18,7955184.0,6520.0,2.0,2.0,183.0,634.0,1179.0,1647.0,5768869.0,1.0
7412,1.0,1.5145480155589095e+19,20888541.0,23807.0,1.0,1.0,7.0,5.0,5.0,11.0,237350.0,0.0
7413,1.0,1.7026520303953138e+19,20032369.0,26578.0,2.0,1.0,4015.0,5882.0,28920.0,29553.0,14754578.0,0.0
7414,1.0,7.52081831732621e+18,21506303.0,2437.0,2.0,1.0,118.0,1644.0,2671.0,871.0,16190052.0,0.0
7415,1.0,1.7962103236755943e+19,20436404.0,12248.0,1.0,1.0,854195.0,97.0,172.0,250.0,23658299.0,1.0
7416,1.0,1.4340390157469403e+19,6434912.0,23777.0,1.0,1.0,5638.0,16.0,36.0,44.0,1963166.0,0.0
7417,1.0,1.5145480155589095e+19,21927059.0,23807.0,3.0,2.0,901.0,771.0,30.0,32.0,26388.0,0.0
7418,1.0,1.6258649554399928e+19,21230452.0,36220.0,2.0,2.0,334048.0,760.0,5213.0,591.0,2883209.0,1.0
7419,1.0,1.7571526568653713e+19,1845683.0,22003.0,1.0,1.0,729.0,3312.0,12738.0,12595.0,18616252.0,0.0
7420,1.0,1.3756257544627677e+19,21103913.0,24354.0,3.0,1.0,3592690.0,55684.0,64800.0,63099.0,0.0,0.0
7421,1.0,1.4347859242938208e+19,21717679.0,33931.0,2.0,1.0,2102.0,5907.0,35582.0,63913.0,45301.0,1.0
7422,1.0,1.4340390157469403e+19,3193482.0,23777.0,2.0,1.0,2453378.0,12849.0,25003.0,23678.0,2084534.0,0.0
7423,1.0,1.4340390157469403e+19,9027213.0,23808.0,1.0,1.0,375.0,1.0,0.0,0.0,3225219.0,1.0
7424,1.0,1.5989049276530887e+19,20314208.0,23823.0,2.0,1.0,1352.0,5948.0,5572.0,5875.0,12903963.0,1.0
7425,1.0,9.824184422403826e+18,21491492.0,37323.0,2.0,2.0,62443.0,62.0,6874.0,3262.0,5905901.0,1.0
7426,1.0,1.07462005425133e+19,10757118.0,30026.0,1.0,1.0,3908570.0,553521.0,1459236.0,1306245.0,0.0,1.0
7427,1.0,2.6948563350673162e+17,20208337.0,32525.0,3.0,3.0,1358975.0,2757.0,1052178.0,839804.0,4562776.0,1.0
7428,1.0,7.903914528320191e+18,21162550.0,1325.0,2.0,2.0,66012.0,181.0,2735.0,3588.0,2252360.0,1.0
7429,1.0,5.064785933530892e+18,5705043.0,5896.0,2.0,1.0,27950.0,10732.0,8487.0,11504.0,1612954.0,0.0
7430,1.0,1.185504547330924e+19,4376351.0,19923.0,2.0,1.0,4753893.0,6469.0,97555.0,86630.0,417111.0,0.0
7431,1.0,5.851252814446936e+18,20141232.0,28698.0,2.0,1.0,10738375.0,960.0,11808.0,13218.0,957383.0,0.0
7432,2.0,6.998021116361128e+18,9592650.0,5079.0,3.0,1.0,93037.0,16920.0,2092454.0,1648328.0,0.0,1.0
7433,1.0,1.7726715653219592e+19,21163865.0,9785.0,1.0,1.0,623280.0,31630.0,317.0,130235.0,20953082.0,0.0
7434,1.0,1.2310323414299814e+19,22005021.0,879.0,3.0,1.0,2036533.0,2788.0,46371.0,42528.0,0.0,0.0
7435,3.0,1.034946865176566e+19,21522776.0,37422.0,3.0,1.0,0.0,0.0,26.0,28.0,2879990.0,0.0
7436,4.0,9.81130735235002e+18,8961003.0,17926.0,2.0,1.0,3737038.0,3482.0,1417.0,1200.0,4017460.0,0.0
7437,1.0,7.131991125327375e+18,7087479.0,18123.0,1.0,1.0,802.0,917.0,5113.0,12373.0,6684228.0,1.0
7438,1.0,1.4340390157469403e+19,9027213.0,23808.0,1.0,1.0,5.0,1.0,0.0,0.0,5114389.0,1.0
7439,1.0,1.6138026016686318e+19,21847576.0,37795.0,2.0,1.0,7076.0,15821.0,203289.0,282950.0,6296.0,0.0
7440,1.0,1.4340390157469403e+19,3207685.0,23777.0,3.0,1.0,952682.0,2520.0,4417.0,4776.0,8518983.0,0.0
7441,1.0,1.205787899908646e+19,20183681.0,27961.0,2.0,2.0,497.0,261.0,323.0,497.0,13606278.0,0.0
7442,1.0,1.4340390157469403e+19,20640088.0,23808.0,2.0,2.0,1985500.0,4609.0,6595.0,7390.0,1724986.0,0.0
7443,3.0,3.823702657028056e+18,10764245.0,23649.0,2.0,1.0,1475159.0,283224.0,1782401.0,1986812.0,3326040.0,0.0
7444,2.0,1.5145480155589095e+19,21954123.0,23807.0,1.0,1.0,7051.0,684.0,12591.0,12431.0,107836.0,0.0
7445,1.0,1.205787899908646e+19,20222563.0,27961.0,1.0,1.0,141289.0,287.0,390.0,559.0,9678227.0,1.0
7446,1.0,6.814636868003141e+18,21786652.0,36729.0,3.0,1.0,169249.0,2858.0,7110.0,3850.0,0.0,0.0
7447,4.0,1.629748603291123e+19,20763805.0,34391.0,2.0,2.0,11689.0,1474.0,114725.0,100557.0,0.0,1.0
7448,1.0,1.205787899908646e+19,20163622.0,27961.0,1.0,1.0,967.0,394.0,494.0,724.0,9341952.0,1.0
7449,1.0,2.1686046718494252e+18,20815510.0,11963.0,1.0,1.0,19066017.0,3754.0,78853.0,70046.0,886742.0,0.0
7450,1.0,1.4340390157469403e+19,10397447.0,23808.0,1.0,1.0,13.0,21.0,16.0,15.0,6910381.0,0.0
7451,1.0,7.903914528320191e+18,21162431.0,1325.0,2.0,1.0,3052.0,2297.0,3593.0,5031.0,5702846.0,1.0
7452,1.0,1.7989747235538194e+19,20395202.0,24036.0,2.0,1.0,132.0,967.0,1775.0,1722.0,2812351.0,0.0
7453,1.0,1.4340390157469403e+19,9027433.0,23808.0,1.0,1.0,22232.0,2150.0,1440.0,1697.0,16882030.0,1.0
7454,1.0,2.470253408587162e+18,21193219.0,35900.0,1.0,1.0,7.0,5.0,148.0,195.0,19927482.0,1.0
7455,1.0,1.4340390157469403e+19,9027458.0,23808.0,1.0,1.0,496617.0,1662.0,195.0,284.0,0.0,1.0
7456,1.0,5.5111324610218e+18,21230034.0,10040.0,1.0,1.0,5799481.0,1737.0,1967.0,1699.0,119090.0,1.0
7457,1.0,4.640544122789172e+18,21210678.0,15159.0,1.0,1.0,4365385.0,9526.0,126448.0,31679.0,0.0,0.0
7458,1.0,9.004035880665279e+18,20595493.0,33800.0,2.0,1.0,5219.0,197.0,951.0,1338.0,2538089.0,0.0
7459,1.0,5.681371996518571e+17,1557210.0,15058.0,1.0,1.0,7941723.0,57101.0,162563.0,138245.0,0.0,0.0
7460,1.0,5.120683440510468e+18,8676724.0,1268.0,1.0,1.0,88.0,40.0,45.0,13.0,751296.0,0.0
7461,1.0,1.0115144601609744e+19,20607356.0,24124.0,1.0,1.0,25988387.0,7607.0,76119.0,119604.0,0.0,1.0
7462,1.0,1.4340390157469403e+19,3200111.0,23777.0,2.0,1.0,2319612.0,390.0,1538.0,90.0,423955.0,1.0
7463,2.0,1.4340390157469403e+19,3126703.0,23777.0,2.0,1.0,1202.0,428.0,964.0,1168.0,1073260.0,1.0
7464,1.0,2.560310695108293e+18,20442452.0,28618.0,2.0,1.0,11378839.0,1953.0,490926.0,3191.0,0.0,0.0
7465,13.0,1.5055522776556423e+19,20967414.0,35253.0,2.0,1.0,13227.0,190.0,774.0,277.0,0.0,1.0
7466,1.0,4.2981186814246446e+18,7204252.0,385.0,2.0,2.0,1057898.0,42266.0,45647.0,2647.0,2809936.0,0.0
7467,1.0,1.3243640383761205e+19,20900491.0,2401.0,1.0,1.0,98793.0,210.0,401.0,1137.0,10566045.0,0.0
7468,1.0,1.360523891478254e+19,7779076.0,27501.0,3.0,2.0,3006.0,70.0,120.0,169.0,2575730.0,0.0
7469,1.0,3.902477925057105e+18,4838891.0,19509.0,2.0,1.0,45997.0,30132.0,1638651.0,1232212.0,5891856.0,1.0
7470,1.0,1.205787899908646e+19,20222693.0,27961.0,2.0,1.0,37025.0,326.0,215.0,319.0,5222525.0,0.0
7471,1.0,1.205787899908646e+19,20164720.0,27961.0,3.0,3.0,3666128.0,124.0,2512.0,3245.0,2783112.0,1.0
7472,1.0,1.7984766042927387e+19,7779583.0,2411.0,1.0,1.0,1593140.0,65755.0,186231.0,216786.0,16620971.0,1.0
7473,1.0,9.828914455531143e+18,4430773.0,28769.0,1.0,1.0,74648.0,72783.0,552621.0,476078.0,2242848.0,0.0
7474,1.0,9.613260472049867e+18,21183848.0,18716.0,3.0,2.0,796021.0,24764.0,23656.0,15670.0,0.0,0.0
7475,1.0,1.4340390157469403e+19,9027549.0,23808.0,2.0,2.0,12462797.0,46.0,14.0,18.0,17687.0,0.0
7476,1.0,1.205787899908646e+19,20157327.0,27961.0,3.0,2.0,1310961.0,768.0,1654.0,2037.0,300740.0,0.0
7477,1.0,1.6794704970244289e+19,5059558.0,26286.0,1.0,1.0,153.0,250.0,303.0,527.0,2245415.0,1.0
7478,1.0,7.288097567752016e+18,21138846.0,27862.0,3.0,1.0,1245759.0,26281.0,58307.0,54150.0,0.0,0.0
7479,1.0,6.674926125994697e+18,20589296.0,29731.0,2.0,1.0,40394.0,30930.0,45617.0,29471.0,6972211.0,1.0
7480,1.0,1.4340390157469403e+19,9027613.0,23808.0,2.0,2.0,22462.0,1926.0,138.0,198.0,7229211.0,1.0
7481,1.0,1.5822134238473933e+19,20144342.0,23804.0,2.0,1.0,2559.0,3394.0,311.0,411.0,10232635.0,0.0
7482,1.0,1.5157221665193552e+19,20277505.0,20271.0,3.0,1.0,6009915.0,29684.0,68666.0,61492.0,0.0,0.0
7483,1.0,2.670952723278905e+18,20172874.0,23805.0,2.0,2.0,1.0,3.0,35.0,16.0,3131288.0,0.0
7484,1.0,1.1315908569713166e+19,20044084.0,18070.0,1.0,1.0,1081.0,2183.0,443.0,620.0,104514.0,1.0
7485,1.0,8.429269681940447e+18,4325847.0,8285.0,2.0,1.0,48.0,34.0,561.0,738.0,6983104.0,1.0
7486,1.0,1.0958721602282486e+19,21392336.0,8878.0,3.0,3.0,902240.0,3236.0,21696.0,19875.0,0.0,0.0
7487,1.0,1.1624066761054958e+19,3373885.0,5962.0,3.0,3.0,31545.0,10230.0,17790.0,17202.0,15655.0,1.0
7488,1.0,1.6604442479597177e+19,8389379.0,11706.0,2.0,2.0,12090257.0,10383.0,31167.0,29135.0,1380712.0,0.0
7489,1.0,1.205787899908646e+19,20161720.0,27961.0,3.0,3.0,3304785.0,18013.0,93444.0,85814.0,0.0,1.0
7490,1.0,1.2198933554750925e+19,10234690.0,2032.0,1.0,1.0,25941339.0,192996.0,415797.0,638799.0,2504616.0,0.0
7491,1.0,4.0248918104320225e+18,20158351.0,22362.0,2.0,1.0,13623275.0,19755.0,118154.0,108876.0,37860.0,0.0
7492,1.0,1.0726002060893145e+19,20036558.0,23800.0,1.0,1.0,18150.0,49.0,44.0,75.0,19408344.0,1.0
7493,1.0,9.669673418649315e+18,20869182.0,34767.0,2.0,2.0,17.0,47.0,528.0,1088.0,1085550.0,0.0
7494,1.0,1.205787899908646e+19,20192676.0,27961.0,2.0,2.0,71.0,1019.0,1282.0,1512.0,2854876.0,1.0
7495,1.0,1.1614247256440914e+19,7727569.0,27871.0,2.0,1.0,255.0,458.0,45483.0,35254.0,11319285.0,1.0
7496,1.0,1.9830887822110449e+18,5950769.0,24397.0,1.0,1.0,4901507.0,36581.0,73232.0,11783.0,1457286.0,1.0
7497,1.0,2.0833403651729577e+18,20884583.0,2286.0,2.0,2.0,170748.0,252238.0,1145311.0,912526.0,167148.0,1.0
7498,1.0,1.841489264235657e+19,21222364.0,36185.0,3.0,3.0,143.0,148.0,11660.0,11810.0,3467361.0,1.0
7499,1.0,2.202310078779669e+18,4420560.0,11636.0,3.0,2.0,1089062.0,7209.0,46300.0,48568.0,6876462.0,0.0
7500,1.0,7.484333488664585e+18,21090281.0,34691.0,2.0,2.0,2.0,67.0,152.0,219.0,599559.0,0.0
7501,1.0,7.903914528320191e+18,21162350.0,1325.0,2.0,1.0,10213.0,168.0,320.0,45.0,6035577.0,1.0
7502,1.0,1.3855511193019767e+19,20138682.0,32464.0,1.0,1.0,17567274.0,1074.0,866.0,3990.0,510714.0,0.0
7503,1.0,1.4340390157469403e+19,10397447.0,23808.0,1.0,1.0,13.0,21.0,16.0,15.0,827581.0,1.0
7504,1.0,1.4340390157469403e+19,4423799.0,23808.0,2.0,2.0,879.0,1319.0,3371.0,3650.0,6295984.0,0.0
7505,1.0,1.205787899908646e+19,20164303.0,27961.0,2.0,2.0,550836.0,32758.0,272042.0,256713.0,0.0,0.0
7506,4.0,5.103335732153791e+18,10405659.0,29900.0,2.0,1.0,119094.0,42.0,23.0,26.0,0.0,0.0
7507,1.0,1.7339730748062328e+18,20691771.0,34245.0,1.0,1.0,14799010.0,347.0,944.0,3572.0,801517.0,0.0
7508,2.0,1.4340390157469403e+19,20644045.0,23808.0,1.0,1.0,32.0,2.0,1.0,3.0,17813521.0,1.0
7509,5.0,1.3416878294870458e+19,3066490.0,23786.0,1.0,1.0,477.0,314.0,207.0,115.0,3628565.0,1.0
7510,1.0,9.581735255994331e+18,8620841.0,4906.0,2.0,1.0,1728.0,1552.0,112.0,9443.0,1124280.0,1.0
7511,2.0,1.2012218713126756e+19,21247910.0,36292.0,2.0,1.0,38188.0,3595.0,372754.0,203470.0,0.0,1.0
7512,1.0,1.3757031688136082e+18,21223330.0,35769.0,2.0,2.0,343212.0,319.0,168559.0,209491.0,1530.0,0.0
7513,3.0,1.205787899908646e+19,20223016.0,27961.0,1.0,1.0,319220.0,3537.0,26170.0,1201.0,0.0,0.0
7514,1.0,1.6022086902796792e+19,20884522.0,4873.0,2.0,1.0,3105.0,627.0,487545.0,218193.0,1906237.0,1.0
7515,1.0,1.4340390157469403e+19,3075017.0,23777.0,3.0,1.0,1998326.0,23725.0,29905.0,28061.0,1013427.0,1.0
7516,1.0,1.205787899908646e+19,20163507.0,27961.0,1.0,1.0,122.0,399.0,268.0,415.0,528381.0,1.0
7517,1.0,1.3993377791386427e+18,20141155.0,32491.0,1.0,1.0,52.0,340.0,281.0,204.0,6024362.0,0.0
7518,1.0,1.7299638493773875e+18,9585302.0,23637.0,2.0,2.0,281.0,14385.0,46065.0,145.0,138699.0,0.0
7519,1.0,1.696493579862299e+19,20604437.0,7229.0,2.0,1.0,17927.0,130.0,167.0,246.0,8185116.0,1.0
7520,1.0,1.4531867648059392e+19,3834142.0,27485.0,2.0,1.0,11.0,8.0,28.0,74.0,6590904.0,1.0
7521,1.0,1.5145480155589095e+19,20889026.0,23807.0,1.0,1.0,2.0,11.0,5.0,11.0,7738437.0,0.0
7522,1.0,1.4340390157469403e+19,9027213.0,23808.0,2.0,1.0,1.0,1.0,0.0,0.0,2305114.0,1.0
7523,1.0,2.3788268256695644e+18,21862397.0,37789.0,2.0,1.0,749.0,32879.0,371344.0,304659.0,16720474.0,1.0
7524,1.0,1.4415681608498106e+19,21194514.0,34292.0,1.0,1.0,664011.0,3851.0,5195.0,5524.0,14915979.0,1.0
7525,1.0,7.771884441258275e+18,20437394.0,32367.0,1.0,1.0,39069.0,51987.0,1046362.0,822264.0,0.0,1.0
7526,1.0,5.830600748260713e+18,4241441.0,21347.0,2.0,1.0,125621.0,15144.0,3138.0,1563.0,0.0,1.0
7527,1.0,3.7306253281194304e+17,3827183.0,23792.0,1.0,1.0,256576.0,1809.0,61.0,77.0,11548448.0,1.0
7528,1.0,1.1020383486579003e+19,21191944.0,11171.0,2.0,2.0,2681355.0,47966.0,100296.0,9741.0,0.0,0.0
7529,2.0,1.457854145126214e+19,4425796.0,28411.0,3.0,1.0,1888.0,75217.0,1976.0,2205.0,137938.0,0.0
7530,1.0,4.5134558761454664e+18,22095855.0,38532.0,1.0,1.0,23.0,48.0,1865.0,2034.0,63161.0,0.0
7531,1.0,1.205787899908646e+19,20192652.0,27961.0,2.0,1.0,18731.0,6378.0,12610.0,13741.0,13402773.0,1.0
7532,1.0,1.4340390157469403e+19,9027616.0,23808.0,1.0,1.0,375266.0,4787.0,2478.0,2729.0,18156172.0,1.0
7533,1.0,8.265651261671431e+18,20326404.0,16822.0,1.0,1.0,49640.0,45682.0,237492.0,235915.0,0.0,1.0
7534,1.0,9.826874093159277e+18,21916996.0,37510.0,2.0,1.0,7060.0,2865.0,320777.0,3582.0,0.0,1.0
7535,1.0,1.8700442407286835e+18,21272677.0,36441.0,1.0,1.0,9429.0,700.0,403.0,294.0,3351555.0,1.0
7536,1.0,2.837251504134271e+17,21260893.0,30105.0,3.0,1.0,14816.0,34776.0,315073.0,9290.0,3731270.0,1.0
7537,1.0,1.205787899908646e+19,20221063.0,27961.0,3.0,3.0,1326031.0,2977.0,223381.0,200881.0,2089082.0,0.0
7538,1.0,1.3651731605282785e+19,10306632.0,28505.0,2.0,1.0,10097652.0,55084.0,1071656.0,318.0,227423.0,1.0
7539,2.0,9.279176529507936e+18,10673578.0,23649.0,2.0,2.0,1121.0,4248.0,24354.0,26619.0,3670978.0,1.0
7540,2.0,1.107929764865332e+19,21189794.0,35950.0,1.0,1.0,158210.0,61263.0,16272.0,205186.0,0.0,1.0
7541,1.0,7.447808120638258e+18,2835883.0,21221.0,1.0,1.0,1282008.0,27825.0,95793.0,37934.0,0.0,0.0
7542,2.0,1.4340390157469403e+19,9027613.0,23808.0,2.0,1.0,2940.0,692.0,138.0,198.0,139230.0,1.0
7543,1.0,5.745232374278799e+18,20667408.0,33914.0,3.0,2.0,7689091.0,45051.0,89837.0,85856.0,384302.0,0.0
7544,1.0,1.136372424770545e+19,20121596.0,30405.0,2.0,1.0,30387.0,24932.0,87212.0,93675.0,7461631.0,1.0
7545,1.0,7.903914528320191e+18,21162108.0,1325.0,1.0,1.0,80.0,72.0,274.0,567.0,16502421.0,1.0
7546,1.0,1.257552877938876e+19,3112706.0,23778.0,2.0,1.0,257010.0,13.0,17.0,30.0,3217132.0,0.0
7547,1.0,3.583186794558268e+18,21402179.0,36906.0,2.0,1.0,184.0,291.0,345.0,2354.0,14720632.0,0.0
7548,1.0,1.4385501954875537e+19,4427155.0,17415.0,1.0,1.0,912162.0,291220.0,1243395.0,6853.0,14941893.0,1.0
7549,1.0,1.4340390157469403e+19,20644045.0,23808.0,1.0,1.0,977.0,2.0,1.0,3.0,10845798.0,0.0
7550,1.0,1.3090221289647714e+19,20174985.0,23795.0,1.0,1.0,31.0,198.0,3.0,7.0,10005695.0,1.0
7551,1.0,1.205787899908646e+19,20174625.0,27961.0,1.0,1.0,18759562.0,284.0,269.0,420.0,5157928.0,1.0
7552,1.0,1.7530530593455374e+19,4340154.0,13976.0,2.0,1.0,430273.0,7154.0,17373.0,2503.0,225927.0,1.0
7553,1.0,7.903914528320191e+18,21162526.0,1325.0,2.0,2.0,37.0,297.0,22.0,23.0,10800478.0,0.0
7554,1.0,1.1750633790945196e+19,21474036.0,34536.0,1.0,1.0,326218.0,77412.0,4337.0,2247.0,8496241.0,0.0
7555,1.0,1.3438984170369985e+19,21967150.0,38187.0,2.0,2.0,682717.0,447.0,140284.0,121010.0,261497.0,0.0
7556,3.0,9.949727202638932e+18,21365640.0,36770.0,2.0,1.0,2034.0,8562.0,96933.0,114614.0,0.0,1.0
7557,1.0,1.4531867648059392e+19,21781455.0,27482.0,2.0,1.0,1759946.0,120822.0,176698.0,6.0,1500874.0,1.0
7558,1.0,1.1078015115745737e+19,21812748.0,37507.0,1.0,1.0,94.0,1187.0,4304.0,4662.0,680759.0,0.0
7559,1.0,6.912851286990253e+18,20364261.0,18918.0,2.0,2.0,2327090.0,651807.0,787288.0,697506.0,7003040.0,1.0
7560,1.0,1.4531867648059392e+19,21815482.0,27485.0,2.0,1.0,11.0,8.0,97.0,76.0,283185.0,1.0
7561,1.0,9.621865444227486e+18,4180529.0,10566.0,1.0,1.0,18798208.0,12646.0,25849.0,18661.0,7136960.0,1.0
7562,2.0,1.263444496635344e+19,4077048.0,11812.0,2.0,1.0,667769.0,422229.0,1917872.0,60284.0,917724.0,1.0
7563,2.0,8.752113098191671e+18,21722369.0,37539.0,1.0,1.0,261400.0,6.0,1054.0,1256.0,0.0,0.0
7564,1.0,1.4140300435418186e+18,21246154.0,1502.0,2.0,1.0,159.0,561.0,113.0,153.0,7135057.0,1.0
7565,1.0,1.5689252236861137e+19,21164138.0,24130.0,2.0,1.0,2903.0,5867.0,36242.0,8796.0,3846014.0,1.0
7566,1.0,5.345544339361683e+18,5858822.0,23796.0,1.0,1.0,35.0,282.0,6.0,12.0,2447272.0,1.0
7567,1.0,2.6928596198512824e+18,4350542.0,2051.0,2.0,2.0,6444.0,505.0,7457.0,81.0,245167.0,0.0
7568,1.0,1.4399505795670258e+19,2911720.0,23778.0,3.0,2.0,59572.0,37.0,81.0,107.0,2041198.0,0.0
7569,1.0,1.4340390157469403e+19,5220347.0,23777.0,2.0,2.0,138.0,2117.0,1245.0,1470.0,684791.0,0.0
7570,1.0,1.205787899908646e+19,20192676.0,27961.0,1.0,1.0,30.0,39.0,72.0,100.0,544529.0,1.0
7571,1.0,6.715049002232656e+18,3065545.0,23783.0,2.0,2.0,735195.0,45.0,40.0,53.0,11986.0,0.0
7572,3.0,5.260594170071819e+16,3048011.0,23782.0,1.0,1.0,78099.0,84.0,68.0,215.0,0.0,1.0
7573,1.0,7.484333488664585e+18,21090281.0,34691.0,1.0,1.0,2.0,67.0,569.0,748.0,5610443.0,0.0
7574,1.0,1.205787899908646e+19,20174763.0,27961.0,3.0,2.0,7160124.0,16933.0,20779.0,21131.0,6801832.0,1.0
7575,1.0,7.753296320834759e+18,3767445.0,25782.0,2.0,1.0,163547.0,30988.0,363355.0,300392.0,1676614.0,0.0
7576,1.0,1.205787899908646e+19,20162102.0,27961.0,1.0,1.0,22449409.0,309.0,419.0,614.0,574760.0,0.0
7577,2.0,1.8425200088803072e+19,20033130.0,23790.0,1.0,1.0,7014635.0,58914.0,27.0,29.0,0.0,0.0
7578,1.0,4.3388284227875164e+18,21263640.0,36399.0,1.0,1.0,305.0,37.0,2271.0,1287.0,1460126.0,0.0
7579,1.0,1.205787899908646e+19,20163506.0,27961.0,2.0,1.0,644648.0,21850.0,83489.0,719.0,15149149.0,0.0
7580,4.0,1.7255138913747966e+19,22097403.0,37447.0,3.0,1.0,79.0,7775.0,22520.0,21483.0,206065.0,0.0
7581,1.0,1.3683376947755565e+19,20027916.0,6969.0,2.0,1.0,273059.0,232663.0,2268632.0,1783182.0,3768071.0,0.0
7582,1.0,4.250907836616955e+18,20445138.0,2640.0,2.0,1.0,2332853.0,82567.0,206038.0,186584.0,0.0,0.0
7583,1.0,9.16335063931262e+18,22099893.0,38533.0,3.0,2.0,681108.0,921.0,1113.0,1314.0,0.0,0.0
7584,2.0,1.4340390157469403e+19,3200263.0,23777.0,1.0,1.0,118208.0,7835.0,5659.0,90.0,12895172.0,1.0
7585,1.0,1.4531867648059392e+19,21781199.0,27482.0,1.0,1.0,4830044.0,363994.0,765743.0,6.0,1274640.0,1.0
7586,3.0,1.2978650751337896e+19,21697116.0,37461.0,2.0,1.0,113.0,452.0,4992.0,5103.0,541503.0,0.0
7587,2.0,1.205787899908646e+19,20163133.0,27961.0,1.0,1.0,430438.0,2485.0,2292.0,2714.0,0.0,1.0
7588,1.0,1.205787899908646e+19,20203752.0,27961.0,2.0,1.0,11921855.0,2218.0,83.0,109.0,0.0,1.0
7589,54.0,1.7299638493773875e+18,9584011.0,23637.0,2.0,1.0,858.0,14707.0,6622.0,7747.0,0.0,1.0
7590,1.0,4.3011519359883213e+18,2857533.0,19549.0,3.0,2.0,625582.0,25406.0,785449.0,703335.0,0.0,0.0
7591,1.0,1.0885508704966574e+19,20576205.0,33536.0,1.0,1.0,25914839.0,667792.0,1759141.0,1646738.0,91911.0,1.0
7592,1.0,1.4340390157469403e+19,20640000.0,23808.0,2.0,1.0,30.0,69.0,52.0,61.0,6603420.0,1.0
7593,1.0,1.5859647530187389e+19,4285938.0,23778.0,2.0,2.0,681178.0,3196.0,19.0,83.0,1951096.0,0.0
7594,1.0,5.315378418122699e+18,20016716.0,30911.0,2.0,1.0,40252.0,18941.0,16517.0,1321.0,2161053.0,1.0
7595,1.0,7.703279069701543e+18,21299637.0,4983.0,1.0,1.0,1006940.0,6467.0,33987.0,31649.0,20139517.0,1.0
7596,2.0,1.3311343438192927e+19,3806502.0,23791.0,1.0,1.0,96.0,24.0,31.0,33.0,1962157.0,0.0
7597,1.0,9.684554778607002e+18,21406103.0,36943.0,3.0,3.0,4138.0,9318.0,1864.0,2127.0,0.0,0.0
7598,1.0,1.4340390157469403e+19,9027213.0,23808.0,1.0,1.0,5.0,1.0,0.0,0.0,1312261.0,0.0
7599,1.0,5.120683440510468e+18,8676749.0,1268.0,2.0,1.0,6765955.0,87.0,150.0,35.0,4799566.0,0.0
7600,1.0,1.0204588510819502e+19,21249174.0,36176.0,3.0,3.0,779.0,932.0,17702.0,38374.0,4033693.0,0.0
7601,1.0,3.02911363593664e+18,4385046.0,24973.0,2.0,2.0,24806.0,43406.0,2570.0,11976.0,3652012.0,0.0
7602,10.0,1.205787899908646e+19,20164275.0,27961.0,1.0,1.0,1066787.0,1439.0,1182.0,1595.0,0.0,1.0
7603,2.0,1.4340390157469403e+19,9027568.0,23808.0,1.0,1.0,3643078.0,20022.0,591.0,777.0,22860293.0,1.0
7604,2.0,9.201202898041838e+18,5547206.0,15670.0,3.0,2.0,6038.0,2968.0,644936.0,591902.0,0.0,0.0
7605,1.0,1.1571850877749912e+19,21249187.0,36273.0,2.0,2.0,27920.0,35537.0,2399177.0,1309119.0,480928.0,1.0
7606,7.0,1.4340390157469403e+19,21163921.0,23808.0,3.0,3.0,5453.0,10502.0,30476.0,38.0,0.0,1.0
7607,3.0,5.489223345123022e+18,10584794.0,13204.0,2.0,2.0,224166.0,129851.0,332264.0,274229.0,5877508.0,1.0
7608,1.0,1.4531867648059392e+19,21815482.0,27485.0,3.0,2.0,228.0,8.0,97.0,76.0,545510.0,1.0
7609,93.0,5.851252814446936e+18,20135770.0,28698.0,2.0,1.0,123.0,129.0,1619.0,14954.0,0.0,1.0
7610,1.0,1.841489264235657e+19,21222508.0,36185.0,2.0,1.0,11236.0,16264.0,208452.0,1357.0,5698874.0,1.0
7611,1.0,2.8681394733720504e+18,21551396.0,37470.0,3.0,2.0,343336.0,600.0,48658.0,1566.0,0.0,0.0
7612,3.0,1.1627567248264462e+19,20425227.0,82.0,1.0,1.0,25636556.0,136.0,87.0,116.0,6886619.0,0.0
7613,1.0,1.5989049276530887e+19,20314838.0,23830.0,2.0,1.0,19550.0,32178.0,220278.0,222.0,4523941.0,1.0
7614,1.0,7.903914528320191e+18,21162533.0,1325.0,2.0,2.0,215351.0,155599.0,24.0,25.0,1727392.0,1.0
7615,2.0,2.6324745323411927e+18,21475410.0,36972.0,3.0,2.0,13305.0,166.0,41723.0,38566.0,0.0,0.0
7616,1.0,1.2573405159910423e+19,20524783.0,33586.0,2.0,1.0,50921.0,75660.0,828563.0,664871.0,2607203.0,0.0
7617,1.0,1.4340390157469403e+19,6434981.0,23777.0,1.0,1.0,443.0,175.0,132.0,190.0,2756914.0,1.0
7618,1.0,1.1315908569713166e+19,20044210.0,18070.0,2.0,2.0,3612.0,13053.0,2109.0,1190.0,16820937.0,0.0
7619,1.0,7.903914528320191e+18,21162526.0,1325.0,2.0,2.0,15.0,10.0,24.0,25.0,2273102.0,1.0
7620,1.0,7.693750714645194e+18,21232047.0,36207.0,1.0,1.0,9209.0,20619.0,19288.0,18566.0,20765433.0,0.0
7621,1.0,1.7547976658921961e+19,10303748.0,11140.0,2.0,2.0,1524.0,962.0,6832.0,8360.0,3040233.0,0.0
7622,50.0,1.6399364599287648e+19,10797499.0,922.0,3.0,2.0,5810.0,959.0,8289.0,1007.0,0.0,1.0
7623,1.0,1.034946865176566e+19,21522776.0,37422.0,3.0,1.0,0.0,0.0,25.0,4.0,7981415.0,0.0
7624,1.0,1.205787899908646e+19,20163609.0,27961.0,1.0,1.0,16813560.0,425.0,472.0,698.0,23297481.0,1.0
7625,1.0,1.7299638493773875e+18,9585571.0,23637.0,2.0,1.0,1437.0,32.0,236.0,112.0,5295673.0,1.0
7626,1.0,4.931992569523728e+18,4424380.0,23775.0,2.0,1.0,8.0,1379.0,6870.0,7631.0,2751230.0,1.0
7627,1.0,8.423986582338768e+16,22093774.0,38474.0,1.0,1.0,18228345.0,7021.0,49316.0,45134.0,0.0,0.0
7628,1.0,2.670952723278905e+18,20172890.0,23805.0,2.0,2.0,800468.0,73.0,304.0,16.0,15782747.0,1.0
7629,1.0,1.4340390157469403e+19,9027549.0,23808.0,2.0,1.0,44.0,27.0,14.0,18.0,324443.0,0.0
7630,1.0,1.2132356504020621e+19,1527079.0,3335.0,2.0,2.0,7967307.0,192064.0,727795.0,601787.0,420109.0,1.0
7631,1.0,8.265651261671431e+18,20340501.0,16822.0,2.0,1.0,501.0,3348.0,6719.0,2971.0,3141337.0,1.0
7632,2.0,1.578511299927674e+19,20908196.0,35088.0,3.0,2.0,0.0,0.0,2.0,5.0,6466126.0,0.0
7633,1.0,2.1602682482724762e+18,4428615.0,28462.0,3.0,2.0,3680101.0,335862.0,1426682.0,179725.0,1136117.0,0.0
7634,1.0,1.0155295045794103e+19,21438574.0,10985.0,3.0,1.0,2632552.0,5458.0,123941.0,107986.0,1946042.0,0.0
7635,1.0,1.4340390157469403e+19,3058639.0,23777.0,3.0,2.0,7805666.0,15863.0,26774.0,25320.0,29475.0,0.0
7636,22.0,2.6928596198512824e+18,4291763.0,2051.0,3.0,2.0,14340.0,22125.0,235.0,63.0,0.0,1.0
7637,1.0,5.851252814446936e+18,20141112.0,28698.0,2.0,1.0,317.0,656.0,11598.0,6008.0,12027149.0,0.0
7638,1.0,5.345544339361683e+18,5858558.0,23796.0,1.0,1.0,35.0,512.0,6.0,12.0,231307.0,0.0
7639,9.0,1.2089732170889036e+19,20361194.0,4218.0,2.0,2.0,813.0,688.0,244.0,958.0,186519.0,0.0
7640,1.0,1.5157221665193552e+19,20193586.0,20271.0,2.0,1.0,115957.0,6339.0,27207.0,25730.0,1643611.0,1.0
7641,1.0,1.4340390157469403e+19,6434912.0,23777.0,2.0,2.0,228016.0,16.0,36.0,44.0,16239235.0,0.0
7642,1.0,3.290987949223998e+18,21109863.0,1737.0,1.0,1.0,902.0,22177.0,20983.0,3966.0,23558182.0,1.0
7643,1.0,3.823702657028056e+18,10805757.0,23649.0,3.0,1.0,377024.0,155813.0,574863.0,496181.0,0.0,1.0
7644,1.0,1.7442148768218982e+19,21794798.0,37712.0,1.0,1.0,156419.0,75.0,2549.0,1046.0,73354.0,0.0
7645,1.0,2.8868319536849126e+18,21221345.0,17457.0,3.0,3.0,7547923.0,43563.0,242701.0,127548.0,0.0,0.0
7646,1.0,1.2031233849814462e+19,20196930.0,23788.0,2.0,2.0,3099376.0,422.0,495.0,661.0,45849.0,0.0
7647,1.0,1.5989049276530887e+19,20314419.0,23824.0,2.0,1.0,466.0,1574.0,3212.0,31.0,3974329.0,1.0
7648,1.0,1.4340390157469403e+19,6434981.0,23777.0,1.0,1.0,628.0,175.0,132.0,190.0,2063083.0,0.0
7649,2.0,5.5111324610218e+18,4397583.0,10040.0,3.0,1.0,1503.0,382.0,640.0,438.0,4631.0,1.0
7650,1.0,1.1171792574441318e+19,20757977.0,34550.0,1.0,1.0,3306377.0,871.0,6521.0,5686.0,0.0,0.0
7651,1.0,1.3756257544627677e+19,10400161.0,24354.0,2.0,2.0,26.0,52.0,331.0,2454.0,1763113.0,0.0
7652,1.0,1.5859647530187389e+19,4285836.0,23778.0,1.0,1.0,18594041.0,74073.0,84.0,557.0,0.0,1.0
7653,1.0,1.403039042509868e+19,9273066.0,21062.0,3.0,2.0,6517950.0,8458.0,84711.0,31946.0,1952881.0,0.0
7654,1.0,2.4127717961104635e+18,20067143.0,23781.0,2.0,1.0,19533.0,5610.0,8.0,1.0,854897.0,0.0
7655,6.0,1.2837504198869455e+19,21947194.0,30627.0,3.0,1.0,8.0,15.0,847.0,1053.0,3005113.0,1.0
7656,2.0,2.3115966165384125e+18,21372409.0,36803.0,2.0,1.0,880.0,8726.0,1174.0,43889.0,208069.0,0.0
7657,1.0,1.0493494137545437e+19,4319081.0,19755.0,1.0,1.0,504.0,14820.0,24816.0,28505.0,2558903.0,0.0
7658,55.0,1.1121833691387079e+19,21134703.0,23807.0,2.0,2.0,1260.0,90.0,474.0,8.0,0.0,1.0
7659,1.0,2.9029783469658184e+18,4210805.0,1939.0,3.0,1.0,82036.0,1217.0,18950.0,14946.0,157160.0,1.0
7660,1.0,4.2981186814246446e+18,21866035.0,385.0,2.0,1.0,150611.0,52051.0,346122.0,284945.0,3598374.0,1.0
7661,3.0,2.470253408587162e+18,21193219.0,35900.0,1.0,1.0,7.0,5.0,141.0,187.0,1140273.0,1.0
7662,1.0,4.4942073042654996e+18,21697119.0,37461.0,3.0,2.0,3070816.0,1012.0,17775.0,17203.0,0.0,0.0
7663,1.0,4.2981186814246446e+18,21866027.0,385.0,2.0,2.0,522547.0,38944.0,228697.0,3078.0,44855.0,0.0
7664,1.0,1.1951553260238873e+19,21155565.0,21008.0,2.0,2.0,2634.0,2677.0,6710.0,657.0,14201211.0,0.0
7665,1.0,1.034946865176566e+19,21522776.0,37422.0,2.0,1.0,0.0,0.0,26.0,28.0,14488740.0,0.0
7666,1.0,1.9364558150192476e+18,4075443.0,10486.0,2.0,1.0,102462.0,28397.0,38764.0,39696.0,15283343.0,1.0
7667,1.0,1.5145480155589095e+19,21954123.0,23807.0,2.0,1.0,3450220.0,2044.0,6597.0,6818.0,0.0,0.0
7668,1.0,1.4143349224707953e+19,21901262.0,37894.0,3.0,1.0,624590.0,490.0,54436.0,5488.0,0.0,1.0
7669,10.0,1.205787899908646e+19,20183674.0,27961.0,1.0,1.0,916071.0,15468.0,22874.0,22719.0,0.0,1.0
7670,1.0,5.888277431783336e+18,7955186.0,6520.0,1.0,1.0,65973.0,101.0,88.0,117.0,20637161.0,1.0
7671,1.0,1.1565087627450886e+19,1544276.0,17434.0,3.0,1.0,4323312.0,1495.0,9736.0,10455.0,188598.0,1.0
7672,1.0,1.205787899908646e+19,20164356.0,27961.0,3.0,2.0,1541600.0,516925.0,1486651.0,1180036.0,8355028.0,1.0
7673,1.0,1.802732184055217e+19,21963784.0,38202.0,1.0,1.0,2942.0,12.0,662.0,702.0,4440073.0,1.0
7674,1.0,1.1429136807014275e+19,20108136.0,23787.0,1.0,1.0,59797.0,3317.0,993.0,1199.0,1456636.0,1.0
7675,1.0,1.7741456305373202e+19,21293853.0,36500.0,1.0,1.0,7530521.0,16716.0,23744.0,61181.0,133787.0,0.0
7676,1.0,5.468727571223081e+18,20001241.0,1381.0,2.0,1.0,2327.0,6973.0,11981.0,1479.0,918332.0,0.0
7677,1.0,1.205787899908646e+19,20224125.0,27961.0,1.0,1.0,102745.0,68456.0,104583.0,104883.0,544579.0,1.0
7678,4.0,1.6197363689190828e+19,20428332.0,17629.0,2.0,1.0,2547860.0,617009.0,1584400.0,1253016.0,411129.0,1.0
7679,1.0,4.2981186814246446e+18,3702201.0,385.0,1.0,1.0,25541839.0,74988.0,126101.0,109396.0,8899858.0,1.0
7680,1.0,1.2084812856904854e+19,21961866.0,37644.0,3.0,1.0,7449627.0,2319.0,149627.0,128201.0,5046109.0,0.0
7681,1.0,7.010385989455118e+18,9585571.0,23637.0,1.0,1.0,17.0,32.0,618.0,145.0,18692370.0,1.0
7682,2.0,7.703279069701543e+18,6274887.0,4983.0,3.0,1.0,1759863.0,2542.0,7803.0,8663.0,0.0,0.0
7683,2.0,1.271304951377705e+19,20591122.0,23382.0,2.0,2.0,458161.0,897393.0,2582405.0,12006.0,2732152.0,1.0
7684,1.0,7.877361752466289e+18,21119286.0,35491.0,2.0,2.0,28249.0,25259.0,316152.0,270525.0,39482.0,1.0
7685,1.0,1.5145480155589095e+19,21134703.0,23807.0,2.0,1.0,49.0,1520.0,967.0,8.0,6314569.0,0.0
7686,1.0,1.5145480155589095e+19,21134703.0,23807.0,3.0,1.0,51.0,31.0,364.0,8.0,9675927.0,0.0
7687,1.0,9.685311741858013e+18,4167147.0,1969.0,3.0,3.0,802714.0,2012.0,114098.0,100095.0,0.0,0.0
7688,1.0,1.4340390157469403e+19,9027213.0,23808.0,1.0,1.0,1.0,1.0,0.0,0.0,18038880.0,0.0
7689,1.0,8.134264174510893e+18,10593083.0,1268.0,2.0,2.0,1647.0,697.0,6439.0,2.0,458003.0,0.0
7690,1.0,1.0211971516537948e+19,4205716.0,13727.0,2.0,1.0,203227.0,111174.0,902032.0,721626.0,19056.0,0.0
7691,1.0,1.205787899908646e+19,20163610.0,27961.0,2.0,2.0,1402820.0,48081.0,463274.0,467755.0,2363104.0,1.0
7692,1.0,1.3756257544627677e+19,8350700.0,24035.0,1.0,1.0,55.0,195.0,2197.0,737.0,5998891.0,1.0
7693,1.0,1.5145480155589095e+19,20888541.0,23807.0,2.0,1.0,7.0,5.0,5.0,11.0,11112165.0,0.0
7694,50.0,1.7740959527443177e+18,20874956.0,34761.0,2.0,1.0,386.0,421.0,33817.0,6840.0,0.0,1.0
7695,2.0,3.5362454920521805e+18,20576890.0,1998.0,2.0,1.0,6502.0,19508.0,60817.0,4495.0,606631.0,1.0
7696,1.0,1.205787899908646e+19,20163591.0,27961.0,1.0,1.0,1864656.0,9.0,18.0,837.0,8076173.0,0.0
7697,4.0,1.4340390157469403e+19,21045406.0,23808.0,2.0,1.0,753.0,185.0,1272.0,286.0,955611.0,1.0
7698,1.0,4.192533441706128e+18,20579877.0,2533.0,2.0,1.0,11431487.0,10319.0,19954.0,24513.0,11035381.0,0.0
7699,1.0,2.4127717961104635e+18,20067145.0,23781.0,1.0,1.0,85.0,1897.0,8.0,1.0,11840722.0,0.0
7700,1.0,5.410547229158581e+18,6455890.0,24173.0,1.0,1.0,22636.0,4828.0,77.0,102.0,23120601.0,0.0
7701,1.0,6.912851286990253e+18,20027844.0,18918.0,2.0,2.0,174.0,3762.0,4320.0,11313.0,12932656.0,1.0
7702,1.0,1.4531867648059392e+19,21770620.0,27482.0,1.0,1.0,56564.0,24422.0,22584.0,6.0,1700942.0,1.0
7703,1.0,1.4779372599199648e+19,20601290.0,2494.0,2.0,1.0,9193.0,16898.0,755558.0,1262.0,908112.0,1.0
7704,2.0,1.4340390157469403e+19,6434934.0,23777.0,1.0,1.0,25.0,14.0,10.0,17.0,14351507.0,1.0
7705,2.0,7.903914528320191e+18,21162526.0,1325.0,1.0,1.0,88170.0,10.0,22.0,23.0,7725309.0,1.0
7706,1.0,1.04533519298111e+19,20918218.0,34443.0,2.0,2.0,7853.0,4215.0,553068.0,446038.0,2227598.0,0.0
7707,1.0,1.205787899908646e+19,20223769.0,27961.0,3.0,2.0,292620.0,153624.0,784073.0,660839.0,426234.0,1.0
7708,1.0,8.848021695083077e+18,20035409.0,2387.0,2.0,1.0,179.0,509.0,2721.0,3336.0,674205.0,0.0
7709,1.0,1.1379461126848995e+19,21480075.0,24354.0,3.0,2.0,2818931.0,323.0,5886.0,905.0,432416.0,1.0
7710,1.0,1.0782457763037247e+19,10853903.0,30539.0,1.0,1.0,22252402.0,754.0,2458.0,3150.0,12189996.0,1.0
7711,1.0,1.1917487537150255e+19,20926306.0,35130.0,2.0,2.0,1744228.0,147.0,6003.0,1224.0,93631.0,0.0
7712,1.0,1.6715668208494561e+19,22180852.0,23534.0,3.0,2.0,99.0,4460.0,19862.0,19118.0,2267955.0,0.0
7713,1.0,1.4340390157469403e+19,4407675.0,23808.0,2.0,1.0,26191.0,33696.0,33451.0,31195.0,793257.0,1.0
7714,151.0,4.1286333491424783e+18,20975187.0,35306.0,2.0,2.0,1020.0,345.0,3087.0,716.0,0.0,1.0
7715,1.0,8.134264174510893e+18,10593105.0,1268.0,2.0,1.0,7750874.0,909.0,1259.0,2.0,0.0,0.0
7716,1.0,1.205787899908646e+19,20185518.0,27961.0,2.0,2.0,10520170.0,3033.0,15409.0,17082.0,53087.0,1.0
7717,1.0,1.1029660940276564e+19,3834142.0,27485.0,2.0,1.0,11.0,8.0,28.0,209.0,732103.0,1.0
7718,1.0,9.48057972042496e+18,20708397.0,34111.0,2.0,2.0,45728.0,2336.0,13173.0,2456.0,170383.0,0.0
7719,1.0,1.572049047108855e+19,21248300.0,36196.0,2.0,1.0,13057154.0,1689.0,12886.0,10649.0,4886754.0,0.0
7720,1.0,4.307695610000461e+18,21205135.0,35824.0,3.0,2.0,4610.0,3518.0,9766.0,6508.0,5718933.0,1.0
7721,1.0,3.6622086125568804e+18,4998981.0,24544.0,2.0,2.0,13307715.0,152324.0,172610.0,147738.0,0.0,0.0
7722,1.0,2.338929193756991e+18,20286637.0,879.0,2.0,1.0,9654781.0,28417.0,145987.0,91925.0,0.0,0.0
7723,1.0,8.329382369728153e+18,4225777.0,719.0,2.0,2.0,15687.0,24999.0,127649.0,28434.0,3384.0,0.0
7724,1.0,2.7178925550675133e+18,3442807.0,10465.0,1.0,1.0,16082898.0,52226.0,129418.0,112169.0,14041815.0,0.0
7725,1.0,1.205787899908646e+19,20157628.0,27961.0,3.0,3.0,0.0,0.0,49.0,60.0,9666808.0,0.0
7726,1.0,1.205787899908646e+19,20222646.0,27961.0,3.0,2.0,128098.0,10188.0,87814.0,92154.0,2025635.0,0.0
7727,1.0,1.1751890852108218e+19,6579436.0,23801.0,2.0,1.0,17.0,18.0,238.0,430.0,1430258.0,1.0
7728,3.0,1.6035037915396076e+19,20394371.0,33454.0,2.0,1.0,3830244.0,56968.0,217771.0,193155.0,0.0,0.0
7729,4.0,1.205787899908646e+19,20223013.0,27961.0,1.0,1.0,11327.0,5302.0,25140.0,24882.0,0.0,1.0
7730,1.0,1.4531867648059392e+19,21779491.0,27482.0,1.0,1.0,7793734.0,179555.0,297967.0,6.0,14908146.0,1.0
7731,1.0,1.205787899908646e+19,20157182.0,27961.0,2.0,1.0,12345186.0,103.0,327.0,367.0,4846467.0,1.0
7732,2.0,1.4415681608498106e+19,20915489.0,34292.0,1.0,1.0,64128.0,4217.0,11094.0,1206.0,0.0,1.0
7733,1.0,7.903914528320191e+18,21109734.0,2010.0,1.0,1.0,25192463.0,40103.0,237.0,189.0,3113005.0,1.0
7734,1.0,1.4531867648059392e+19,3834142.0,27485.0,1.0,1.0,2.0,8.0,28.0,74.0,4050828.0,1.0
7735,1.0,1.205787899908646e+19,20174706.0,27961.0,1.0,1.0,20587070.0,2760.0,4928.0,5804.0,0.0,0.0
7736,1.0,1.3756257544627677e+19,8350705.0,24035.0,1.0,1.0,212.0,594.0,4014.0,1614.0,133774.0,1.0
7737,1.0,6.539424021056515e+18,3219148.0,23777.0,2.0,1.0,10.0,54.0,57.0,72.0,16689630.0,0.0
7738,1.0,1.089356239829434e+19,20202868.0,879.0,2.0,1.0,488329.0,130.0,7069.0,435.0,4176780.0,1.0
7739,7.0,1.205787899908646e+19,20163591.0,27961.0,1.0,1.0,197282.0,9.0,18.0,27.0,4817044.0,1.0
7740,1.0,7.703279069701543e+18,21299640.0,4983.0,1.0,1.0,14.0,26.0,38.0,51.0,14751740.0,0.0
7741,1.0,1.4340390157469403e+19,21163921.0,23808.0,3.0,1.0,4917.0,2492.0,17696.0,38.0,10750358.0,1.0
7742,1.0,3.7493118884422477e+18,21259478.0,7897.0,2.0,1.0,378615.0,271282.0,1339278.0,1060543.0,6336791.0,0.0
7743,1.0,1.4340390157469403e+19,2909948.0,23777.0,3.0,3.0,93176.0,68945.0,615413.0,489722.0,10272526.0,1.0
7744,1.0,6.626630179687592e+18,4271508.0,8112.0,3.0,1.0,419.0,1390.0,31220.0,29184.0,7959330.0,1.0
7745,4.0,2.324343277850217e+18,21853991.0,37773.0,2.0,1.0,42850.0,58049.0,1438105.0,1203651.0,943899.0,0.0
7746,1.0,4.949197173803122e+18,20664742.0,24107.0,2.0,1.0,169498.0,113946.0,180723.0,153764.0,1491241.0,1.0
7747,1.0,4.2981186814246446e+18,3702251.0,385.0,2.0,1.0,10118134.0,198994.0,654628.0,523658.0,0.0,0.0
7748,1.0,7.903914528320191e+18,20623363.0,2012.0,2.0,2.0,2178936.0,773.0,1920.0,229.0,4265.0,0.0
7749,1.0,1.1121833691387079e+19,20885977.0,23807.0,2.0,1.0,950.0,3585.0,5.0,11.0,3872926.0,1.0
7750,1.0,1.4340390157469403e+19,21163923.0,23808.0,2.0,2.0,78.0,57.0,635.0,34.0,1265464.0,1.0
7751,1.0,4.2981186814246446e+18,21866036.0,385.0,3.0,1.0,17002.0,31161.0,99889.0,87793.0,3722080.0,1.0
7752,1.0,1.3311343438192927e+19,3806502.0,23791.0,2.0,1.0,1956.0,24.0,31.0,33.0,12662497.0,1.0
7753,1.0,3.8650424015591e+18,20584224.0,1142.0,2.0,2.0,46128.0,32506.0,83367.0,74005.0,671597.0,0.0
7754,1.0,3.163997420314436e+18,21445256.0,26288.0,1.0,1.0,10278.0,25028.0,77321.0,150.0,60737.0,1.0
7755,1.0,1.2310323414299814e+19,22004966.0,879.0,1.0,1.0,16945393.0,213.0,2068.0,2297.0,2798797.0,1.0
7756,1.0,4.876702067173951e+17,20589592.0,24027.0,2.0,1.0,750378.0,2146.0,19903.0,38788.0,5368368.0,1.0
7757,1.0,5.07990106805139e+18,7611211.0,25928.0,2.0,2.0,1052929.0,14628.0,34527.0,42425.0,8509976.0,0.0
7758,1.0,5.851252814446936e+18,21477669.0,28698.0,2.0,2.0,288.0,923.0,908.0,437.0,532392.0,0.0
7759,1.0,2.941589785902698e+18,21405476.0,36922.0,3.0,2.0,12418.0,13367.0,280797.0,236102.0,0.0,0.0
7760,1.0,1.5349556856043352e+19,21482141.0,36855.0,1.0,1.0,653491.0,4121.0,1546.0,11238.0,2658458.0,1.0
7761,1.0,1.2658333223334971e+19,4357897.0,19408.0,1.0,1.0,40194.0,45953.0,543655.0,434259.0,0.0,0.0
7762,1.0,2.0021430589649848e+18,20945319.0,24124.0,3.0,2.0,34798.0,21738.0,1024897.0,948001.0,9700002.0,1.0
7763,1.0,1.205787899908646e+19,20185601.0,27961.0,1.0,1.0,1410605.0,40017.0,62300.0,61195.0,884555.0,0.0
7764,1.0,3.1879655052352783e+18,6793775.0,13826.0,2.0,2.0,5041218.0,709.0,2335.0,2607.0,223091.0,0.0
7765,1.0,1.5989049276530887e+19,20314414.0,23824.0,2.0,1.0,1195.0,3553.0,12066.0,31.0,3204771.0,0.0
7766,1.0,1.53708364016545e+18,21962598.0,2336.0,1.0,1.0,4949293.0,1651.0,12145.0,9011.0,0.0,1.0
7767,2.0,1.1378319744837116e+19,4366785.0,17349.0,1.0,1.0,133280.0,222963.0,511591.0,411747.0,298240.0,1.0
7768,1.0,8.061231707314873e+18,21091371.0,4741.0,2.0,1.0,4192504.0,242926.0,660691.0,52026.0,0.0,0.0
7769,1.0,1.205787899908646e+19,20163198.0,27961.0,1.0,1.0,19258746.0,1626.0,7667.0,11833.0,220761.0,1.0
7770,1.0,5.468727571223081e+18,20001378.0,1381.0,2.0,2.0,16167.0,87634.0,316518.0,294769.0,12828315.0,0.0
7771,1.0,6.912851286990253e+18,20423558.0,18918.0,2.0,1.0,22757.0,41939.0,137095.0,123847.0,2801762.0,1.0
7772,1.0,1.5989049276530887e+19,20313587.0,23828.0,2.0,1.0,4094.0,29613.0,40284.0,140.0,2623442.0,1.0
7773,1.0,8.848021695083077e+18,20047086.0,2387.0,3.0,1.0,58.0,151.0,204.0,193.0,10057888.0,1.0
7774,1.0,1.0884604435073634e+19,20042301.0,29683.0,2.0,1.0,15418787.0,3885.0,12129.0,1693.0,0.0,0.0
7775,1.0,1.4340390157469403e+19,6434954.0,23777.0,2.0,1.0,91.0,491.0,376.0,503.0,5001241.0,1.0
7776,1.0,1.2973938068772772e+19,4342321.0,14635.0,2.0,2.0,14796184.0,595.0,15225.0,2450.0,7219942.0,0.0
7777,1.0,1.0792160102926555e+19,22085086.0,38101.0,3.0,1.0,458101.0,352184.0,3588858.0,99391.0,0.0,1.0
7778,1.0,1.4340390157469403e+19,4429285.0,23808.0,2.0,1.0,1594409.0,26419.0,1164.0,1371.0,915837.0,0.0
7779,1.0,1.8096118661859746e+19,7086736.0,8850.0,1.0,1.0,20888705.0,5881.0,28106.0,102507.0,1875196.0,1.0
7780,1.0,9.439646679378307e+18,21505898.0,37164.0,1.0,1.0,621128.0,356663.0,37788.0,34885.0,442866.0,1.0
7781,1.0,1.034946865176566e+19,21522776.0,37422.0,3.0,1.0,0.0,0.0,25.0,4.0,8809505.0,0.0
7782,1.0,1.205787899908646e+19,22211712.0,29951.0,1.0,1.0,14971.0,27461.0,73589.0,65632.0,3789493.0,1.0
7783,3.0,2.5334514414076124e+18,21018010.0,35266.0,2.0,1.0,5238640.0,197.0,19314.0,10198.0,9162039.0,1.0
7784,1.0,1.4340390157469403e+19,9092769.0,23808.0,2.0,2.0,2083780.0,1720.0,608.0,797.0,810480.0,1.0
7785,1.0,9.004035880665279e+18,20595493.0,33800.0,2.0,1.0,2951.0,6018.0,10273.0,11651.0,574421.0,1.0
7786,1.0,4.231570301299196e+18,20668351.0,20836.0,2.0,2.0,15048466.0,95809.0,484944.0,394288.0,522762.0,0.0
7787,1.0,1.3402324445911222e+19,10301932.0,28349.0,2.0,1.0,58899.0,74123.0,1635711.0,763277.0,1796150.0,1.0
7788,1.0,5.851252814446936e+18,10437144.0,28698.0,2.0,1.0,3835.0,12194.0,73784.0,104747.0,7414078.0,1.0
7789,1.0,5.851252814446936e+18,21477562.0,28698.0,2.0,1.0,199.0,522.0,25496.0,11689.0,5010076.0,0.0
7790,1.0,8.134264174510893e+18,10593093.0,1268.0,2.0,2.0,12241467.0,2333.0,5349.0,2.0,0.0,0.0
7791,3.0,4.2981186814246446e+18,7139904.0,385.0,2.0,1.0,172482.0,3764.0,4119.0,4457.0,3301531.0,0.0
7792,1.0,6.228784066129291e+18,4350293.0,1998.0,1.0,1.0,4157.0,7235.0,6957.0,7450.0,17823975.0,1.0
7793,1.0,1.5039143047522492e+19,20149163.0,32666.0,2.0,1.0,10397.0,76497.0,382853.0,610282.0,6403626.0,1.0
7794,1.0,9.972542528734929e+18,21944521.0,38141.0,2.0,1.0,79.0,62.0,9424.0,9162.0,16224633.0,0.0
7795,2.0,4.033902433867767e+18,21939581.0,38065.0,3.0,1.0,1597803.0,1332.0,2255.0,2492.0,237313.0,1.0
7796,3.0,1.205787899908646e+19,20180690.0,27961.0,1.0,1.0,718.0,270.0,1483.0,1904.0,20797986.0,1.0
7797,2.0,1.5551356093140488e+18,4268116.0,16309.0,1.0,1.0,407092.0,61565.0,167714.0,156394.0,1079777.0,0.0
7798,1.0,1.841489264235657e+19,21222460.0,36185.0,2.0,1.0,841035.0,30977.0,101544.0,89221.0,57827.0,0.0
7799,1.0,1.2611010400425636e+19,21939292.0,27499.0,3.0,1.0,17.0,976.0,1426.0,1684.0,2650503.0,1.0
7800,2.0,1.3756257544627677e+19,10959062.0,24354.0,2.0,2.0,23.0,48.0,331.0,259.0,6177981.0,0.0
7801,1.0,1.205787899908646e+19,20110160.0,27961.0,2.0,2.0,8802054.0,525.0,1353.0,1713.0,0.0,0.0
7802,1.0,1.2575149450538433e+19,20992275.0,24124.0,2.0,2.0,7324.0,22217.0,55.0,95.0,2343458.0,0.0
7803,1.0,5.589649412465737e+18,21460457.0,35035.0,2.0,1.0,1335.0,1505.0,34190.0,232.0,13379510.0,0.0
7804,1.0,2.949171466398627e+18,21098693.0,35552.0,1.0,1.0,4059707.0,1069.0,1949.0,466.0,4201.0,0.0
7805,1.0,1.3416878294870458e+19,3066490.0,23786.0,1.0,1.0,29554.0,314.0,207.0,115.0,1208886.0,1.0
7806,1.0,1.3756180615399762e+19,20938022.0,17481.0,2.0,1.0,31153.0,98327.0,240561.0,78646.0,8626091.0,1.0
7807,1.0,2.582061521150819e+18,20445674.0,33197.0,1.0,1.0,17589768.0,17144.0,37106.0,36906.0,0.0,0.0
7808,1.0,1.4340390157469403e+19,3057557.0,23777.0,3.0,3.0,25159.0,8242.0,13044.0,12860.0,0.0,1.0
7809,1.0,1.5233012509833787e+18,22129934.0,38461.0,2.0,1.0,2888312.0,32005.0,1077577.0,900039.0,0.0,0.0
7810,1.0,5.07990106805139e+18,7642392.0,25928.0,2.0,1.0,20648.0,35434.0,36269.0,35795.0,656294.0,1.0
7811,1.0,5.410547229158581e+18,6453684.0,24173.0,2.0,2.0,331539.0,280.0,77.0,102.0,553522.0,0.0
7812,1.0,1.205787899908646e+19,20183679.0,27961.0,3.0,3.0,75261.0,17685.0,23320.0,22717.0,144966.0,0.0
7813,1.0,5.77674744429575e+18,20894955.0,108.0,1.0,1.0,21763069.0,10069.0,7672.0,15962.0,0.0,0.0
7814,1.0,1.6742159257768634e+19,6765059.0,2218.0,2.0,1.0,13040107.0,53300.0,225688.0,190289.0,72764.0,0.0
7815,1.0,1.205787899908646e+19,20163623.0,27961.0,2.0,1.0,1134025.0,2441.0,2155.0,2671.0,11671804.0,0.0
7816,1.0,1.582050931956145e+19,8354086.0,17285.0,3.0,2.0,7405703.0,2932.0,271637.0,226132.0,1928509.0,0.0
7817,2.0,1.3557133018779933e+19,20706014.0,34246.0,2.0,1.0,1.0,3.0,142.0,71.0,758618.0,1.0
7818,1.0,1.4531867648059392e+19,21778918.0,27482.0,1.0,1.0,25010613.0,228270.0,417430.0,6.0,330550.0,0.0
7819,1.0,1.4531867648059392e+19,20133393.0,32444.0,1.0,1.0,18362.0,47442.0,196940.0,596.0,155150.0,1.0
7820,1.0,1.367763032150901e+19,2910959.0,23778.0,2.0,1.0,2140433.0,3110.0,2045.0,2262.0,1898948.0,0.0
7821,6.0,1.4531867648059392e+19,20123483.0,32227.0,1.0,1.0,720172.0,86668.0,132859.0,2976.0,0.0,1.0
7822,1.0,1.3090221289647714e+19,20174982.0,23795.0,1.0,1.0,8905805.0,4434.0,3.0,7.0,2163389.0,0.0
7823,2.0,9.45897971914091e+18,20172857.0,32542.0,3.0,1.0,4405515.0,17108.0,24481.0,9965.0,0.0,1.0
7824,30.0,1.4340390157469403e+19,20643977.0,23808.0,3.0,1.0,8551.0,18630.0,2118.0,729.0,0.0,1.0
7825,2.0,1.696493579862299e+19,20604441.0,7229.0,2.0,2.0,17001.0,1338.0,167.0,246.0,0.0,1.0
7826,1.0,9.069302951596745e+18,20945653.0,35231.0,1.0,1.0,14586.0,3929.0,8165.0,10194.0,1110279.0,1.0
7827,1.0,6.161917798021001e+18,3777634.0,11488.0,3.0,2.0,76684.0,1075.0,12462.0,28047.0,2582.0,0.0
7828,1.0,1.7190505978019734e+19,21834371.0,36519.0,2.0,2.0,72689.0,173217.0,509718.0,413884.0,118418.0,0.0
7829,2.0,2.061296188583326e+18,2055041.0,387.0,2.0,2.0,3672618.0,2643.0,6531.0,6557.0,0.0,1.0
7830,1.0,5.568767562350397e+18,20882146.0,34737.0,2.0,2.0,188867.0,27035.0,702460.0,563893.0,382895.0,0.0
7831,1.0,1.205787899908646e+19,20170569.0,27961.0,1.0,1.0,15123922.0,416.0,2122.0,2547.0,967654.0,0.0
7832,1.0,5.888277431783336e+18,7955186.0,6520.0,1.0,1.0,1396346.0,101.0,88.0,117.0,13685279.0,0.0
7833,1.0,1.0923078674072631e+19,21344563.0,413.0,3.0,2.0,6212408.0,63095.0,1109.0,1312.0,43623.0,0.0
7834,1.0,1.7501963389256628e+19,7971212.0,19405.0,3.0,3.0,1825358.0,23646.0,419423.0,240902.0,2004163.0,0.0
7835,2.0,1.4340390157469403e+19,9027213.0,23808.0,1.0,1.0,5.0,1.0,0.0,0.0,22724683.0,1.0
7836,1.0,1.3756257544627677e+19,10959061.0,24354.0,3.0,3.0,11.0,96.0,1044.0,259.0,10155952.0,0.0
7837,1.0,1.4340390157469403e+19,9027549.0,23808.0,2.0,2.0,8387651.0,2770.0,14.0,18.0,648253.0,1.0
7838,2.0,9.806838428950888e+18,21811756.0,37737.0,2.0,1.0,7311.0,13778.0,12095.0,11175.0,55373.0,0.0
7839,1.0,1.136372424770545e+19,21338027.0,30405.0,3.0,2.0,5726439.0,323.0,12776.0,12616.0,1278966.0,1.0
7840,1.0,1.3090221289647714e+19,20174985.0,23795.0,1.0,1.0,31.0,135.0,3.0,7.0,2239721.0,0.0
7841,1.0,1.8986100000078008e+18,20394199.0,13061.0,3.0,2.0,283485.0,79190.0,3785072.0,2967761.0,456799.0,1.0
7842,2.0,5.180142102265717e+18,21233146.0,585.0,1.0,1.0,796.0,1460.0,1310.0,1294.0,1498210.0,1.0
7843,1.0,5.5111324610218e+18,3856280.0,10040.0,2.0,1.0,7702.0,4466.0,11197.0,13366.0,564703.0,0.0
7844,2.0,8.813902859733762e+18,20886690.0,34840.0,2.0,2.0,405.0,206.0,551.0,826.0,2449856.0,0.0
7845,1.0,9.881207773436752e+18,4332980.0,23778.0,2.0,1.0,38.0,23.0,13.0,21.0,11462552.0,0.0
7846,1.0,1.6911519744388026e+19,20904489.0,35095.0,2.0,1.0,4326.0,405.0,13345.0,11733.0,738407.0,1.0
7847,1.0,1.785807262866637e+19,6845188.0,6751.0,2.0,1.0,9493440.0,389006.0,844084.0,755098.0,0.0,0.0
7848,1.0,1.3090221289647714e+19,20175001.0,23795.0,1.0,1.0,30390.0,12.0,3.0,7.0,12362004.0,0.0
7849,1.0,1.0162296140869556e+19,21921136.0,37994.0,3.0,2.0,8130853.0,93236.0,545760.0,122281.0,0.0,0.0
7850,1.0,1.4938552312890337e+19,9636103.0,10995.0,2.0,1.0,37.0,2175.0,9648.0,4221.0,1221865.0,1.0
7851,1.0,7.877361752466289e+18,21130084.0,35491.0,2.0,1.0,2445.0,2482.0,17989.0,59738.0,13733869.0,1.0
7852,1.0,1.205787899908646e+19,20203709.0,27961.0,1.0,1.0,67.0,158.0,83.0,109.0,2119315.0,0.0
7853,2.0,1.4340390157469403e+19,10397447.0,23808.0,1.0,1.0,13.0,21.0,16.0,15.0,18459377.0,1.0
7854,1.0,4.4642749888440484e+18,21414830.0,36960.0,2.0,2.0,225401.0,9384.0,9808.0,15465.0,0.0,0.0
7855,1.0,1.205787899908646e+19,20163607.0,27961.0,2.0,2.0,23421.0,1951.0,1625.0,2215.0,7779300.0,0.0
7856,1.0,4.9132644253992666e+17,20919267.0,35109.0,3.0,3.0,193674.0,1394.0,17518.0,19494.0,0.0,0.0
7857,1.0,1.3855511193019767e+19,20758715.0,32464.0,2.0,1.0,18428.0,94215.0,340594.0,278696.0,1722601.0,1.0
7858,1.0,9.881207773436752e+18,4332980.0,23778.0,3.0,1.0,10.0,85.0,13.0,21.0,5085281.0,0.0
7859,2.0,1.4531867648059392e+19,3834142.0,27485.0,1.0,1.0,72.0,8.0,28.0,248.0,23285003.0,1.0
7860,1.0,2.0021430589649848e+18,21202508.0,24124.0,3.0,2.0,4379695.0,1501.0,44183.0,30753.0,355871.0,0.0
7861,1.0,7.903914528320191e+18,20623357.0,2012.0,2.0,1.0,4622.0,2880.0,7824.0,229.0,6090798.0,1.0
7862,5.0,1.0493494137545437e+19,21142880.0,19755.0,1.0,1.0,293710.0,3936.0,5857.0,23240.0,0.0,1.0
7863,1.0,2.941589785902698e+18,21405519.0,36922.0,2.0,2.0,2946.0,9884.0,102072.0,90256.0,890734.0,1.0
7864,1.0,5.772191329394711e+18,21014760.0,9863.0,2.0,2.0,283.0,3366.0,7591.0,4511.0,26236.0,1.0
7865,1.0,7.254762892262476e+18,21467356.0,37016.0,3.0,1.0,1083.0,1712.0,268566.0,126704.0,8799027.0,1.0
7866,1.0,6.079345667024711e+18,2332237.0,17568.0,1.0,1.0,6985209.0,7868.0,14026.0,49814.0,5875145.0,0.0
7867,1.0,1.4531867648059392e+19,21812389.0,27482.0,1.0,1.0,12642.0,16518.0,33133.0,76.0,17967773.0,0.0
7868,1.0,1.2324582336590082e+19,21966163.0,38189.0,3.0,2.0,21748.0,46636.0,340381.0,426658.0,270230.0,0.0
7869,3.0,8.620895344436541e+18,4244198.0,27547.0,2.0,1.0,703260.0,1010.0,1505.0,1717.0,5922147.0,0.0
7870,1.0,4.3038403768619453e+18,10400308.0,29439.0,1.0,1.0,39.0,629.0,936.0,542.0,15640930.0,0.0
7871,1.0,9.289442681264818e+18,20383863.0,20721.0,2.0,2.0,84670.0,181237.0,1340814.0,599925.0,44240.0,0.0
7872,1.0,1.6772851793638846e+19,22111180.0,38584.0,1.0,1.0,33592.0,23598.0,229956.0,193662.0,1916609.0,0.0
7873,4.0,3.9182019527261594e+18,4399493.0,1575.0,3.0,2.0,526273.0,3343.0,187502.0,177918.0,0.0,0.0
7874,1.0,1.5989049276530887e+19,20314336.0,23824.0,3.0,1.0,7776.0,21781.0,41829.0,31.0,11094468.0,1.0
7875,1.0,1.4340390157469403e+19,9027213.0,23808.0,3.0,1.0,5.0,1.0,0.0,0.0,8602312.0,0.0
7876,1.0,8.119057108691817e+18,20876635.0,34760.0,1.0,1.0,371978.0,100.0,34.0,40.0,1542982.0,1.0
7877,1.0,1.3384857948156529e+18,20758982.0,33931.0,2.0,2.0,1884739.0,79676.0,124630.0,11735.0,0.0,0.0
7878,1.0,5.888277431783336e+18,7955189.0,6520.0,2.0,1.0,932856.0,444.0,529.0,780.0,470604.0,1.0
7879,1.0,5.664657886268478e+18,21442169.0,37070.0,2.0,2.0,9729.0,12127.0,146641.0,62383.0,11663403.0,1.0
7880,1.0,5.39106729149704e+18,21100198.0,35535.0,2.0,1.0,132.0,204.0,32816.0,1151.0,1241399.0,0.0
7881,1.0,1.4340390157469403e+19,9027428.0,23808.0,1.0,1.0,26233733.0,1037.0,655.0,855.0,0.0,0.0
7882,1.0,1.1379461126848995e+19,21438521.0,24354.0,3.0,1.0,77620.0,128.0,3662.0,3981.0,1851825.0,0.0
7883,1.0,9.099290312183782e+18,21437150.0,10100.0,1.0,1.0,21986580.0,2966.0,16559.0,15379.0,14953957.0,1.0
7884,1.0,5.998778395684809e+18,20319669.0,33117.0,2.0,2.0,135629.0,62793.0,412428.0,351974.0,9563630.0,1.0
7885,1.0,9.640237397034111e+17,20710500.0,33414.0,2.0,2.0,1968825.0,8583.0,37078.0,40289.0,0.0,0.0
7886,1.0,7.771884441258275e+18,20447760.0,32367.0,1.0,1.0,85209.0,98088.0,2530102.0,800.0,327.0,0.0
7887,1.0,1.8418084428458359e+19,21970062.0,5632.0,2.0,2.0,1644732.0,1498.0,80338.0,175.0,0.0,0.0
7888,1.0,8.133704734824702e+18,20929060.0,34989.0,2.0,1.0,8.0,15.0,1925.0,16687.0,6635441.0,1.0
7889,1.0,1.3243640383761205e+19,20900491.0,2401.0,1.0,1.0,15828.0,2864.0,4882.0,1136.0,807651.0,1.0
7890,1.0,3.5873902269220603e+18,21115561.0,23279.0,1.0,1.0,3778210.0,853.0,1083.0,2184.0,0.0,1.0
7891,1.0,7.903914528320191e+18,21162550.0,1325.0,2.0,2.0,259497.0,3301.0,6958.0,45.0,676315.0,1.0
7892,1.0,1.723695662565507e+19,20296836.0,33016.0,2.0,1.0,1333.0,1683.0,8314.0,7805.0,7379856.0,0.0
7893,1.0,1.3404092584234033e+19,7227168.0,23340.0,2.0,1.0,2169753.0,41395.0,351317.0,10217.0,34.0,0.0
7894,1.0,4.2981186814246446e+18,3703465.0,385.0,2.0,1.0,739819.0,15700.0,13057.0,12872.0,4562329.0,1.0
7895,1.0,1.4091516342306822e+19,20800902.0,11764.0,3.0,1.0,276887.0,70235.0,374699.0,264528.0,0.0,1.0
7896,1.0,1.329119801441296e+19,2937008.0,2940.0,3.0,1.0,5514520.0,1266.0,100565.0,23932.0,0.0,0.0
7897,1.0,2.0021430589649848e+18,20607517.0,24124.0,2.0,2.0,1943306.0,2360.0,19320.0,151.0,0.0,0.0
7898,1.0,1.1624066761054958e+19,3373964.0,5962.0,1.0,1.0,378.0,1109.0,171.0,217.0,1968.0,1.0
7899,1.0,1.4340390157469403e+19,21163921.0,23808.0,1.0,1.0,3916.0,770.0,2879.0,38.0,2110207.0,1.0
7900,1.0,7.903914528320191e+18,21162544.0,1325.0,2.0,1.0,159166.0,176.0,5616.0,586.0,14115293.0,1.0
7901,1.0,1.5917235636287943e+19,4384290.0,17846.0,2.0,1.0,10782482.0,14242.0,63252.0,57023.0,814279.0,0.0
7902,1.0,1.1951553260238873e+19,21155565.0,21008.0,2.0,1.0,302.0,753.0,1098.0,657.0,5388694.0,0.0
7903,1.0,1.689028136318244e+19,20445694.0,33281.0,2.0,1.0,92648.0,164668.0,815331.0,43431.0,254318.0,1.0
7904,1.0,2.6928596198512824e+18,4212764.0,2051.0,3.0,1.0,1128.0,30.0,163.0,56.0,1107251.0,1.0
7905,2.0,1.0133786685276252e+19,21134692.0,35348.0,3.0,3.0,1898743.0,28543.0,63394.0,474066.0,7876360.0,0.0
7906,1.0,1.2978650751337896e+19,21697116.0,37461.0,2.0,1.0,113.0,452.0,4992.0,5103.0,13163417.0,1.0
7907,1.0,9.264043495024234e+18,4198379.0,662.0,1.0,1.0,500954.0,208696.0,461120.0,22800.0,21940649.0,1.0
7908,1.0,1.4340390157469403e+19,21163925.0,23808.0,2.0,1.0,49.0,615.0,938.0,148.0,5229704.0,1.0
7909,1.0,7.380169464630613e+18,20975383.0,21892.0,1.0,1.0,1679013.0,74225.0,212524.0,194694.0,286538.0,1.0
7910,3.0,2.4127717961104635e+18,20067154.0,23781.0,3.0,3.0,1.0,3.0,53.0,1.0,694934.0,1.0
7911,1.0,1.4340390157469403e+19,21163921.0,23808.0,2.0,2.0,12837829.0,684.0,2205.0,39.0,5334957.0,0.0
7912,1.0,1.5859647530187389e+19,4285938.0,23778.0,2.0,1.0,11.0,8.0,19.0,83.0,296904.0,0.0
7913,1.0,1.759834777550527e+19,21156823.0,35691.0,3.0,1.0,4504709.0,3002.0,106342.0,104439.0,2189319.0,1.0
7914,1.0,1.205787899908646e+19,20185716.0,27961.0,1.0,1.0,2210346.0,3477.0,24552.0,7842.0,628592.0,0.0
7915,1.0,8.080538342548285e+18,20774520.0,3527.0,2.0,2.0,3580087.0,5387.0,62279.0,58339.0,0.0,0.0
7916,1.0,1.3756257544627677e+19,20175571.0,24354.0,2.0,1.0,53.0,276.0,79.0,199.0,14006928.0,0.0
7917,1.0,1.4340390157469403e+19,3126781.0,23777.0,1.0,1.0,16762.0,5655.0,3837.0,4157.0,17869641.0,0.0
7918,1.0,1.4340390157469403e+19,21163925.0,23808.0,3.0,1.0,476.0,615.0,938.0,148.0,5664990.0,1.0
7919,1.0,1.604757700059963e+19,1521471.0,11767.0,2.0,2.0,3358.0,1824.0,3238.0,5642.0,13862016.0,0.0
7920,23.0,1.3512911208805956e+19,3308932.0,19603.0,2.0,1.0,428.0,5554.0,126405.0,118363.0,0.0,1.0
7921,1.0,1.1446605167476894e+19,10357017.0,20803.0,3.0,1.0,495186.0,4513.0,3722.0,4048.0,0.0,0.0
7922,1.0,1.099159647493597e+19,20019531.0,591.0,1.0,1.0,19856845.0,2513.0,6783.0,7985.0,0.0,0.0
7923,1.0,1.1121833691387079e+19,21132008.0,23807.0,2.0,1.0,9582.0,8898.0,23502.0,8.0,11382434.0,1.0
7924,1.0,1.4340390157469403e+19,6435006.0,23777.0,3.0,2.0,336.0,633.0,2018.0,2231.0,5924561.0,0.0
7925,1.0,1.3756257544627677e+19,8184894.0,24354.0,2.0,2.0,810.0,660.0,2203.0,2455.0,141535.0,1.0
7926,1.0,7.771884441258275e+18,20448248.0,32367.0,2.0,1.0,13055.0,26195.0,551109.0,10666.0,4545807.0,1.0
7927,1.0,9.112461081911082e+17,20350206.0,27649.0,2.0,1.0,16.0,117.0,21990.0,19190.0,7550593.0,0.0
7928,1.0,2.8947172624911084e+18,4290433.0,14031.0,2.0,1.0,318478.0,877.0,3211.0,15263.0,0.0,1.0
7929,2.0,8.119057108691817e+18,20876635.0,34760.0,1.0,1.0,93973.0,199.0,34.0,40.0,2776888.0,1.0
7930,1.0,8.410382612868306e+18,21371413.0,36350.0,3.0,1.0,905113.0,28567.0,130484.0,93609.0,4454081.0,1.0
7931,1.0,1.3756257544627677e+19,8350710.0,24035.0,2.0,1.0,263.0,688.0,3832.0,2860.0,5993334.0,1.0
7932,1.0,1.3756257544627677e+19,8350714.0,24035.0,2.0,1.0,5005.0,8795.0,46827.0,17199.0,430446.0,1.0
7933,1.0,8.020279575921113e+18,3958357.0,26987.0,3.0,1.0,176.0,2262.0,39063.0,35988.0,60871.0,0.0
7934,6.0,3.9694229361624786e+18,21425996.0,36928.0,2.0,2.0,5418.0,7991.0,27707.0,26206.0,7580474.0,0.0
7935,1.0,6.263749423537724e+18,21803219.0,36720.0,1.0,1.0,78891.0,32363.0,66190.0,31878.0,1184915.0,1.0
7936,1.0,1.205787899908646e+19,20174573.0,27961.0,1.0,1.0,172926.0,10934.0,61166.0,57337.0,20534356.0,1.0
7937,1.0,1.205787899908646e+19,20163505.0,27961.0,2.0,2.0,2693.0,573.0,1407.0,1815.0,1548759.0,1.0
7938,1.0,1.5721500623469021e+19,1936447.0,9570.0,2.0,1.0,356.0,981.0,4316.0,14884.0,6064811.0,1.0
7939,1.0,4.579769361826681e+17,20776123.0,34559.0,3.0,1.0,54723.0,5165.0,33640.0,31358.0,3870571.0,0.0
7940,1.0,9.75107224858461e+18,10939148.0,29713.0,2.0,2.0,14007088.0,7418.0,8150.0,8294.0,11658284.0,1.0
7941,1.0,5.5111324610218e+18,20875797.0,10040.0,3.0,3.0,685393.0,5931.0,15579.0,16528.0,5416009.0,0.0
7942,1.0,7.717415956106953e+18,21834080.0,37747.0,1.0,1.0,231321.0,116493.0,169328.0,5937.0,21428714.0,0.0
7943,1.0,1.570947928247294e+19,20588401.0,33692.0,2.0,2.0,1051.0,959.0,1350.0,1817.0,6723383.0,1.0
7944,1.0,2.0021430589649848e+18,20188700.0,24124.0,3.0,1.0,303.0,1040.0,735.0,936.0,274705.0,1.0
7945,1.0,1.3369383831300444e+19,3092762.0,10397.0,1.0,1.0,20466545.0,3801.0,3323.0,4191.0,842081.0,1.0
7946,1.0,6.414307266338366e+18,21248429.0,35668.0,2.0,2.0,6626.0,10.0,1137.0,1344.0,4677720.0,1.0
7947,1.0,3.1609360899619886e+18,21454568.0,37132.0,3.0,3.0,74072.0,12578.0,1126931.0,873431.0,1786351.0,0.0
7948,1.0,5.901349891861968e+18,4431484.0,24207.0,2.0,2.0,175381.0,275168.0,6468.0,4803.0,0.0,0.0
7949,1.0,7.903914528320191e+18,21162262.0,1325.0,1.0,1.0,14125577.0,108793.0,325831.0,343259.0,1276793.0,0.0
7950,1.0,1.3337363277210163e+19,21960312.0,38060.0,2.0,1.0,1411732.0,10606.0,26116.0,24676.0,547289.0,1.0
7951,2.0,1.052803256599095e+19,21439797.0,879.0,2.0,1.0,19455.0,36476.0,301213.0,232347.0,46566.0,1.0
7952,1.0,7.041532884540824e+17,21475264.0,20687.0,1.0,1.0,29001.0,9315.0,7016.0,11187.0,6453156.0,1.0
7953,19.0,1.6689374305059609e+19,20450033.0,5058.0,2.0,1.0,17274.0,6928.0,363387.0,2690.0,0.0,1.0
7954,18.0,2.4127717961104635e+18,20067145.0,23781.0,1.0,1.0,87540.0,3798.0,8.0,1.0,0.0,1.0
7955,1.0,1.5544624466860802e+19,21300659.0,16202.0,2.0,1.0,2226509.0,67901.0,495910.0,141705.0,223135.0,0.0
7956,1.0,6.866370298485688e+18,10082753.0,16892.0,2.0,2.0,7169659.0,12686.0,653820.0,318.0,1516789.0,0.0
7957,1.0,1.3416878294870458e+19,3066490.0,23786.0,1.0,1.0,477.0,314.0,207.0,115.0,3707221.0,1.0
7958,1.0,2.6009916479816904e+18,21822275.0,37492.0,2.0,1.0,9.0,43.0,366.0,1719.0,16554348.0,0.0
7959,1.0,6.817408004347334e+18,21220164.0,12913.0,2.0,2.0,12272315.0,66919.0,284254.0,291842.0,0.0,0.0
7960,1.0,2.1957294574080543e+18,20340571.0,4218.0,2.0,1.0,15458458.0,730.0,7426.0,4687.0,0.0,0.0
7961,1.0,1.3756257544627677e+19,10793993.0,24354.0,2.0,1.0,124758.0,16673.0,760.0,828.0,355139.0,1.0
7962,1.0,2.4127717961104635e+18,20067145.0,23781.0,1.0,1.0,7807.0,3798.0,8.0,1.0,373416.0,1.0
7963,1.0,1.5275682559243414e+19,4401726.0,9538.0,2.0,1.0,11146.0,7911.0,51923.0,54892.0,10545111.0,1.0
7964,1.0,8.134264174510893e+18,10951033.0,1268.0,1.0,1.0,32190.0,116.0,92.0,2.0,358202.0,1.0
7965,1.0,5.888277431783336e+18,7955184.0,6520.0,2.0,2.0,1049.0,2002.0,2984.0,3757.0,9467124.0,1.0
7966,1.0,1.8224086249867991e+19,20879535.0,8493.0,2.0,2.0,126910.0,2804.0,16139.0,7430.0,12718776.0,1.0
7967,1.0,1.223405680971054e+19,21787000.0,37359.0,3.0,1.0,28583.0,4.0,67.0,84.0,877409.0,0.0
7968,3.0,4.2981186814246446e+18,21866029.0,385.0,1.0,1.0,103148.0,171301.0,473383.0,388968.0,212232.0,1.0
7969,1.0,8.323472756667511e+18,21927086.0,38068.0,3.0,1.0,7573208.0,12.0,1521.0,863.0,0.0,0.0
7970,1.0,1.7171684670985843e+19,10588381.0,20551.0,1.0,1.0,79606.0,30954.0,107764.0,17772.0,7894987.0,0.0
7971,17.0,6.715049002232656e+18,3065545.0,23783.0,1.0,1.0,4179692.0,45.0,40.0,53.0,0.0,0.0
7972,1.0,1.5989049276530887e+19,20314654.0,23828.0,2.0,1.0,16897.0,9229.0,125968.0,140.0,1037077.0,1.0
7973,1.0,5.5111324610218e+18,2082697.0,10040.0,2.0,2.0,3251077.0,1730.0,5211.0,6881.0,1174863.0,1.0
7974,1.0,9.345208734657673e+18,4405347.0,16074.0,2.0,2.0,12229807.0,2250.0,75100.0,38318.0,0.0,0.0
7975,2.0,2.987457312022362e+18,1192718.0,2850.0,2.0,2.0,1977994.0,485.0,305.0,447.0,0.0,0.0
7976,2.0,1.0726002060893145e+19,20036558.0,23800.0,1.0,1.0,730524.0,49.0,44.0,312.0,0.0,0.0
7977,1.0,6.147790640203314e+18,21287579.0,35204.0,2.0,2.0,1846524.0,1612.0,2134.0,1995.0,7919619.0,0.0
7978,1.0,1.4340390157469403e+19,20643970.0,23808.0,1.0,1.0,634.0,20.0,9.0,9.0,1270462.0,1.0
7979,1.0,1.217055884821344e+19,22158661.0,38778.0,3.0,1.0,13113.0,6.0,2443.0,1820.0,1419799.0,1.0
7980,4.0,9.991057275835721e+17,10870929.0,30428.0,1.0,1.0,448859.0,189748.0,395061.0,309596.0,8780140.0,1.0
7981,1.0,3.5873902269220603e+18,21115528.0,23279.0,2.0,2.0,133413.0,129974.0,1424589.0,38847.0,0.0,0.0
7982,1.0,1.5067328663126802e+19,2382867.0,12881.0,3.0,3.0,1651020.0,72250.0,134894.0,111835.0,0.0,0.0
7983,1.0,1.5889052232801778e+19,20816237.0,7570.0,2.0,1.0,2238.0,4914.0,823.0,8196.0,2800761.0,1.0
7984,1.0,5.851252814446936e+18,21477801.0,28698.0,2.0,1.0,10098.0,38353.0,429802.0,248049.0,7239699.0,1.0
7985,1.0,1.0771151880405008e+19,21273249.0,35637.0,3.0,1.0,1976745.0,28358.0,319373.0,252338.0,0.0,0.0
7986,1.0,1.205787899908646e+19,20174713.0,27961.0,2.0,2.0,4729570.0,450.0,1803.0,2282.0,4273655.0,0.0
7987,1.0,7.903914528320191e+18,21162526.0,1325.0,1.0,1.0,64.0,10.0,24.0,25.0,21278672.0,1.0
7988,1.0,3.263191252959176e+18,21391478.0,36873.0,2.0,1.0,60413.0,15806.0,169203.0,18978.0,15063512.0,1.0
7989,1.0,1.689028136318244e+19,21102821.0,33281.0,3.0,1.0,2554532.0,58168.0,184357.0,171256.0,0.0,0.0
7990,1.0,1.7286618236649845e+19,9755615.0,7284.0,3.0,1.0,191027.0,365183.0,947778.0,11851.0,11342.0,0.0
7991,1.0,2.6928596198512824e+18,4341158.0,2051.0,2.0,1.0,9125150.0,283.0,780.0,898.0,0.0,1.0
7992,1.0,1.531660583060908e+19,21173893.0,35570.0,3.0,2.0,122189.0,11618.0,1577403.0,585607.0,0.0,0.0
7993,2.0,1.1379461126848995e+19,21438521.0,24354.0,1.0,1.0,11821432.0,128.0,2188.0,16912.0,578140.0,1.0
7994,1.0,1.4340390157469403e+19,20644033.0,23808.0,2.0,1.0,128291.0,375418.0,530.0,9.0,1012678.0,1.0
7995,2.0,1.205787899908646e+19,20163133.0,27961.0,1.0,1.0,15254429.0,2333.0,3520.0,6572.0,0.0,0.0
7996,1.0,1.205787899908646e+19,20180680.0,27961.0,1.0,1.0,229796.0,15732.0,14200.0,15321.0,0.0,1.0
7997,1.0,7.903914528320191e+18,20623367.0,2012.0,2.0,2.0,12469407.0,15135.0,31051.0,493.0,347709.0,0.0
7998,3.0,6.801913394143187e+16,4371478.0,11703.0,2.0,1.0,588.0,2982.0,2398.0,2635.0,420148.0,0.0
7999,1.0,1.4340390157469403e+19,9027213.0,23808.0,2.0,1.0,1.0,1.0,0.0,0.0,8291649.0,1.0
8000,1.0,5.345544339361683e+18,5858718.0,23796.0,2.0,1.0,8875928.0,478.0,6.0,12.0,893901.0,0.0
8001,1.0,2.6928596198512824e+18,4344041.0,2051.0,2.0,2.0,60.0,71.0,151.0,218.0,2447643.0,1.0
8002,1.0,7.7688192259701e+18,20897468.0,22685.0,2.0,2.0,180025.0,137153.0,379908.0,311629.0,14149199.0,0.0
8003,1.0,3.26105885498946e+18,20680871.0,34164.0,3.0,3.0,341774.0,1013.0,10754.0,23371.0,0.0,0.0
8004,1.0,8.813902859733762e+18,20886690.0,34840.0,3.0,1.0,11348.0,197.0,1629.0,2026.0,0.0,1.0
8005,1.0,4.1287683139663334e+17,21892984.0,14048.0,1.0,1.0,23733.0,42301.0,7317.0,7489.0,2513435.0,1.0
8006,2.0,7.903914528320191e+18,21162339.0,1325.0,1.0,1.0,22289702.0,9819.0,16598.0,21398.0,0.0,0.0
8007,2.0,1.3359361103803858e+18,20599499.0,33847.0,3.0,3.0,836073.0,9784.0,18583.0,24645.0,0.0,0.0
8008,1.0,1.5692151001333283e+19,9918353.0,5718.0,3.0,3.0,134872.0,97948.0,943437.0,774544.0,1077827.0,0.0
8009,1.0,2.060385439519114e+17,20441414.0,33519.0,3.0,1.0,1091594.0,1169.0,10747.0,11795.0,0.0,0.0
8010,3.0,1.5145480155589095e+19,20889026.0,23807.0,1.0,1.0,2.0,11.0,5.0,11.0,22859724.0,1.0
8011,1.0,9.004035880665279e+18,20595493.0,33800.0,2.0,2.0,102307.0,543.0,2322.0,668.0,410893.0,1.0
8012,1.0,1.8849175979017254e+17,21393610.0,24151.0,2.0,2.0,12924425.0,14408.0,78975.0,65761.0,1443660.0,1.0
8013,1.0,1.4347859242938208e+19,21963776.0,33931.0,1.0,1.0,13015260.0,8360.0,13081.0,12906.0,0.0,0.0
8014,1.0,1.4340390157469403e+19,20668411.0,23808.0,1.0,1.0,25544602.0,12568.0,8373.0,729.0,455639.0,0.0
8015,1.0,1.4340390157469403e+19,9027213.0,23808.0,3.0,1.0,1.0,1.0,0.0,0.0,9101342.0,1.0
8016,39.0,1.4340390157469403e+19,9027448.0,23808.0,1.0,1.0,45584.0,202.0,56.0,68.0,0.0,1.0
8017,1.0,1.205787899908646e+19,20163203.0,27961.0,1.0,1.0,18634112.0,662.0,570.0,842.0,0.0,0.0
8018,1.0,8.134264174510893e+18,4226101.0,1268.0,3.0,1.0,2750143.0,408.0,1846.0,1767.0,24459.0,0.0
8019,2.0,7.484333488664585e+18,21209487.0,34691.0,2.0,2.0,12051464.0,883.0,324.0,449.0,0.0,0.0
8020,1.0,1.205787899908646e+19,20192990.0,27961.0,2.0,2.0,6.0,4.0,39.0,55.0,199891.0,0.0
8021,72.0,1.4340390157469403e+19,3063381.0,23777.0,3.0,3.0,12258.0,4810.0,34914.0,32467.0,0.0,0.0
8022,1.0,1.008357241655155e+19,2044579.0,23862.0,1.0,1.0,473.0,414.0,5905.0,6317.0,6907095.0,1.0
8023,1.0,7.903914528320191e+18,21162422.0,1325.0,2.0,2.0,3652.0,10410.0,27351.0,27833.0,16327489.0,1.0
8024,1.0,1.5989049276530887e+19,20314354.0,23824.0,2.0,2.0,2901.0,9348.0,19524.0,31.0,9185957.0,1.0
8025,1.0,1.4340390157469403e+19,4428845.0,23808.0,3.0,1.0,1481.0,3637.0,5504.0,5810.0,519601.0,0.0
8026,2.0,1.6794704970244289e+19,5059558.0,26286.0,1.0,1.0,153.0,250.0,303.0,527.0,392098.0,1.0
8027,1.0,1.3906290106368934e+19,10401146.0,25472.0,2.0,2.0,11157593.0,136323.0,208101.0,982.0,0.0,0.0
8028,1.0,1.41246112132088e+19,20758753.0,34322.0,2.0,1.0,13059682.0,90529.0,531025.0,427021.0,5465.0,0.0
8029,1.0,1.7331143064820773e+19,8011303.0,3221.0,3.0,3.0,328608.0,53642.0,1160021.0,924385.0,0.0,1.0
8030,1.0,7.903914528320191e+18,21162427.0,1325.0,3.0,1.0,33329.0,1583.0,4781.0,5842.0,2021711.0,1.0
8031,4.0,1.4340390157469403e+19,10397481.0,23808.0,2.0,2.0,1154.0,800.0,16.0,167.0,6717480.0,0.0
8032,1.0,8.43792899857038e+18,21162839.0,35799.0,2.0,1.0,124093.0,196.0,17007.0,9540.0,619564.0,1.0
8033,2.0,1.3557133018779933e+19,20706014.0,34246.0,1.0,1.0,1.0,3.0,142.0,71.0,16057205.0,1.0
8034,1.0,9.27543026634541e+18,1668888.0,6845.0,2.0,1.0,8942783.0,4002.0,3156.0,3437.0,0.0,1.0
8035,1.0,2.4127717961104635e+18,20067154.0,23781.0,3.0,2.0,1.0,3.0,53.0,1.0,9752880.0,1.0
8036,1.0,7.903147303780313e+18,10753275.0,30390.0,3.0,2.0,724657.0,58041.0,247397.0,222624.0,0.0,0.0
8037,1.0,2.6928596198512824e+18,4350495.0,2051.0,3.0,1.0,4370490.0,663.0,734.0,81.0,0.0,0.0
8038,1.0,1.205787899908646e+19,20180605.0,27961.0,2.0,1.0,561.0,927.0,1215.0,1634.0,6167601.0,1.0
8039,2.0,1.2149008590370236e+19,4227800.0,13049.0,2.0,1.0,179231.0,37483.0,64675.0,55386.0,105629.0,0.0
8040,1.0,1.2814662474667647e+19,21810781.0,37631.0,2.0,2.0,10162959.0,474.0,11366.0,11309.0,7386347.0,0.0
8041,1.0,1.205787899908646e+19,20180224.0,27961.0,1.0,1.0,14945769.0,2950.0,5599.0,6938.0,727693.0,1.0
8042,1.0,6.584180650439163e+18,21712571.0,18248.0,3.0,1.0,2996286.0,19685.0,231653.0,182860.0,4706278.0,1.0
8043,1.0,2.6928596198512824e+18,9633992.0,2051.0,1.0,1.0,26033379.0,80028.0,103407.0,1778.0,5607565.0,1.0
8044,2.0,7.903914528320191e+18,20623357.0,2012.0,2.0,1.0,860805.0,844.0,2765.0,230.0,0.0,0.0
8045,1.0,8.335105002517451e+18,20582549.0,33524.0,2.0,1.0,4.0,56.0,51.0,200.0,1434147.0,0.0
8046,1.0,1.320408634329364e+19,20179020.0,879.0,1.0,1.0,287642.0,41.0,340.0,381.0,0.0,1.0
8047,1.0,1.4340390157469403e+19,20643969.0,23808.0,3.0,1.0,359.0,544.0,9.0,9.0,8390192.0,1.0
8048,1.0,1.265502459667583e+17,21243971.0,36263.0,3.0,1.0,6062167.0,15076.0,92876.0,179.0,273657.0,1.0
8049,1.0,1.4340390157469403e+19,9027213.0,23808.0,2.0,1.0,1.0,1.0,0.0,0.0,7032797.0,1.0
8050,1.0,3.7306253281194304e+17,3827183.0,23792.0,1.0,1.0,6009.0,2189.0,61.0,77.0,4143747.0,1.0
8051,1.0,1.6772851793638846e+19,22111158.0,38584.0,3.0,2.0,64838.0,50.0,20083.0,12653.0,0.0,1.0
8052,1.0,6.714215362006534e+17,21219162.0,36180.0,3.0,2.0,44853.0,1332.0,9007.0,10897.0,855110.0,1.0
8053,1.0,1.8700442407286835e+18,21272677.0,36441.0,1.0,1.0,14826.0,700.0,403.0,294.0,64725.0,1.0
8054,1.0,1.5145480155589095e+19,21954094.0,23807.0,3.0,2.0,6017.0,53.0,8423.0,8574.0,5879693.0,0.0
8055,3.0,2.4127717961104635e+18,20067139.0,23781.0,1.0,1.0,1044.0,1301.0,8.0,1.0,3093383.0,1.0
8056,1.0,1.6689374305059609e+19,20197921.0,5058.0,2.0,1.0,2377705.0,430102.0,3866273.0,3353.0,0.0,1.0
8057,1.0,1.6794704970244289e+19,7206993.0,26286.0,1.0,1.0,511.0,355.0,636.0,139.0,2056503.0,0.0
8058,1.0,9.626726976408177e+18,3382847.0,17597.0,1.0,1.0,5028524.0,630.0,7862.0,10011.0,16065349.0,0.0
8059,1.0,7.903914528320191e+18,21162342.0,1325.0,3.0,1.0,310926.0,57589.0,142947.0,45.0,818788.0,1.0
8060,1.0,1.734180435361551e+19,21882834.0,37622.0,1.0,1.0,93011.0,473.0,6559.0,97.0,8768011.0,1.0
8061,1.0,7.341799059012098e+18,21312958.0,36527.0,2.0,1.0,7036837.0,6843.0,2012.0,2434.0,0.0,0.0
8062,3.0,6.877516134389988e+18,20075449.0,2332.0,3.0,1.0,5763.0,4040.0,658.0,858.0,1174090.0,1.0
8063,1.0,4.1286333491424783e+18,20975189.0,35306.0,2.0,2.0,12.0,218.0,490.0,639.0,3481253.0,0.0
8064,2.0,7.903914528320191e+18,21162430.0,1325.0,2.0,2.0,10215.0,69900.0,192013.0,180601.0,28978.0,0.0
8065,1.0,1.205787899908646e+19,20221063.0,27961.0,2.0,2.0,854.0,7713.0,21444.0,20619.0,13707114.0,1.0
8066,2.0,1.4340390157469403e+19,9027637.0,23808.0,2.0,2.0,57.0,397.0,108.0,146.0,586670.0,1.0
8067,1.0,1.3027610902179516e+19,21205455.0,36065.0,1.0,1.0,106096.0,111058.0,202916.0,48073.0,2688251.0,1.0
8068,1.0,9.671263286007372e+18,21020317.0,35333.0,3.0,2.0,239223.0,87760.0,282691.0,238568.0,5752503.0,1.0
8069,1.0,1.6569316228173758e+19,21194895.0,35991.0,2.0,1.0,10765135.0,2361.0,269275.0,287157.0,6096.0,1.0
8070,1.0,8.134264174510893e+18,4176358.0,1268.0,1.0,1.0,1489018.0,58.0,130.0,213.0,2278106.0,1.0
8071,2.0,2.4127717961104635e+18,20067154.0,23781.0,2.0,2.0,1.0,3.0,53.0,1.0,8960288.0,1.0
8072,1.0,1.7299638493773875e+18,9584169.0,23637.0,1.0,1.0,163147.0,106.0,2401.0,223.0,14633377.0,0.0
8073,1.0,1.5989049276530887e+19,20311887.0,23828.0,2.0,1.0,7072.0,23317.0,59845.0,140.0,13879511.0,1.0
8074,1.0,4.945098023753992e+18,10767284.0,30157.0,2.0,1.0,208053.0,237797.0,863798.0,641.0,1176162.0,1.0
8075,1.0,5.888277431783336e+18,7955186.0,6520.0,1.0,1.0,73.0,101.0,88.0,117.0,11087443.0,1.0
8076,1.0,8.99455707050858e+18,20030165.0,23799.0,3.0,1.0,537399.0,43.0,565.0,752.0,795462.0,1.0
8077,1.0,1.5207340384633635e+19,3092723.0,10397.0,3.0,2.0,119804.0,17130.0,94433.0,91792.0,5028374.0,0.0
8078,1.0,3.010475069228332e+18,21259995.0,35824.0,3.0,3.0,3773117.0,4468.0,7849.0,325.0,8035.0,1.0
8079,1.0,1.205787899908646e+19,20192652.0,27961.0,2.0,2.0,8682054.0,58.0,350.0,521.0,69638.0,0.0
8080,1.0,1.1917549558620953e+19,21797558.0,26269.0,3.0,1.0,9462.0,156780.0,705465.0,3162.0,3442422.0,0.0
8081,2.0,6.539424021056515e+18,3219148.0,23777.0,2.0,1.0,2411.0,54.0,57.0,72.0,11910680.0,1.0
8082,3.0,1.4340390157469403e+19,9026998.0,23808.0,2.0,2.0,5716.0,6269.0,1807.0,2111.0,9582414.0,1.0
8083,1.0,1.139864596018252e+19,22140432.0,38175.0,2.0,1.0,4949913.0,114203.0,987854.0,789395.0,6298341.0,1.0
8084,1.0,1.077230928844858e+19,21265511.0,34202.0,2.0,1.0,113444.0,317.0,16160.0,15714.0,206323.0,1.0
8085,2.0,1.4756578758696272e+19,20715825.0,3625.0,2.0,1.0,81470.0,95584.0,340325.0,295023.0,3296675.0,0.0
8086,3.0,1.2621352773838825e+19,4250100.0,6980.0,2.0,2.0,13906.0,13604.0,25036.0,29159.0,0.0,0.0
8087,1.0,1.6897735447496133e+19,9556458.0,14377.0,1.0,1.0,1073229.0,40166.0,43506.0,42913.0,14643063.0,0.0
8088,1.0,1.3253120330492872e+18,4368441.0,16764.0,2.0,2.0,1873953.0,38298.0,197394.0,12231.0,0.0,0.0
8089,1.0,1.0069722417935503e+19,20908106.0,35079.0,2.0,2.0,50817.0,50.0,89361.0,85444.0,0.0,0.0
8090,1.0,1.3384857948156529e+18,20759001.0,33931.0,2.0,2.0,10514940.0,238227.0,442347.0,36045.0,0.0,0.0
8091,1.0,2.0862883458759045e+18,20345780.0,25066.0,2.0,1.0,3231.0,3983.0,214643.0,66675.0,10713846.0,1.0
8092,1.0,5.851252814446936e+18,20147160.0,28698.0,2.0,2.0,11293983.0,463.0,83711.0,162727.0,14940143.0,1.0
8093,1.0,1.205787899908646e+19,20203709.0,27961.0,2.0,1.0,538.0,1850.0,83.0,109.0,12054068.0,1.0
8094,1.0,1.7759510457088795e+19,20361186.0,879.0,2.0,1.0,227016.0,41.0,340.0,381.0,2503968.0,1.0
8095,1.0,7.143518654485987e+18,20393504.0,33093.0,2.0,1.0,370.0,82.0,133.0,544.0,1038466.0,1.0
8096,1.0,1.5989049276530887e+19,20315224.0,23828.0,2.0,2.0,573.0,1704.0,19372.0,140.0,7179932.0,0.0
8097,1.0,2.1115975172883315e+18,21167590.0,35100.0,2.0,1.0,12266509.0,23809.0,33373.0,31054.0,14621388.0,1.0
8098,2.0,7.771884441258275e+18,20448249.0,32367.0,2.0,1.0,38122.0,45731.0,1312273.0,1069282.0,1847.0,0.0
8099,1.0,1.3742635301971245e+19,21345355.0,36687.0,2.0,2.0,1922.0,2565.0,184508.0,549.0,6275168.0,0.0
8100,1.0,1.4340390157469403e+19,4805242.0,23777.0,2.0,1.0,24470.0,9261.0,11999.0,13853.0,3191622.0,0.0
8101,1.0,1.6709405790339167e+18,20330641.0,33157.0,2.0,1.0,1868402.0,2601.0,40383.0,92.0,5997009.0,1.0
8102,1.0,1.4340390157469403e+19,9027554.0,23808.0,2.0,1.0,152.0,833.0,14.0,18.0,713535.0,1.0
8103,1.0,1.4340390157469403e+19,9027472.0,23808.0,2.0,2.0,105.0,2404.0,89.0,106.0,302191.0,0.0
8104,1.0,1.8728595140605699e+18,21022260.0,35443.0,3.0,1.0,350878.0,11962.0,241692.0,7948.0,0.0,1.0
8105,1.0,1.5055522776556423e+19,20967414.0,35253.0,2.0,1.0,2086.0,190.0,774.0,277.0,13460003.0,0.0
8106,1.0,1.8402481037749256e+19,1739687.0,6113.0,3.0,1.0,53095.0,52912.0,154453.0,148252.0,918935.0,1.0
8107,1.0,1.205787899908646e+19,20163161.0,27961.0,2.0,2.0,14535579.0,60770.0,130343.0,124124.0,157373.0,0.0
8108,1.0,1.205787899908646e+19,20221297.0,27961.0,1.0,1.0,588.0,2291.0,2226.0,2947.0,19744904.0,0.0
8109,1.0,1.2902129976731994e+19,3067652.0,23785.0,2.0,1.0,9548757.0,5451.0,5158.0,181.0,145487.0,1.0
8110,72.0,4.949197173803122e+18,20664741.0,24107.0,2.0,1.0,3969.0,24989.0,3542.0,4389.0,0.0,1.0
8111,1.0,5.851252814446936e+18,20130247.0,28698.0,2.0,1.0,335300.0,243018.0,2616927.0,2054614.0,135171.0,1.0
8112,1.0,5.77674744429575e+18,20894964.0,108.0,2.0,1.0,11411395.0,10179.0,45143.0,76702.0,55.0,0.0
8113,1.0,1.4756578758696272e+19,20715403.0,3625.0,1.0,1.0,56449.0,491580.0,1177031.0,936368.0,3520115.0,1.0
8114,1.0,8.134264174510893e+18,10950966.0,1268.0,3.0,1.0,657626.0,316040.0,666210.0,2.0,814450.0,1.0
8115,1.0,9.60176539679029e+18,20054348.0,23802.0,2.0,1.0,3387.0,12961.0,388.0,505.0,2255387.0,0.0
8116,1.0,7.771884441258275e+18,20447754.0,32367.0,2.0,1.0,14629.0,25873.0,438757.0,373920.0,446947.0,1.0
8117,1.0,5.384812229869526e+16,3211664.0,6963.0,2.0,1.0,1637604.0,6067.0,82444.0,22587.0,0.0,0.0
8118,1.0,5.120683440510468e+18,8676724.0,1268.0,1.0,1.0,88.0,40.0,45.0,13.0,9296373.0,1.0
8119,1.0,1.034946865176566e+19,21522776.0,37422.0,2.0,1.0,0.0,0.0,26.0,28.0,15373351.0,0.0
8120,1.0,1.1274636798287909e+19,20612661.0,23808.0,3.0,3.0,5855771.0,437935.0,2035615.0,5361.0,0.0,1.0
8121,1.0,1.8084522838201234e+18,4365320.0,2152.0,3.0,2.0,2952717.0,33876.0,91103.0,91801.0,10826240.0,0.0
8122,1.0,5.345544339361683e+18,5858719.0,23796.0,1.0,1.0,75.0,179.0,6.0,12.0,1029808.0,1.0
8123,1.0,1.205787899908646e+19,20157098.0,27961.0,2.0,2.0,4313315.0,60266.0,119645.0,115825.0,2661.0,0.0
8124,4.0,9.392432163779588e+18,21339151.0,26150.0,2.0,1.0,35483.0,5767.0,14735.0,14411.0,0.0,1.0
8125,1.0,4.876702067173951e+17,20502127.0,24027.0,2.0,1.0,6619076.0,251581.0,790095.0,1609238.0,1611351.0,1.0
8126,1.0,1.435375703171181e+19,3499270.0,25703.0,3.0,2.0,1857825.0,3651.0,6807.0,7516.0,1392776.0,0.0
8127,1.0,5.851252814446936e+18,20130247.0,28698.0,2.0,1.0,925.0,1372.0,22788.0,24221.0,2469858.0,1.0
8128,1.0,1.205787899908646e+19,20192990.0,27961.0,2.0,2.0,6.0,4.0,39.0,55.0,4709356.0,1.0
8129,1.0,2.8825549154376755e+18,21021816.0,29410.0,3.0,1.0,8407.0,25668.0,219543.0,6704.0,182442.0,1.0
8130,1.0,7.903914528320191e+18,21162407.0,1325.0,1.0,1.0,73770.0,26261.0,50959.0,63813.0,5875545.0,1.0
8131,1.0,7.214092852304567e+17,20076839.0,28622.0,1.0,1.0,21618.0,21399.0,19943.0,43360.0,1673225.0,1.0
8132,1.0,1.696493579862299e+19,20664684.0,7229.0,2.0,2.0,257549.0,3253.0,167.0,246.0,1509543.0,0.0
8133,1.0,1.0600145366713356e+19,20596054.0,23040.0,3.0,3.0,166358.0,4268.0,17369.0,1802.0,3984393.0,1.0
8134,1.0,1.205787899908646e+19,20174691.0,27961.0,1.0,1.0,15183128.0,33675.0,43775.0,43083.0,19509938.0,0.0
8135,1.0,1.3756257544627677e+19,8350700.0,24035.0,2.0,1.0,55.0,195.0,1151.0,737.0,39538.0,1.0
8136,1.0,3.7306253281194304e+17,3827183.0,23792.0,2.0,1.0,1734.0,1682.0,61.0,77.0,16227136.0,1.0
8137,4.0,7.903914528320191e+18,21162403.0,1325.0,2.0,1.0,3005.0,13133.0,23449.0,2998.0,0.0,1.0
8138,1.0,5.851252814446936e+18,10437151.0,28698.0,2.0,1.0,15260.0,18484.0,99831.0,2437.0,5348235.0,1.0
8139,1.0,1.4340390157469403e+19,10110303.0,23808.0,2.0,2.0,11927510.0,224.0,842.0,43.0,5738629.0,0.0
8140,1.0,1.4340390157469403e+19,6434952.0,23777.0,1.0,1.0,4561.0,962.0,1705.0,1968.0,20038876.0,0.0
8141,1.0,1.4140300435418186e+18,20208914.0,1502.0,2.0,2.0,8490360.0,95.0,592.0,779.0,1849911.0,1.0
8142,1.0,1.0380001132566548e+19,20952419.0,854.0,2.0,1.0,14686010.0,18480.0,85515.0,21305.0,571614.0,0.0
8143,2.0,4.2981186814246446e+18,21866027.0,385.0,2.0,1.0,2304308.0,97152.0,509426.0,417923.0,0.0,0.0
8144,1.0,5.735887172259082e+18,20374158.0,854.0,2.0,2.0,7294200.0,54625.0,165944.0,7740.0,3703880.0,1.0
8145,1.0,1.205787899908646e+19,20222697.0,27961.0,3.0,2.0,7623134.0,127.0,448.0,637.0,749242.0,0.0
8146,1.0,1.136372424770545e+19,20121795.0,30405.0,2.0,2.0,8827.0,13289.0,25674.0,185183.0,438306.0,0.0
8147,2.0,5.103335732153791e+18,10405659.0,29900.0,2.0,1.0,65.0,33.0,23.0,26.0,1425734.0,1.0
8148,2.0,1.7363854844105064e+19,20017072.0,23798.0,1.0,1.0,194140.0,21859.0,4.0,7093.0,15835586.0,0.0
8149,1.0,1.4340390157469403e+19,3111508.0,23777.0,1.0,1.0,7567.0,205.0,156.0,231.0,2211.0,0.0
8150,1.0,5.888277431783336e+18,7955185.0,6520.0,2.0,2.0,227.0,731.0,136.0,196.0,6758832.0,1.0
8151,1.0,1.3742635301971245e+19,21345294.0,36687.0,2.0,2.0,854253.0,3676.0,173605.0,431.0,606667.0,0.0
8152,1.0,1.4340390157469403e+19,21163927.0,23808.0,3.0,2.0,249.0,120.0,3434.0,136.0,9334205.0,0.0
8153,1.0,1.3557133018779933e+19,20706014.0,34246.0,2.0,1.0,19.0,47.0,1224.0,71.0,1017544.0,1.0
8154,1.0,6.191830053514085e+17,21127174.0,34331.0,2.0,2.0,588513.0,11003.0,222724.0,88513.0,8223972.0,0.0
8155,1.0,4.192533441706128e+18,21118822.0,2533.0,2.0,1.0,343275.0,59716.0,138519.0,221362.0,6702623.0,1.0
8156,45.0,1.819476099694014e+19,21326249.0,12916.0,2.0,1.0,220512.0,136206.0,352984.0,22560.0,0.0,1.0
8157,1.0,6.912851286990253e+18,20492578.0,18903.0,3.0,3.0,944.0,4603.0,5202.0,5227.0,4580935.0,1.0
8158,1.0,8.237511917243583e+18,20687553.0,2568.0,2.0,1.0,2712.0,7107.0,12332.0,13737.0,7904236.0,1.0
8159,2.0,1.4415681608498106e+19,21194514.0,34292.0,2.0,1.0,149952.0,534.0,3582.0,1206.0,5292758.0,1.0
8160,1.0,1.205787899908646e+19,20180683.0,27961.0,1.0,1.0,514787.0,2302.0,7038.0,8045.0,11101461.0,1.0
8161,1.0,1.205787899908646e+19,20174562.0,27961.0,2.0,2.0,9618137.0,72.0,183.0,273.0,4214487.0,0.0
8162,1.0,1.4340390157469403e+19,20643978.0,23808.0,2.0,2.0,12658797.0,883.0,250.0,358.0,2363530.0,0.0
8163,1.0,5.648676231877414e+18,21323311.0,36380.0,2.0,1.0,7500.0,12.0,1838.0,1027.0,612834.0,1.0
8164,3.0,1.3756257544627677e+19,20587600.0,24354.0,2.0,1.0,13724.0,3483.0,15296.0,9214.0,38407.0,1.0
8165,1.0,8.134264174510893e+18,10951019.0,1268.0,2.0,2.0,284413.0,44079.0,68074.0,2.0,243993.0,1.0
8166,1.0,1.6583435308151357e+18,21258106.0,2298.0,2.0,1.0,11174488.0,51130.0,130889.0,123046.0,4098873.0,1.0
8167,5.0,5.5111324610218e+18,21130432.0,10040.0,2.0,2.0,13723.0,12332.0,16005.0,15644.0,0.0,1.0
8168,1.0,1.726066138678128e+19,1307215.0,175.0,2.0,1.0,5102.0,7348.0,24999.0,29521.0,49270.0,0.0
8169,1.0,4.492185564121211e+18,21386267.0,36828.0,3.0,3.0,5450493.0,204.0,116835.0,11706.0,1669497.0,0.0
8170,1.0,7.903914528320191e+18,21162557.0,1325.0,2.0,2.0,12860.0,2144.0,17627.0,19405.0,364028.0,1.0
8171,1.0,7.903914528320191e+18,21162434.0,1325.0,2.0,1.0,587.0,1876.0,5011.0,6229.0,5606716.0,0.0
8172,4.0,1.4531867648059392e+19,3834142.0,27485.0,2.0,1.0,2.0,8.0,28.0,74.0,216282.0,0.0
8173,3.0,5.358661540375364e+18,21791480.0,37692.0,1.0,1.0,280985.0,27353.0,143610.0,123873.0,0.0,1.0
8174,1.0,7.903914528320191e+18,21162543.0,1325.0,1.0,1.0,20529.0,5779.0,17035.0,19359.0,5861381.0,1.0
8175,1.0,5.888277431783336e+18,4352279.0,6520.0,2.0,2.0,15.0,10.0,429.0,617.0,98468.0,0.0
8176,1.0,7.484333488664585e+18,21209371.0,34691.0,1.0,1.0,2.0,11.0,71.0,93.0,1185145.0,1.0
8177,6.0,1.205787899908646e+19,20170637.0,27961.0,3.0,2.0,19963.0,15862.0,139221.0,152402.0,0.0,0.0
8178,1.0,1.205787899908646e+19,20147157.0,27961.0,2.0,1.0,9049675.0,66365.0,118936.0,1511.0,0.0,0.0
8179,3.0,8.351001617032297e+17,3854259.0,11494.0,2.0,1.0,52659.0,44059.0,523894.0,511046.0,0.0,1.0
8180,1.0,1.2494612556449743e+19,21754897.0,37569.0,2.0,1.0,10765763.0,2142.0,32894.0,30617.0,0.0,1.0
8181,1.0,9.317846510342908e+18,21299030.0,33746.0,2.0,1.0,15929552.0,80472.0,444709.0,2556.0,50014.0,1.0
8182,1.0,1.3756257544627677e+19,8350705.0,24035.0,1.0,1.0,212.0,594.0,4014.0,1614.0,1817578.0,0.0
8183,1.0,1.5947462687176305e+19,21176432.0,35910.0,2.0,2.0,1416564.0,12401.0,356873.0,304289.0,3331223.0,0.0
8184,1.0,1.1664224860161087e+19,20464484.0,33640.0,1.0,1.0,437.0,89.0,777.0,589.0,19337162.0,1.0
8185,1.0,7.903914528320191e+18,20869348.0,2010.0,2.0,1.0,15039391.0,509878.0,1449662.0,1367782.0,0.0,1.0
8186,1.0,6.263749423537724e+18,21352947.0,36720.0,2.0,2.0,3411.0,3664.0,8390.0,635.0,8635929.0,0.0
8187,1.0,5.260594170071819e+16,3048011.0,23782.0,1.0,1.0,1434.0,1068.0,695.0,215.0,15529859.0,1.0
8188,1.0,1.0460794781478122e+18,21920339.0,37956.0,1.0,1.0,24340.0,17.0,13317.0,13120.0,1828516.0,1.0
8189,1.0,1.205787899908646e+19,20180250.0,27961.0,2.0,2.0,24.0,108.0,491.0,1337.0,1188956.0,1.0
8190,1.0,6.7982574657947e+18,4198800.0,1960.0,2.0,1.0,11524656.0,2040.0,20254.0,25030.0,0.0,1.0
8191,1.0,6.015301734198921e+18,20873253.0,10201.0,2.0,2.0,295060.0,77534.0,1577819.0,1681.0,0.0,1.0
8192,1.0,5.846401732967282e+18,21261680.0,36357.0,2.0,2.0,108775.0,9687.0,216541.0,543.0,0.0,1.0
8193,1.0,6.715049002232656e+18,3065545.0,23783.0,1.0,1.0,54409.0,167.0,128.0,212.0,2210959.0,0.0
8194,1.0,9.949727202638932e+18,21365541.0,36770.0,2.0,2.0,214.0,29.0,12418.0,3133.0,3331780.0,1.0
8195,1.0,1.205787899908646e+19,20183693.0,27961.0,1.0,1.0,294034.0,2862.0,2820.0,3635.0,3036209.0,0.0
8196,2.0,7.576410289908663e+18,21441003.0,36951.0,2.0,1.0,27951.0,4791.0,191063.0,162186.0,472507.0,1.0
8197,2.0,1.0315103843509314e+19,20929421.0,35009.0,3.0,1.0,104388.0,8043.0,20399.0,20250.0,7937609.0,1.0
8198,2.0,6.877516134389988e+18,20053263.0,2332.0,2.0,1.0,35323.0,476.0,3547.0,3397.0,0.0,0.0
8199,1.0,1.4340390157469403e+19,9027437.0,23808.0,2.0,1.0,13402534.0,300.0,20.0,20.0,874921.0,0.0
8200,1.0,6.243171952234471e+18,20815012.0,3640.0,2.0,2.0,581741.0,353.0,524.0,607.0,1248033.0,1.0
8201,1.0,1.5028610188334133e+19,20774677.0,17466.0,2.0,1.0,2000993.0,393046.0,874392.0,3671.0,3204124.0,0.0
8202,1.0,6.648172923911692e+17,21897927.0,7167.0,3.0,3.0,8476202.0,56718.0,117369.0,423071.0,179933.0,1.0
8203,1.0,1.4340390157469403e+19,6435037.0,23777.0,2.0,1.0,1909.0,1688.0,1089.0,1295.0,1875676.0,1.0
8204,1.0,1.205787899908646e+19,20174665.0,27961.0,1.0,1.0,24235385.0,33559.0,56109.0,56638.0,0.0,0.0
8205,1.0,1.4340390157469403e+19,6434934.0,23777.0,1.0,1.0,25.0,14.0,10.0,17.0,19965698.0,0.0
8206,1.0,6.912851286990253e+18,20041465.0,18918.0,1.0,1.0,522489.0,271840.0,789457.0,665037.0,3155516.0,1.0
8207,2.0,2.7659720161423985e+18,4419916.0,4862.0,3.0,2.0,2.0,142.0,180.0,258.0,543739.0,0.0
8208,1.0,1.205787899908646e+19,20163488.0,27961.0,2.0,2.0,14688228.0,9.0,103.0,719.0,0.0,0.0
8209,1.0,1.2829976352899301e+19,5019663.0,24149.0,3.0,3.0,3766723.0,16433.0,163776.0,139986.0,0.0,0.0
8210,7.0,1.5925161323751142e+18,10868958.0,13927.0,3.0,1.0,163247.0,33983.0,36902.0,41590.0,0.0,1.0
8211,1.0,2.4347563200652785e+18,20035892.0,29273.0,2.0,1.0,1688.0,2197.0,135.0,188.0,5623506.0,1.0
8212,1.0,1.791170325557759e+19,21186455.0,34352.0,3.0,1.0,617334.0,5036.0,87474.0,43636.0,280026.0,0.0
8213,1.0,8.964819613832006e+18,21470022.0,37210.0,2.0,1.0,1257.0,1489.0,311496.0,257792.0,5267365.0,1.0
8214,1.0,1.4026041424198298e+17,21202628.0,36034.0,2.0,1.0,558924.0,34502.0,89634.0,153054.0,0.0,1.0
8215,1.0,1.4340390157469403e+19,21163923.0,23808.0,1.0,1.0,18549650.0,3121.0,4977.0,37.0,212400.0,0.0
8216,2.0,1.4340390157469403e+19,9027213.0,23808.0,1.0,1.0,5.0,1.0,0.0,0.0,35518.0,1.0
8217,1.0,4.850184614296115e+18,20087225.0,28647.0,3.0,2.0,139054.0,241496.0,1030567.0,34748.0,337060.0,1.0
8218,1.0,1.205787899908646e+19,20192990.0,27961.0,2.0,2.0,6.0,4.0,60.0,206.0,3235495.0,1.0
8219,1.0,1.5145480155589095e+19,20889026.0,23807.0,1.0,1.0,2.0,11.0,5.0,11.0,3355842.0,0.0
8220,1.0,1.7412969714469513e+19,7117425.0,2105.0,3.0,1.0,13110.0,11613.0,24629.0,25213.0,5672210.0,1.0
8221,1.0,1.3416878294870458e+19,3066490.0,23786.0,1.0,1.0,24848.0,2088.0,1335.0,115.0,21155475.0,1.0
8222,1.0,1.360523891478254e+19,7779076.0,27501.0,2.0,2.0,237.0,70.0,120.0,169.0,3565166.0,1.0
8223,1.0,1.1315908569713166e+19,20309263.0,18070.0,2.0,2.0,169444.0,42258.0,807.0,2994691.0,0.0,1.0
8224,1.0,9.960178603418085e+18,10651066.0,29475.0,1.0,1.0,1133189.0,6591.0,23457.0,43420.0,0.0,0.0
8225,2.0,7.903914528320191e+18,20869519.0,2010.0,2.0,1.0,2039830.0,666689.0,2007939.0,70.0,0.0,0.0
8226,3.0,1.4340390157469403e+19,9027213.0,23808.0,2.0,1.0,5.0,1.0,0.0,0.0,12411118.0,1.0
8227,1.0,1.3243640383761205e+19,20900491.0,2401.0,2.0,1.0,3295.0,617.0,1189.0,1136.0,329752.0,0.0
8228,1.0,1.4531867648059392e+19,20628710.0,27488.0,1.0,1.0,1169371.0,80655.0,182959.0,993.0,459667.0,0.0
8229,1.0,6.015301734198921e+18,21127652.0,10200.0,3.0,2.0,397.0,928.0,14146.0,23896.0,2537158.0,1.0
8230,1.0,1.4340390157469403e+19,21360106.0,23777.0,2.0,1.0,15475.0,15.0,1168.0,558.0,1852001.0,1.0
8231,1.0,1.1578774603061658e+19,7788581.0,19812.0,2.0,1.0,11438738.0,39804.0,1367259.0,1084489.0,0.0,0.0
8232,1.0,2.961301599190014e+18,21249759.0,36352.0,3.0,1.0,97815.0,194752.0,980211.0,836612.0,0.0,0.0
8233,1.0,1.2611010400425636e+19,6912235.0,27499.0,2.0,2.0,1696.0,47039.0,67114.0,60155.0,14890099.0,0.0
8234,1.0,1.5779377134362898e+19,10405720.0,29588.0,2.0,2.0,4407494.0,100615.0,346361.0,56913.0,0.0,0.0
8235,1.0,1.7793055910913241e+19,20665346.0,34007.0,1.0,1.0,21414046.0,1472.0,1514.0,2008.0,1269795.0,1.0
8236,2.0,1.3756257544627677e+19,20587323.0,24354.0,2.0,1.0,13169301.0,455.0,880.0,1096.0,1479142.0,1.0
8237,1.0,1.2538830003017302e+19,2579712.0,13499.0,2.0,2.0,143100.0,6042.0,35867.0,62782.0,5611787.0,0.0
8238,1.0,4.203081172173604e+18,20087222.0,28647.0,2.0,1.0,23620.0,4890.0,12044.0,2408.0,0.0,0.0
8239,1.0,1.0496337592162181e+19,20682970.0,34200.0,2.0,2.0,34.0,51.0,259.0,361.0,158245.0,1.0
8240,1.0,4.2981186814246446e+18,7128627.0,385.0,3.0,3.0,43502.0,130611.0,196622.0,165572.0,1504668.0,1.0
8241,4.0,5.897684150049572e+18,4406343.0,26941.0,3.0,1.0,247711.0,118.0,5414.0,6357.0,0.0,0.0
8242,1.0,1.4340390157469403e+19,9027613.0,23808.0,2.0,1.0,99916.0,11750.0,138.0,198.0,9556569.0,1.0
8243,16.0,5.846401732967282e+18,21261680.0,36357.0,2.0,2.0,2920.0,3514.0,94746.0,543.0,0.0,1.0
8244,4.0,1.5145480155589095e+19,21130287.0,23807.0,1.0,1.0,24473466.0,3162.0,21429.0,8.0,0.0,0.0
8245,1.0,2.670952723278905e+18,20172874.0,23805.0,2.0,2.0,1.0,3.0,35.0,16.0,8838036.0,0.0
8246,1.0,6.399024617856669e+18,21299584.0,36491.0,2.0,2.0,435.0,423.0,12813.0,282.0,3690991.0,0.0
8247,1.0,1.0130810933441032e+19,5404809.0,23497.0,2.0,1.0,8682530.0,12639.0,196308.0,3143.0,6021266.0,1.0
8248,5.0,2.147392561695609e+17,4367222.0,27679.0,2.0,1.0,1627156.0,18573.0,141480.0,91795.0,0.0,1.0
8249,2.0,1.2943519435171692e+18,20066713.0,24162.0,3.0,3.0,7.0,5.0,65.0,49.0,598934.0,0.0
8250,1.0,1.205787899908646e+19,20183690.0,27961.0,1.0,1.0,3794.0,822.0,336.0,511.0,1814324.0,1.0
8251,1.0,3.823702657028056e+18,10615050.0,23649.0,2.0,1.0,7722.0,10128.0,21826.0,22033.0,5937320.0,1.0
8252,303.0,7.903914528320191e+18,21162262.0,1325.0,2.0,1.0,491.0,1830.0,3819.0,36.0,0.0,1.0
8253,2.0,1.4340390157469403e+19,9027213.0,23808.0,3.0,1.0,1.0,1.0,0.0,0.0,1422569.0,1.0
8254,1.0,1.6709405790339167e+18,20330642.0,33157.0,2.0,1.0,808.0,2672.0,17569.0,92.0,6145530.0,1.0
8255,1.0,7.52081831732621e+18,21506303.0,2437.0,2.0,1.0,118.0,1644.0,2671.0,871.0,4604873.0,1.0
8256,2.0,2.994924845956282e+18,20061290.0,23803.0,1.0,1.0,458.0,713.0,499.0,73.0,21144458.0,1.0
8257,1.0,1.7008598517636903e+19,4307394.0,14608.0,2.0,1.0,676621.0,407145.0,1293608.0,20433.0,0.0,1.0
8258,1.0,5.648676231877414e+18,21323311.0,36380.0,3.0,2.0,146903.0,151342.0,808976.0,462073.0,0.0,0.0
8259,6.0,3.090096838015322e+18,21115400.0,34460.0,2.0,2.0,1749090.0,7725.0,81810.0,1794.0,2125331.0,0.0
8260,1.0,1.1315908569713166e+19,20044990.0,18070.0,3.0,1.0,6742619.0,497592.0,443.0,620.0,8586715.0,1.0
8261,1.0,6.324020793843805e+18,20711342.0,27500.0,3.0,2.0,4.0,33.0,417.0,262.0,849103.0,0.0
8262,1.0,1.570947928247294e+19,20588401.0,33692.0,2.0,2.0,1216.0,177.0,1020.0,1336.0,15018455.0,1.0
8263,3.0,2.6928596198512824e+18,21734453.0,2051.0,2.0,1.0,15865.0,34547.0,79468.0,54308.0,46861.0,1.0
8264,3.0,8.608357595572294e+17,20864619.0,34571.0,2.0,1.0,786.0,304.0,12873.0,28141.0,2139344.0,1.0
8265,1.0,8.265651261671431e+18,20340501.0,16822.0,2.0,1.0,13021630.0,37409.0,334848.0,136547.0,0.0,0.0
8266,1.0,1.5822134238473933e+19,20144348.0,23804.0,1.0,1.0,684.0,9451.0,311.0,411.0,13992452.0,1.0
8267,6.0,5.888277431783336e+18,7955185.0,6520.0,2.0,1.0,185986.0,167580.0,136.0,196.0,0.0,1.0
8268,1.0,5.851252814446936e+18,21477551.0,28698.0,3.0,1.0,3204482.0,156698.0,627985.0,507228.0,0.0,0.0
8269,1.0,7.903914528320191e+18,21162301.0,1325.0,2.0,2.0,75589.0,146048.0,516670.0,530088.0,201283.0,1.0
8270,1.0,5.468727571223081e+18,20002590.0,1381.0,2.0,2.0,45414.0,9417.0,131955.0,45413.0,28991.0,0.0
8271,2.0,1.2814683339980577e+19,20360383.0,29699.0,1.0,1.0,23363131.0,5618.0,32135.0,33093.0,647453.0,1.0
8272,1.0,5.901349891861968e+18,4414359.0,24207.0,1.0,1.0,2491727.0,193101.0,728526.0,549940.0,4074990.0,1.0
8273,1.0,4.481970871919275e+18,20073585.0,24288.0,2.0,1.0,11567762.0,69674.0,46.0,65.0,0.0,0.0
8274,1.0,5.589649412465737e+18,20940742.0,35035.0,2.0,1.0,31036.0,33565.0,503427.0,355.0,1887545.0,1.0
8275,1.0,1.1371768304348242e+19,20507229.0,27018.0,1.0,1.0,77583.0,30316.0,892344.0,89693.0,110692.0,1.0
8276,1.0,1.205787899908646e+19,20203709.0,27961.0,1.0,1.0,11806.0,14334.0,83.0,109.0,847093.0,1.0
8277,2.0,2.6928596198512824e+18,21755939.0,2051.0,2.0,2.0,727198.0,312875.0,598847.0,484507.0,67108.0,1.0
8278,2.0,1.6949216412618349e+19,21183794.0,19418.0,2.0,1.0,1169.0,4370.0,47683.0,12641.0,1998383.0,0.0
8279,1.0,6.228784066129291e+18,4341910.0,1998.0,1.0,1.0,3221.0,4224.0,6036.0,6660.0,11077.0,0.0
8280,1.0,2.6928596198512824e+18,4321470.0,2051.0,2.0,1.0,58.0,151.0,475.0,626.0,1421852.0,1.0
8281,1.0,6.29238695747836e+18,20394307.0,2533.0,2.0,1.0,14018325.0,54008.0,694235.0,17068.0,0.0,1.0
8282,1.0,1.7420389559349307e+19,20904184.0,17853.0,1.0,1.0,1333.0,1683.0,21680.0,9325.0,3780928.0,0.0
8283,1.0,4.3795740800583784e+16,21045628.0,6869.0,2.0,1.0,3662.0,5810.0,111498.0,102863.0,1825440.0,0.0
8284,1.0,5.468727571223081e+18,20001399.0,1381.0,2.0,2.0,41869.0,9484.0,421701.0,376382.0,1234212.0,1.0
8285,2.0,7.803498973520802e+18,21346331.0,10497.0,1.0,1.0,18251791.0,21103.0,55403.0,57582.0,5356703.0,1.0
8286,1.0,1.205787899908646e+19,20192990.0,27961.0,2.0,2.0,6.0,4.0,60.0,205.0,130474.0,0.0
8287,1.0,1.358151347341538e+19,21219992.0,35734.0,2.0,2.0,717111.0,1679.0,17243.0,17037.0,2657359.0,0.0
8288,1.0,5.120683440510468e+18,8676724.0,1268.0,1.0,1.0,36466.0,40.0,45.0,13.0,8579127.0,0.0
8289,1.0,1.4340390157469403e+19,9027551.0,23808.0,2.0,2.0,10509429.0,748.0,14.0,18.0,1350978.0,0.0
8290,1.0,1.5889052232801778e+19,3137471.0,7570.0,1.0,1.0,188.0,445.0,823.0,1898.0,6647845.0,1.0
8291,1.0,8.633022450532158e+18,21869523.0,37809.0,3.0,3.0,7487.0,5992.0,313822.0,259576.0,4201.0,0.0
8292,1.0,1.4170743816979116e+19,3923562.0,1998.0,1.0,1.0,15789675.0,19861.0,32564.0,37140.0,699302.0,1.0
8293,1.0,5.07990106805139e+18,7563537.0,25928.0,2.0,1.0,3788559.0,4884.0,5287.0,7171.0,0.0,0.0
8294,1.0,1.472550456157058e+19,21251385.0,36336.0,3.0,1.0,7508.0,3223.0,21166.0,23200.0,0.0,0.0
8295,1.0,2.8943159353210153e+18,20961499.0,169.0,2.0,1.0,141110.0,96330.0,439042.0,555331.0,209635.0,0.0
8296,1.0,4.192533441706128e+18,20579877.0,2533.0,3.0,1.0,42186.0,19728.0,53755.0,58647.0,1504748.0,1.0
8297,1.0,1.8373880904135506e+19,6450594.0,5882.0,2.0,2.0,15733777.0,58249.0,583639.0,486833.0,0.0,1.0
8298,6.0,5.888277431783336e+18,20758013.0,6520.0,2.0,1.0,1399973.0,418929.0,1389413.0,141350.0,0.0,1.0
8299,1.0,1.1274636798287909e+19,20612666.0,23808.0,1.0,1.0,25913870.0,1162.0,1915.0,1220.0,5918391.0,0.0
8300,1.0,1.205787899908646e+19,20163141.0,27961.0,1.0,1.0,41534.0,2678.0,2075.0,2540.0,4804422.0,0.0
8301,2.0,1.5859647530187389e+19,4285938.0,23778.0,1.0,1.0,7762577.0,10744.0,19.0,83.0,0.0,0.0
8302,1.0,8.296889681756465e+18,21960483.0,35560.0,3.0,2.0,4210.0,3885.0,344379.0,283765.0,0.0,1.0
8303,1.0,1.034946865176566e+19,21522776.0,37422.0,3.0,1.0,0.0,0.0,25.0,4.0,2729749.0,0.0
8304,5.0,3.717198117925449e+18,20568175.0,30195.0,2.0,1.0,9681.0,30756.0,646.0,3367.0,0.0,1.0
8305,1.0,8.802768287123155e+18,20871586.0,34758.0,2.0,1.0,14168447.0,539.0,42.0,47.0,134958.0,0.0
8306,1.0,1.4531867648059392e+19,3834142.0,27485.0,2.0,1.0,2.0,8.0,28.0,74.0,1564192.0,1.0
8307,1.0,7.370853735469107e+18,10789456.0,30223.0,2.0,1.0,1133226.0,62754.0,1296865.0,310516.0,0.0,0.0
8308,4.0,4.649453085956805e+18,21944755.0,10937.0,3.0,1.0,4090.0,86.0,5975.0,6687.0,0.0,0.0
8309,1.0,1.2287009091067853e+18,4271311.0,23778.0,2.0,1.0,2774.0,182.0,99.0,132.0,13163948.0,0.0
8310,1.0,7.246004546779674e+17,2934610.0,23778.0,1.0,1.0,23543570.0,302.0,117.0,162.0,594365.0,0.0
8311,1.0,1.4340390157469403e+19,3111416.0,23777.0,1.0,1.0,22067229.0,6433.0,10065.0,10118.0,20237442.0,0.0
8312,1.0,1.3416878294870458e+19,3066490.0,23786.0,1.0,1.0,3092.0,314.0,207.0,115.0,23569803.0,1.0
8313,1.0,1.295484453203677e+19,21953957.0,35363.0,2.0,2.0,2449.0,60010.0,71357.0,63831.0,8170820.0,0.0
8314,1.0,8.335105002517451e+18,20563194.0,33524.0,2.0,2.0,4792.0,18667.0,23425.0,243.0,13030921.0,1.0
8315,2.0,7.484333488664585e+18,21090281.0,34691.0,2.0,2.0,3687729.0,13898.0,78.0,103.0,0.0,0.0
8316,1.0,2.6928596198512824e+18,4344041.0,2051.0,2.0,2.0,14030415.0,71.0,151.0,218.0,0.0,0.0
8317,1.0,1.4340390157469403e+19,4819107.0,23777.0,2.0,1.0,6331.0,201.0,162.0,242.0,14388705.0,1.0
8318,1.0,3.089000650796075e+18,20140368.0,14327.0,2.0,1.0,3611914.0,13517.0,722.0,5337.0,991042.0,1.0
8319,1.0,1.3896639219914689e+19,21345530.0,36595.0,2.0,1.0,1144735.0,468309.0,2370855.0,148620.0,0.0,1.0
8320,1.0,1.8017595161724213e+19,21381178.0,36861.0,2.0,1.0,10624.0,37948.0,665169.0,783417.0,155154.0,1.0
8321,1.0,4.114401540028949e+18,20298217.0,8017.0,2.0,1.0,119902.0,110300.0,70102.0,62717.0,93900.0,1.0
8322,35.0,1.4531867648059392e+19,20628679.0,27488.0,1.0,1.0,24915.0,1771.0,2306.0,993.0,0.0,1.0
8323,1.0,8.402548870698823e+18,21273019.0,2685.0,2.0,2.0,8394.0,1694.0,6128.0,3106.0,15226250.0,0.0
8324,1.0,1.4340390157469403e+19,21360098.0,23777.0,2.0,1.0,1353.0,7308.0,302.0,211.0,14106236.0,1.0
8325,1.0,5.664657886268478e+18,21442152.0,37070.0,2.0,1.0,5951.0,12219.0,150905.0,129667.0,4246970.0,1.0
8326,2.0,1.5145480155589095e+19,21927056.0,23807.0,1.0,1.0,7.0,5.0,66.0,86.0,17546748.0,1.0
8327,1.0,1.205787899908646e+19,20147152.0,27961.0,1.0,1.0,21719850.0,782.0,911.0,1330.0,442444.0,0.0
8328,1.0,1.7378916553169437e+19,7098331.0,20855.0,3.0,3.0,4708.0,150.0,701.0,4416.0,29305.0,0.0
8329,2.0,1.981811067266703e+18,21940122.0,37971.0,3.0,2.0,1262.0,636.0,84703.0,88971.0,645098.0,1.0
8330,1.0,6.982542119780115e+18,20683690.0,14289.0,2.0,1.0,3862399.0,4839.0,648.0,753.0,0.0,1.0
8331,26.0,9.45917755559769e+18,21163055.0,5466.0,2.0,2.0,75639.0,86517.0,392508.0,408168.0,0.0,1.0
8332,1.0,7.903914528320191e+18,21022563.0,2010.0,2.0,1.0,50813.0,74542.0,374662.0,305118.0,823136.0,0.0
8333,2.0,2.039620248402007e+18,21194643.0,34292.0,1.0,1.0,30358.0,160015.0,260926.0,217454.0,2435295.0,1.0
8334,1.0,1.5145480155589095e+19,20888541.0,23807.0,1.0,1.0,7.0,5.0,5.0,11.0,5072589.0,0.0
8335,1.0,1.3359361103803858e+18,20599372.0,33847.0,2.0,2.0,12189.0,8251.0,203920.0,202288.0,1353877.0,0.0
8336,7.0,1.4340390157469403e+19,10110491.0,23808.0,2.0,1.0,33587.0,742.0,1928.0,141.0,0.0,1.0
8337,1.0,6.702898887727958e+18,21264551.0,2149.0,2.0,1.0,536646.0,430.0,6153.0,7303.0,496639.0,1.0
8338,1.0,1.205787899908646e+19,20157349.0,27961.0,1.0,1.0,1706651.0,363894.0,823978.0,662036.0,3770102.0,1.0
8339,1.0,4.2981186814246446e+18,3702398.0,385.0,2.0,1.0,515621.0,94005.0,244494.0,204182.0,1275272.0,1.0
8340,1.0,1.7363854844105064e+19,20017077.0,23798.0,2.0,1.0,185.0,2537.0,4.0,957.0,12958314.0,0.0
8341,1.0,1.4340390157469403e+19,10110505.0,23808.0,2.0,1.0,112247.0,960.0,2315.0,141.0,12309955.0,0.0
8342,20.0,8.323416633313459e+18,21261705.0,36135.0,3.0,2.0,17.0,18.0,191.0,280.0,0.0,1.0
8343,1.0,5.468727571223081e+18,21873061.0,1381.0,2.0,1.0,1457.0,3119.0,16780.0,19012.0,14347704.0,1.0
8344,1.0,2.670952723278905e+18,20172874.0,23805.0,2.0,1.0,7298.0,3.0,35.0,16.0,6484505.0,1.0
8345,1.0,1.1664224860161087e+19,20464484.0,33640.0,1.0,1.0,437.0,89.0,777.0,589.0,7083160.0,0.0
8346,1.0,6.050965040518707e+18,21245715.0,20789.0,1.0,1.0,1916763.0,3015.0,3940.0,2776.0,686853.0,0.0
8347,1.0,1.4340390157469403e+19,3110734.0,23777.0,2.0,1.0,86.0,64.0,121.0,170.0,7134894.0,0.0
8348,2.0,1.1363457806790746e+19,20137552.0,26278.0,1.0,1.0,134745.0,57.0,124.0,176.0,397118.0,1.0
8349,1.0,5.468727571223081e+18,21449785.0,1381.0,2.0,2.0,3817459.0,311.0,1424.0,1072.0,1137620.0,0.0
8350,1.0,5.057784105087856e+18,21212289.0,18466.0,2.0,2.0,9665173.0,7964.0,231146.0,373684.0,2016863.0,0.0
8351,1.0,9.178317205451746e+18,20812626.0,4914.0,3.0,1.0,100453.0,85912.0,116890.0,473303.0,0.0,0.0
8352,1.0,4.691622147106441e+17,21345694.0,22367.0,3.0,1.0,7468064.0,226670.0,1292052.0,1174034.0,0.0,0.0
8353,1.0,1.4369597025772667e+19,20042370.0,29562.0,1.0,1.0,43070.0,92967.0,1012538.0,1548.0,6956542.0,0.0
8354,1.0,3.361919662339476e+17,21116663.0,35684.0,2.0,1.0,50085.0,14336.0,326663.0,14822.0,1541272.0,1.0
8355,1.0,1.4756578758696272e+19,21547021.0,3625.0,2.0,2.0,902366.0,572772.0,1476807.0,1168774.0,2043057.0,0.0
8356,1.0,1.5668521305607895e+19,4252534.0,20755.0,2.0,2.0,13994720.0,22239.0,903102.0,725745.0,0.0,0.0
8357,1.0,7.838301712613947e+18,21219873.0,34893.0,2.0,1.0,4186.0,1212.0,930845.0,637331.0,0.0,0.0
8358,1.0,1.4340390157469403e+19,9027213.0,23808.0,1.0,1.0,1.0,1.0,0.0,0.0,8526917.0,1.0
8359,1.0,9.991057275835721e+17,20389247.0,30428.0,1.0,1.0,70158.0,16970.0,41866.0,38487.0,4819452.0,0.0
8360,2.0,1.2858126884012077e+19,20171152.0,29210.0,2.0,1.0,178233.0,6951.0,23195.0,20161.0,0.0,0.0
8361,1.0,8.134264174510893e+18,10950951.0,1268.0,3.0,3.0,577.0,2983.0,2228.0,2.0,8989205.0,0.0
8362,1.0,1.4340390157469403e+19,10110402.0,23808.0,1.0,1.0,18316190.0,35.0,58.0,10.0,0.0,0.0
8363,4.0,1.4340390157469403e+19,20644045.0,23808.0,1.0,1.0,32.0,2.0,1.0,3.0,17426081.0,1.0
8364,2.0,1.5859647530187389e+19,4285938.0,23778.0,2.0,2.0,539.0,2915.0,19.0,83.0,546735.0,0.0
8365,2.0,9.708030776610206e+18,21183947.0,35835.0,3.0,2.0,7891.0,1979.0,2292866.0,398.0,0.0,1.0
8366,1.0,1.5859647530187389e+19,2989726.0,23778.0,1.0,1.0,4863372.0,104.0,62.0,79.0,2610217.0,0.0
8367,1.0,1.3359361103803858e+18,20898495.0,33847.0,2.0,2.0,3364850.0,38867.0,560149.0,445316.0,0.0,0.0
8368,1.0,1.0785497142245186e+19,20812968.0,34517.0,2.0,1.0,1364.0,631.0,1513.0,1410.0,9054338.0,1.0
8369,2.0,5.851252814446936e+18,21477551.0,28698.0,2.0,2.0,138899.0,17682.0,124624.0,108327.0,0.0,1.0
8370,1.0,7.903914528320191e+18,21162526.0,1325.0,1.0,1.0,11914185.0,10.0,24.0,25.0,0.0,0.0
8371,1.0,7.903914528320191e+18,21135531.0,1325.0,2.0,1.0,44130.0,9755.0,4796.0,8948.0,147273.0,1.0
8372,1.0,5.791103160003501e+17,20570671.0,20967.0,2.0,2.0,73037.0,118.0,1841.0,1456.0,13969137.0,0.0
8373,2.0,4.2981186814246446e+18,7174443.0,385.0,2.0,1.0,122312.0,24651.0,27570.0,4666.0,624857.0,0.0
8374,1.0,7.903914528320191e+18,21162426.0,1325.0,3.0,1.0,235597.0,3553.0,15909.0,16983.0,195962.0,1.0
8375,2.0,6.475891272991593e+18,21408578.0,36946.0,2.0,1.0,149.0,2276.0,6584.0,3183.0,3211386.0,0.0
8376,1.0,1.5989049276530887e+19,20311750.0,23824.0,2.0,1.0,3052.0,2297.0,31186.0,31.0,6701954.0,1.0
8377,10.0,7.251627201518253e+18,20665339.0,2011.0,2.0,1.0,60663.0,2468.0,3976.0,254.0,0.0,0.0
8378,1.0,1.4340390157469403e+19,4873705.0,23777.0,2.0,2.0,627.0,1735.0,4637.0,5016.0,10911701.0,0.0
8379,2.0,1.205787899908646e+19,20192678.0,27961.0,3.0,2.0,7693772.0,2910.0,2932.0,3356.0,0.0,1.0
8380,1.0,1.3557133018779933e+19,20706014.0,34246.0,2.0,1.0,1.0,3.0,142.0,71.0,4011264.0,1.0
8381,30.0,1.3090221289647714e+19,20174985.0,23795.0,1.0,1.0,45558.0,14774.0,3.0,7.0,0.0,1.0
8382,1.0,1.7402133651475227e+19,20213344.0,7785.0,3.0,2.0,2229.0,1107.0,218435.0,222602.0,279274.0,0.0
8383,1.0,7.78839190397345e+18,3372625.0,27468.0,3.0,3.0,133.0,915.0,796.0,978.0,2964950.0,0.0
8384,2.0,1.205787899908646e+19,20192676.0,27961.0,2.0,1.0,8815228.0,90726.0,186953.0,99.0,0.0,0.0
8385,1.0,2.0864561089374753e+18,21134714.0,35680.0,2.0,2.0,4240433.0,3432.0,78549.0,89359.0,181048.0,1.0
8386,3.0,1.0785497142245186e+19,20812968.0,34517.0,3.0,1.0,1364.0,631.0,1559.0,1439.0,517402.0,1.0
8387,1.0,1.4340390157469403e+19,20643970.0,23808.0,1.0,1.0,4243185.0,1938.0,9.0,9.0,4682229.0,1.0
8388,1.0,7.182400350034963e+18,20569335.0,32985.0,2.0,2.0,3042.0,85.0,635885.0,4249.0,84628.0,1.0
8389,1.0,1.4756578758696272e+19,20718009.0,3625.0,2.0,2.0,15338917.0,29140.0,563439.0,443353.0,14699179.0,0.0
8390,1.0,1.2488241369775135e+19,21408231.0,36881.0,2.0,2.0,990.0,1571.0,5776.0,5569.0,5833560.0,1.0
8391,1.0,1.1899825557092823e+19,5019715.0,2129.0,3.0,1.0,620132.0,15981.0,24821.0,10091.0,1900178.0,0.0
8392,1.0,1.7185922788918112e+19,20328283.0,32787.0,2.0,2.0,2556.0,866.0,38663.0,43480.0,81687.0,0.0
8393,1.0,8.99455707050858e+18,20030165.0,23799.0,2.0,2.0,11034.0,28.0,41.0,52.0,41716.0,1.0
8394,1.0,9.914285308640527e+17,4260140.0,1590.0,2.0,1.0,378188.0,22524.0,9032.0,203073.0,114336.0,1.0
8395,1.0,1.4340390157469403e+19,6434950.0,23777.0,1.0,1.0,15044414.0,61.0,86.0,114.0,301435.0,1.0
8396,2.0,2.1957294574080543e+18,21960695.0,4218.0,3.0,3.0,56567.0,100243.0,123.0,174.0,0.0,0.0
8397,1.0,1.6853885997037853e+19,4229453.0,7919.0,2.0,1.0,269953.0,228.0,5104.0,11693.0,3620197.0,0.0
8398,1.0,5.260594170071819e+16,3048011.0,23782.0,1.0,1.0,7149.0,747.0,698.0,1218.0,8965282.0,1.0
8399,1.0,2.4347563200652785e+18,20035837.0,29273.0,3.0,3.0,1.0,3.0,248.0,91.0,505603.0,0.0
8400,1.0,5.260594170071819e+16,3048011.0,23782.0,1.0,1.0,200.0,84.0,68.0,104.0,15191595.0,1.0
8401,1.0,1.5989049276530887e+19,20314953.0,23824.0,2.0,1.0,12725.0,21534.0,63079.0,31.0,12803737.0,1.0
8402,47.0,4.019154701051496e+18,21457704.0,37109.0,3.0,2.0,8526.0,12077.0,65425.0,32415.0,0.0,1.0
8403,1.0,1.5649232756131322e+19,20026100.0,10497.0,2.0,2.0,736764.0,343156.0,1066617.0,1224664.0,0.0,0.0
8404,2.0,1.4340390157469403e+19,20643970.0,23808.0,2.0,1.0,38.0,20.0,9.0,9.0,1402224.0,1.0
8405,1.0,1.5874171159330886e+19,21109660.0,35382.0,2.0,2.0,135332.0,130111.0,591453.0,1103643.0,1727351.0,1.0
8406,1.0,1.4340390157469403e+19,3200049.0,23777.0,1.0,1.0,3285020.0,5556.0,3841.0,4162.0,13542.0,1.0
8407,1.0,1.4340390157469403e+19,9027575.0,23808.0,2.0,1.0,196.0,562.0,173.0,252.0,2687731.0,0.0
8408,1.0,7.771884441258275e+18,20108617.0,32367.0,1.0,1.0,3256855.0,25559.0,177.0,64.0,1080683.0,0.0
8409,1.0,1.4340390157469403e+19,9027213.0,23808.0,1.0,1.0,5.0,1.0,0.0,0.0,3524070.0,0.0
8410,2.0,2.6714824990748595e+18,20078145.0,30373.0,3.0,3.0,3140.0,13714.0,62021.0,364651.0,3636.0,0.0
8411,3.0,8.335105002517451e+18,20501588.0,33524.0,1.0,1.0,10155.0,17206.0,17197.0,510.0,20714265.0,0.0
8412,1.0,2.662119455139737e+18,3838917.0,23386.0,2.0,2.0,13546537.0,4301.0,59563.0,60952.0,7884.0,0.0
8413,1.0,1.205787899908646e+19,20174683.0,27961.0,3.0,1.0,269210.0,99749.0,170255.0,152412.0,11095828.0,1.0
8414,4.0,5.186600694642204e+18,21207150.0,14226.0,1.0,1.0,18819.0,33006.0,33153.0,78948.0,314668.0,0.0
8415,1.0,4.2981186814246446e+18,5544976.0,385.0,2.0,2.0,2006992.0,12881.0,34049.0,4966.0,5668920.0,1.0
8416,1.0,4.0515225728613053e+18,9754911.0,2604.0,2.0,1.0,802.0,366.0,9853.0,10797.0,16526553.0,1.0
8417,1.0,1.4531867648059392e+19,21815482.0,27485.0,3.0,1.0,11.0,8.0,176.0,59.0,1312521.0,1.0
8418,1.0,1.7299638493773875e+18,9585571.0,23637.0,2.0,1.0,9.0,32.0,306.0,155.0,2888628.0,0.0
8419,1.0,1.4340390157469403e+19,20643966.0,23808.0,3.0,1.0,610063.0,461.0,9.0,9.0,103502.0,0.0
8420,1.0,1.1809797616920572e+19,22111429.0,38598.0,3.0,1.0,17507.0,35558.0,234484.0,1573.0,8359488.0,0.0
8421,1.0,1.205787899908646e+19,20192652.0,27961.0,2.0,2.0,13789015.0,4309.0,14990.0,34996.0,0.0,1.0
8422,1.0,1.5669243707556332e+18,3374270.0,6982.0,2.0,1.0,254477.0,8944.0,6894.0,7094.0,8477954.0,1.0
8423,1.0,7.360279425078247e+18,20788597.0,30195.0,3.0,1.0,134459.0,44275.0,1495222.0,44547.0,232378.0,1.0
8424,1.0,1.1917549558620953e+19,21797446.0,26269.0,2.0,1.0,15984998.0,110903.0,1765598.0,504.0,0.0,0.0
8425,1.0,8.802768287123155e+18,21644421.0,26278.0,3.0,1.0,78.0,57.0,312.0,421.0,118244.0,1.0
8426,2.0,2.6928596198512824e+18,4344041.0,2051.0,2.0,2.0,60.0,71.0,151.0,218.0,34082.0,0.0
8427,1.0,1.3683376947755565e+19,20051453.0,6969.0,1.0,1.0,778.0,7030.0,188018.0,159782.0,21821.0,0.0
8428,1.0,2.7371324028221573e+18,3308928.0,19603.0,3.0,1.0,229771.0,197087.0,1176842.0,967379.0,247467.0,1.0
8429,1.0,1.205787899908646e+19,20185489.0,27961.0,3.0,3.0,1804.0,1088.0,1533.0,537.0,2532705.0,0.0
8430,1.0,1.205787899908646e+19,20185489.0,27961.0,1.0,1.0,16056384.0,55.0,75.0,108.0,0.0,0.0
8431,2.0,1.6689374305059609e+19,20203322.0,5058.0,1.0,1.0,2751.0,6177.0,757.0,954.0,367795.0,1.0
8432,3.0,2.5336176303800955e+18,20758003.0,550.0,2.0,2.0,2380747.0,8325.0,22563.0,3217.0,423625.0,0.0
8433,1.0,1.3190939012647528e+19,21102903.0,35561.0,3.0,3.0,1243239.0,8028.0,37901.0,2449.0,6200630.0,0.0
8434,1.0,1.4340390157469403e+19,9027825.0,23808.0,3.0,3.0,465958.0,73832.0,13937.0,13723.0,788644.0,0.0
8435,1.0,1.1270053484517763e+19,21347685.0,36711.0,2.0,1.0,1397301.0,74494.0,529937.0,57166.0,542908.0,0.0
8436,1.0,7.603910370760539e+18,21966796.0,37817.0,3.0,3.0,378538.0,117741.0,639623.0,524045.0,2106672.0,1.0
8437,1.0,1.1078015115745737e+19,21958203.0,37507.0,3.0,1.0,55435.0,194911.0,1230960.0,979144.0,0.0,1.0
8438,1.0,5.120683440510468e+18,8676728.0,1268.0,2.0,1.0,438548.0,408.0,520.0,13.0,80853.0,0.0
8439,1.0,5.07990106805139e+18,7669095.0,25928.0,1.0,1.0,65631.0,140454.0,308465.0,293403.0,0.0,0.0
8440,2.0,1.8211107578815869e+19,4260884.0,19512.0,3.0,1.0,11946.0,10452.0,625291.0,613521.0,903408.0,1.0
8441,1.0,1.4492523977312543e+19,22134330.0,36379.0,3.0,3.0,192.0,6.0,178.0,257.0,11004088.0,1.0
8442,5.0,5.453745095566019e+18,20270621.0,32990.0,2.0,1.0,13462219.0,586151.0,1482300.0,1581.0,0.0,1.0
8443,1.0,1.4340390157469403e+19,9027424.0,23808.0,3.0,1.0,11401.0,3020.0,892.0,1111.0,894913.0,0.0
8444,1.0,1.8425200088803072e+19,20033125.0,23790.0,2.0,1.0,219.0,160.0,27.0,29.0,1895323.0,1.0
8445,1.0,1.4756578758696272e+19,20715825.0,3625.0,2.0,1.0,16778.0,65292.0,285921.0,237368.0,5666662.0,1.0
8446,1.0,2.137528403495601e+18,20218257.0,23801.0,2.0,1.0,592.0,377.0,280.0,425.0,1570275.0,1.0
8447,1.0,1.4399505795670258e+19,2911720.0,23778.0,2.0,1.0,938628.0,37.0,81.0,107.0,0.0,0.0
8448,1.0,3.5885953601784837e+18,21359692.0,2564.0,1.0,1.0,17698102.0,31876.0,126430.0,369.0,469438.0,0.0
8449,1.0,1.8425200088803072e+19,20033132.0,23790.0,1.0,1.0,42.0,598.0,27.0,29.0,8313466.0,0.0
8450,1.0,1.4340390157469403e+19,20643970.0,23808.0,2.0,1.0,10.0,20.0,9.0,9.0,16030010.0,1.0
8451,1.0,1.4340390157469403e+19,20644045.0,23808.0,2.0,1.0,98.0,2.0,1.0,3.0,10622269.0,1.0
8452,1.0,5.5111324610218e+18,4186735.0,10040.0,1.0,1.0,18654283.0,857.0,1404.0,1644.0,0.0,0.0
8453,1.0,8.53880642476184e+18,21647356.0,37471.0,2.0,2.0,118593.0,3330.0,52410.0,746.0,6269643.0,0.0
8454,1.0,1.3756257544627677e+19,10793977.0,24354.0,3.0,2.0,1495007.0,20007.0,1673.0,299.0,0.0,0.0
8455,1.0,7.903914528320191e+18,21162424.0,1325.0,3.0,3.0,2537.0,9977.0,28230.0,28990.0,989525.0,1.0
8456,1.0,9.034893530351337e+18,2087906.0,1384.0,2.0,1.0,130.0,1444.0,5580.0,16896.0,3288583.0,0.0
8457,1.0,4.2981186814246446e+18,3048631.0,385.0,2.0,2.0,112085.0,419448.0,977217.0,172.0,1118244.0,0.0
8458,1.0,1.1010136350289527e+19,1572970.0,6774.0,3.0,1.0,12771.0,21602.0,26243.0,24708.0,9396014.0,1.0
8459,1.0,5.96488424738245e+18,21866195.0,22511.0,2.0,1.0,2787.0,4080.0,114899.0,102212.0,1161891.0,0.0
8460,2.0,1.3090221289647714e+19,20174985.0,23795.0,1.0,1.0,31.0,135.0,3.0,7.0,270163.0,1.0
8461,1.0,7.903914528320191e+18,20869505.0,2010.0,2.0,1.0,1208004.0,4509.0,18456.0,70.0,4886957.0,1.0
8462,1.0,1.5101406785122599e+19,6726443.0,11592.0,2.0,2.0,153813.0,224358.0,1147807.0,299547.0,2997731.0,1.0
8463,30.0,1.4900486754301755e+19,1842455.0,3767.0,2.0,1.0,4811.0,812.0,15242.0,16188.0,0.0,1.0
8464,15.0,2.6928596198512824e+18,4291738.0,2051.0,2.0,1.0,52282.0,99839.0,7083.0,63.0,0.0,1.0
8465,1.0,8.848021695083077e+18,20047086.0,2387.0,2.0,1.0,58.0,151.0,205.0,194.0,1105368.0,1.0
8466,1.0,2.6928596198512824e+18,4344041.0,2051.0,2.0,2.0,60.0,71.0,151.0,218.0,3357870.0,1.0
8467,2.0,7.916264743418004e+18,4329302.0,21816.0,2.0,1.0,11591917.0,126063.0,69162.0,187492.0,7142859.0,0.0
8468,1.0,1.205787899908646e+19,20223006.0,27961.0,2.0,2.0,1183115.0,5224.0,10865.0,16600.0,1023434.0,0.0
8469,1.0,1.578511299927674e+19,20908196.0,35088.0,2.0,2.0,0.0,0.0,2.0,5.0,13367018.0,0.0
8470,1.0,6.877516134389988e+18,20087229.0,2332.0,2.0,1.0,48206.0,4040.0,5485.0,4761.0,6368349.0,1.0
8471,1.0,1.3567700979146234e+19,20697584.0,34296.0,2.0,1.0,1016.0,426.0,1082.0,1279.0,11751231.0,1.0
8472,1.0,1.4340390157469403e+19,9027238.0,23808.0,2.0,2.0,110.0,134.0,74.0,94.0,949525.0,0.0
8473,1.0,2.9044569806994217e+18,9667405.0,27481.0,3.0,3.0,85311.0,11364.0,1142.0,20839.0,1859415.0,0.0
8474,1.0,1.4340390157469403e+19,7112990.0,23777.0,2.0,2.0,15882433.0,344.0,1011.0,1207.0,1627.0,0.0
8475,1.0,6.145171676363495e+18,20875813.0,34852.0,2.0,2.0,162614.0,108836.0,2581805.0,2013521.0,0.0,0.0
8476,36.0,7.322741936158956e+18,21783999.0,28441.0,2.0,1.0,7109.0,5670.0,16571.0,10969.0,0.0,1.0
8477,3.0,1.4756578758696272e+19,20715242.0,3625.0,3.0,3.0,12419.0,421.0,49362.0,895.0,0.0,0.0
8478,1.0,1.1988868666735483e+19,21648303.0,37544.0,2.0,2.0,568.0,6258.0,6680.0,9948.0,1149972.0,0.0
8479,1.0,1.5167927993406933e+19,20207897.0,756.0,1.0,1.0,534.0,2919.0,10160.0,888.0,4114741.0,1.0
8480,53.0,7.484333488664585e+18,21090281.0,34691.0,1.0,1.0,52761.0,5568.0,152.0,219.0,0.0,1.0
8481,2.0,1.4340390157469403e+19,20644045.0,23808.0,2.0,1.0,107.0,2.0,1.0,3.0,5227345.0,1.0
8482,1.0,1.4340390157469403e+19,21163921.0,23808.0,2.0,1.0,75348.0,2989.0,4314.0,39.0,328511.0,1.0
8483,2.0,1.4340390157469403e+19,4802868.0,23777.0,2.0,1.0,630007.0,24699.0,49333.0,45060.0,0.0,1.0
8484,1.0,1.8233740163121132e+19,4395739.0,2592.0,3.0,1.0,16986.0,39714.0,163363.0,101513.0,1888892.0,1.0
8485,1.0,1.205787899908646e+19,20157276.0,27961.0,2.0,2.0,1818032.0,8636.0,13289.0,19367.0,0.0,1.0
8486,1.0,1.205787899908646e+19,20185531.0,27961.0,1.0,1.0,22898562.0,4273.0,3576.0,4366.0,5988689.0,1.0
8487,1.0,4.2265336145217577e+18,21455899.0,37048.0,2.0,2.0,128.0,670.0,7211.0,7378.0,13764043.0,0.0
8488,1.0,2.039620248402007e+18,21194514.0,34292.0,2.0,1.0,1293.0,3851.0,9999.0,10052.0,6360099.0,1.0
8489,1.0,1.205787899908646e+19,20192676.0,27961.0,2.0,1.0,11626.0,4360.0,18825.0,39778.0,6499488.0,1.0
8490,1.0,8.363781040394014e+18,10959866.0,23806.0,2.0,1.0,1664.0,109.0,37.0,46.0,12517204.0,0.0
8491,1.0,8.351001617032297e+17,3854313.0,11494.0,2.0,2.0,147778.0,57319.0,83035.0,81614.0,14424398.0,1.0
8492,1.0,5.07990106805139e+18,4251686.0,25928.0,2.0,1.0,48710.0,55849.0,61848.0,67624.0,4805316.0,1.0
8493,1.0,3.26105885498946e+18,20680878.0,34164.0,3.0,1.0,289327.0,3855.0,231236.0,2266.0,0.0,0.0
8494,1.0,1.205787899908646e+19,20163591.0,27961.0,1.0,1.0,2020773.0,9.0,103.0,166.0,0.0,1.0
8495,1.0,1.104895775469e+19,20206582.0,26679.0,3.0,3.0,47711.0,111274.0,3085213.0,2136653.0,0.0,0.0
8496,1.0,1.4756578758696272e+19,20715237.0,3625.0,2.0,1.0,11560697.0,5452.0,5175.0,895.0,12919973.0,0.0
8497,1.0,8.664159957032967e+18,4405621.0,13244.0,1.0,1.0,19754997.0,157.0,14550.0,6276.0,1852745.0,1.0
8498,1.0,1.4340390157469403e+19,20643978.0,23808.0,3.0,2.0,45784.0,690.0,250.0,358.0,272705.0,0.0
8499,3.0,1.1225587599050283e+19,20192644.0,32624.0,2.0,2.0,1374415.0,11253.0,36691.0,34611.0,2457059.0,0.0
8500,1.0,5.260594170071819e+16,3048011.0,23782.0,1.0,1.0,20656321.0,997.0,713.0,1059.0,0.0,1.0
8501,1.0,1.7466700929991342e+19,20989214.0,35172.0,2.0,1.0,85202.0,191803.0,1192242.0,948057.0,1041947.0,1.0
8502,1.0,1.5989049276530887e+19,20311891.0,23828.0,2.0,1.0,11307.0,60281.0,72694.0,140.0,282787.0,1.0
8503,1.0,1.4779372599199648e+19,20601293.0,2494.0,2.0,1.0,26.0,6767.0,3260.0,1729.0,531916.0,0.0
8504,1.0,1.205787899908646e+19,20157628.0,27961.0,3.0,3.0,0.0,0.0,49.0,60.0,3733906.0,0.0
8505,1.0,1.4340390157469403e+19,2910644.0,23777.0,1.0,1.0,181.0,1833.0,1370.0,1607.0,18392389.0,0.0
8506,1.0,1.4340390157469403e+19,9027213.0,23808.0,2.0,1.0,1.0,1.0,0.0,0.0,13427955.0,1.0
8507,1.0,2.504651598567297e+18,22073770.0,35668.0,3.0,3.0,6782413.0,14391.0,99701.0,87691.0,0.0,0.0
8508,1.0,4.823498879031827e+18,20501938.0,33564.0,1.0,1.0,16946469.0,404.0,27020.0,7569.0,794558.0,0.0
8509,1.0,6.144075363548899e+18,21274117.0,36417.0,2.0,2.0,36755.0,59050.0,438320.0,377665.0,14382272.0,0.0
8510,1.0,1.8084522838201234e+18,21509926.0,2152.0,2.0,1.0,24163.0,45882.0,212123.0,179014.0,5923.0,0.0
8511,1.0,1.7153861738207836e+19,21465027.0,37170.0,2.0,1.0,14852699.0,3360.0,13360.0,13176.0,15904861.0,0.0
8512,1.0,1.061188555835503e+19,3574067.0,22836.0,1.0,1.0,4570962.0,13208.0,22493.0,24424.0,1039952.0,1.0
8513,1.0,4.6102694262283095e+18,21812918.0,2238.0,3.0,1.0,39533.0,8031.0,157394.0,134845.0,1039363.0,1.0
8514,1.0,1.4531867648059392e+19,7144685.0,27484.0,1.0,1.0,1423.0,5608.0,4550.0,7013.0,7703394.0,1.0
8515,1.0,6.143811296116459e+16,3093956.0,11951.0,2.0,2.0,14295937.0,18787.0,11503.0,11424.0,1499590.0,0.0
8516,1.0,7.903914528320191e+18,21162350.0,1325.0,1.0,1.0,6312.0,3170.0,4482.0,6609.0,17525370.0,1.0
8517,1.0,5.468727571223081e+18,20003419.0,1381.0,3.0,1.0,5466678.0,3258.0,3462.0,4142.0,0.0,1.0
8518,1.0,6.715049002232656e+18,3065545.0,23783.0,1.0,1.0,16224504.0,167.0,128.0,212.0,1507049.0,1.0
8519,1.0,1.1488754460735891e+19,21834776.0,37791.0,2.0,2.0,13302294.0,1231.0,39805.0,36637.0,194806.0,0.0
8520,1.0,1.4340390157469403e+19,10110406.0,23808.0,2.0,1.0,4776.0,791.0,784.0,10.0,8486178.0,1.0
8521,31.0,1.5349556856043352e+19,21723632.0,36855.0,1.0,1.0,64.0,10.0,553.0,1125.0,0.0,1.0
8522,1.0,1.4340390157469403e+19,7103503.0,23777.0,2.0,2.0,11668.0,1049.0,127.0,16274.0,720778.0,0.0
8523,4.0,1.8700442407286835e+18,21272677.0,36441.0,1.0,1.0,41938.0,700.0,403.0,294.0,3580195.0,0.0
8524,1.0,1.8084151177152928e+19,20383780.0,33357.0,2.0,2.0,3362703.0,2688.0,22265.0,7645.0,6298144.0,1.0
8525,9.0,7.903914528320191e+18,21135651.0,1325.0,1.0,1.0,189765.0,107449.0,4795.0,23.0,0.0,1.0
8526,1.0,2.6009916479816904e+18,21822285.0,37492.0,2.0,1.0,237.0,139.0,366.0,13146.0,2701863.0,0.0
8527,1.0,1.5145480155589095e+19,21925324.0,23807.0,2.0,2.0,167.0,149.0,4855.0,5198.0,12385265.0,0.0
8528,1.0,1.585621843657079e+19,20707991.0,34166.0,1.0,1.0,408552.0,3456.0,11380.0,12716.0,3992005.0,0.0
8529,1.0,1.4340390157469403e+19,21163926.0,23808.0,2.0,1.0,30739.0,21970.0,42060.0,296.0,1327351.0,1.0
8530,1.0,1.7299638493773875e+18,9584905.0,23637.0,1.0,1.0,2540855.0,789.0,21160.0,110.0,1262048.0,1.0
8531,1.0,1.205787899908646e+19,20163588.0,27961.0,2.0,2.0,7007042.0,1478.0,1674.0,2202.0,2947951.0,0.0
8532,1.0,1.205787899908646e+19,20163228.0,27961.0,1.0,1.0,1349146.0,2824.0,8944.0,11249.0,124182.0,1.0
8533,1.0,1.4340390157469403e+19,20644045.0,23808.0,1.0,1.0,83264.0,2.0,1.0,3.0,103463.0,1.0
8534,7.0,5.888277431783336e+18,7955184.0,6520.0,3.0,2.0,183.0,634.0,1179.0,1647.0,79487.0,1.0
8535,2.0,1.320408634329364e+19,20179020.0,879.0,2.0,1.0,330876.0,41.0,340.0,381.0,3421270.0,1.0
8536,1.0,7.391531180177239e+18,20691786.0,34245.0,1.0,1.0,164455.0,139.0,626.0,270.0,117232.0,0.0
8537,1.0,6.55022984632161e+18,20370352.0,8017.0,2.0,1.0,872598.0,212505.0,837015.0,969329.0,0.0,1.0
8538,1.0,1.8360223205642707e+19,5937725.0,745.0,2.0,2.0,25903.0,17634.0,187184.0,116411.0,651398.0,1.0
8539,1.0,5.468727571223081e+18,21400836.0,1381.0,3.0,1.0,3339991.0,2322.0,11908.0,11131.0,474952.0,0.0
8540,1.0,1.4340390157469403e+19,21163927.0,23808.0,2.0,2.0,218.0,850.0,1361.0,127.0,20623.0,1.0
8541,1.0,1.3111764113225392e+19,21273430.0,36431.0,3.0,1.0,3274765.0,8679.0,2268909.0,14582.0,6126137.0,1.0
8542,1.0,1.6686392363279503e+18,21884606.0,37798.0,3.0,2.0,102410.0,2596.0,174348.0,45547.0,9542.0,0.0
8543,2.0,8.813902859733762e+18,20886690.0,34840.0,2.0,2.0,3709431.0,206.0,551.0,826.0,0.0,0.0
8544,1.0,6.619692221503942e+17,20594932.0,854.0,1.0,1.0,19657747.0,61333.0,746871.0,476.0,9970455.0,0.0
8545,2.0,4.0174802714563215e+18,20724371.0,23827.0,3.0,3.0,2621644.0,6988.0,596517.0,580995.0,0.0,0.0
8546,7.0,9.279176529507936e+18,10673605.0,23649.0,2.0,1.0,134766.0,25862.0,56687.0,51469.0,0.0,1.0
8547,1.0,2.670952723278905e+18,20172874.0,23805.0,2.0,2.0,5.0,114.0,134.0,16.0,2039307.0,0.0
8548,1.0,1.6772851793638846e+19,22111147.0,38584.0,3.0,3.0,365.0,3494.0,92791.0,183518.0,10354082.0,1.0
8549,1.0,1.4340390157469403e+19,9027437.0,23808.0,1.0,1.0,17648377.0,19.0,20.0,20.0,292608.0,0.0
8550,1.0,1.4340390157469403e+19,10397422.0,23808.0,1.0,1.0,489.0,13.0,50.0,15.0,20247283.0,0.0
8551,1.0,1.5859647530187389e+19,4285804.0,23778.0,1.0,1.0,23068286.0,680.0,84.0,481.0,1320663.0,0.0
8552,1.0,1.1689327222955583e+19,4331456.0,27701.0,2.0,2.0,412010.0,3827.0,71610.0,63952.0,15365291.0,0.0
8553,1.0,8.594874140471207e+18,20138502.0,10599.0,3.0,1.0,25050.0,10395.0,70852.0,63297.0,0.0,0.0
8554,1.0,1.2943519435171692e+18,20066713.0,24162.0,2.0,2.0,690474.0,85583.0,65.0,49.0,0.0,0.0
8555,1.0,1.205787899908646e+19,20160299.0,27961.0,3.0,3.0,7972481.0,3782.0,22021.0,15469.0,0.0,0.0
8556,2.0,5.919658608049627e+18,4394426.0,11070.0,2.0,2.0,165434.0,181954.0,14282.0,16097.0,0.0,0.0
8557,3.0,7.903914528320191e+18,21162527.0,1325.0,2.0,2.0,104852.0,8589.0,22.0,23.0,856824.0,1.0
8558,1.0,1.3557133018779933e+19,20706014.0,34246.0,2.0,1.0,1.0,3.0,142.0,71.0,6543185.0,1.0
8559,1.0,1.1209549308515322e+19,20916549.0,32151.0,2.0,1.0,4615.0,1310.0,82454.0,73166.0,1145433.0,1.0
8560,1.0,1.4140300435418186e+18,21246154.0,1502.0,3.0,1.0,89.0,295.0,113.0,153.0,151341.0,1.0
8561,2.0,1.388181391131223e+19,21112829.0,35361.0,2.0,1.0,717055.0,7270.0,26468.0,31850.0,0.0,0.0
8562,1.0,2.594274942001667e+18,21191652.0,35833.0,3.0,2.0,19656.0,1544.0,91733.0,1847.0,0.0,1.0
8563,1.0,3.4486002454827796e+18,10752618.0,30361.0,2.0,2.0,156944.0,2512.0,3676.0,1821.0,475820.0,0.0
8564,1.0,1.4756578758696272e+19,22138938.0,3625.0,3.0,2.0,39961.0,32574.0,580158.0,118.0,0.0,1.0
8565,1.0,5.5111324610218e+18,20891905.0,10040.0,3.0,1.0,2976166.0,2920.0,3440.0,4020.0,0.0,0.0
8566,1.0,7.137463797046619e+18,21340427.0,36665.0,2.0,2.0,6417.0,1029.0,21517.0,2870.0,11466553.0,0.0
8567,6.0,7.488506268604604e+18,20563107.0,1661.0,2.0,2.0,5274.0,140005.0,215325.0,2633.0,134652.0,0.0
8568,3.0,7.196757904531625e+18,21944734.0,37983.0,2.0,1.0,229936.0,4930.0,3602.0,3914.0,0.0,0.0
8569,1.0,1.021800488877112e+19,20036522.0,24159.0,3.0,1.0,5683293.0,1398.0,469.0,49.0,0.0,0.0
8570,1.0,1.205787899908646e+19,20180629.0,27961.0,1.0,1.0,300450.0,48695.0,70485.0,4646.0,388607.0,0.0
8571,2.0,1.595507548723284e+18,20187654.0,24362.0,1.0,1.0,4720.0,8974.0,9905.0,265.0,3359400.0,1.0
8572,1.0,1.4340390157469403e+19,9027024.0,23808.0,2.0,2.0,1728175.0,148127.0,68553.0,61437.0,1035466.0,1.0
8573,1.0,7.903914528320191e+18,21162250.0,1325.0,2.0,2.0,1048736.0,23084.0,158201.0,180604.0,6088511.0,0.0
8574,2.0,1.4340390157469403e+19,21232859.0,23808.0,2.0,1.0,14541.0,32008.0,166660.0,4675.0,106.0,0.0
8575,1.0,1.3436307416829377e+19,20724410.0,32344.0,2.0,1.0,34726.0,55650.0,403504.0,413779.0,9395619.0,1.0
8576,1.0,1.4756578758696272e+19,21418198.0,3625.0,1.0,1.0,1628.0,252.0,440.0,582.0,415000.0,1.0
8577,1.0,1.8425200088803072e+19,20033125.0,23790.0,1.0,1.0,42.0,160.0,27.0,29.0,18489558.0,1.0
8578,1.0,1.1038660142914585e+19,22095836.0,38505.0,3.0,3.0,27.0,1286.0,3237.0,441.0,8684492.0,0.0
8579,1.0,4.2981186814246446e+18,20092455.0,385.0,1.0,1.0,31129.0,37369.0,251225.0,21490.0,1846561.0,0.0
8580,1.0,4.969291200346086e+18,1690040.0,3383.0,3.0,1.0,948474.0,10669.0,4862.0,9446.0,0.0,0.0
8581,2.0,8.848021695083077e+18,20418977.0,2387.0,3.0,2.0,153355.0,148049.0,642298.0,537555.0,86293.0,1.0
8582,1.0,9.904543645510777e+18,20878120.0,26608.0,2.0,1.0,2856370.0,146315.0,495060.0,449077.0,0.0,1.0
8583,1.0,3.779653055494946e+18,20367297.0,33247.0,2.0,1.0,11283154.0,6406.0,11442.0,524.0,11119099.0,1.0
8584,3.0,1.4340390157469403e+19,3111363.0,23777.0,1.0,1.0,980.0,900.0,596.0,784.0,15576630.0,0.0
8585,1.0,1.5005909604118043e+19,21249471.0,33268.0,2.0,1.0,5810.0,44195.0,59441.0,75294.0,4483142.0,1.0
8586,1.0,1.4340390157469403e+19,6434912.0,23777.0,1.0,1.0,1220.0,16.0,36.0,44.0,3148697.0,1.0
8587,1.0,1.590505405160135e+19,21727353.0,37596.0,3.0,1.0,314.0,622.0,169571.0,1458.0,370375.0,1.0
8588,1.0,1.205787899908646e+19,20183787.0,27961.0,1.0,1.0,104817.0,6457.0,6076.0,7022.0,1408618.0,1.0
8589,1.0,7.406902612348956e+18,4335686.0,12266.0,1.0,1.0,8013.0,5138.0,16465.0,16200.0,2379375.0,1.0
8590,1.0,5.064785933530892e+18,5705043.0,5896.0,3.0,2.0,425993.0,10732.0,8487.0,134336.0,162116.0,0.0
8591,1.0,1.205787899908646e+19,20157363.0,27961.0,2.0,2.0,855780.0,1539.0,18916.0,11167.0,0.0,0.0
8592,1.0,1.4340390157469403e+19,20644006.0,23808.0,2.0,1.0,4126474.0,3821.0,1566.0,333.0,1546759.0,0.0
8593,1.0,1.4340390157469403e+19,9027213.0,23808.0,2.0,1.0,70.0,1.0,0.0,0.0,11356877.0,1.0
8594,1.0,1.5145480155589095e+19,21183709.0,23807.0,2.0,1.0,14677533.0,2954.0,406.0,8.0,1002336.0,1.0
8595,3.0,6.277372745388775e+18,21901522.0,37934.0,3.0,1.0,149.0,89.0,725.0,929.0,3549673.0,1.0
8596,1.0,1.734180435361551e+19,21882834.0,37622.0,2.0,1.0,625729.0,19053.0,84425.0,97.0,6548979.0,1.0
8597,1.0,1.050107956515272e+19,20051812.0,32070.0,2.0,2.0,14624146.0,1473.0,14105.0,16432.0,0.0,0.0
8598,1.0,1.6716330505220809e+19,21223678.0,14103.0,2.0,1.0,552.0,852.0,28477.0,53472.0,3984789.0,1.0
8599,1.0,1.4340390157469403e+19,9027213.0,23808.0,1.0,1.0,5.0,1.0,0.0,0.0,2239919.0,1.0
8600,1.0,5.851252814446936e+18,20133093.0,28698.0,2.0,1.0,133.0,915.0,2918.0,3853.0,13123871.0,1.0
8601,1.0,9.32780212766001e+18,20934791.0,35099.0,2.0,1.0,820.0,38799.0,42685.0,42060.0,283945.0,0.0
8602,1.0,8.134264174510893e+18,10951020.0,1268.0,2.0,2.0,4397059.0,113309.0,165042.0,2.0,0.0,0.0
8603,1.0,1.551992636170981e+19,20383802.0,33382.0,2.0,1.0,39699.0,39412.0,840575.0,102551.0,13452823.0,1.0
8604,5.0,5.315378418122699e+18,20016716.0,30911.0,3.0,1.0,23265.0,20463.0,24845.0,1321.0,0.0,1.0
8605,1.0,7.010385989455118e+18,9585571.0,23637.0,3.0,1.0,1176500.0,32.0,3480.0,96.0,2223978.0,0.0
8606,1.0,5.120683440510468e+18,8676728.0,1268.0,3.0,2.0,1704818.0,172.0,507.0,13.0,213941.0,0.0
8607,1.0,1.4415681608498106e+19,21194514.0,34292.0,3.0,2.0,13616.0,11660.0,14872.0,1206.0,8844044.0,1.0
8608,1.0,1.4340390157469403e+19,3062141.0,23777.0,2.0,2.0,15994157.0,19895.0,201055.0,169809.0,0.0,1.0
8609,1.0,9.685311741858013e+18,4165262.0,1969.0,2.0,1.0,918445.0,12895.0,160793.0,146578.0,4755475.0,0.0
8610,1.0,1.265502459667583e+17,21243971.0,36263.0,2.0,1.0,4289450.0,37273.0,100757.0,179.0,4313311.0,1.0
8611,1.0,1.5989049276530887e+19,20313585.0,23828.0,2.0,1.0,402762.0,245586.0,1269397.0,140.0,3127088.0,0.0
8612,1.0,1.4340390157469403e+19,9027637.0,23808.0,2.0,2.0,57.0,397.0,108.0,146.0,7502882.0,1.0
8613,1.0,8.134264174510893e+18,4176358.0,1268.0,3.0,3.0,477351.0,58.0,130.0,213.0,5395982.0,1.0
8614,1.0,1.3756257544627677e+19,10706719.0,24035.0,2.0,1.0,731.0,2665.0,14911.0,9474.0,2651031.0,1.0
8615,1.0,1.5860193830590669e+19,2878230.0,23777.0,2.0,2.0,6.0,4.0,21.0,22.0,9286200.0,0.0
8616,1.0,8.567297363260834e+18,3868599.0,7786.0,3.0,1.0,95335.0,112790.0,2966390.0,3463.0,0.0,0.0
8617,1.0,3.444047612603423e+18,21259742.0,35925.0,2.0,1.0,187.0,37.0,104942.0,3483.0,15535008.0,1.0
8618,1.0,2.670952723278905e+18,20172874.0,23805.0,3.0,2.0,1.0,3.0,35.0,16.0,10059137.0,1.0
8619,3.0,7.771884441258275e+18,20447754.0,32367.0,1.0,1.0,25338.0,44442.0,402007.0,365412.0,0.0,1.0
8620,18.0,4.0667192925655926e+18,20505850.0,33059.0,2.0,1.0,13065.0,12158.0,123472.0,69476.0,0.0,1.0
8621,1.0,1.205787899908646e+19,20163507.0,27961.0,1.0,1.0,3049887.0,354528.0,784074.0,893715.0,0.0,0.0
8622,1.0,1.6772851793638846e+19,22111181.0,38584.0,3.0,3.0,8163225.0,547.0,88312.0,63254.0,2063779.0,0.0
8623,1.0,1.1121833691387079e+19,21134703.0,23807.0,2.0,1.0,3243.0,946.0,4327.0,8.0,306861.0,1.0
8624,1.0,1.3742635301971245e+19,21345319.0,36687.0,2.0,1.0,5393.0,12448.0,479230.0,650.0,2387325.0,0.0
8625,1.0,2.039620248402007e+18,21194643.0,34292.0,3.0,1.0,2352.0,7590.0,6014.0,6297.0,5377613.0,1.0
8626,1.0,1.4340390157469403e+19,6434912.0,23777.0,1.0,1.0,643816.0,16.0,36.0,44.0,6967541.0,0.0
8627,1.0,1.1624066761054958e+19,3373924.0,5962.0,2.0,2.0,1101.0,734.0,2124.0,2364.0,7185257.0,0.0
8628,1.0,1.205787899908646e+19,20180826.0,27961.0,1.0,1.0,2237.0,3590.0,3229.0,10154.0,1295332.0,1.0
8629,1.0,5.665303260698378e+18,4501140.0,13559.0,2.0,1.0,3535343.0,451423.0,1512078.0,1198314.0,0.0,0.0
8630,1.0,2.670952723278905e+18,20172874.0,23805.0,2.0,2.0,7693.0,114.0,134.0,16.0,0.0,0.0
8631,1.0,1.4140300435418186e+18,20208853.0,1502.0,3.0,2.0,76990.0,38.0,234.0,344.0,1027669.0,0.0
8632,1.0,1.4340390157469403e+19,6434934.0,23777.0,1.0,1.0,4936.0,14.0,10.0,17.0,5451981.0,1.0
8633,1.0,1.6794704970244289e+19,5059558.0,26286.0,3.0,1.0,446.0,250.0,303.0,527.0,9944860.0,1.0
8634,1.0,1.3756257544627677e+19,9262550.0,24354.0,2.0,1.0,1570.0,11715.0,13085.0,12908.0,1127339.0,1.0
8635,1.0,7.903914528320191e+18,20623358.0,2012.0,3.0,1.0,1610162.0,694.0,1998.0,229.0,4591357.0,1.0
8636,1.0,6.358273138009531e+18,21259307.0,1303.0,3.0,1.0,1525.0,5941.0,4551.0,390.0,2070069.0,0.0
8637,1.0,1.747484747591359e+19,21714132.0,37448.0,2.0,2.0,51.0,31.0,3655.0,384.0,12637610.0,0.0
8638,5.0,1.205787899908646e+19,20203752.0,27961.0,1.0,1.0,20097.0,158.0,83.0,109.0,0.0,1.0
8639,1.0,1.2607653374704898e+19,20937410.0,2220.0,1.0,1.0,16856845.0,19615.0,136876.0,34321.0,0.0,0.0
8640,1.0,1.205787899908646e+19,20180229.0,27961.0,2.0,2.0,14842897.0,2052.0,1953.0,2257.0,5589221.0,0.0
8641,5.0,1.4340390157469403e+19,2861604.0,23777.0,2.0,2.0,18837.0,54147.0,61961.0,53036.0,0.0,1.0
8642,1.0,4.203081172173604e+18,4428478.0,28647.0,2.0,1.0,117264.0,1220.0,3186.0,3465.0,625922.0,1.0
8643,1.0,1.7299638493773875e+18,9585571.0,23637.0,2.0,1.0,9.0,32.0,236.0,112.0,145545.0,0.0
8644,1.0,7.903914528320191e+18,21162108.0,1325.0,1.0,1.0,1201.0,72.0,272.0,560.0,587422.0,1.0
8645,26.0,1.1729689633315342e+19,20600706.0,33782.0,2.0,2.0,10816.0,6679.0,18892.0,19041.0,0.0,1.0
8646,1.0,4.931992569523728e+18,10233174.0,23775.0,3.0,3.0,8638222.0,225847.0,1025100.0,215137.0,11000645.0,1.0
8647,2.0,1.4964837739872602e+19,20075449.0,2332.0,3.0,1.0,835.0,1284.0,3419.0,3711.0,4098273.0,1.0
8648,1.0,8.802768287123155e+18,20121297.0,29106.0,2.0,1.0,51.0,31.0,351.0,432.0,13431855.0,1.0
8649,1.0,8.848021695083077e+18,20035409.0,2387.0,2.0,1.0,179.0,509.0,2804.0,2994.0,15530613.0,1.0
8650,1.0,1.4756578758696272e+19,20716700.0,3625.0,2.0,2.0,9398616.0,1696.0,450705.0,375822.0,585958.0,0.0
8651,3.0,1.3756257544627677e+19,20587910.0,24354.0,2.0,1.0,2348586.0,41085.0,193973.0,163797.0,126711.0,1.0
8652,1.0,1.6541322818704064e+18,21881997.0,37599.0,2.0,1.0,11820152.0,189424.0,1160949.0,925035.0,52174.0,0.0
8653,2.0,1.2089732170889036e+19,20423699.0,4218.0,1.0,1.0,2933.0,7425.0,2807.0,207.0,4885351.0,0.0
8654,1.0,1.205787899908646e+19,20203709.0,27961.0,2.0,1.0,67.0,158.0,83.0,109.0,1269923.0,1.0
8655,1.0,1.205787899908646e+19,20185637.0,27961.0,2.0,2.0,3940.0,8761.0,84864.0,75566.0,279139.0,0.0
8656,1.0,1.7962103236755943e+19,20436404.0,12248.0,1.0,1.0,9855794.0,378.0,547.0,726.0,0.0,0.0
8657,1.0,8.848021695083077e+18,20287136.0,2387.0,1.0,1.0,37415.0,13038.0,22176.0,22932.0,103153.0,1.0
8658,1.0,4.32972225560205e+17,10396638.0,29277.0,1.0,1.0,22631223.0,64141.0,34431.0,61679.0,0.0,0.0
8659,1.0,5.260594170071819e+16,3048011.0,23782.0,1.0,1.0,2358.0,84.0,68.0,104.0,22976925.0,1.0
8660,1.0,1.4531867648059392e+19,21776142.0,27482.0,1.0,1.0,15173076.0,234590.0,426800.0,6.0,3996006.0,1.0
8661,1.0,1.205787899908646e+19,20161725.0,27961.0,2.0,1.0,15829846.0,12702.0,25600.0,26637.0,0.0,0.0
8662,1.0,9.29515261011307e+18,4408905.0,27444.0,1.0,1.0,15692.0,7348.0,45682.0,45373.0,4364.0,0.0
8663,1.0,1.8376741922959378e+19,2411417.0,6461.0,2.0,2.0,14879867.0,385.0,10582.0,12547.0,2475594.0,1.0
8664,1.0,5.256524780984842e+18,4416511.0,28019.0,2.0,1.0,110762.0,13485.0,42525.0,39142.0,606523.0,1.0
8665,1.0,3.942684729495466e+18,20123043.0,8281.0,1.0,1.0,11963451.0,257846.0,1565111.0,77302.0,123355.0,1.0
8666,2.0,5.345544339361683e+18,5860092.0,23796.0,2.0,1.0,16373.0,53788.0,6.0,12.0,875834.0,0.0
8667,1.0,1.205787899908646e+19,20171396.0,27961.0,1.0,1.0,10643696.0,121999.0,261247.0,256187.0,0.0,0.0
8668,2.0,3.902477925057105e+18,4839072.0,19509.0,2.0,1.0,8.0,15.0,45222.0,43488.0,4962.0,0.0
8669,1.0,1.0847017044891462e+19,20362078.0,2204.0,2.0,1.0,4671059.0,1135217.0,3564744.0,2779133.0,0.0,0.0
8670,2.0,2.4127717961104635e+18,20067148.0,23781.0,1.0,1.0,230.0,1234.0,8.0,1.0,18655066.0,1.0
8671,1.0,4.517396212946768e+18,3832387.0,23793.0,1.0,1.0,455660.0,21685.0,59.0,130.0,0.0,0.0
8672,1.0,3.583186794558268e+18,21402177.0,36906.0,2.0,1.0,2733.0,2584.0,5165.0,15467.0,6638244.0,1.0
8673,1.0,5.5111324610218e+18,21230034.0,10040.0,1.0,1.0,192119.0,1737.0,1967.0,1699.0,120390.0,1.0
8674,1.0,9.685149797083204e+18,21271453.0,7938.0,2.0,1.0,27151.0,279.0,29447.0,18188.0,634436.0,1.0
8675,1.0,7.903914528320191e+18,21162426.0,1325.0,2.0,2.0,3260.0,10366.0,23883.0,763.0,857139.0,0.0
8676,1.0,1.205787899908646e+19,20163591.0,27961.0,1.0,1.0,1985556.0,9.0,18.0,27.0,107534.0,0.0
8677,1.0,1.4340390157469403e+19,10335750.0,23808.0,1.0,1.0,562916.0,37577.0,56944.0,144.0,1496915.0,1.0
8678,1.0,1.205787899908646e+19,20185528.0,27961.0,3.0,3.0,959365.0,27261.0,30447.0,34233.0,773334.0,1.0
8679,2.0,1.1968861011840978e+18,21104033.0,32911.0,3.0,3.0,506687.0,59883.0,194368.0,105515.0,504767.0,0.0
8680,3.0,6.306604626543082e+18,21016640.0,35424.0,1.0,1.0,8643.0,1440.0,6875.0,4946.0,223467.0,0.0
8681,1.0,5.851252814446936e+18,21477562.0,28698.0,2.0,1.0,66100.0,136066.0,1648667.0,1304052.0,7515268.0,0.0
8682,1.0,1.0569398948641481e+18,21111225.0,34439.0,2.0,2.0,46309.0,48638.0,478484.0,630295.0,454238.0,0.0
8683,1.0,5.589649412465737e+18,20950108.0,35067.0,2.0,1.0,5957.0,43091.0,106914.0,42.0,1687069.0,1.0
8684,1.0,9.471700859243004e+18,20603402.0,9562.0,2.0,1.0,23043.0,48064.0,1431120.0,1134408.0,668728.0,1.0
8685,1.0,1.113395222162863e+19,20210964.0,30709.0,2.0,1.0,1122.0,569.0,1634.0,2217.0,2171634.0,1.0
8686,1.0,1.0437086734709789e+19,1677866.0,11234.0,3.0,1.0,31725.0,82922.0,432923.0,378086.0,0.0,0.0
8687,1.0,6.594406438478465e+18,20036857.0,16434.0,1.0,1.0,6073052.0,25489.0,45479.0,22037.0,7454360.0,1.0
8688,2.0,5.273936423673263e+18,4424607.0,8553.0,2.0,1.0,28052.0,1343.0,294149.0,64227.0,51455.0,1.0
8689,1.0,1.7446436672557894e+19,4300646.0,357.0,3.0,1.0,658045.0,485.0,3199.0,2694.0,77398.0,0.0
8690,1.0,1.1078015115745737e+19,21958166.0,37507.0,1.0,1.0,2241.0,1770.0,4420.0,4782.0,19422108.0,1.0
8691,1.0,1.6794704970244289e+19,5059588.0,26286.0,2.0,1.0,186.0,716.0,1488.0,139.0,1614389.0,1.0
8692,1.0,1.6910231644566822e+18,21331718.0,36295.0,2.0,1.0,3125629.0,20977.0,188638.0,160191.0,827464.0,0.0
8693,1.0,1.4340390157469403e+19,4708064.0,23777.0,1.0,1.0,1427.0,1175.0,778.0,968.0,13755702.0,0.0
8694,2.0,1.7962103236755943e+19,20436404.0,12248.0,1.0,1.0,4117814.0,97.0,174.0,253.0,0.0,1.0
8695,1.0,7.149460228816293e+18,2910964.0,7313.0,2.0,1.0,29504.0,52373.0,176659.0,24270.0,2033498.0,0.0
8696,1.0,1.4488942413771088e+19,21301776.0,21066.0,2.0,1.0,14437447.0,3202.0,6234.0,1346.0,1913104.0,0.0
8697,1.0,2.4347563200652785e+18,20035837.0,29273.0,3.0,1.0,4.0,7.0,248.0,91.0,4486040.0,1.0
8698,1.0,1.4921691488546759e+19,4264922.0,13907.0,2.0,1.0,4757145.0,70175.0,98901.0,1230.0,2460237.0,1.0
8699,1.0,6.228784066129291e+18,4269566.0,1998.0,1.0,1.0,1551285.0,32489.0,68269.0,195804.0,1849384.0,0.0
8700,1.0,1.9952917878195843e+18,10403212.0,29479.0,2.0,1.0,84751.0,166655.0,25165.0,23869.0,2208326.0,1.0
8701,1.0,5.468727571223081e+18,20001249.0,1381.0,3.0,3.0,26134.0,176.0,1123.0,1325.0,8376073.0,0.0
8702,1.0,1.7586747310878499e+19,21960126.0,1998.0,3.0,3.0,3672871.0,6607.0,135485.0,5162.0,0.0,0.0
8703,1.0,1.5795433474622577e+19,4407307.0,20812.0,2.0,2.0,13087.0,70915.0,98043.0,116547.0,321574.0,1.0
8704,4.0,3.089000650796075e+18,20140368.0,14327.0,1.0,1.0,2458856.0,3351.0,722.0,19478.0,0.0,1.0
8705,1.0,9.004035880665279e+18,20595493.0,33800.0,1.0,1.0,316.0,543.0,2322.0,668.0,17389986.0,0.0
8706,1.0,5.998778395684809e+18,20319702.0,33117.0,2.0,1.0,1361.0,9512.0,9737.0,12217.0,4162677.0,1.0
8707,1.0,1.4340390157469403e+19,9027238.0,23808.0,2.0,2.0,1747.0,134.0,74.0,94.0,779795.0,1.0
8708,1.0,7.903914528320191e+18,21162553.0,1325.0,2.0,2.0,1251.0,435.0,1852.0,2858.0,6671690.0,1.0
8709,1.0,1.595507548723284e+18,20187608.0,24362.0,1.0,1.0,11881041.0,418.0,392.0,787.0,158044.0,0.0
8710,1.0,1.1800180453055529e+19,21408766.0,36892.0,3.0,2.0,26838.0,3994.0,74810.0,87.0,1956240.0,1.0
8711,1.0,6.791565021519463e+18,21920339.0,37956.0,3.0,1.0,3.0,298.0,93.0,171.0,3203126.0,0.0
8712,1.0,4.921569485144324e+18,21935475.0,38077.0,3.0,3.0,70587.0,50062.0,548458.0,454197.0,365224.0,0.0
8713,1.0,1.1781470843330357e+19,20687158.0,34122.0,3.0,1.0,4143862.0,99.0,4811.0,388.0,0.0,0.0
8714,1.0,9.81130735235002e+18,8961001.0,17925.0,2.0,1.0,2064.0,5190.0,3721.0,1393.0,11315255.0,1.0
8715,1.0,4.969291200346086e+18,1544201.0,3383.0,3.0,3.0,62929.0,10999.0,42603.0,49418.0,995303.0,0.0
8716,1.0,5.589649412465737e+18,21460217.0,35035.0,3.0,1.0,2014405.0,4731.0,4053.0,232.0,0.0,1.0
8717,1.0,1.4340390157469403e+19,9027476.0,23808.0,1.0,1.0,2488798.0,2959.0,89.0,106.0,25069.0,0.0
8718,2.0,1.205787899908646e+19,20183655.0,27961.0,1.0,1.0,104.0,163.0,217.0,336.0,497234.0,0.0
8719,1.0,5.497402316540119e+18,21464746.0,37086.0,1.0,1.0,17828105.0,4157.0,1921.0,9312.0,0.0,0.0
8720,2.0,1.205787899908646e+19,20162119.0,27961.0,3.0,3.0,20286.0,309.0,419.0,4429.0,0.0,0.0
8721,1.0,6.715049002232656e+18,3065545.0,23783.0,1.0,1.0,382994.0,167.0,128.0,212.0,22793259.0,1.0
8722,4.0,2.6928596198512824e+18,4333159.0,2051.0,2.0,1.0,444.0,3094.0,4688.0,5055.0,4032152.0,1.0
8723,1.0,1.2607653374704898e+19,20075662.0,2220.0,2.0,2.0,4802.0,1294.0,110207.0,114396.0,27124.0,0.0
8724,1.0,5.468727571223081e+18,20001242.0,1381.0,3.0,1.0,1087577.0,5430.0,70274.0,118101.0,7153739.0,0.0
8725,1.0,1.3090221289647714e+19,20174985.0,23795.0,1.0,1.0,31.0,135.0,3.0,7.0,5888980.0,1.0
8726,1.0,1.4140300435418186e+18,21246164.0,1502.0,2.0,2.0,2463.0,7579.0,76.0,101.0,13143088.0,1.0
8727,1.0,4.5724464831711734e+18,22102581.0,38143.0,2.0,2.0,444881.0,539.0,2803.0,3070.0,442280.0,1.0
8728,1.0,3.6311863746730235e+18,1000830.0,2737.0,2.0,1.0,5475.0,16540.0,36650.0,33962.0,15287802.0,1.0
8729,1.0,1.205787899908646e+19,20174665.0,27961.0,1.0,1.0,17964903.0,15254.0,45254.0,46241.0,0.0,0.0
8730,1.0,7.903914528320191e+18,20623358.0,2012.0,2.0,1.0,1097956.0,694.0,1945.0,230.0,126050.0,1.0
8731,1.0,1.005169402947603e+19,21138803.0,1631.0,2.0,2.0,3868961.0,395020.0,2657073.0,1387617.0,325580.0,1.0
8732,1.0,1.5989049276530887e+19,20314229.0,23824.0,2.0,1.0,2521.0,8047.0,25225.0,31.0,16228303.0,1.0
8733,1.0,1.1921123343780997e+18,21366794.0,25400.0,2.0,1.0,14790222.0,2810.0,130634.0,111277.0,0.0,0.0
8734,2.0,7.536841130902041e+18,21208884.0,34619.0,2.0,1.0,985.0,3693.0,1299.0,1517.0,3825555.0,0.0
8735,1.0,9.662243402272995e+18,21866208.0,36286.0,2.0,1.0,150934.0,586870.0,1872028.0,1475777.0,0.0,1.0
8736,1.0,1.0156940965026521e+19,4254158.0,9855.0,2.0,1.0,1716.0,926.0,1964.0,1793.0,49560.0,1.0
8737,34.0,1.205787899908646e+19,20192652.0,27961.0,2.0,1.0,7477.0,2098.0,7330.0,8168.0,0.0,1.0
8738,1.0,1.351108332669347e+19,20666361.0,6238.0,1.0,1.0,18107975.0,15532.0,68973.0,61835.0,2050130.0,0.0
8739,1.0,1.4140300435418186e+18,20208920.0,1502.0,3.0,1.0,1453392.0,2378.0,10989.0,1800.0,2877889.0,1.0
8740,1.0,2.4739008999210875e+18,2116597.0,17545.0,2.0,2.0,12975615.0,2767.0,500881.0,469124.0,55243.0,0.0
8741,1.0,1.120282393667142e+19,21161717.0,8409.0,2.0,1.0,25575.0,23491.0,122618.0,8348.0,772826.0,0.0
8742,1.0,1.4340390157469403e+19,20644045.0,23808.0,1.0,1.0,20637.0,558.0,1.0,3.0,2842383.0,0.0
8743,1.0,1.6583435308151357e+18,21258145.0,2298.0,1.0,1.0,1170.0,1169.0,7145.0,7996.0,20978724.0,1.0
8744,1.0,1.2684678793188006e+18,1577673.0,146.0,2.0,1.0,1409.0,1470.0,2547.0,2806.0,12854563.0,1.0
8745,1.0,5.07990106805139e+18,7642366.0,25928.0,1.0,1.0,29048.0,49226.0,95214.0,97156.0,2671789.0,0.0
8746,1.0,6.828193162136375e+17,21345286.0,36690.0,1.0,1.0,77.0,1257.0,852.0,203.0,2394850.0,1.0
8747,1.0,1.205787899908646e+19,20192676.0,27961.0,2.0,1.0,15284882.0,58.0,779.0,2150.0,0.0,0.0
8748,1.0,9.60749667372957e+18,20372545.0,33258.0,2.0,2.0,5490.0,11820.0,16758.0,17696.0,6893085.0,1.0
8749,1.0,1.305201991806659e+19,20967651.0,34858.0,3.0,1.0,1967212.0,122332.0,229074.0,147594.0,0.0,0.0
8750,1.0,9.60417731402901e+18,4353711.0,15651.0,1.0,1.0,13550420.0,4378.0,6934.0,30507.0,228135.0,1.0
8751,1.0,8.590657411606402e+18,21141060.0,20747.0,2.0,2.0,12767.0,3887.0,108873.0,56722.0,266340.0,1.0
8752,1.0,4.969291200346086e+18,1545827.0,3383.0,2.0,1.0,8782721.0,11809.0,16950.0,18772.0,363506.0,0.0
8753,2.0,7.903914528320191e+18,21162426.0,1325.0,2.0,1.0,1195.0,3553.0,15909.0,16983.0,3772654.0,0.0
8754,1.0,2.4127717961104635e+18,20067148.0,23781.0,1.0,1.0,230.0,1234.0,8.0,1.0,19879661.0,1.0
8755,1.0,8.605306005259127e+17,21258328.0,11174.0,2.0,1.0,25103.0,8641.0,265500.0,27691.0,2728317.0,1.0
8756,1.0,1.205787899908646e+19,20164625.0,27961.0,1.0,1.0,18926493.0,132723.0,279364.0,272214.0,0.0,0.0
8757,1.0,4.56486055703511e+18,20914732.0,34893.0,2.0,2.0,11110423.0,86433.0,1560927.0,2199747.0,2401730.0,1.0
8758,1.0,5.5111324610218e+18,20589102.0,10040.0,3.0,3.0,3635757.0,2369.0,11689.0,152.0,59862.0,1.0
8759,1.0,1.7792433739096854e+17,21258080.0,35318.0,2.0,2.0,90796.0,2583.0,20086.0,22646.0,7757572.0,0.0
8760,1.0,7.703279069701543e+18,21299640.0,4983.0,1.0,1.0,14.0,26.0,38.0,51.0,17157062.0,1.0
8761,1.0,1.4340390157469403e+19,9027213.0,23808.0,1.0,1.0,5.0,1.0,0.0,0.0,5304158.0,1.0
8762,1.0,1.1274636798287909e+19,20612666.0,23808.0,2.0,1.0,856381.0,1162.0,1776.0,1145.0,0.0,0.0
8763,1.0,9.264217531000919e+17,21204861.0,36039.0,1.0,1.0,25106338.0,2111.0,2234.0,1162.0,494280.0,0.0
8764,1.0,1.3359361103803858e+18,20599424.0,33847.0,3.0,3.0,603.0,1243.0,26121.0,13140.0,1765729.0,1.0
8765,7.0,1.205787899908646e+19,20164578.0,27961.0,2.0,2.0,27445.0,18394.0,330005.0,7385.0,0.0,1.0
8766,1.0,8.065635526050976e+18,22103081.0,38585.0,3.0,1.0,6183.0,8559.0,63524.0,106955.0,10971135.0,1.0
8767,1.0,1.4340390157469403e+19,9027640.0,23808.0,2.0,2.0,833.0,3008.0,108.0,146.0,2577345.0,0.0
8768,1.0,3.7306253281194304e+17,3827183.0,23792.0,1.0,1.0,4705.0,3344.0,61.0,77.0,12097117.0,1.0
8769,6.0,1.1627567248264462e+19,20425227.0,82.0,1.0,1.0,497040.0,136.0,87.0,116.0,0.0,1.0
8770,1.0,1.4340390157469403e+19,20644007.0,23808.0,1.0,1.0,571451.0,530.0,309.0,333.0,237518.0,1.0
8771,1.0,1.0527183143556932e+18,4240880.0,14577.0,2.0,1.0,14704157.0,14718.0,58740.0,47431.0,11491986.0,0.0
8772,1.0,4.695790928701425e+16,21311942.0,36427.0,2.0,2.0,2794033.0,12196.0,38096.0,2351.0,0.0,0.0
8773,5.0,5.345544339361683e+18,5860052.0,23796.0,2.0,2.0,95.0,1371.0,6.0,12.0,2500497.0,0.0
8774,1.0,5.468727571223081e+18,20001249.0,1381.0,2.0,1.0,166.0,443.0,1909.0,2482.0,503319.0,1.0
8775,1.0,1.5256605917950589e+19,5036253.0,14491.0,3.0,1.0,1017926.0,2992.0,115145.0,8164.0,664000.0,0.0
8776,11.0,1.1624066761054958e+19,3374688.0,5962.0,2.0,1.0,127597.0,2861.0,2152.0,2402.0,0.0,1.0
8777,1.0,3.163997420314436e+18,7409223.0,26288.0,3.0,1.0,3932.0,70.0,10793.0,12934.0,229692.0,1.0
8778,1.0,1.4340390157469403e+19,21360103.0,23777.0,2.0,1.0,647.0,10513.0,19217.0,18504.0,12179308.0,0.0
8779,2.0,1.205787899908646e+19,20171486.0,27961.0,3.0,2.0,97691.0,79428.0,639065.0,518220.0,0.0,0.0
8780,1.0,4.5962937254648443e+18,21719005.0,37517.0,2.0,1.0,8590.0,3070.0,227844.0,191716.0,646728.0,1.0
8781,1.0,1.0069722417935503e+19,20908106.0,35079.0,2.0,2.0,119.0,34.0,5095.0,6295.0,3909706.0,1.0
8782,1.0,8.335105002517451e+18,20582549.0,33524.0,1.0,1.0,4.0,56.0,51.0,129.0,1590337.0,0.0
8783,1.0,1.205787899908646e+19,20163169.0,27961.0,1.0,1.0,25733684.0,71462.0,266233.0,241843.0,0.0,0.0
8784,1.0,1.2573919372244996e+19,4411815.0,16705.0,2.0,1.0,14420903.0,409428.0,1720571.0,2015765.0,140957.0,1.0
8785,3.0,1.205787899908646e+19,20163154.0,27961.0,1.0,1.0,2449519.0,2326.0,3897.0,4717.0,29598.0,0.0
8786,1.0,8.134264174510893e+18,10950952.0,1268.0,3.0,3.0,3807866.0,24369.0,26390.0,2.0,0.0,0.0
8787,1.0,1.7989747235538194e+19,20403478.0,24036.0,1.0,1.0,776025.0,152.0,358.0,1326.0,0.0,0.0
8788,1.0,1.205787899908646e+19,20146616.0,27961.0,3.0,2.0,3528915.0,34876.0,59066.0,56639.0,1036814.0,1.0
8789,1.0,1.1046140217648155e+19,20711662.0,34166.0,1.0,1.0,20799449.0,18629.0,51606.0,52202.0,0.0,0.0
8790,1.0,1.4340390157469403e+19,9027213.0,23808.0,1.0,1.0,5.0,1.0,0.0,0.0,3729466.0,0.0
8791,2.0,1.2972158645927619e+19,10394298.0,29128.0,2.0,1.0,4807.0,12581.0,11686.0,3037.0,7011895.0,1.0
8792,1.0,1.4340390157469403e+19,4822981.0,23777.0,2.0,2.0,9680104.0,118808.0,536623.0,433524.0,0.0,1.0
8793,1.0,1.3090221289647714e+19,20174985.0,23795.0,1.0,1.0,19598917.0,79.0,3.0,7.0,12202041.0,0.0
8794,2.0,1.3384857948156529e+18,20802241.0,33931.0,1.0,1.0,25824703.0,6696.0,143540.0,460363.0,0.0,0.0
8795,1.0,2.1740769468148124e+18,20584972.0,33421.0,2.0,2.0,2059.0,1340.0,155293.0,146746.0,867162.0,0.0
8796,1.0,1.4340390157469403e+19,21163924.0,23808.0,2.0,2.0,255031.0,90.0,1465.0,62.0,0.0,0.0
8797,1.0,1.4836582114213237e+19,9785120.0,10969.0,2.0,1.0,123889.0,131459.0,1234225.0,991308.0,6166651.0,0.0
8798,1.0,5.208883184622572e+18,22111542.0,37818.0,3.0,1.0,192.0,3014.0,1916.0,2161.0,5634025.0,1.0
8799,1.0,9.662243402272995e+18,21273957.0,36286.0,3.0,1.0,11322.0,118960.0,241565.0,569.0,1349068.0,1.0
8800,1.0,1.4340390157469403e+19,21360116.0,23777.0,2.0,2.0,7652.0,90.0,380.0,401.0,0.0,0.0
8801,1.0,1.7168357155400737e+18,21480893.0,37240.0,3.0,1.0,6471694.0,138109.0,495608.0,392769.0,107387.0,1.0
8802,1.0,8.99455707050858e+18,20030150.0,23799.0,2.0,2.0,989.0,3.0,15.0,19.0,183055.0,0.0
8803,1.0,1.6955074345861292e+19,10403259.0,27461.0,3.0,3.0,6825337.0,13252.0,112723.0,100147.0,0.0,0.0
8804,21.0,1.4340390157469403e+19,21163923.0,23808.0,2.0,2.0,14219.0,15441.0,42829.0,37.0,0.0,1.0
8805,2.0,1.205787899908646e+19,20223013.0,27961.0,3.0,3.0,1325458.0,35616.0,40398.0,37958.0,563359.0,1.0
8806,2.0,4.937242031748519e+17,4377071.0,10804.0,3.0,2.0,432454.0,96288.0,329339.0,271785.0,2541484.0,1.0
8807,1.0,2.5334514414076124e+18,21020157.0,35266.0,2.0,2.0,13838.0,1001.0,1021.0,1414.0,7396069.0,1.0
8808,1.0,1.4340390157469403e+19,21360102.0,23777.0,2.0,1.0,907499.0,842.0,35652.0,1680.0,235712.0,1.0
8809,1.0,8.119057108691817e+18,20876635.0,34760.0,1.0,1.0,68.0,100.0,34.0,40.0,13071652.0,0.0
8810,1.0,6.715049002232656e+18,3065545.0,23783.0,1.0,1.0,3030.0,167.0,128.0,168.0,997286.0,1.0
8811,1.0,1.0245113888481139e+19,21134386.0,33296.0,2.0,2.0,518509.0,285.0,23439.0,22468.0,0.0,0.0
8812,1.0,2.0021430589649848e+18,20606969.0,24124.0,3.0,1.0,2373.0,635.0,63752.0,144455.0,719803.0,1.0
8813,1.0,1.6130785245264521e+19,21927516.0,38028.0,3.0,1.0,15345.0,16257.0,267035.0,253324.0,0.0,1.0
8814,3.0,1.319522902220335e+19,21231190.0,18049.0,1.0,1.0,3115998.0,2079.0,10706.0,23199.0,629663.0,1.0
8815,1.0,9.581735255994331e+18,8620748.0,4906.0,2.0,2.0,156322.0,8315.0,112.0,18347.0,1062121.0,0.0
8816,1.0,1.5860193830590669e+19,2878230.0,23777.0,2.0,1.0,6.0,4.0,21.0,22.0,12864941.0,1.0
8817,2.0,1.3311343438192927e+19,3806502.0,23791.0,1.0,1.0,41.0,24.0,31.0,33.0,1478062.0,1.0
8818,1.0,1.578511299927674e+19,20908196.0,35088.0,3.0,2.0,0.0,0.0,2.0,5.0,8550465.0,0.0
8819,1.0,3.269918920817855e+18,21960434.0,38196.0,2.0,2.0,531.0,1219.0,9582.0,8017.0,4899250.0,0.0
8820,1.0,1.0600145366713356e+19,21963136.0,23040.0,3.0,2.0,5450.0,40132.0,327919.0,322158.0,484348.0,0.0
8821,1.0,1.7363854844105064e+19,20017078.0,23798.0,1.0,1.0,81.0,429.0,4.0,518.0,8172054.0,1.0
8822,1.0,5.901349891861968e+18,4414359.0,24207.0,2.0,1.0,325665.0,52481.0,67205.0,72279.0,572961.0,1.0
8823,1.0,1.0710025208886284e+19,8343295.0,11700.0,1.0,1.0,23514282.0,32430.0,100467.0,5399.0,509599.0,0.0
8824,1.0,1.4340390157469403e+19,6435169.0,23777.0,1.0,1.0,1649410.0,1328.0,1801.0,2356.0,0.0,0.0
8825,1.0,1.1344009400822591e+19,21727319.0,32401.0,2.0,2.0,17659.0,25231.0,74043.0,16805.0,6251765.0,1.0
8826,1.0,3.87535613628379e+18,20591453.0,33161.0,2.0,2.0,5311.0,4842.0,22857.0,41831.0,4153090.0,0.0
8827,1.0,7.703279069701543e+18,4256180.0,4983.0,3.0,1.0,45728.0,24261.0,64789.0,58374.0,0.0,1.0
8828,1.0,1.4531867648059392e+19,20365576.0,32445.0,3.0,3.0,3250085.0,22602.0,54925.0,365.0,689191.0,0.0
8829,2.0,4.192533441706128e+18,20163979.0,2533.0,2.0,1.0,14683690.0,1005.0,1860.0,2203.0,801123.0,1.0
8830,1.0,1.205787899908646e+19,20180229.0,27961.0,2.0,1.0,1265834.0,2052.0,1953.0,2257.0,441966.0,0.0
8831,1.0,1.205787899908646e+19,20170418.0,27961.0,2.0,2.0,964.0,2795.0,8693.0,9392.0,6675653.0,0.0
8832,1.0,1.3756257544627677e+19,9222733.0,24354.0,2.0,2.0,43775.0,12274.0,14710.0,5575.0,64894.0,1.0
8833,1.0,3.821051054527697e+18,10493602.0,29473.0,2.0,2.0,236.0,519.0,9820.0,8217.0,15474697.0,1.0
8834,1.0,2.2188438361244534e+18,21406130.0,36890.0,2.0,2.0,4540.0,7376.0,237873.0,287705.0,12772468.0,1.0
8835,1.0,5.851252814446936e+18,21477605.0,28698.0,2.0,1.0,14173776.0,778.0,31926.0,16830.0,0.0,1.0
8836,1.0,1.7412969714469513e+19,7051180.0,2105.0,3.0,3.0,8567.0,9420.0,28872.0,29251.0,38116.0,0.0
8837,1.0,1.4340390157469403e+19,10110279.0,23808.0,3.0,2.0,36991.0,311.0,534.0,43.0,3278868.0,0.0
8838,1.0,1.2485598954401746e+18,21334731.0,36643.0,2.0,2.0,7885194.0,3812.0,114528.0,4924.0,2465933.0,0.0
8839,1.0,7.703279069701543e+18,20436320.0,4983.0,1.0,1.0,364.0,970.0,2565.0,2531.0,3756690.0,0.0
8840,4.0,1.5989049276530887e+19,20315191.0,23826.0,2.0,1.0,4199.0,4777.0,56019.0,2241.0,0.0,1.0
8841,1.0,1.4340390157469403e+19,3111366.0,23777.0,1.0,1.0,32781.0,588.0,558.0,733.0,19017018.0,0.0
8842,1.0,9.279176529507936e+18,10673605.0,23649.0,2.0,1.0,21991.0,19273.0,40798.0,43096.0,0.0,1.0
8843,6.0,5.345544339361683e+18,5858822.0,23796.0,1.0,1.0,35.0,282.0,6.0,12.0,710161.0,1.0
8844,2.0,1.190425621705067e+18,20137593.0,21767.0,1.0,1.0,323912.0,5745.0,1565.0,4339.0,19822129.0,1.0
8845,1.0,5.062556743530359e+18,4211134.0,23407.0,2.0,2.0,2870.0,1495.0,74026.0,27383.0,16419823.0,0.0
8846,53.0,1.0491451193565667e+19,21222162.0,750.0,3.0,1.0,213.0,496.0,7997.0,1366.0,0.0,1.0
8847,2.0,1.0726002060893145e+19,20036558.0,23800.0,2.0,1.0,97.0,49.0,44.0,75.0,1935237.0,1.0
8848,1.0,1.506562423901331e+19,2751003.0,20248.0,1.0,1.0,25305288.0,943.0,4916.0,12386.0,0.0,0.0
8849,1.0,5.5111324610218e+18,3969411.0,10040.0,2.0,1.0,66398.0,17145.0,316711.0,280277.0,324826.0,1.0
8850,1.0,1.021800488877112e+19,4382153.0,24159.0,2.0,2.0,6436956.0,841.0,292.0,237.0,5179666.0,0.0
8851,1.0,1.6794704970244289e+19,5059561.0,26286.0,1.0,1.0,883.0,2703.0,303.0,5998.0,5490346.0,1.0
8852,1.0,6.324020793843805e+18,20711342.0,27500.0,3.0,1.0,4.0,12.0,189.0,124.0,452077.0,0.0
8853,1.0,1.4600073692226415e+19,21519265.0,4004.0,1.0,1.0,1065286.0,19260.0,74986.0,66698.0,0.0,1.0
8854,1.0,5.260594170071819e+16,3048011.0,23782.0,1.0,1.0,200.0,307.0,209.0,346.0,22117981.0,1.0
8855,1584.0,2.4127717961104635e+18,20066502.0,23781.0,1.0,1.0,805.0,3662.0,8.0,1.0,0.0,1.0
8856,2.0,1.5488838051690693e+19,21441556.0,37082.0,3.0,3.0,1386355.0,25165.0,126474.0,20883.0,0.0,0.0
8857,1.0,5.5111324610218e+18,20578712.0,10040.0,2.0,1.0,317324.0,90707.0,202447.0,503773.0,1798477.0,0.0
8858,1.0,7.903914528320191e+18,21162257.0,1325.0,1.0,1.0,14431630.0,360.0,873.0,45.0,419889.0,0.0
8859,2.0,1.4340390157469403e+19,9027034.0,23808.0,2.0,2.0,9516.0,12032.0,4007.0,4338.0,2366234.0,1.0
8860,1.0,5.589649412465737e+18,20949198.0,35067.0,2.0,1.0,9299.0,14736.0,18014.0,42.0,904133.0,0.0
8861,2.0,1.5145480155589095e+19,21927071.0,23807.0,2.0,1.0,1.0,3.0,30.0,32.0,1313266.0,1.0
8862,2.0,1.4756578758696272e+19,20718174.0,3625.0,1.0,1.0,23022615.0,446992.0,1326549.0,826964.0,2625422.0,1.0
8863,1.0,5.308285339368021e+18,2882248.0,23778.0,3.0,2.0,1965124.0,593.0,216.0,320.0,507482.0,0.0
8864,1.0,9.004035880665279e+18,20595493.0,33800.0,1.0,1.0,122424.0,197.0,951.0,1338.0,8127498.0,1.0
8865,1.0,8.705941680994747e+17,6818843.0,2293.0,2.0,1.0,5257.0,8631.0,14318.0,58575.0,1555125.0,1.0
8866,1.0,1.584902515794882e+19,4411706.0,21997.0,2.0,2.0,399.0,53.0,287.0,446.0,12769184.0,1.0
8867,1.0,2.670952723278905e+18,20172874.0,23805.0,2.0,2.0,5.0,114.0,134.0,16.0,3083855.0,0.0
8868,1.0,1.3359361103803858e+18,20599198.0,33847.0,2.0,2.0,5968.0,3235.0,127233.0,195138.0,1366208.0,0.0
8869,1.0,1.1664224860161087e+19,20464484.0,33640.0,2.0,1.0,2477.0,89.0,777.0,589.0,717992.0,0.0
8870,1.0,1.3756257544627677e+19,20587336.0,24354.0,2.0,2.0,159963.0,838.0,2198.0,2452.0,932707.0,1.0
8871,3.0,1.4340390157469403e+19,9027213.0,23808.0,1.0,1.0,5.0,1.0,0.0,0.0,4948468.0,0.0
8872,1.0,7.492379076548612e+18,3631944.0,15538.0,2.0,1.0,4256926.0,1755.0,57214.0,54666.0,384952.0,1.0
8873,2.0,1.4140300435418186e+18,20208764.0,1502.0,1.0,1.0,2058208.0,95.0,592.0,779.0,1153642.0,1.0
8874,1.0,6.715049002232656e+18,3065545.0,23783.0,2.0,1.0,862405.0,60.0,54.0,168.0,7400661.0,1.0
8875,1.0,1.077230928844858e+19,20705601.0,34202.0,3.0,1.0,942.0,2997.0,44924.0,62942.0,4957841.0,0.0
8876,1.0,1.4202400320781967e+19,20428895.0,27503.0,2.0,1.0,53480.0,56645.0,927925.0,742205.0,2737.0,0.0
8877,1.0,1.205787899908646e+19,20163591.0,27961.0,1.0,1.0,18275114.0,9.0,18.0,27.0,1819535.0,0.0
8878,1.0,1.60275084930724e+18,4292955.0,1458.0,2.0,2.0,10608459.0,25427.0,160229.0,137828.0,0.0,0.0
8879,1.0,7.953863969799817e+18,21407211.0,5058.0,1.0,1.0,39.0,214.0,1284.0,1504.0,22612604.0,0.0
8880,3.0,1.4340390157469403e+19,4603048.0,23777.0,1.0,1.0,106835.0,11388.0,8925.0,11889.0,11436050.0,0.0
8881,1.0,2.0016817305032584e+18,21301342.0,36436.0,2.0,1.0,10577.0,8786.0,109084.0,16440.0,15894493.0,1.0
8882,1.0,2.4347563200652785e+18,21173726.0,29273.0,2.0,2.0,9.0,1928.0,98.0,69.0,248238.0,0.0
8883,1.0,1.3509048733764864e+19,21167428.0,35453.0,2.0,1.0,3519539.0,539201.0,1478594.0,1326812.0,149952.0,1.0
8884,1.0,1.0640182881678926e+19,21796546.0,37709.0,2.0,1.0,265.0,90.0,2331.0,3059.0,1571426.0,1.0
8885,3.0,9.991057275835721e+17,20389220.0,30428.0,2.0,2.0,11353609.0,63044.0,125910.0,109475.0,0.0,0.0
8886,1.0,3.0469200019512883e+18,20928811.0,15492.0,1.0,1.0,121484.0,8774.0,18328.0,22728.0,869421.0,0.0
8887,2.0,1.4340390157469403e+19,20644045.0,23808.0,1.0,1.0,97.0,2.0,1.0,3.0,11094756.0,0.0
8888,1.0,1.7363854844105064e+19,20017073.0,23798.0,1.0,1.0,84376.0,14401.0,4.0,1062.0,16653349.0,0.0
8889,17.0,1.4340390157469403e+19,3061964.0,23777.0,1.0,1.0,112397.0,50981.0,57747.0,52161.0,0.0,1.0
8890,1.0,1.844094316957687e+19,21020310.0,35391.0,2.0,2.0,1362132.0,4387.0,15610.0,24025.0,259533.0,1.0
8891,12.0,4.2981186814246446e+18,3022967.0,385.0,1.0,1.0,278379.0,116547.0,229259.0,191593.0,0.0,1.0
8892,2.0,1.3090221289647714e+19,20174982.0,23795.0,1.0,1.0,3844.0,2145.0,3.0,7.0,1079797.0,1.0
8893,1.0,1.4529097671279172e+19,21111807.0,11054.0,2.0,2.0,27920.0,35537.0,472399.0,16197.0,6521742.0,1.0
8894,1.0,1.0726002060893145e+19,20036537.0,23800.0,2.0,2.0,4.0,3897.0,3459.0,3365.0,2351024.0,0.0
8895,1.0,1.204279713390283e+19,20745291.0,18911.0,2.0,2.0,10637.0,18670.0,211068.0,199319.0,14696866.0,0.0
8896,1.0,5.968123254012495e+18,21328819.0,36593.0,2.0,2.0,223308.0,9391.0,460204.0,75242.0,0.0,0.0
8897,1.0,1.0123778622809717e+19,20937642.0,35113.0,2.0,2.0,12921180.0,14098.0,22417.0,26374.0,0.0,0.0
8898,1.0,2.6928596198512824e+18,21739270.0,2051.0,2.0,2.0,337668.0,239765.0,407825.0,333549.0,3774719.0,1.0
8899,1.0,1.205787899908646e+19,20163493.0,27961.0,1.0,1.0,5368.0,9126.0,8855.0,9532.0,19736633.0,0.0
8900,1.0,6.863635524611464e+18,21326278.0,13165.0,2.0,1.0,12483369.0,13553.0,1545678.0,1224279.0,355998.0,1.0
8901,1.0,1.205787899908646e+19,20185716.0,27961.0,1.0,1.0,20386439.0,3477.0,24552.0,25745.0,5400720.0,1.0
8902,1.0,1.7955036552515064e+19,20588315.0,33793.0,2.0,2.0,12577034.0,14329.0,22668.0,293.0,4958547.0,1.0
8903,2.0,5.345544339361683e+18,5858719.0,23796.0,1.0,1.0,75.0,179.0,6.0,12.0,9175447.0,1.0
8904,1.0,3.163997420314436e+18,21445704.0,26288.0,2.0,1.0,471430.0,10648.0,195654.0,189881.0,2472001.0,0.0
8905,1.0,1.821158615517999e+19,22084644.0,38430.0,3.0,1.0,1621077.0,10677.0,39298.0,36129.0,0.0,0.0
8906,1.0,1.6976068836763242e+19,20158522.0,27543.0,3.0,1.0,8.0,15.0,2282.0,2929.0,2716169.0,1.0
8907,1.0,1.4340390157469403e+19,6434934.0,23777.0,2.0,2.0,97.0,14.0,10.0,17.0,8785005.0,0.0
8908,1.0,1.205787899908646e+19,20157182.0,27961.0,2.0,2.0,713810.0,6763.0,5674.0,6838.0,720928.0,1.0
8909,1.0,8.959172645005117e+18,20000588.0,28815.0,2.0,2.0,673.0,1825.0,19851.0,19099.0,3663549.0,0.0
8910,1.0,1.205787899908646e+19,20164270.0,27961.0,1.0,1.0,20131766.0,7193.0,20427.0,1173.0,156898.0,1.0
8911,1.0,2.4127717961104635e+18,20067144.0,23781.0,1.0,1.0,9074918.0,826.0,8.0,1.0,22313318.0,0.0
8912,1.0,1.5294836932684972e+19,21385393.0,36841.0,1.0,1.0,11990.0,664.0,1433.0,1623.0,5066295.0,1.0
8913,1.0,1.2746032365649443e+19,20745089.0,7122.0,2.0,2.0,9611932.0,415564.0,3008929.0,4498.0,1195221.0,0.0
8914,1.0,4.81819117860586e+18,21163067.0,16334.0,1.0,1.0,20128425.0,34760.0,308263.0,10323.0,137849.0,1.0
8915,1.0,3.882914294452067e+18,20668521.0,854.0,3.0,1.0,4441978.0,360124.0,1112897.0,1042277.0,0.0,1.0
8916,1.0,2.588592600959956e+17,20906925.0,33730.0,3.0,2.0,2130422.0,6397.0,219219.0,23263.0,0.0,0.0
8917,1.0,1.205787899908646e+19,20180229.0,27961.0,3.0,3.0,3558403.0,79576.0,116960.0,7076.0,0.0,0.0
8918,1.0,1.804011248540576e+19,20908196.0,35088.0,3.0,2.0,0.0,0.0,43.0,50.0,3245183.0,0.0
8919,1.0,8.996684994538155e+18,21102915.0,35565.0,3.0,2.0,808.0,57861.0,456202.0,1574.0,5805893.0,0.0
8920,2.0,8.119057108691817e+18,20876635.0,34760.0,1.0,1.0,355.0,199.0,34.0,40.0,3264736.0,1.0
8921,1.0,3.6368413506020045e+18,7156403.0,27834.0,2.0,2.0,23102.0,52960.0,451633.0,405281.0,0.0,1.0
8922,1.0,1.4531867648059392e+19,3831793.0,27486.0,2.0,1.0,189712.0,1936.0,4557.0,59.0,14750498.0,1.0
8923,1.0,7.903914528320191e+18,21162250.0,1325.0,2.0,1.0,1569496.0,937.0,3379.0,45.0,2259572.0,1.0
8924,1.0,1.205787899908646e+19,20157287.0,27961.0,1.0,1.0,1420.0,737.0,645.0,1013.0,18643378.0,0.0
8925,6.0,1.205787899908646e+19,20163506.0,27961.0,1.0,1.0,10293946.0,4271.0,3939.0,371.0,0.0,0.0
8926,1.0,1.3416878294870458e+19,3066490.0,23786.0,1.0,1.0,889.0,375.0,246.0,115.0,493454.0,1.0
8927,1.0,7.903914528320191e+18,21162526.0,1325.0,2.0,1.0,15.0,10.0,24.0,25.0,7767618.0,1.0
8928,1.0,1.1917487537150255e+19,20926307.0,35130.0,1.0,1.0,7739.0,1920.0,48904.0,31066.0,7101631.0,1.0
8929,1.0,5.682626121972238e+18,20436310.0,8614.0,2.0,1.0,8.0,2238.0,15604.0,15211.0,11299609.0,1.0
8930,1.0,3.90610140103065e+17,3497297.0,7654.0,2.0,2.0,64629.0,24732.0,3521.0,167639.0,238584.0,0.0
8931,1.0,7.958624673118176e+18,21494836.0,37328.0,3.0,1.0,8533928.0,9763.0,33447.0,31135.0,983915.0,0.0
8932,1.0,9.033078002288171e+18,4360415.0,8398.0,2.0,2.0,1553285.0,4199.0,33854.0,30773.0,14843720.0,0.0
8933,1.0,5.589649412465737e+18,20950658.0,35067.0,1.0,1.0,84673.0,215136.0,493457.0,42.0,5934369.0,1.0
8934,1.0,1.1224837446143162e+19,21155467.0,35777.0,2.0,2.0,3988761.0,24051.0,432087.0,365904.0,392641.0,1.0
8935,1.0,1.025809645081812e+19,21324832.0,16357.0,2.0,1.0,9391811.0,8801.0,13029.0,13990.0,767990.0,0.0
8936,1.0,4.307695610000461e+18,21263378.0,35824.0,2.0,2.0,452787.0,4158.0,6480.0,4424.0,0.0,0.0
8937,5.0,1.3416878294870458e+19,3066490.0,23786.0,1.0,1.0,477.0,314.0,207.0,115.0,115472.0,1.0
8938,2.0,1.3756257544627677e+19,8350717.0,24035.0,2.0,1.0,2090.0,5970.0,61938.0,80754.0,329663.0,1.0
8939,1.0,1.205787899908646e+19,20192676.0,27961.0,1.0,1.0,13186.0,1502.0,4203.0,10641.0,20216322.0,0.0
8940,1.0,1.595507548723284e+18,20187595.0,24362.0,2.0,1.0,155.0,420.0,560.0,265.0,3144655.0,1.0
8941,1.0,4.998895501216811e+18,20712797.0,34453.0,2.0,2.0,3125441.0,50.0,1127.0,287.0,0.0,1.0
8942,1.0,2.309618558691631e+18,21895707.0,37845.0,2.0,1.0,475570.0,408285.0,2014729.0,1588637.0,327942.0,1.0
8943,1.0,1.6912683480419517e+18,20063771.0,27264.0,2.0,1.0,3264661.0,38871.0,1040394.0,812064.0,1522392.0,0.0
8944,2.0,5.595272222788565e+18,21944914.0,38058.0,2.0,1.0,164429.0,42150.0,940597.0,4305.0,0.0,0.0
8945,113.0,1.4340390157469403e+19,9027437.0,23808.0,1.0,1.0,65272.0,19.0,20.0,20.0,0.0,1.0
8946,1.0,2.0021430589649848e+18,20188693.0,24124.0,2.0,1.0,377.0,1242.0,384.0,255.0,7804.0,0.0
8947,1.0,7.903914528320191e+18,21162421.0,1325.0,2.0,1.0,4137.0,17922.0,33147.0,35285.0,9596263.0,1.0
8948,1.0,2.587170936388203e+18,21162566.0,508.0,2.0,1.0,14450460.0,118560.0,982425.0,1073038.0,0.0,1.0
8949,1.0,5.345544339361683e+18,5858813.0,23796.0,2.0,2.0,12001882.0,31080.0,6.0,12.0,0.0,0.0
8950,2.0,5.120683440510468e+18,8676724.0,1268.0,2.0,2.0,103685.0,40.0,45.0,13.0,615122.0,1.0
8951,1.0,1.7299638493773875e+18,20882079.0,23637.0,2.0,2.0,1.0,659.0,2595.0,185.0,3402966.0,0.0
8952,1.0,1.205787899908646e+19,20159165.0,27961.0,1.0,1.0,894.0,2591.0,1738.0,1903.0,22402904.0,0.0
8953,1.0,2.3999248361775816e+18,21425913.0,36651.0,2.0,2.0,13966770.0,2626.0,4255.0,4613.0,15014679.0,0.0
8954,2.0,1.8045561712109976e+19,8675499.0,20075.0,1.0,1.0,11124.0,2075.0,8628.0,9680.0,6037254.0,0.0
8955,1.0,1.0727458189690622e+19,21163533.0,7374.0,2.0,2.0,4003.0,3625.0,24736.0,6097.0,4583971.0,1.0
8956,6.0,9.685311741858013e+18,4165534.0,1969.0,3.0,3.0,2872.0,4320.0,170948.0,149595.0,314926.0,1.0
8957,2.0,1.6425751361303523e+19,20659788.0,34074.0,2.0,2.0,38.0,717.0,4729.0,377.0,46557.0,1.0
8958,1.0,8.363781040394014e+18,10959866.0,23806.0,3.0,1.0,102.0,702.0,37.0,46.0,993717.0,1.0
8959,6.0,4.315874376678009e+17,21913307.0,37462.0,3.0,3.0,1916.0,516.0,137326.0,217557.0,0.0,1.0
8960,1.0,8.390751886332699e+18,20870006.0,854.0,3.0,1.0,527.0,41.0,8221.0,10925.0,11017617.0,0.0
8961,1.0,1.205787899908646e+19,20192676.0,27961.0,2.0,2.0,4629562.0,4437.0,15128.0,16456.0,609765.0,1.0
8962,1.0,4.307695610000461e+18,21205135.0,35824.0,2.0,1.0,8879848.0,9112.0,97464.0,60001.0,558421.0,1.0
8963,3.0,1.0978350036530215e+19,7815803.0,27514.0,1.0,1.0,17777601.0,978844.0,2883305.0,17456.0,2170366.0,1.0
8964,2.0,9.621865444227486e+18,4426348.0,10566.0,2.0,1.0,1745445.0,15941.0,19745.0,16646.0,0.0,0.0
8965,1.0,7.903914528320191e+18,20869505.0,2010.0,1.0,1.0,4316046.0,110.0,267.0,85.0,2741218.0,0.0
8966,2.0,1.6863939298234616e+19,4257531.0,8735.0,2.0,2.0,273153.0,318828.0,1030102.0,881900.0,985080.0,1.0
8967,1.0,8.190035805466651e+18,10398838.0,29430.0,2.0,1.0,100.0,246.0,2208.0,3192.0,4615719.0,1.0
8968,18.0,1.3384857948156529e+18,20802253.0,33931.0,3.0,3.0,1520.0,14212.0,24836.0,6553.0,0.0,1.0
8969,1.0,1.5145480155589095e+19,21954094.0,23807.0,3.0,1.0,317.0,656.0,7936.0,8093.0,135277.0,1.0
8970,1.0,1.205787899908646e+19,20223016.0,27961.0,2.0,2.0,1955993.0,4391.0,3265.0,3685.0,111564.0,0.0
8971,1.0,7.165648140354612e+18,1845631.0,22003.0,1.0,1.0,2607078.0,6844.0,55115.0,49991.0,0.0,0.0
8972,1.0,5.410547229158581e+18,6456925.0,24173.0,1.0,1.0,72525.0,89517.0,77.0,102.0,20464693.0,0.0
8973,1.0,4.2981186814246446e+18,7651008.0,385.0,3.0,2.0,22393.0,36333.0,37488.0,574.0,1190347.0,1.0
8974,1.0,2.0021430589649848e+18,20898033.0,24124.0,3.0,1.0,1237.0,144.0,7046.0,5330.0,10788505.0,1.0
8975,1.0,1.3384857948156529e+18,20802278.0,33931.0,3.0,2.0,13730.0,518.0,3116.0,7482.0,998429.0,0.0
8976,1.0,2.039620248402007e+18,22118810.0,34292.0,3.0,1.0,4.0,89.0,924.0,1098.0,4308679.0,0.0
8977,1.0,1.4399505795670258e+19,2911720.0,23778.0,2.0,1.0,305.0,37.0,81.0,107.0,13794833.0,1.0
8978,1.0,1.205787899908646e+19,20170556.0,27961.0,1.0,1.0,61.0,64.0,184.0,334.0,8011461.0,0.0
8979,1.0,4.2981186814246446e+18,3701038.0,385.0,1.0,1.0,1223260.0,98393.0,349300.0,289928.0,18657086.0,1.0
8980,1.0,1.4340390157469403e+19,10403113.0,23808.0,2.0,2.0,135964.0,6630.0,1979.0,2209.0,7569450.0,1.0
8981,1.0,1.4340390157469403e+19,9027130.0,23808.0,2.0,1.0,1067028.0,379.0,89.0,106.0,0.0,0.0
8982,1.0,1.3756257544627677e+19,9222738.0,24354.0,2.0,1.0,1165990.0,729157.0,15442.0,30989.0,3340232.0,1.0
8983,1.0,1.3416878294870458e+19,3066490.0,23786.0,1.0,1.0,6923.0,375.0,246.0,115.0,17063566.0,1.0
8984,1.0,1.2766829707953836e+19,20880592.0,13662.0,2.0,2.0,1196.0,404.0,2672.0,1460.0,2069778.0,0.0
8985,1.0,1.748941537782189e+19,22120858.0,18509.0,3.0,3.0,4771111.0,44068.0,555629.0,33228.0,51678.0,0.0
8986,1.0,1.6176432825348782e+19,20600717.0,33782.0,3.0,3.0,171358.0,7043.0,14812.0,16498.0,1041433.0,0.0
8987,4.0,1.3756257544627677e+19,8350705.0,24035.0,1.0,1.0,212.0,594.0,66813.0,11419.0,3909302.0,1.0
8988,1.0,1.7962103236755943e+19,20562319.0,12248.0,1.0,1.0,1703490.0,22725.0,36389.0,33739.0,22194598.0,1.0
8989,1.0,3.010475069228332e+18,21259990.0,35824.0,2.0,2.0,10656.0,9625.0,18540.0,9079.0,858393.0,1.0
8990,1.0,1.2462462009066863e+19,10404893.0,29815.0,1.0,1.0,38073.0,15120.0,32932.0,32224.0,656192.0,0.0
8991,1.0,9.740463035797752e+18,21423242.0,11536.0,3.0,1.0,13306.0,56.0,153472.0,131690.0,3529204.0,1.0
8992,1.0,8.265651261671431e+18,20326404.0,16822.0,2.0,2.0,7040.0,8159.0,33746.0,34736.0,1289929.0,0.0
8993,1.0,7.703279069701543e+18,21299650.0,4983.0,1.0,1.0,22980.0,25696.0,25556.0,28209.0,1148546.0,1.0
8994,1.0,8.851695074415864e+18,20051167.0,29466.0,2.0,2.0,3747.0,115704.0,315391.0,302412.0,5564470.0,0.0
8995,1.0,1.034946865176566e+19,21522776.0,37422.0,3.0,1.0,0.0,0.0,25.0,4.0,2354821.0,0.0
8996,1.0,9.87551698526654e+18,20084885.0,32125.0,1.0,1.0,24495145.0,135354.0,360927.0,294268.0,283699.0,0.0
8997,1.0,1.0198164876074803e+19,21345986.0,36640.0,1.0,1.0,1293592.0,1974.0,1136.0,1341.0,0.0,0.0
8998,1.0,1.212329446591956e+19,6826779.0,10805.0,2.0,1.0,1731.0,6850.0,30968.0,86801.0,13226444.0,1.0
8999,1.0,1.3311343438192927e+19,3806502.0,23791.0,2.0,1.0,451.0,24.0,31.0,33.0,16470051.0,0.0
9000,1.0,1.4340390157469403e+19,3529626.0,23777.0,3.0,3.0,1943719.0,9548.0,253427.0,211717.0,2216196.0,0.0
9001,1.0,1.5859647530187389e+19,4285938.0,23778.0,3.0,2.0,11.0,8.0,19.0,83.0,4813432.0,0.0
9002,1.0,2.987457312022362e+18,1192713.0,2850.0,2.0,1.0,10168721.0,121.0,100.0,149.0,0.0,0.0
9003,1.0,8.335105002517451e+18,20589087.0,33524.0,2.0,2.0,15846733.0,284532.0,1479.0,1455.0,19848.0,0.0
9004,2.0,1.4531867648059392e+19,3834142.0,27485.0,2.0,1.0,2.0,8.0,28.0,74.0,14921324.0,1.0
9005,2.0,1.5015549564813197e+19,21302095.0,28695.0,2.0,2.0,2186114.0,9102.0,847848.0,679783.0,0.0,0.0
9006,1.0,4.969291200346086e+18,1544201.0,3383.0,3.0,3.0,1479394.0,912.0,20511.0,20437.0,0.0,0.0
9007,1.0,2.4127717961104635e+18,20066502.0,23781.0,1.0,1.0,3099.0,28999.0,8.0,1.0,5828520.0,0.0
9008,1.0,3.163997420314436e+18,7409293.0,26288.0,2.0,1.0,21106.0,30146.0,49796.0,53580.0,6992288.0,1.0
9009,1.0,1.2440971204951276e+19,21317614.0,36521.0,1.0,1.0,7461.0,3022.0,325046.0,3822.0,3676647.0,0.0
9010,1.0,1.3416878294870458e+19,3066490.0,23786.0,1.0,1.0,477.0,314.0,207.0,115.0,18492066.0,1.0
9011,2.0,1.4340390157469403e+19,20643970.0,23808.0,2.0,1.0,38.0,20.0,9.0,9.0,2092914.0,1.0
9012,1.0,5.851252814446936e+18,10436568.0,28698.0,2.0,2.0,409619.0,550441.0,7226.0,7162.0,13683.0,0.0
9013,1.0,1.734180435361551e+19,20387275.0,30213.0,1.0,1.0,2492.0,5109.0,3887.0,159.0,117336.0,1.0
9014,1.0,1.3438413709324681e+19,20493519.0,24039.0,2.0,2.0,284638.0,11460.0,72634.0,216058.0,0.0,0.0
9015,1.0,1.4531867648059392e+19,21778912.0,27482.0,1.0,1.0,993310.0,139889.0,213361.0,6.0,3871775.0,1.0
9016,1.0,1.5145480155589095e+19,20888755.0,23807.0,2.0,1.0,39.0,214.0,5.0,11.0,5386090.0,0.0
9017,4.0,1.205787899908646e+19,20146672.0,27961.0,3.0,2.0,90963.0,68972.0,216767.0,188291.0,0.0,1.0
9018,1.0,7.903914528320191e+18,21162438.0,1325.0,2.0,1.0,422.0,1408.0,3744.0,4734.0,16044539.0,1.0
9019,1.0,1.786307663410218e+19,21964999.0,37908.0,2.0,1.0,65496.0,21066.0,436675.0,890291.0,0.0,1.0
9020,2.0,1.4531867648059392e+19,21774922.0,27482.0,1.0,1.0,3040998.0,323264.0,675141.0,6.0,13958896.0,1.0
9021,1.0,8.99455707050858e+18,20030150.0,23799.0,3.0,2.0,5.0,1.0,15.0,19.0,8589858.0,0.0
9022,1.0,2.137528403495601e+18,20218301.0,23801.0,2.0,2.0,4.0,7.0,48.0,58.0,6681008.0,0.0
9023,1.0,5.851252814446936e+18,20135770.0,28698.0,2.0,2.0,11782288.0,129.0,1551.0,3760.0,0.0,0.0
9024,1.0,1.3359361103803858e+18,20599612.0,33847.0,2.0,1.0,9631938.0,39420.0,231590.0,193359.0,6734647.0,1.0
9025,1.0,1.2440971204951276e+19,21317622.0,36521.0,1.0,1.0,18144573.0,196689.0,603603.0,1045.0,21273883.0,0.0
9026,4.0,9.991057275835721e+17,20346204.0,30428.0,1.0,1.0,434147.0,131113.0,251164.0,209114.0,0.0,1.0
9027,1.0,5.93057146231575e+18,8113879.0,10986.0,2.0,2.0,9484.0,17292.0,72642.0,1952.0,16816299.0,0.0
9028,2.0,1.0347602935615345e+19,21112718.0,35545.0,2.0,1.0,3111339.0,26102.0,58134.0,53203.0,264559.0,0.0
9029,1.0,1.205787899908646e+19,20174690.0,27961.0,2.0,1.0,1659161.0,48388.0,102934.0,115082.0,1442224.0,0.0
9030,1.0,8.574853828524688e+18,21811195.0,37707.0,3.0,1.0,97383.0,52260.0,704701.0,3623.0,473295.0,1.0
9031,1.0,1.4488942413771088e+19,21301776.0,21066.0,2.0,1.0,8063.0,25387.0,139983.0,1346.0,7540583.0,1.0
9032,1.0,1.205787899908646e+19,20159193.0,27961.0,2.0,2.0,6620971.0,3448.0,98000.0,92153.0,0.0,0.0
9033,1.0,1.7098929400388776e+19,5000361.0,4985.0,3.0,2.0,2099899.0,156584.0,1565147.0,75677.0,0.0,0.0
9034,1.0,1.750659298523548e+19,20701458.0,34319.0,3.0,2.0,3277398.0,2244.0,21604.0,2842.0,0.0,1.0
9035,1.0,1.205787899908646e+19,20222843.0,27961.0,2.0,1.0,1495.0,517.0,986.0,1208.0,423104.0,1.0
9036,1.0,5.433192684383794e+18,21354450.0,36735.0,2.0,2.0,36479.0,1125.0,1584.0,1855.0,0.0,0.0
9037,1.0,2.2984448611235232e+17,21300847.0,13291.0,2.0,2.0,39105.0,7487.0,351431.0,289077.0,0.0,0.0
9038,1.0,1.3311343438192927e+19,3806502.0,23791.0,1.0,1.0,41.0,24.0,31.0,33.0,13264918.0,1.0
9039,1.0,1.4340390157469403e+19,6435169.0,23777.0,2.0,1.0,3386978.0,1328.0,1801.0,2356.0,295882.0,1.0
9040,2.0,1.4340390157469403e+19,9027103.0,23808.0,3.0,3.0,11.0,96.0,129.0,184.0,3221191.0,0.0
9041,1.0,1.6716330505220809e+19,21223739.0,14103.0,1.0,1.0,1443468.0,3175.0,134964.0,200597.0,0.0,1.0
9042,1.0,1.4779372599199648e+19,20601278.0,2494.0,2.0,1.0,7700.0,19001.0,275308.0,1729.0,11025920.0,0.0
9043,1.0,1.205787899908646e+19,20192903.0,27961.0,2.0,2.0,2286865.0,2.0,82.0,272.0,5150466.0,1.0
9044,1.0,9.04998585025999e+18,10278042.0,19512.0,2.0,1.0,3935188.0,1642.0,88784.0,68640.0,0.0,0.0
9045,1.0,2.8681394733720504e+18,21551412.0,37470.0,3.0,3.0,269.0,59.0,5206.0,1566.0,4765934.0,1.0
9046,2.0,1.205787899908646e+19,20157348.0,27961.0,2.0,2.0,1788247.0,86977.0,186996.0,18404.0,0.0,0.0
9047,1.0,7.024906491627511e+18,22104648.0,38563.0,3.0,1.0,7741.0,3320.0,132315.0,111.0,4850428.0,1.0
9048,1.0,1.034946865176566e+19,21522776.0,37422.0,3.0,1.0,0.0,0.0,12.0,4.0,2087521.0,0.0
9049,1.0,3.6553492227072046e+18,21155714.0,34915.0,2.0,1.0,6144822.0,16709.0,14067.0,10704.0,1939407.0,0.0
9050,1.0,1.4340390157469403e+19,3057543.0,23777.0,3.0,2.0,27698.0,4614.0,31025.0,29018.0,1402746.0,0.0
9051,1.0,1.4340390157469403e+19,21360098.0,23777.0,2.0,2.0,11.0,8.0,302.0,211.0,103127.0,0.0
9052,5.0,1.1627567248264462e+19,20425227.0,82.0,1.0,1.0,337.0,136.0,87.0,116.0,102649.0,0.0
9053,1.0,7.903914528320191e+18,21162433.0,1325.0,2.0,2.0,2457.0,8883.0,27850.0,29956.0,10165532.0,1.0
9054,1.0,6.277922971603156e+18,3012426.0,578.0,1.0,1.0,610084.0,7900.0,14179.0,13919.0,0.0,0.0
9055,1.0,6.481596396038808e+18,3503670.0,6240.0,1.0,1.0,4292411.0,19549.0,62119.0,776.0,0.0,0.0
9056,1.0,1.5212962959160992e+19,4380515.0,10423.0,1.0,1.0,3116.0,2504.0,1746.0,1606.0,21973598.0,1.0
9057,7.0,4.192533441706128e+18,21314181.0,2533.0,2.0,1.0,30719.0,41420.0,229103.0,272514.0,0.0,1.0
9058,1.0,5.103335732153791e+18,10405659.0,29900.0,2.0,1.0,78912.0,33.0,23.0,26.0,12482703.0,0.0
9059,1.0,1.747484747591359e+19,21714132.0,37448.0,2.0,2.0,51.0,31.0,3242.0,384.0,1930507.0,0.0
9060,1.0,1.1150235265387772e+18,21835562.0,37480.0,2.0,2.0,36090.0,32786.0,110642.0,48329.0,10250292.0,0.0
9061,1.0,2.3999248361775816e+18,21441261.0,36651.0,1.0,1.0,17606385.0,12715.0,30219.0,28305.0,122782.0,0.0
9062,1.0,1.205787899908646e+19,20157587.0,27961.0,3.0,3.0,0.0,0.0,49.0,60.0,10041258.0,0.0
9063,1.0,7.903914528320191e+18,21162433.0,1325.0,2.0,2.0,2457.0,8883.0,24905.0,26501.0,5799675.0,0.0
9064,1.0,1.4340390157469403e+19,21163923.0,23808.0,3.0,2.0,1528.0,2890.0,7707.0,34.0,11112089.0,0.0
9065,1.0,1.8425200088803072e+19,20033128.0,23790.0,1.0,1.0,389868.0,7628.0,27.0,29.0,3937279.0,1.0
9066,1.0,1.4340390157469403e+19,9027213.0,23808.0,1.0,1.0,1.0,1.0,0.0,0.0,384773.0,0.0
9067,1.0,3.163997420314436e+18,21445789.0,26288.0,2.0,1.0,2936005.0,29642.0,68161.0,61082.0,100786.0,1.0
9068,1.0,1.1945892960680018e+19,1987135.0,23869.0,1.0,1.0,16834437.0,1273.0,29724.0,29067.0,1702625.0,1.0
9069,1.0,6.307948745553123e+18,20174817.0,29918.0,2.0,2.0,665139.0,386558.0,3225939.0,2524389.0,1015831.0,1.0
9070,1.0,1.4804203087814568e+19,21372409.0,36803.0,3.0,3.0,824229.0,26939.0,1174.0,5465.0,0.0,0.0
9071,1.0,1.2012218713126756e+19,21247939.0,36292.0,2.0,2.0,4307.0,9846.0,379851.0,215597.0,3882223.0,1.0
9072,1.0,1.2837504198869455e+19,20562551.0,30627.0,3.0,1.0,186660.0,64837.0,3367459.0,2638121.0,2547812.0,1.0
9073,1.0,1.5035050159530062e+19,10398837.0,29498.0,1.0,1.0,8860733.0,360563.0,778420.0,2029.0,629802.0,1.0
9074,1.0,1.2310323414299814e+19,22005081.0,879.0,3.0,1.0,78045.0,3852.0,45837.0,42066.0,1069745.0,1.0
9075,1.0,6.642511376176152e+18,21067844.0,35152.0,1.0,1.0,19154350.0,57285.0,426263.0,349772.0,801673.0,1.0
9076,1.0,2.4347563200652785e+18,20035843.0,29273.0,2.0,2.0,57573.0,73.0,104.0,91.0,633050.0,0.0
9077,1.0,1.205787899908646e+19,20224662.0,27961.0,2.0,2.0,179332.0,66144.0,848935.0,747990.0,29672.0,0.0
9078,1.0,1.6053052071266732e+19,4407022.0,11079.0,1.0,1.0,5707.0,19443.0,75148.0,71834.0,22069082.0,1.0
9079,1.0,9.004035880665279e+18,20595493.0,33800.0,2.0,1.0,62459.0,65655.0,145076.0,141911.0,4946664.0,1.0
9080,1.0,7.464219997157176e+18,21342481.0,36655.0,2.0,2.0,12285.0,4656.0,265775.0,221550.0,0.0,0.0
9081,1.0,9.806838428950888e+18,21811756.0,37737.0,2.0,2.0,5385.0,15507.0,20315.0,30210.0,1686646.0,0.0
9082,1.0,9.806838428950888e+18,21811758.0,37737.0,3.0,1.0,184.0,291.0,345.0,1400.0,6058309.0,0.0
9083,1.0,3.7306253281194304e+17,3827183.0,23792.0,2.0,2.0,3665363.0,5348.0,61.0,77.0,381467.0,0.0
9084,1.0,1.4340390157469403e+19,3109716.0,23777.0,1.0,1.0,22681583.0,79291.0,191590.0,162375.0,441261.0,0.0
9085,1.0,1.6845290456202353e+19,4220603.0,22225.0,2.0,1.0,40600.0,25359.0,327933.0,291997.0,82262.0,0.0
9086,1.0,5.397391604378692e+18,22097555.0,38513.0,3.0,3.0,11819.0,45360.0,7853.0,345534.0,35402.0,0.0
9087,1.0,3.583186794558268e+18,21402177.0,36906.0,2.0,1.0,937.0,2671.0,4604.0,16353.0,1023131.0,0.0
9088,2.0,1.802732184055217e+19,21963786.0,38202.0,2.0,2.0,8920.0,19587.0,44464.0,61339.0,1118391.0,0.0
9089,1.0,5.07990106805139e+18,7642383.0,25928.0,2.0,2.0,373793.0,91676.0,167099.0,16115.0,0.0,1.0
9090,1.0,1.578511299927674e+19,20908196.0,35088.0,1.0,1.0,21640693.0,212973.0,1318102.0,1046068.0,0.0,1.0
9091,1.0,1.4340390157469403e+19,10403513.0,23808.0,2.0,1.0,13590.0,4799.0,2884.0,3153.0,2270095.0,1.0
9092,1.0,1.4098105390627344e+17,21341496.0,29276.0,1.0,1.0,5370892.0,159604.0,628421.0,507708.0,0.0,0.0
9093,1.0,3.7330677759269975e+18,22139766.0,38636.0,3.0,2.0,5761.0,1719.0,36634.0,7967.0,8359423.0,0.0
9094,1.0,4.876702067173951e+17,20502040.0,24027.0,2.0,2.0,11360984.0,23466.0,65329.0,71722.0,915703.0,0.0
9095,1.0,7.91862084340181e+18,20505178.0,13396.0,2.0,2.0,158666.0,50935.0,309212.0,255856.0,400063.0,0.0
9096,1.0,1.6709405790339167e+18,20330638.0,33157.0,3.0,3.0,7550534.0,1002.0,183353.0,92.0,365987.0,0.0
9097,1.0,1.5145480155589095e+19,21927077.0,23807.0,1.0,1.0,2.0,11.0,66.0,86.0,912432.0,0.0
9098,1.0,1.2175306845474429e+19,21888809.0,37580.0,2.0,1.0,217111.0,1112.0,18450.0,7231.0,2278721.0,0.0
9099,7.0,1.205787899908646e+19,20192651.0,27961.0,2.0,2.0,34151.0,21180.0,27095.0,30213.0,0.0,1.0
9100,2.0,4.2981186814246446e+18,8209258.0,385.0,2.0,2.0,1294683.0,12105.0,11170.0,1420.0,6917.0,0.0
9101,1.0,5.694962621524833e+18,20687334.0,5550.0,3.0,3.0,96083.0,1260.0,240009.0,7719.0,2907667.0,1.0
9102,1.0,5.07990106805139e+18,7611142.0,25928.0,2.0,1.0,10430797.0,71409.0,119674.0,133315.0,1595508.0,0.0
9103,1.0,5.851252814446936e+18,20282373.0,28698.0,2.0,2.0,17839.0,7302.0,481521.0,526899.0,0.0,1.0
9104,8.0,1.205787899908646e+19,20164307.0,27961.0,2.0,1.0,24676.0,2200.0,3968.0,4974.0,0.0,1.0
9105,1.0,1.7299638493773875e+18,9584155.0,23637.0,2.0,1.0,694368.0,5166.0,166.0,112.0,2835373.0,0.0
9106,1.0,9.972542528734929e+18,21944529.0,38141.0,3.0,3.0,7149923.0,3288.0,32378.0,30143.0,3856.0,0.0
9107,1.0,2.6419141624929644e+18,21101359.0,24298.0,2.0,2.0,144838.0,39978.0,310279.0,256857.0,284311.0,0.0
9108,1.0,1.4340390157469403e+19,9027213.0,23808.0,2.0,1.0,1.0,1.0,0.0,0.0,12855050.0,1.0
9109,1.0,9.904543645510777e+18,20878101.0,26608.0,2.0,1.0,1311103.0,67504.0,174556.0,156722.0,296628.0,0.0
9110,1.0,7.903914528320191e+18,21372569.0,2010.0,2.0,1.0,393513.0,2757.0,27316.0,29478.0,297963.0,1.0
9111,1.0,1.4340390157469403e+19,3063587.0,23777.0,2.0,1.0,905563.0,478078.0,1281598.0,1003838.0,287242.0,1.0
9112,2.0,1.5889052232801778e+19,3138472.0,7570.0,3.0,1.0,2277.0,4054.0,823.0,33658.0,48028.0,1.0
9113,2.0,9.004035880665279e+18,20595493.0,33800.0,1.0,1.0,1589.0,8553.0,10756.0,12285.0,14637113.0,0.0
9114,1.0,1.157123341427795e+19,21259427.0,12085.0,2.0,2.0,327041.0,3417.0,13810.0,15131.0,494506.0,0.0
9115,4.0,1.2234691126779326e+19,2771960.0,1624.0,3.0,3.0,149.0,89.0,4123.0,26848.0,476791.0,1.0
9116,2.0,1.205787899908646e+19,20203750.0,27961.0,1.0,1.0,8209880.0,810.0,83.0,109.0,0.0,1.0
9117,1.0,1.6897735447496133e+19,9556458.0,14377.0,3.0,1.0,469827.0,327195.0,1812162.0,1431381.0,0.0,0.0
9118,5.0,2.470253408587162e+18,21193216.0,35900.0,1.0,1.0,1204.0,4280.0,11597.0,195.0,308464.0,0.0
9119,1.0,1.0690898138793097e+19,5789462.0,23794.0,2.0,1.0,30634.0,30278.0,514.0,745.0,783863.0,1.0
9120,1.0,1.3311343438192927e+19,3806502.0,23791.0,1.0,1.0,4093.0,24.0,31.0,33.0,5495702.0,0.0
9121,1.0,1.3068512392501383e+19,20669090.0,34173.0,3.0,3.0,3345427.0,906.0,4290.0,4649.0,0.0,1.0
9122,1.0,1.0245113888481139e+19,21102645.0,33296.0,1.0,1.0,22201.0,37316.0,563.0,742.0,2714342.0,1.0
9123,1.0,1.3416878294870458e+19,3066490.0,23786.0,1.0,1.0,314014.0,314.0,207.0,115.0,1370281.0,1.0
9124,1.0,1.6897735447496133e+19,9556458.0,14377.0,2.0,2.0,14530.0,6717.0,40773.0,5802.0,184397.0,1.0
9125,1.0,1.25092672562063e+19,21430227.0,35759.0,2.0,2.0,12443746.0,30565.0,310702.0,285029.0,0.0,0.0
9126,1.0,1.4340390157469403e+19,9027238.0,23808.0,2.0,2.0,28701.0,643.0,74.0,94.0,6138492.0,1.0
9127,1.0,1.1150235265387772e+18,21835437.0,37480.0,3.0,1.0,1521584.0,30324.0,360283.0,119419.0,104308.0,0.0
9128,1.0,1.157455241643688e+19,21391192.0,8837.0,3.0,3.0,2776943.0,536750.0,968268.0,575251.0,0.0,1.0
9129,1.0,1.205787899908646e+19,20164349.0,27961.0,1.0,1.0,99472.0,5365.0,23852.0,23737.0,609631.0,1.0
9130,3.0,9.75107224858461e+18,10937872.0,29713.0,2.0,2.0,61656.0,838.0,75471.0,67207.0,684431.0,1.0
9131,1.0,1.7644778352940085e+19,20658907.0,34056.0,2.0,2.0,286369.0,404.0,6547.0,3891.0,63090.0,0.0
9132,2.0,4.2981186814246446e+18,7650908.0,385.0,2.0,1.0,12931454.0,9919.0,7527.0,574.0,5483135.0,0.0
9133,2.0,5.345544339361683e+18,5858718.0,23796.0,2.0,1.0,35.0,478.0,6.0,12.0,15910246.0,1.0
9134,1.0,1.205787899908646e+19,22211728.0,29951.0,2.0,2.0,4435205.0,27665.0,450114.0,368013.0,191909.0,1.0
9135,1.0,1.4935607494562804e+19,20199716.0,25662.0,2.0,2.0,8670579.0,220958.0,2685393.0,266403.0,3126797.0,1.0
9136,4.0,7.251627201518253e+18,20665339.0,2011.0,2.0,1.0,380378.0,5078.0,9971.0,135.0,0.0,1.0
9137,1.0,3.0099647630329375e+18,20600270.0,2580.0,1.0,1.0,732204.0,8729.0,34112.0,18424.0,909866.0,0.0
9138,1.0,1.4340390157469403e+19,3109451.0,23777.0,2.0,1.0,48209.0,1115.0,1550.0,1816.0,166560.0,0.0
9139,1.0,1.2310323414299814e+19,22004968.0,879.0,2.0,1.0,18935.0,41.0,769.0,959.0,13776726.0,0.0
9140,1.0,1.355472531438376e+19,21293496.0,23076.0,3.0,2.0,44258.0,54471.0,538635.0,201601.0,11142.0,0.0
9141,1.0,8.99455707050858e+18,20030151.0,23799.0,2.0,1.0,9.0,409.0,15.0,19.0,916081.0,1.0
9142,1.0,3.1925620402606787e+18,20800977.0,421.0,2.0,2.0,12025057.0,7684.0,16887.0,12756.0,14265702.0,0.0
9143,1.0,1.8425200088803072e+19,20033125.0,23790.0,1.0,1.0,21538869.0,2277.0,27.0,29.0,7807478.0,0.0
9144,1.0,8.73571495012461e+18,21220009.0,9539.0,2.0,1.0,2943304.0,230988.0,723385.0,582183.0,155703.0,1.0
9145,1.0,1.797414909362351e+18,21921663.0,12871.0,2.0,1.0,158445.0,29399.0,2295988.0,2009.0,0.0,0.0
9146,1.0,4.2981186814246446e+18,10761079.0,385.0,3.0,3.0,7642279.0,18387.0,17154.0,9822.0,355898.0,1.0
9147,2.0,1.578511299927674e+19,20908196.0,35088.0,3.0,2.0,0.0,0.0,2.0,5.0,5578406.0,0.0
9148,1.0,7.903914528320191e+18,21162428.0,1325.0,2.0,2.0,466.0,1574.0,4966.0,5840.0,10484982.0,0.0
9149,2.0,1.6655045096913689e+19,21803182.0,37711.0,2.0,1.0,1149.0,836.0,17454.0,462.0,12211274.0,1.0
9150,1.0,9.034893530351337e+18,2087959.0,1384.0,2.0,1.0,1166.0,658.0,13392.0,2876.0,829629.0,0.0
9151,1.0,1.205787899908646e+19,20163505.0,27961.0,1.0,1.0,9495104.0,76.0,90.0,528.0,961502.0,0.0
9152,1.0,9.39210468452018e+18,21953027.0,38084.0,3.0,1.0,63686.0,38283.0,764639.0,110063.0,455161.0,1.0
9153,1.0,9.004035880665279e+18,20595493.0,33800.0,1.0,1.0,99128.0,25230.0,36528.0,35161.0,19718837.0,1.0
9154,1.0,7.903914528320191e+18,21162350.0,1325.0,1.0,1.0,85360.0,168.0,318.0,925.0,759436.0,0.0
9155,1.0,7.484333488664585e+18,21090281.0,34691.0,1.0,1.0,45.0,364.0,2469.0,593.0,5826211.0,0.0
9156,1.0,1.077230928844858e+19,21347270.0,34202.0,1.0,1.0,16679361.0,362.0,13924.0,27184.0,7604415.0,0.0
9157,1.0,1.3756257544627677e+19,8350708.0,24035.0,2.0,1.0,326.0,1008.0,7361.0,2090.0,337649.0,1.0
9158,1.0,9.390444283884915e+18,4249643.0,10655.0,2.0,1.0,130031.0,16398.0,32106.0,32347.0,847.0,0.0
9159,1.0,5.851252814446936e+18,20129861.0,28698.0,2.0,2.0,10700.0,7162.0,747656.0,514427.0,898686.0,1.0
9160,1.0,1.205787899908646e+19,20163506.0,27961.0,1.0,1.0,19334601.0,44.0,118.0,183.0,90238.0,0.0
9161,1.0,6.985924435961415e+18,21204622.0,36005.0,3.0,3.0,6648.0,670.0,9725.0,13942.0,10442967.0,0.0
9162,1.0,1.205787899908646e+19,20192675.0,27961.0,3.0,3.0,2272709.0,33165.0,103474.0,106028.0,0.0,0.0
9163,1.0,4.86057149942858e+18,21560619.0,37484.0,2.0,1.0,864830.0,249117.0,769513.0,1294365.0,11984342.0,1.0
9164,1.0,6.877516134389988e+18,20087116.0,2332.0,2.0,1.0,2461228.0,1790.0,41845.0,41736.0,2737933.0,0.0
9165,2.0,1.2870925896605512e+19,2750966.0,9252.0,3.0,1.0,75624.0,244476.0,1424722.0,44328.0,0.0,1.0
9166,1.0,2.6928596198512824e+18,4344041.0,2051.0,1.0,1.0,3907637.0,71.0,151.0,218.0,673082.0,1.0
9167,1.0,1.205787899908646e+19,20185489.0,27961.0,2.0,2.0,12680705.0,46.0,227.0,366.0,8940128.0,0.0
9168,1.0,1.5536745146689828e+18,20083847.0,23780.0,2.0,2.0,130465.0,271994.0,114.0,154.0,1774638.0,0.0
9169,2.0,6.539424021056515e+18,3219148.0,23777.0,2.0,1.0,10.0,54.0,57.0,72.0,135076.0,1.0
9170,1.0,1.136372424770545e+19,21096364.0,30405.0,2.0,2.0,250233.0,623.0,30256.0,28374.0,1209745.0,0.0
9171,1.0,5.851252814446936e+18,10431803.0,28698.0,3.0,2.0,46.0,77.0,4356.0,5648.0,5603697.0,0.0
9172,1.0,6.702898887727958e+18,21264551.0,2149.0,3.0,1.0,5120032.0,430.0,6153.0,7303.0,1357815.0,1.0
9173,1.0,1.0193664922076922e+19,21271088.0,20128.0,3.0,1.0,7358929.0,3896.0,75493.0,67228.0,0.0,0.0
9174,1.0,1.1624066761054958e+19,3373321.0,5962.0,2.0,2.0,494.0,1143.0,3446.0,3743.0,15524193.0,0.0
9175,1.0,3.108748477409427e+18,21167619.0,35390.0,1.0,1.0,30548.0,43240.0,6978.0,1745.0,3773849.0,1.0
9176,1.0,3.1360080402418427e+18,21945256.0,38135.0,3.0,2.0,269661.0,73187.0,2562385.0,2015129.0,2831976.0,1.0
9177,1.0,4.109622053395158e+18,20757979.0,34160.0,3.0,1.0,5003.0,498.0,11876.0,4685.0,66540.0,0.0
9178,1.0,1.5167927993406933e+19,20207781.0,781.0,1.0,1.0,66.0,71.0,3400.0,860.0,5649041.0,1.0
9179,1.0,2.4347563200652785e+18,20119862.0,29273.0,3.0,1.0,488.0,12.0,654.0,854.0,1229590.0,1.0
9180,14.0,1.205787899908646e+19,20192676.0,27961.0,2.0,1.0,3384.0,1716.0,1788.0,99.0,0.0,1.0
9181,1.0,1.5553799992741681e+19,20610574.0,16729.0,2.0,2.0,13841.0,147651.0,329500.0,26540.0,15000789.0,1.0
9182,1.0,1.0077122932051026e+19,21219880.0,2154.0,3.0,1.0,8017068.0,223390.0,1046414.0,2338.0,0.0,0.0
9183,1.0,2.6009916479816904e+18,21822282.0,37492.0,2.0,2.0,9491.0,3350.0,265.0,109864.0,4261013.0,0.0
9184,1.0,4.2981186814246446e+18,4469751.0,385.0,2.0,2.0,3810.0,25000.0,36302.0,2573.0,8025463.0,0.0
9185,2.0,1.4140300435418186e+18,21246154.0,1502.0,2.0,2.0,15.0,10.0,76.0,101.0,940678.0,0.0
9186,1.0,1.6156142406345185e+19,4247775.0,21264.0,1.0,1.0,2251635.0,15498.0,146521.0,5649.0,0.0,0.0
9187,1.0,1.4340390157469403e+19,21163925.0,23808.0,1.0,1.0,453.0,1914.0,2740.0,148.0,22192062.0,1.0
9188,1.0,5.851252814446936e+18,21477817.0,28698.0,3.0,3.0,714.0,164.0,42319.0,38901.0,224340.0,0.0
9189,1.0,8.390751886332699e+18,20869976.0,854.0,1.0,1.0,1312.0,951.0,3753.0,8472.0,14365896.0,0.0
9190,1.0,4.969291200346086e+18,1554226.0,3383.0,2.0,2.0,1347.0,661.0,25640.0,193027.0,8924206.0,0.0
9191,3.0,2.670952723278905e+18,20172874.0,23805.0,2.0,1.0,4.0,7.0,95.0,16.0,1266528.0,0.0
9192,1.0,3.011959141886622e+18,21400702.0,36898.0,3.0,3.0,4457418.0,29.0,7503.0,379.0,2207873.0,0.0
9193,1.0,9.648867668938084e+18,20713881.0,25793.0,1.0,1.0,59095.0,37064.0,624551.0,250646.0,4432102.0,1.0
9194,1.0,5.345544339361683e+18,5858717.0,23796.0,1.0,1.0,27028.0,1009.0,6.0,12.0,15803265.0,1.0
9195,1.0,1.7299638493773875e+18,9585530.0,23637.0,1.0,1.0,87021.0,78834.0,166.0,285.0,5992033.0,0.0
9196,1.0,7.251627201518253e+18,20665406.0,2011.0,2.0,2.0,9042878.0,26575.0,57034.0,254.0,1609649.0,1.0
9197,1.0,7.903914528320191e+18,21162526.0,1325.0,1.0,1.0,64.0,10.0,22.0,23.0,1040521.0,1.0
9198,1.0,7.251627201518253e+18,20665407.0,2011.0,3.0,3.0,5763637.0,1463.0,6300.0,443.0,8401121.0,0.0
9199,1.0,1.4140300435418186e+18,20208886.0,1502.0,2.0,1.0,2405670.0,2065.0,4733.0,1800.0,1615189.0,1.0
9200,1.0,1.475960458026406e+19,4467537.0,13734.0,1.0,1.0,14651.0,22101.0,5546.0,10881.0,3493909.0,1.0
9201,1.0,7.137463797046619e+18,21340445.0,36665.0,2.0,1.0,9285280.0,120096.0,666973.0,727140.0,146641.0,1.0
9202,1.0,8.265651261671431e+18,20326404.0,16822.0,2.0,1.0,20507.0,9752.0,99538.0,96954.0,2591088.0,1.0
9203,1.0,1.7492812710528236e+19,21476618.0,33740.0,2.0,1.0,7683.0,13327.0,845311.0,676823.0,4674025.0,0.0
9204,1.0,1.578511299927674e+19,20908196.0,35088.0,3.0,2.0,0.0,0.0,2.0,5.0,10639608.0,0.0
9205,1.0,5.888277431783336e+18,7955162.0,6520.0,1.0,1.0,1144.0,732.0,630.0,802.0,22016182.0,1.0
9206,1.0,1.205787899908646e+19,20163133.0,27961.0,2.0,2.0,26806.0,3397.0,223819.0,198736.0,224189.0,1.0
9207,2.0,1.4340390157469403e+19,6434934.0,23777.0,1.0,1.0,556.0,14.0,10.0,17.0,218253.0,0.0
9208,1.0,1.5989049276530887e+19,20314343.0,23824.0,3.0,1.0,19889.0,21250.0,114242.0,31.0,3187119.0,1.0
9209,1.0,7.063154296769774e+18,20418740.0,33500.0,1.0,1.0,17435947.0,37256.0,81294.0,1020.0,20712574.0,0.0
9210,1.0,1.3311343438192927e+19,3806502.0,23791.0,1.0,1.0,451.0,24.0,31.0,33.0,2419097.0,0.0
9211,2.0,1.3771105145726681e+19,21205773.0,35349.0,1.0,1.0,12407.0,1906.0,3641.0,2862.0,1089959.0,1.0
9212,1.0,1.1488754460735891e+19,21834760.0,37791.0,1.0,1.0,5323.0,25119.0,1128404.0,1874.0,19344842.0,1.0
9213,1.0,2.941589785902698e+18,21405404.0,36922.0,2.0,1.0,207454.0,5098.0,369277.0,307057.0,108018.0,1.0
9214,2.0,1.382794476600733e+19,3744072.0,1919.0,1.0,1.0,18343786.0,4657.0,8764.0,3933.0,10831900.0,1.0
9215,1.0,1.2717104224619557e+19,21367423.0,7301.0,2.0,2.0,8800.0,3991.0,29165.0,27889.0,1160406.0,1.0
9216,1.0,2.4127717961104635e+18,20067145.0,23781.0,1.0,1.0,85.0,858.0,8.0,1.0,8434824.0,1.0
9217,1.0,9.308536554124159e+18,21410899.0,36888.0,3.0,3.0,133999.0,614.0,9932.0,9985.0,1633531.0,1.0
9218,1.0,3.779653055494946e+18,20367297.0,33247.0,3.0,3.0,1001179.0,4899.0,33882.0,524.0,8985984.0,0.0
9219,1.0,1.1624066761054958e+19,3373958.0,5962.0,2.0,1.0,93109.0,5534.0,171.0,217.0,7904552.0,1.0
9220,1.0,1.4756578758696272e+19,20715825.0,3625.0,1.0,1.0,26175015.0,160776.0,364045.0,310058.0,0.0,0.0
9221,1.0,9.00808409934082e+17,21822376.0,37702.0,2.0,2.0,177.0,94.0,8526.0,8670.0,388675.0,1.0
9222,1.0,7.287404057837606e+18,4398869.0,2866.0,2.0,2.0,349373.0,10743.0,173158.0,146288.0,0.0,0.0
9223,1.0,1.1664224860161087e+19,20464484.0,33640.0,3.0,1.0,149.0,89.0,777.0,589.0,2116470.0,1.0
9224,1.0,1.205787899908646e+19,20157090.0,27961.0,1.0,1.0,5832.0,3543.0,77213.0,84283.0,20715295.0,1.0
9225,1.0,4.2981186814246446e+18,3700098.0,385.0,3.0,2.0,16235.0,10182.0,23120.0,22013.0,10633890.0,0.0
9226,1.0,7.903914528320191e+18,21135603.0,1325.0,2.0,2.0,10736265.0,370785.0,1652435.0,1298137.0,0.0,1.0
9227,1.0,2.6928596198512824e+18,4212764.0,2051.0,2.0,2.0,1739.0,5351.0,4852.0,56.0,439372.0,0.0
9228,10.0,1.7092886344565673e+18,4258435.0,1722.0,1.0,1.0,7530.0,8112.0,30664.0,123973.0,0.0,1.0
9229,1.0,7.903914528320191e+18,21162262.0,1325.0,1.0,1.0,20412585.0,462.0,837.0,1503.0,1895751.0,1.0
9230,3.0,9.573487645018952e+18,1918054.0,1339.0,1.0,1.0,19380244.0,728998.0,1969328.0,101684.0,0.0,0.0
9231,1.0,1.3771105145726681e+19,21205776.0,35349.0,2.0,1.0,373.0,87.0,4984.0,6136.0,1400939.0,1.0
9232,1.0,4.81640899160177e+18,21204777.0,671.0,3.0,2.0,9450.0,43065.0,217096.0,29299.0,2779231.0,0.0
9233,1.0,5.108201723211251e+18,20140214.0,11506.0,2.0,1.0,32328.0,94825.0,267298.0,222686.0,328725.0,1.0
9234,1.0,1.8054023944582975e+19,20504826.0,29479.0,2.0,1.0,783502.0,71877.0,34023.0,938.0,165912.0,1.0
9235,1.0,1.4347859242938208e+19,21022176.0,33931.0,1.0,1.0,2359980.0,693.0,7216.0,7714.0,4253686.0,1.0
9236,1.0,1.205787899908646e+19,20222697.0,27961.0,2.0,2.0,2966610.0,3147.0,10944.0,11255.0,1101182.0,0.0
9237,1.0,7.953863969799817e+18,20197882.0,5058.0,3.0,1.0,1446.0,3690.0,48722.0,984.0,1252331.0,1.0
9238,1.0,1.7611115454105706e+19,2683692.0,23955.0,2.0,1.0,162120.0,3219.0,3033.0,3017.0,2004616.0,0.0
9239,1.0,2.1740769468148124e+18,20584972.0,33421.0,2.0,2.0,542.0,132.0,15636.0,10407.0,1591561.0,0.0
9240,2.0,6.912851286990253e+18,4242191.0,18903.0,1.0,1.0,8937.0,8693.0,87022.0,15691.0,0.0,1.0
9241,1.0,2.670952723278905e+18,20172874.0,23805.0,2.0,2.0,1.0,3.0,35.0,16.0,6219847.0,1.0
9242,1.0,1.2561854081008052e+19,20393877.0,33448.0,3.0,1.0,5814806.0,1867.0,490955.0,399166.0,0.0,0.0
9243,1.0,1.4340390157469403e+19,4407963.0,23808.0,1.0,1.0,7391.0,6111.0,4705.0,645.0,2845884.0,0.0
9244,1.0,8.363781040394014e+18,10959866.0,23806.0,3.0,1.0,138.0,253.0,37.0,46.0,795622.0,1.0
9245,1.0,7.143518654485987e+18,20393504.0,33093.0,1.0,1.0,3568.0,2550.0,31783.0,29653.0,5435359.0,1.0
9246,1.0,1.4340390157469403e+19,9027211.0,23808.0,1.0,1.0,25004638.0,5347.0,203.0,302.0,238314.0,0.0
9247,1.0,1.4340390157469403e+19,3110597.0,23777.0,1.0,1.0,17598322.0,330.0,154.0,226.0,0.0,1.0
9248,1.0,4.2981186814246446e+18,10760780.0,385.0,2.0,1.0,2193.0,92865.0,125859.0,3424.0,13844233.0,1.0
9249,1.0,1.476540913209947e+19,3206058.0,10100.0,2.0,1.0,1844.0,2110.0,7209.0,3631.0,60884.0,0.0
9250,1.0,1.2295382699543765e+19,20137943.0,9898.0,2.0,1.0,708.0,451.0,1713.0,1905.0,11215618.0,0.0
9251,1.0,1.205787899908646e+19,20146591.0,27961.0,1.0,1.0,20230407.0,6520.0,44688.0,55108.0,805342.0,1.0
9252,2.0,1.130902570404585e+19,22002402.0,38263.0,3.0,2.0,3.0,17.0,149.0,98.0,5442537.0,0.0
9253,1.0,6.459593934881517e+17,21945823.0,32659.0,1.0,1.0,24540786.0,5095.0,7636.0,7808.0,27291.0,0.0
9254,1.0,9.991057275835721e+17,20389084.0,30428.0,3.0,1.0,26097.0,12467.0,354007.0,288440.0,1540217.0,0.0
9255,1.0,4.876702067173951e+17,20463791.0,24027.0,2.0,2.0,17144.0,209220.0,370480.0,304144.0,13445164.0,0.0
9256,1.0,1.4340390157469403e+19,3110734.0,23777.0,2.0,1.0,284.0,64.0,121.0,170.0,5247612.0,1.0
9257,1.0,8.335105002517451e+18,20582549.0,33524.0,3.0,3.0,14753.0,1126.0,1395.0,566.0,2241213.0,1.0
9258,1.0,1.2766829707953836e+19,20880592.0,13662.0,2.0,2.0,11570949.0,259310.0,492300.0,474315.0,2788037.0,0.0
9259,1.0,1.590505405160135e+19,21727186.0,37596.0,3.0,3.0,85659.0,5913.0,516110.0,410061.0,0.0,0.0
9260,1.0,1.4340390157469403e+19,20644045.0,23808.0,2.0,2.0,240005.0,2.0,1.0,3.0,1109813.0,0.0
9261,1.0,1.3756257544627677e+19,20175943.0,24354.0,2.0,1.0,1874.0,1743.0,5169.0,35028.0,781848.0,1.0
9262,1.0,7.903914528320191e+18,21135541.0,1325.0,1.0,1.0,20064522.0,858103.0,2388947.0,1857514.0,399059.0,1.0
9263,1.0,6.814636868003141e+18,21786644.0,36729.0,1.0,1.0,4435115.0,781.0,7782.0,7949.0,2710366.0,1.0
9264,1.0,1.205787899908646e+19,20118078.0,27961.0,1.0,1.0,2739378.0,2901.0,4398.0,4684.0,6684195.0,1.0
9265,1.0,1.7363854844105064e+19,20017078.0,23798.0,1.0,1.0,16240533.0,4090.0,4.0,3366.0,0.0,1.0
9266,1.0,1.4935607494562804e+19,20194880.0,25662.0,3.0,3.0,4866353.0,24168.0,871282.0,492349.0,435059.0,1.0
9267,1.0,1.4340390157469403e+19,21163925.0,23808.0,2.0,1.0,51.0,395.0,816.0,148.0,13651454.0,1.0
9268,1.0,7.269043601771363e+18,10365638.0,4862.0,1.0,1.0,471655.0,2432.0,981.0,1188.0,0.0,0.0
9269,1.0,1.3384857948156529e+18,20802241.0,33931.0,2.0,2.0,132996.0,76612.0,118542.0,154338.0,0.0,0.0
9270,4.0,7.903914528320191e+18,21109777.0,2010.0,2.0,1.0,5004867.0,76276.0,190846.0,161409.0,828393.0,1.0
9271,1.0,1.4340390157469403e+19,9027213.0,23808.0,2.0,1.0,1.0,1.0,0.0,0.0,14812632.0,1.0
9272,1.0,5.021665021762499e+18,4281869.0,2238.0,2.0,1.0,19823.0,92958.0,126383.0,112365.0,1740842.0,1.0
9273,1.0,7.903914528320191e+18,21162436.0,1325.0,2.0,2.0,2001.0,6025.0,24504.0,27198.0,12238253.0,0.0
9274,1.0,4.774481492345202e+18,21329799.0,36540.0,1.0,1.0,30793.0,92.0,1067.0,5982.0,729320.0,1.0
9275,1.0,1.3756257544627677e+19,21091531.0,24354.0,2.0,1.0,3574355.0,468822.0,12641.0,68334.0,936171.0,0.0
9276,4.0,5.888277431783336e+18,7955186.0,6520.0,1.0,1.0,1454702.0,101.0,88.0,117.0,0.0,1.0
9277,1.0,1.5538372295334291e+19,21408545.0,36063.0,2.0,1.0,2550.0,9986.0,27281.0,25803.0,314082.0,1.0
9278,2.0,1.4340390157469403e+19,9027613.0,23808.0,1.0,1.0,2940.0,692.0,138.0,198.0,170538.0,1.0
9279,1.0,1.3756257544627677e+19,20587318.0,24354.0,3.0,3.0,255351.0,172.0,616.0,809.0,141082.0,1.0
9280,1.0,1.205787899908646e+19,20192676.0,27961.0,2.0,2.0,28808.0,4.0,39.0,55.0,229606.0,0.0
9281,2.0,9.96395034207863e+18,21273770.0,36438.0,2.0,1.0,1633693.0,6645.0,87353.0,83388.0,0.0,0.0
9282,1.0,1.4893533267969044e+19,4267469.0,8085.0,3.0,3.0,92114.0,4449.0,258446.0,226736.0,0.0,0.0
9283,1.0,5.497402316540119e+18,21464748.0,37086.0,3.0,1.0,427583.0,6875.0,1921.0,43365.0,0.0,0.0
9284,1.0,5.888277431783336e+18,7955189.0,6520.0,2.0,1.0,1264656.0,444.0,529.0,780.0,0.0,0.0
9285,1.0,1.3311343438192927e+19,3806502.0,23791.0,1.0,1.0,96.0,24.0,31.0,33.0,17265640.0,1.0
9286,2.0,7.143518654485987e+18,20393504.0,33093.0,1.0,1.0,1457240.0,82.0,133.0,544.0,2803572.0,1.0
9287,2.0,3.583186794558268e+18,21402177.0,36906.0,2.0,2.0,5618.0,7644.0,10250.0,35619.0,305100.0,1.0
9288,1.0,2.432390256138584e+18,21192180.0,12941.0,3.0,3.0,293176.0,59603.0,193224.0,184363.0,0.0,0.0
9289,1.0,4.6055291155997635e+18,20970099.0,6017.0,2.0,1.0,118.0,1226.0,1814.0,983.0,240758.0,0.0
9290,1.0,1.4340390157469403e+19,6434960.0,23777.0,2.0,1.0,39306.0,438.0,393.0,522.0,2726939.0,1.0
9291,1.0,1.4202400320781967e+19,20890861.0,27503.0,2.0,2.0,8.0,15.0,1425.0,1347.0,4025246.0,0.0
9292,1.0,3.163997420314436e+18,21446123.0,26288.0,2.0,1.0,21.0,12.0,341.0,461.0,1900014.0,1.0
9293,1.0,5.345544339361683e+18,5858719.0,23796.0,1.0,1.0,75.0,179.0,6.0,12.0,18412588.0,1.0
9294,15.0,1.205787899908646e+19,20185489.0,27961.0,2.0,2.0,47.0,55.0,75.0,108.0,378892.0,1.0
9295,1.0,2.4127717961104635e+18,20067154.0,23781.0,2.0,2.0,70.0,3.0,53.0,1.0,15066762.0,0.0
9296,1.0,8.00767754067438e+18,20171848.0,23789.0,1.0,1.0,24486483.0,8626.0,483.0,640.0,15430142.0,1.0
9297,2.0,6.737141488042291e+18,21154901.0,35731.0,1.0,1.0,12719911.0,1982.0,3485.0,3762.0,8222065.0,0.0
9298,1.0,1.205787899908646e+19,20163506.0,27961.0,1.0,1.0,17112532.0,9.0,18.0,371.0,827178.0,0.0
9299,1.0,4.517396212946768e+18,3832782.0,23793.0,1.0,1.0,1595.0,1649.0,59.0,130.0,23203906.0,0.0
9300,1.0,4.192533441706128e+18,20149219.0,2533.0,2.0,2.0,835026.0,1768.0,5151.0,5477.0,0.0,0.0
9301,2.0,2.6928596198512824e+18,4212764.0,2051.0,2.0,2.0,24219.0,30.0,163.0,56.0,0.0,0.0
9302,1.0,1.100585205700782e+19,10401533.0,29394.0,3.0,1.0,146594.0,20912.0,35709.0,36479.0,1581666.0,1.0
9303,744.0,1.1315908569713166e+19,20311333.0,18070.0,1.0,1.0,23.0,48.0,379.0,765.0,0.0,1.0
9304,1.0,5.019478642236173e+18,21796320.0,28306.0,3.0,1.0,6305.0,6644.0,2519.0,2781.0,8355204.0,1.0
9305,2.0,1.3055005537272986e+19,3549902.0,21685.0,1.0,1.0,22659091.0,3353.0,18800.0,18128.0,0.0,0.0
9306,1.0,1.4340390157469403e+19,20643977.0,23808.0,2.0,1.0,254522.0,18630.0,2118.0,729.0,883231.0,1.0
9307,1.0,2.733857070874651e+18,4326287.0,16640.0,2.0,2.0,775543.0,942.0,1420.0,1945.0,3819893.0,0.0
9308,1.0,1.5145480155589095e+19,20888969.0,23807.0,1.0,1.0,312399.0,262568.0,5.0,11.0,210198.0,0.0
9309,1.0,1.8849175979017254e+17,21393586.0,24151.0,2.0,2.0,10393074.0,527.0,18181.0,19203.0,415682.0,0.0
9310,1.0,2.6928596198512824e+18,4212764.0,2051.0,3.0,1.0,485.0,30.0,163.0,56.0,279365.0,1.0
9311,10.0,1.633224996642243e+19,21273018.0,30541.0,3.0,1.0,243519.0,77543.0,571634.0,75709.0,0.0,0.0
9312,1.0,1.6709405790339167e+18,20330642.0,33157.0,2.0,1.0,3074764.0,52476.0,501925.0,464.0,0.0,1.0
9313,1.0,7.131991125327375e+18,21019532.0,18123.0,1.0,1.0,24697659.0,417531.0,1009556.0,1258154.0,9361866.0,1.0
9314,1.0,1.6428953262389647e+18,20389884.0,854.0,1.0,1.0,6063509.0,286924.0,862926.0,1546487.0,0.0,1.0
9315,1.0,1.4756578758696272e+19,20718016.0,3625.0,2.0,1.0,327.0,1331.0,2528.0,2595.0,75277.0,0.0
9316,1.0,1.4340390157469403e+19,9027214.0,23808.0,2.0,2.0,28.0,3182.0,1997.0,2222.0,16826168.0,1.0
9317,1.0,1.8238470554363664e+19,21764325.0,36855.0,2.0,2.0,11754015.0,844.0,40909.0,4773.0,0.0,0.0
9318,1.0,7.484333488664585e+18,21209371.0,34691.0,1.0,1.0,2.0,11.0,71.0,93.0,23353629.0,1.0
9319,1.0,8.673988629982137e+18,21176560.0,24130.0,3.0,2.0,843.0,266.0,1223.0,608.0,1012750.0,1.0
9320,6.0,7.903914528320191e+18,20623356.0,2012.0,2.0,2.0,27649.0,1211.0,1466.0,310.0,146501.0,1.0
9321,1.0,1.205787899908646e+19,20183707.0,27961.0,2.0,1.0,139.0,261.0,932.0,1241.0,5667653.0,1.0
9322,1.0,1.4448758257300347e+19,20964411.0,35150.0,3.0,2.0,379869.0,18976.0,117055.0,97966.0,0.0,0.0
9323,1.0,1.6816213401381163e+19,4357507.0,23827.0,1.0,1.0,17647737.0,50203.0,185174.0,81267.0,6414640.0,0.0
9324,1.0,1.3683376947755565e+19,20051440.0,6969.0,3.0,2.0,378809.0,27846.0,253907.0,256586.0,1723726.0,0.0
9325,1.0,4.649453085956805e+18,21944755.0,10937.0,2.0,1.0,16.0,86.0,6048.0,6327.0,8775641.0,0.0
9326,1.0,7.143518654485987e+18,20393504.0,33093.0,3.0,1.0,408.0,696.0,10557.0,10567.0,1041829.0,1.0
9327,137.0,5.167663176066971e+18,10265375.0,11158.0,2.0,1.0,2644.0,2570.0,9437.0,5536.0,0.0,1.0
9328,1.0,1.205787899908646e+19,20183723.0,27961.0,1.0,1.0,17663.0,2100.0,5237.0,6035.0,1890627.0,1.0
9329,1.0,1.6604442479597177e+19,8389379.0,11706.0,2.0,1.0,6100.0,9571.0,84270.0,74807.0,423684.0,1.0
9330,1.0,4.1795557644833096e+18,2893306.0,9886.0,2.0,2.0,8551472.0,655.0,9939.0,27445.0,1660681.0,0.0
9331,1.0,4.2284053533091963e+18,22102807.0,38558.0,3.0,2.0,1759.0,4761.0,185180.0,74377.0,8900962.0,0.0
9332,1.0,3.672146191748648e+18,21346661.0,36724.0,2.0,1.0,187591.0,3498.0,62612.0,65635.0,0.0,0.0
9333,2.0,1.4340390157469403e+19,4449962.0,23777.0,3.0,2.0,208918.0,2318.0,1688.0,1710.0,744059.0,1.0
9334,1.0,1.0885508704966574e+19,20718813.0,33536.0,1.0,1.0,327711.0,16551.0,46302.0,23572.0,20072624.0,1.0
9335,1.0,1.205787899908646e+19,20163583.0,27961.0,2.0,1.0,1496380.0,3566.0,14800.0,17419.0,0.0,0.0
9336,1.0,6.333132856092646e+18,20762424.0,34534.0,2.0,1.0,10273.0,2940.0,25960.0,1701.0,16568327.0,1.0
9337,1.0,1.5356527102052184e+19,4356491.0,13232.0,2.0,1.0,1291847.0,58084.0,68499.0,39134.0,3418417.0,1.0
9338,1.0,9.883157101134225e+18,21369971.0,36810.0,2.0,2.0,2227045.0,10458.0,657786.0,1796.0,238460.0,0.0
9339,1.0,1.2462309702595256e+19,20443410.0,2292.0,1.0,1.0,104970.0,729.0,3908.0,4231.0,186195.0,0.0
9340,1.0,1.2760934044959551e+19,21895538.0,10923.0,2.0,2.0,1668141.0,583679.0,2450858.0,1921534.0,161304.0,1.0
9341,1.0,6.399024617856669e+18,21299603.0,36491.0,2.0,2.0,546.0,113.0,3225.0,121.0,16778209.0,0.0
9342,1.0,1.5699833681633649e+19,4306474.0,26685.0,2.0,1.0,5460.0,872.0,4602.0,5107.0,9474578.0,0.0
9343,1.0,1.4534676019938296e+19,3829017.0,20514.0,2.0,2.0,8583.0,2821.0,11358.0,14430.0,6635072.0,1.0
9344,4.0,4.774481492345202e+18,21325700.0,36540.0,2.0,1.0,103006.0,127087.0,256480.0,10294.0,0.0,1.0
9345,3.0,1.6013584520900049e+19,20287534.0,33047.0,1.0,1.0,24749667.0,25394.0,23743.0,25765.0,1254362.0,1.0
9346,2.0,3.8124542641675515e+18,20005846.0,18248.0,3.0,2.0,57475.0,103504.0,909912.0,133575.0,0.0,0.0
9347,3.0,9.75107224858461e+18,10939146.0,29713.0,2.0,2.0,8068134.0,254.0,210.0,311.0,313527.0,0.0
9348,2.0,1.1624066761054958e+19,3373959.0,5962.0,1.0,1.0,1656.0,2129.0,171.0,217.0,20939243.0,1.0
9349,1.0,7.903914528320191e+18,21162350.0,1325.0,2.0,1.0,19059.0,5994.0,18305.0,25469.0,1955735.0,1.0
9350,1.0,8.848021695083077e+18,20047086.0,2387.0,2.0,2.0,58.0,151.0,204.0,193.0,7792612.0,0.0
9351,1.0,1.8377149567506078e+19,22131277.0,23737.0,3.0,1.0,8614889.0,65.0,2239.0,2478.0,0.0,0.0
9352,1.0,5.410547229158581e+18,6454180.0,24173.0,2.0,2.0,15691786.0,506.0,77.0,102.0,7531281.0,0.0
9353,1.0,1.4340390157469403e+19,20640003.0,23808.0,2.0,2.0,392476.0,367.0,652.0,987.0,11246783.0,0.0
9354,1.0,1.7793055910913241e+19,20665346.0,34007.0,1.0,1.0,19180590.0,1472.0,3386.0,4079.0,0.0,1.0
9355,1.0,7.117350910583123e+18,20664961.0,33928.0,2.0,1.0,1057006.0,11411.0,1530.0,1792.0,7406599.0,0.0
9356,1.0,5.120683440510468e+18,8676733.0,1268.0,2.0,2.0,76828.0,25134.0,39739.0,42399.0,886822.0,1.0
9357,1.0,9.399895236924879e+18,20938623.0,2832.0,2.0,1.0,1657192.0,28595.0,8638.0,465887.0,0.0,1.0
9358,1.0,1.4340390157469403e+19,10397447.0,23808.0,1.0,1.0,13.0,21.0,16.0,15.0,5240868.0,0.0
9359,1.0,7.903914528320191e+18,21162422.0,1325.0,3.0,1.0,6369.0,19175.0,57782.0,59967.0,8159495.0,1.0
9360,1.0,1.5455746947201999e+19,2137362.0,19513.0,2.0,1.0,8.0,15.0,3533.0,2845.0,11716789.0,1.0
9361,1.0,1.544603379916078e+19,20975334.0,35280.0,2.0,1.0,14172897.0,721.0,935.0,1343.0,1519305.0,1.0
9362,1.0,5.732987613902259e+17,20653346.0,7866.0,2.0,1.0,3411.0,3664.0,51263.0,46655.0,4103238.0,1.0
9363,1.0,5.5111324610218e+18,20558949.0,10040.0,2.0,1.0,954257.0,955.0,2116.0,3190.0,0.0,0.0
9364,5.0,1.5835518436522754e+19,21390160.0,36411.0,2.0,2.0,7542.0,5258.0,31608.0,180432.0,0.0,1.0
9365,1.0,5.345544339361683e+18,5858822.0,23796.0,2.0,1.0,35.0,282.0,6.0,12.0,13197807.0,1.0
9366,1.0,1.4779372599199648e+19,20601313.0,2494.0,2.0,1.0,31841.0,58354.0,108116.0,1126.0,9785276.0,0.0
9367,1.0,6.554947579094058e+18,21202644.0,36041.0,2.0,1.0,84.0,7701.0,14924.0,920.0,1034767.0,0.0
9368,1.0,7.718107921866424e+18,4239063.0,10647.0,3.0,1.0,11893.0,9830.0,69184.0,65780.0,1592655.0,1.0
9369,2.0,5.07990106805139e+18,4823039.0,25928.0,1.0,1.0,129701.0,3418.0,4902.0,5244.0,2221985.0,1.0
9370,1.0,6.263749423537724e+18,21881309.0,36720.0,1.0,1.0,3628.0,1030.0,1522.0,137.0,5847128.0,1.0
9371,1.0,5.843054557507231e+18,4881140.0,24141.0,3.0,2.0,14956.0,4266.0,26780.0,27273.0,1316107.0,1.0
9372,1.0,1.6689374305059609e+19,20197917.0,5058.0,2.0,1.0,3979117.0,33190.0,196775.0,3353.0,13691177.0,0.0
9373,1.0,1.6956504984993012e+19,20440903.0,33490.0,2.0,2.0,5159532.0,6772.0,9342.0,18280.0,119359.0,0.0
9374,1.0,1.595507548723284e+18,20187847.0,24362.0,1.0,1.0,1104341.0,75178.0,114005.0,265.0,1405551.0,1.0
9375,1.0,2.4127717961104635e+18,20067154.0,23781.0,2.0,2.0,1.0,3.0,53.0,1.0,2737945.0,1.0
9376,1.0,5.747166420328289e+18,21203991.0,2078.0,2.0,1.0,40675.0,38634.0,495933.0,416396.0,10363157.0,0.0
9377,3.0,1.4340390157469403e+19,20644045.0,23808.0,1.0,1.0,191.0,2.0,1.0,3.0,4636519.0,1.0
9378,1.0,2.6928596198512824e+18,21735319.0,2051.0,2.0,2.0,240420.0,113433.0,105728.0,63.0,1057435.0,1.0
9379,1.0,1.6604442479597177e+19,8389378.0,11706.0,3.0,1.0,5146880.0,94643.0,321046.0,265273.0,1163.0,0.0
9380,2.0,1.4340390157469403e+19,4407965.0,23808.0,2.0,2.0,184045.0,3101.0,2020.0,926.0,0.0,1.0
9381,1.0,5.851252814446936e+18,10437264.0,28698.0,2.0,1.0,5962.0,592.0,16880.0,18463.0,1416648.0,0.0
9382,1.0,1.5005909604118043e+19,20369836.0,33268.0,2.0,1.0,1216.0,2134.0,34783.0,42897.0,7642629.0,1.0
9383,1.0,2.0021430589649848e+18,20083991.0,24124.0,3.0,1.0,6553071.0,636.0,6693.0,38502.0,0.0,0.0
9384,2.0,1.5859647530187389e+19,4285836.0,23778.0,3.0,3.0,1948.0,5419.0,84.0,557.0,164217.0,0.0
9385,1.0,7.903914528320191e+18,21162108.0,1325.0,2.0,1.0,80.0,72.0,272.0,560.0,5380489.0,1.0
9386,1.0,3.4607842648197043e+18,20414719.0,33321.0,2.0,1.0,8944588.0,2003.0,479629.0,26578.0,969224.0,0.0
9387,1.0,1.5074509604411701e+19,21215341.0,821.0,2.0,2.0,8500010.0,10614.0,39349.0,3732.0,0.0,0.0
9388,1.0,2.6928596198512824e+18,4212764.0,2051.0,1.0,1.0,138.0,290.0,278.0,56.0,257039.0,1.0
9389,1.0,1.7693099677562102e+19,20108853.0,29900.0,3.0,1.0,1460.0,1314.0,3788.0,4110.0,745492.0,1.0
9390,1.0,8.134264174510893e+18,10950951.0,1268.0,3.0,1.0,577.0,2983.0,2228.0,2.0,8055039.0,1.0
9391,1.0,1.205787899908646e+19,20164768.0,27961.0,2.0,1.0,3647296.0,5859.0,8903.0,10297.0,1296650.0,0.0
9392,1.0,1.205787899908646e+19,20183546.0,27961.0,2.0,2.0,3800586.0,8318.0,30118.0,10508.0,11002830.0,0.0
9393,1.0,1.7684039458220698e+19,21098915.0,34859.0,2.0,1.0,381995.0,1711.0,173414.0,198973.0,0.0,1.0
9394,1.0,1.0460794781478122e+18,21920339.0,37956.0,1.0,1.0,74319.0,14722.0,101338.0,86837.0,17516161.0,1.0
9395,1.0,1.3658143607857347e+19,21407381.0,36894.0,2.0,2.0,75014.0,1805.0,51302.0,351.0,15876985.0,0.0
9396,1.0,2.6928596198512824e+18,4321470.0,2051.0,2.0,1.0,58.0,151.0,475.0,626.0,2279938.0,1.0
9397,1.0,7.577654914055752e+18,20875840.0,22331.0,2.0,2.0,1723387.0,891.0,90942.0,144918.0,128393.0,0.0
9398,1.0,1.4340390157469403e+19,4873646.0,23777.0,2.0,2.0,133.0,3131.0,2013.0,2639.0,12150356.0,0.0
9399,1.0,5.468727571223081e+18,20002484.0,1381.0,2.0,2.0,301.0,813.0,3871.0,4577.0,62978.0,0.0
9400,1.0,1.0196385171799538e+19,21375730.0,36832.0,2.0,1.0,9588.0,10672.0,59311.0,61386.0,2074582.0,1.0
9401,1.0,1.4756578758696272e+19,21546615.0,3625.0,2.0,1.0,10752441.0,300951.0,1177764.0,1128604.0,7331936.0,1.0
9402,2.0,9.281469704335479e+18,20299525.0,24671.0,3.0,2.0,224331.0,8934.0,171973.0,152676.0,0.0,0.0
9403,1.0,5.851252814446936e+18,20135770.0,28698.0,2.0,1.0,148288.0,129.0,1551.0,3760.0,3205693.0,1.0
9404,2.0,9.102118953715763e+18,21438965.0,13140.0,2.0,1.0,1619.0,10801.0,14166.0,577.0,3384712.0,1.0
9405,1.0,4.692105716817703e+18,21111667.0,18845.0,2.0,1.0,721726.0,58466.0,522554.0,462626.0,274.0,0.0
9406,1.0,1.0336838597420036e+19,10761553.0,30269.0,1.0,1.0,359054.0,2809.0,156607.0,134194.0,2247071.0,1.0
9407,1.0,9.0304350247795e+18,21646712.0,37478.0,2.0,1.0,1052.0,2081.0,443993.0,3250.0,336123.0,1.0
9408,1.0,2.470253408587162e+18,21193219.0,35900.0,1.0,1.0,8351022.0,5.0,141.0,187.0,72327.0,0.0
9409,1.0,1.3792332096715438e+19,21926023.0,38066.0,3.0,2.0,3079612.0,21296.0,126673.0,113208.0,4376008.0,0.0
9410,1.0,4.0601725054289485e+18,21960966.0,38231.0,1.0,1.0,562941.0,13841.0,110007.0,8415.0,0.0,0.0
9411,1.0,1.0662526861395194e+19,3734318.0,15932.0,2.0,2.0,7288850.0,36904.0,129975.0,143739.0,628396.0,0.0
9412,1.0,4.744048456204747e+18,20151802.0,30805.0,2.0,1.0,314799.0,1332.0,189624.0,135206.0,494817.0,1.0
9413,1.0,1.4964837739872602e+19,20041871.0,2332.0,2.0,1.0,2956.0,7258.0,18250.0,20674.0,9824112.0,1.0
9414,1.0,3.5873902269220603e+18,21021506.0,23281.0,1.0,1.0,12837.0,853.0,1083.0,3543.0,18075974.0,1.0
9415,2.0,1.205787899908646e+19,20185510.0,27961.0,2.0,2.0,1668122.0,2741.0,3958.0,5191.0,0.0,0.0
9416,1.0,1.205787899908646e+19,20192676.0,27961.0,2.0,2.0,6871.0,536.0,4606.0,370.0,1482689.0,1.0
9417,1.0,1.021800488877112e+19,20138486.0,24159.0,3.0,2.0,7888147.0,43727.0,2310.0,49.0,3611455.0,0.0
9418,9.0,1.3756257544627677e+19,21409301.0,24354.0,3.0,1.0,1173.0,318.0,6678.0,8292.0,0.0,1.0
9419,1.0,1.205787899908646e+19,20163219.0,27961.0,3.0,2.0,105882.0,14057.0,246720.0,232216.0,400.0,0.0
9420,1.0,7.484333488664585e+18,21209840.0,34691.0,2.0,1.0,377798.0,425306.0,889.0,1108.0,923.0,0.0
9421,1.0,1.4779372599199648e+19,20601281.0,2494.0,3.0,2.0,364.0,970.0,18625.0,2967.0,389011.0,1.0
9422,1.0,5.453340455941304e+18,3743115.0,10513.0,3.0,3.0,22486.0,42871.0,1429843.0,1133250.0,0.0,1.0
9423,1.0,1.4688318176337773e+19,21388830.0,32520.0,1.0,1.0,14700.0,55002.0,125299.0,108845.0,1961100.0,1.0
9424,3.0,1.4340390157469403e+19,10397447.0,23808.0,1.0,1.0,13.0,21.0,16.0,15.0,17239414.0,0.0
9425,1.0,5.248677089141299e+18,20877261.0,34756.0,2.0,1.0,49618.0,1098.0,24752.0,27936.0,5108624.0,1.0
9426,1.0,8.795673444769123e+18,3655281.0,4803.0,2.0,1.0,2773822.0,124785.0,380199.0,311538.0,3182765.0,1.0
9427,1.0,1.4340390157469403e+19,6434954.0,23777.0,2.0,1.0,91.0,491.0,376.0,503.0,13619643.0,1.0
9428,1.0,1.4340390157469403e+19,21163923.0,23808.0,3.0,1.0,5359404.0,436.0,688.0,34.0,1390100.0,1.0
9429,1.0,1.4140300435418186e+18,20208567.0,1502.0,2.0,1.0,367120.0,5779.0,24036.0,27958.0,0.0,1.0
9430,1.0,3.3257653191557243e+18,2368897.0,9687.0,3.0,2.0,450176.0,1249.0,28393.0,14154.0,803229.0,0.0
9431,1.0,1.1132806224225894e+19,4982537.0,10325.0,1.0,1.0,1138035.0,15587.0,12901.0,41.0,568745.0,1.0
9432,1.0,5.062556743530359e+18,4102689.0,23407.0,2.0,1.0,335.0,11007.0,54672.0,188054.0,588357.0,0.0
9433,1.0,1.1580319495046644e+19,10400137.0,9836.0,2.0,2.0,552609.0,412512.0,401302.0,332882.0,8703651.0,0.0
9434,2.0,1.205787899908646e+19,20180221.0,27961.0,1.0,1.0,354.0,108.0,111.0,225.0,13824379.0,0.0
9435,1.0,9.881207773436752e+18,4332980.0,23778.0,2.0,1.0,57.0,23.0,13.0,21.0,4211840.0,1.0
9436,1.0,2.2321940856569324e+18,21339161.0,35990.0,2.0,1.0,11141462.0,13774.0,23862.0,22610.0,1316333.0,1.0
9437,1.0,7.903914528320191e+18,21162108.0,1325.0,1.0,1.0,17597530.0,72.0,274.0,567.0,1870227.0,0.0
9438,4.0,1.6258649554399928e+19,21229193.0,36220.0,2.0,2.0,111.0,7004.0,12370.0,362.0,33482.0,0.0
9439,1.0,3.3609893175302953e+18,21273372.0,36437.0,1.0,1.0,13528.0,479.0,3332.0,507.0,225052.0,0.0
9440,1.0,1.7363854844105064e+19,20017061.0,23798.0,2.0,2.0,132016.0,706.0,519.0,673.0,154833.0,1.0
9441,1.0,1.4340390157469403e+19,6434934.0,23777.0,1.0,1.0,14021548.0,14.0,10.0,17.0,0.0,0.0
9442,1.0,1.4340390157469403e+19,10397422.0,23808.0,1.0,1.0,22127488.0,13.0,50.0,15.0,22335157.0,1.0
9443,16.0,1.1848655552685955e+19,21176209.0,35802.0,3.0,3.0,1433.0,4125.0,102743.0,6859.0,0.0,1.0
9444,1.0,1.205787899908646e+19,20163505.0,27961.0,2.0,2.0,4866.0,1922.0,1581.0,2052.0,1220077.0,0.0
9445,1.0,6.399024617856669e+18,21299584.0,36491.0,2.0,2.0,435.0,423.0,24108.0,121.0,89516.0,0.0
9446,1.0,5.88268535519426e+18,2778764.0,4233.0,2.0,1.0,9861229.0,31940.0,468584.0,634599.0,0.0,0.0
9447,1.0,1.4756578758696272e+19,20715825.0,3625.0,2.0,1.0,12269.0,63672.0,223527.0,259385.0,6325458.0,1.0
9448,1.0,1.205787899908646e+19,20118105.0,27961.0,1.0,1.0,3333000.0,75555.0,175946.0,158959.0,5350480.0,0.0
9449,1.0,1.7644778352940085e+19,21340736.0,34056.0,2.0,2.0,2528566.0,465.0,75114.0,37824.0,1635427.0,0.0
9450,1.0,1.4756578758696272e+19,21437438.0,3625.0,1.0,1.0,23847246.0,145671.0,226004.0,189951.0,1001278.0,1.0
9451,1.0,7.484333488664585e+18,21209371.0,34691.0,1.0,1.0,9794.0,364.0,71.0,93.0,440874.0,1.0
9452,1.0,5.186556297366821e+18,20380386.0,33042.0,1.0,1.0,23801036.0,4358.0,20015.0,15458.0,570658.0,0.0
9453,1.0,9.329161806660276e+18,21373604.0,30027.0,3.0,1.0,2726140.0,2891.0,58977.0,96160.0,0.0,0.0
9454,4.0,1.100585205700782e+19,10401533.0,29394.0,2.0,1.0,657587.0,4839.0,89354.0,90092.0,524585.0,1.0
9455,1.0,1.1982287073363042e+19,22039168.0,37465.0,2.0,1.0,5392.0,373.0,1279.0,125.0,14279532.0,1.0
9456,10.0,1.7107682911678448e+19,21737957.0,36819.0,1.0,1.0,2096964.0,262786.0,115148.0,410407.0,0.0,0.0
9457,1.0,9.331859261151988e+18,21272618.0,36385.0,2.0,1.0,10115038.0,12.0,1275.0,11965.0,1038027.0,0.0
9458,1.0,1.4340390157469403e+19,5841473.0,23777.0,3.0,2.0,330678.0,233161.0,769335.0,614420.0,0.0,0.0
9459,1.0,1.3756257544627677e+19,10959062.0,24354.0,1.0,1.0,23.0,48.0,748.0,1087.0,6345954.0,1.0
9460,1.0,1.5689252236861137e+19,21163723.0,24130.0,3.0,3.0,18876.0,42066.0,163965.0,101442.0,0.0,0.0
9461,1.0,1.4340390157469403e+19,9027588.0,23808.0,1.0,1.0,21422111.0,15086.0,1471.0,267.0,17115634.0,0.0
9462,1.0,7.903914528320191e+18,21162262.0,1325.0,1.0,1.0,9774.0,774.0,1861.0,45.0,521069.0,0.0
9463,1.0,7.771884441258275e+18,20447782.0,32367.0,2.0,1.0,13524302.0,33017.0,299040.0,270731.0,14651.0,0.0
9464,2.0,8.99455707050858e+18,20030165.0,23799.0,2.0,1.0,643.0,28.0,41.0,52.0,5376450.0,1.0
9465,7.0,2.670952723278905e+18,20172874.0,23805.0,2.0,2.0,5.0,3.0,35.0,16.0,2142622.0,0.0
9466,1.0,5.345544339361683e+18,5860110.0,23796.0,2.0,2.0,16373.0,89952.0,6.0,12.0,8396828.0,0.0
9467,1.0,1.0160961010078271e+19,21407393.0,34096.0,2.0,2.0,3985.0,1138.0,162297.0,141029.0,2902049.0,0.0
9468,1.0,1.7299638493773875e+18,9585571.0,23637.0,2.0,2.0,17.0,32.0,956.0,185.0,578202.0,1.0
9469,1.0,1.6818136517616356e+18,20066764.0,12356.0,3.0,2.0,295850.0,142605.0,2067157.0,1481240.0,82866.0,1.0
9470,1.0,1.1352924779918373e+19,21099929.0,754.0,1.0,1.0,4709416.0,275624.0,1193584.0,1163326.0,348521.0,0.0
9471,6.0,1.4340390157469403e+19,9027428.0,23808.0,1.0,1.0,1629.0,1037.0,655.0,855.0,6166970.0,0.0
9472,1.0,1.3859002883780925e+18,4398787.0,13313.0,2.0,1.0,15127576.0,38404.0,136911.0,117519.0,0.0,0.0
9473,1.0,2.837251504134271e+17,21260997.0,30105.0,2.0,2.0,94439.0,14289.0,143302.0,71752.0,2426763.0,1.0
9474,1.0,7.903914528320191e+18,21162357.0,1325.0,1.0,1.0,1300.0,171.0,649.0,1091.0,7302105.0,1.0
9475,1.0,1.4026041424198298e+17,21202950.0,36034.0,2.0,1.0,1447976.0,11014.0,382363.0,339401.0,0.0,1.0
9476,1.0,1.5523979575410106e+19,4839779.0,3551.0,1.0,1.0,18946454.0,20663.0,180120.0,1547.0,0.0,1.0
9477,1.0,3.7385576601835013e+18,22102490.0,10561.0,1.0,1.0,11537.0,508.0,369.0,498.0,18184743.0,0.0
9478,1.0,1.205787899908646e+19,20163574.0,27961.0,1.0,1.0,381.0,74.0,119.0,186.0,5556266.0,1.0
9479,1.0,8.134264174510893e+18,10593101.0,1268.0,3.0,2.0,403216.0,2317.0,21078.0,2.0,0.0,0.0
9480,1.0,5.851252814446936e+18,21477940.0,28698.0,2.0,2.0,1242.0,1119.0,6176.0,6467.0,8139665.0,1.0
9481,1.0,2.949171466398627e+18,21098691.0,35552.0,1.0,1.0,1214553.0,6234.0,326406.0,705.0,73016.0,1.0
9482,2.0,1.205787899908646e+19,20174581.0,27961.0,1.0,1.0,2330.0,4847.0,3794.0,4168.0,23849591.0,0.0
9483,5.0,1.4143134079315886e+19,20688134.0,34122.0,3.0,2.0,53671.0,40418.0,448599.0,999.0,0.0,0.0
9484,6.0,1.205787899908646e+19,20192676.0,27961.0,2.0,2.0,3048213.0,138828.0,431564.0,376948.0,0.0,0.0
9485,1.0,8.893439702406565e+18,21205790.0,29914.0,3.0,1.0,4.0,7.0,1750.0,508.0,3292778.0,1.0
9486,4.0,2.470253408587162e+18,21193219.0,35900.0,2.0,2.0,7.0,5.0,148.0,195.0,403433.0,0.0
9487,1.0,1.4026041424198298e+17,21202905.0,36034.0,2.0,1.0,12824190.0,80027.0,162041.0,451740.0,1400440.0,0.0
9488,1.0,1.5889052232801778e+19,20893591.0,7570.0,2.0,1.0,7425.0,34540.0,823.0,122152.0,14104476.0,1.0
9489,8.0,1.205787899908646e+19,20163505.0,27961.0,1.0,1.0,71873.0,727.0,1117.0,1523.0,0.0,0.0
9490,1.0,4.569684565248845e+18,10396906.0,29138.0,2.0,2.0,188487.0,912.0,21671.0,20776.0,0.0,0.0
9491,1.0,8.99455707050858e+18,20030165.0,23799.0,3.0,1.0,19.0,28.0,41.0,52.0,9133510.0,1.0
9492,1.0,1.1306908944956015e+19,7779730.0,24293.0,1.0,1.0,11466653.0,4235.0,44073.0,39976.0,0.0,0.0
9493,1.0,8.95265100870743e+18,2485643.0,1547.0,3.0,3.0,8347.0,458.0,44807.0,47581.0,0.0,0.0
9494,1.0,1.1551352603896937e+18,21098111.0,35532.0,3.0,1.0,1071117.0,1147.0,11527.0,5883.0,0.0,0.0
9495,1.0,1.0460794781478122e+18,21920339.0,37956.0,3.0,1.0,3.0,17.0,29.0,469.0,3867759.0,0.0
9496,1.0,7.52081831732621e+18,21506305.0,2437.0,2.0,1.0,1511837.0,37304.0,173403.0,10866.0,1491880.0,0.0
9497,1.0,5.5111324610218e+18,4340414.0,10040.0,2.0,2.0,976126.0,137357.0,871365.0,612160.0,2204328.0,1.0
9498,1.0,1.4340390157469403e+19,21163924.0,23808.0,3.0,2.0,73691.0,1287.0,2006.0,67.0,1886115.0,1.0
9499,2.0,2.575759190818998e+18,21331402.0,36519.0,2.0,2.0,9864710.0,292836.0,1573719.0,1246109.0,7708406.0,1.0
9500,1.0,1.5212962959160992e+19,4380515.0,10423.0,1.0,1.0,19137516.0,2504.0,1746.0,1606.0,448775.0,0.0
9501,1.0,3.057790207000022e+18,20382038.0,28321.0,1.0,1.0,69398.0,21479.0,224358.0,196974.0,0.0,0.0
9502,1.0,5.568767562350397e+18,20877367.0,34737.0,3.0,3.0,5092.0,855.0,100118.0,88102.0,10818449.0,1.0
9503,1.0,1.4340390157469403e+19,21163927.0,23808.0,2.0,1.0,178595.0,110705.0,343140.0,136.0,16521768.0,1.0
9504,3.0,2.4127717961104635e+18,20067145.0,23781.0,1.0,1.0,52066.0,3798.0,8.0,1.0,12428728.0,1.0
9505,1.0,8.023874873589393e+18,22132873.0,38715.0,3.0,3.0,7186.0,8082.0,210290.0,75546.0,5296003.0,0.0
9506,1.0,1.4340390157469403e+19,9027616.0,23808.0,1.0,1.0,2208225.0,13145.0,2478.0,2729.0,10689385.0,0.0
9507,4.0,1.6499732706067372e+19,20138232.0,12789.0,2.0,2.0,9748.0,8376.0,432031.0,435003.0,0.0,1.0
9508,1.0,1.1692953310031522e+19,20694058.0,21273.0,2.0,2.0,10589516.0,825422.0,3188730.0,309873.0,3118.0,0.0
9509,1.0,1.205787899908646e+19,20163214.0,27961.0,1.0,1.0,970666.0,1754.0,3699.0,4325.0,795451.0,0.0
9510,1.0,1.5049588638880914e+18,22139626.0,38629.0,3.0,2.0,1146970.0,212566.0,381679.0,274514.0,0.0,0.0
9511,1.0,1.205787899908646e+19,20192652.0,27961.0,3.0,1.0,20337.0,8775.0,15384.0,15579.0,3099648.0,1.0
9512,1.0,2.338929193756991e+18,20286637.0,879.0,2.0,1.0,152963.0,110644.0,352372.0,435.0,4066863.0,1.0
9513,3.0,4.887924328668845e+18,4184415.0,17972.0,3.0,1.0,497627.0,7851.0,198465.0,217136.0,0.0,0.0
9514,2.0,8.119057108691817e+18,20876635.0,34760.0,1.0,1.0,31170.0,5278.0,34.0,40.0,15260158.0,1.0
9515,1.0,1.4140300435418186e+18,20203884.0,1502.0,2.0,1.0,1596.0,38.0,313.0,422.0,16065097.0,1.0
9516,1.0,1.4340390157469403e+19,9027549.0,23808.0,3.0,1.0,8517168.0,27.0,14.0,18.0,10679358.0,0.0
9517,1.0,1.1132806224225894e+19,3013323.0,10325.0,1.0,1.0,18480589.0,220.0,164.0,41.0,0.0,0.0
9518,33.0,1.0640182881678926e+19,21796336.0,37709.0,3.0,3.0,1528.0,2890.0,6506.0,13471.0,0.0,1.0
9519,2.0,7.251627201518253e+18,20665401.0,2011.0,3.0,1.0,524775.0,48389.0,240486.0,135.0,0.0,0.0
9520,1.0,1.4340390157469403e+19,3110597.0,23777.0,1.0,1.0,15947.0,330.0,154.0,226.0,2627677.0,0.0
9521,1.0,1.205787899908646e+19,20185695.0,27961.0,1.0,1.0,24552056.0,6940.0,287570.0,7842.0,20460086.0,0.0
9522,2.0,4.192533441706128e+18,20380484.0,2533.0,1.0,1.0,4948993.0,4652.0,21535.0,26286.0,0.0,0.0
9523,2.0,2.3999248361775816e+18,21425913.0,36651.0,1.0,1.0,9550.0,17122.0,5991.0,16865.0,1804295.0,1.0
9524,1.0,1.4340390157469403e+19,6434912.0,23777.0,1.0,1.0,1069.0,16.0,36.0,44.0,6416830.0,1.0
9525,1.0,1.4340390157469403e+19,6435307.0,23777.0,1.0,1.0,2.0,85.0,159.0,238.0,21680252.0,0.0
9526,1.0,1.3756257544627677e+19,21103916.0,24354.0,3.0,3.0,5901767.0,186.0,851.0,697.0,3519289.0,1.0
9527,1.0,1.4340390157469403e+19,21163924.0,23808.0,2.0,2.0,3314.0,115.0,3321.0,62.0,1494165.0,1.0
9528,1.0,1.4340390157469403e+19,9027458.0,23808.0,3.0,2.0,1314.0,767.0,195.0,284.0,3079160.0,1.0
9529,1.0,6.877516134389988e+18,20087229.0,2332.0,2.0,2.0,741735.0,2731.0,4985.0,6365.0,5463076.0,1.0
9530,1.0,1.205787899908646e+19,20170569.0,27961.0,2.0,1.0,3630.0,416.0,454.0,654.0,16726903.0,1.0
9531,1.0,5.232207137771061e+18,21261547.0,35301.0,2.0,2.0,97677.0,82857.0,1034754.0,825743.0,1786710.0,1.0
9532,1.0,5.648676231877414e+18,21323311.0,36380.0,2.0,1.0,4091.0,12.0,1806.0,1027.0,4659289.0,0.0
9533,1.0,1.205787899908646e+19,20163574.0,27961.0,1.0,1.0,4268432.0,425.0,472.0,698.0,0.0,1.0
9534,2.0,1.4531867648059392e+19,6792445.0,27486.0,1.0,1.0,23624.0,15883.0,28141.0,338.0,203343.0,0.0
9535,8.0,6.001515077347336e+18,20967218.0,28993.0,2.0,1.0,70143.0,58661.0,305770.0,268798.0,1056170.0,0.0
9536,1.0,6.414307266338366e+18,21966920.0,35668.0,1.0,1.0,133836.0,2690.0,8679.0,8824.0,23753070.0,0.0
9537,1.0,9.34420972465587e+18,20901598.0,34801.0,3.0,3.0,401.0,125.0,80137.0,604.0,9017972.0,0.0
9538,1.0,5.5111324610218e+18,10754032.0,10040.0,3.0,2.0,3025337.0,2891.0,11245.0,1648.0,0.0,0.0
9539,2.0,1.6295542853724762e+19,7955179.0,10954.0,2.0,1.0,153405.0,29.0,9340.0,9265.0,7288102.0,1.0
9540,1.0,1.5689252236861137e+19,21164209.0,24130.0,1.0,1.0,25265393.0,185.0,6632.0,18727.0,6696.0,0.0
9541,1.0,1.4658301723385332e+19,21811880.0,37726.0,3.0,1.0,871248.0,5826.0,22905.0,15487.0,0.0,0.0
9542,4.0,1.4340390157469403e+19,21232853.0,23808.0,2.0,2.0,34452.0,1488.0,11877.0,634.0,0.0,1.0
9543,1.0,5.694962621524833e+18,9411496.0,5550.0,1.0,1.0,10042004.0,56687.0,133886.0,137212.0,0.0,1.0
9544,1.0,1.2865941078576976e+19,21326219.0,36503.0,2.0,1.0,13982236.0,78678.0,119954.0,145813.0,0.0,0.0
9545,1.0,1.0288178563705629e+19,21718695.0,37579.0,2.0,1.0,283.0,574.0,3244.0,3517.0,3265987.0,0.0
9546,1.0,1.696493579862299e+19,20604438.0,7229.0,1.0,1.0,4249621.0,131.0,167.0,246.0,4365003.0,0.0
9547,109.0,1.8410754769929452e+19,20506845.0,6868.0,1.0,1.0,255.0,458.0,12972.0,5209.0,0.0,1.0
9548,8.0,2.6928596198512824e+18,21735470.0,2051.0,2.0,1.0,156528.0,121938.0,66662.0,59720.0,252644.0,1.0
9549,1.0,1.205787899908646e+19,20203709.0,27961.0,1.0,1.0,67.0,158.0,83.0,109.0,2486529.0,0.0
9550,1.0,2.749675191415866e+18,4381845.0,24952.0,1.0,1.0,23953360.0,3756.0,13228.0,13040.0,87074.0,0.0
9551,1.0,1.0380001132566548e+19,20124112.0,421.0,3.0,3.0,47633.0,41999.0,346560.0,26924.0,2447002.0,0.0
9552,1.0,4.696782904677008e+18,3178792.0,23790.0,2.0,2.0,574.0,2228.0,32.0,54.0,15963475.0,0.0
9553,1.0,8.323416633313459e+18,21261705.0,36135.0,2.0,1.0,104.0,155.0,700.0,903.0,1448653.0,0.0
9554,1.0,9.210669737813316e+18,20386667.0,32041.0,2.0,2.0,11762.0,28532.0,928496.0,7753.0,276928.0,1.0
9555,1.0,3.26105885498946e+18,20680877.0,34164.0,2.0,1.0,2144309.0,70694.0,575459.0,10986.0,3827916.0,1.0
9556,1.0,1.572049047108855e+19,21248300.0,36196.0,3.0,3.0,8343251.0,14040.0,200577.0,393755.0,0.0,0.0
9557,1.0,1.3756257544627677e+19,20915581.0,24354.0,2.0,2.0,2520405.0,342.0,11125.0,7265.0,5159021.0,0.0
9558,1.0,5.650853080921284e+18,2986689.0,18799.0,2.0,1.0,6851945.0,21139.0,160170.0,137460.0,0.0,0.0
9559,1.0,1.6035207317495608e+18,21938683.0,33204.0,3.0,3.0,30779.0,16136.0,130463.0,123451.0,4645604.0,1.0
9560,1.0,9.348893407040516e+18,4320232.0,19346.0,1.0,1.0,23973675.0,27226.0,69093.0,74019.0,178775.0,0.0
9561,1.0,8.093985750685818e+17,20952474.0,2682.0,3.0,2.0,8241229.0,8427.0,19139.0,8075.0,142982.0,0.0
9562,1.0,7.484333488664585e+18,21090281.0,34691.0,1.0,1.0,2.0,67.0,152.0,219.0,634939.0,0.0
9563,2.0,1.6258649554399928e+19,21229193.0,36220.0,1.0,1.0,111.0,7004.0,12370.0,362.0,2760767.0,0.0
9564,1.0,8.99455707050858e+18,20030165.0,23799.0,1.0,1.0,860101.0,296.0,251.0,375.0,9163953.0,0.0
9565,1.0,1.2469976137002121e+19,4386808.0,26687.0,1.0,1.0,13986529.0,48102.0,116384.0,101635.0,0.0,0.0
9566,1.0,7.903914528320191e+18,21162550.0,1325.0,2.0,1.0,1629518.0,39381.0,282588.0,271247.0,74176.0,1.0
9567,1.0,1.6689374305059609e+19,20203330.0,5058.0,1.0,1.0,648.0,1634.0,757.0,954.0,8999669.0,0.0
9568,1.0,4.718580754637189e+18,20045566.0,17351.0,2.0,2.0,1555705.0,135804.0,2981740.0,2339071.0,628052.0,1.0
9569,13.0,5.851252814446936e+18,10426745.0,28698.0,3.0,1.0,2071601.0,467.0,18315.0,17695.0,0.0,0.0
9570,1.0,8.335105002517451e+18,20593626.0,33524.0,3.0,1.0,607.0,487.0,4236.0,243.0,1682757.0,1.0
9571,1.0,8.848021695083077e+18,20287136.0,2387.0,2.0,1.0,1083021.0,4507.0,7032.0,7721.0,1094172.0,1.0
9572,1.0,1.804011248540576e+19,20908196.0,35088.0,3.0,2.0,0.0,0.0,43.0,50.0,8938528.0,0.0
9573,2.0,1.4340390157469403e+19,9027213.0,23808.0,3.0,1.0,1.0,1.0,0.0,0.0,2261556.0,0.0
9574,1.0,1.147957373620592e+19,21176564.0,24130.0,2.0,2.0,11.0,96.0,1241.0,1372.0,279728.0,1.0
9575,1.0,1.4438143872795892e+19,22191309.0,38766.0,3.0,2.0,2286598.0,22522.0,16610.0,15790.0,0.0,0.0
9576,1.0,1.4340390157469403e+19,21163921.0,23808.0,2.0,2.0,4126706.0,3602.0,13477.0,39.0,5069410.0,1.0
9577,2.0,1.2105578208496677e+19,4320251.0,8281.0,2.0,1.0,23723.0,24393.0,514342.0,158333.0,7583190.0,1.0
9578,1.0,1.4168498460291512e+18,22166644.0,33659.0,1.0,1.0,209087.0,352718.0,755778.0,1079499.0,3215551.0,1.0
9579,1.0,1.8134958710993353e+19,4211534.0,22218.0,3.0,1.0,1370.0,3448.0,4132.0,4284.0,90547.0,0.0
9580,1.0,8.265651261671431e+18,20326404.0,16822.0,2.0,1.0,88968.0,107547.0,563102.0,634849.0,414634.0,0.0
9581,1.0,1.5859647530187389e+19,4285952.0,23778.0,1.0,1.0,50.0,66.0,19.0,66.0,11965543.0,0.0
9582,1.0,1.1363187206695905e+19,21250724.0,36310.0,1.0,1.0,329903.0,5865.0,24704.0,23406.0,770649.0,1.0
9583,1.0,1.7171684670985843e+19,10588380.0,20551.0,2.0,2.0,10224763.0,15974.0,164256.0,140578.0,189077.0,1.0
9584,2.0,7.903914528320191e+18,21162438.0,1325.0,2.0,2.0,422.0,1408.0,3744.0,36.0,6122059.0,1.0
9585,1.0,1.0468467911880278e+19,20595049.0,854.0,3.0,3.0,791.0,7295.0,12417.0,649.0,5807123.0,1.0
9586,1.0,5.5111324610218e+18,4183340.0,10040.0,2.0,1.0,863516.0,2866.0,2157.0,2409.0,1169510.0,0.0
9587,1.0,8.848021695083077e+18,20436179.0,2387.0,2.0,2.0,360559.0,203616.0,204.0,193.0,154977.0,0.0
9588,1.0,7.903914528320191e+18,21162342.0,1325.0,2.0,1.0,634910.0,10196.0,17227.0,23850.0,333047.0,1.0
9589,1.0,1.2455256542332492e+19,20588598.0,33651.0,3.0,1.0,37759.0,74382.0,740096.0,595184.0,2892564.0,1.0
9590,1.0,2.994924845956282e+18,20061287.0,23803.0,1.0,1.0,869686.0,24424.0,106.0,73.0,22342433.0,1.0
9591,1.0,7.903914528320191e+18,21162434.0,1325.0,3.0,2.0,13719.0,11036.0,24381.0,28936.0,5109861.0,0.0
9592,1.0,1.3384857948156529e+18,20802241.0,33931.0,2.0,2.0,5892.0,30665.0,169923.0,1260.0,0.0,0.0
9593,1.0,7.903914528320191e+18,21162421.0,1325.0,2.0,1.0,4421.0,11158.0,21351.0,29282.0,9660134.0,1.0
9594,1.0,2.662300851442413e+18,6931305.0,12994.0,2.0,2.0,8.0,3151.0,26677.0,25950.0,16158839.0,0.0
9595,1.0,1.1624066761054958e+19,3373743.0,5962.0,2.0,2.0,5037.0,3479.0,16522.0,16031.0,1930020.0,0.0
9596,1.0,1.205787899908646e+19,20163588.0,27961.0,1.0,1.0,18096756.0,1478.0,1674.0,2202.0,116170.0,0.0
9597,1.0,4.774481492345202e+18,21329900.0,36540.0,2.0,1.0,5578023.0,2778.0,6637.0,11994.0,364615.0,0.0
9598,1.0,1.9495013141580575e+18,21818338.0,37758.0,3.0,2.0,107139.0,15035.0,86275.0,40304.0,630.0,0.0
9599,2.0,1.205787899908646e+19,20157371.0,27961.0,1.0,1.0,406019.0,4058.0,6949.0,7670.0,8370104.0,0.0
9600,2.0,8.528656175151057e+18,21099752.0,35543.0,1.0,1.0,12291508.0,17052.0,101070.0,94240.0,0.0,0.0
9601,1.0,1.6959377993429946e+19,21645884.0,37526.0,2.0,1.0,12332.0,17314.0,33529.0,39226.0,2058111.0,1.0
9602,1.0,7.04596193116694e+18,22089472.0,8452.0,1.0,1.0,965.0,5794.0,9372.0,9488.0,9619374.0,1.0
9603,2.0,1.7586747310878499e+19,21960126.0,1998.0,2.0,2.0,6810006.0,33664.0,201745.0,5162.0,5295461.0,0.0
9604,1.0,1.205787899908646e+19,20221379.0,27961.0,2.0,1.0,2470152.0,10215.0,30061.0,35624.0,0.0,0.0
9605,1.0,8.624410930658001e+18,20883525.0,34732.0,2.0,1.0,1495.0,3862.0,2602.0,1232.0,3949552.0,1.0
9606,1.0,8.288930363230609e+18,20918088.0,29706.0,2.0,2.0,11865011.0,53.0,3450.0,2439.0,1153591.0,0.0
9607,1.0,1.4340390157469403e+19,20644045.0,23808.0,2.0,1.0,14849.0,2.0,1.0,3.0,3798682.0,1.0
9608,1.0,1.5889052232801778e+19,3138472.0,7570.0,2.0,1.0,2277.0,4054.0,820.0,36344.0,14680744.0,1.0
9609,1.0,1.0439736053391649e+19,4357624.0,8257.0,2.0,2.0,12560998.0,19342.0,274973.0,269319.0,4041872.0,1.0
9610,1.0,1.4703092097152496e+19,9592716.0,5079.0,2.0,2.0,2273.0,4674.0,10277.0,221.0,817026.0,1.0
9611,1.0,1.205787899908646e+19,20203709.0,27961.0,1.0,1.0,538.0,1850.0,83.0,109.0,1573524.0,1.0
9612,2.0,1.7759510457088795e+19,20361186.0,879.0,2.0,1.0,207810.0,233642.0,430154.0,367049.0,8457043.0,1.0
9613,1.0,1.1968861011840978e+18,20214261.0,32911.0,3.0,3.0,150117.0,8333.0,237225.0,205205.0,600663.0,0.0
9614,1.0,1.4340390157469403e+19,4418786.0,23808.0,2.0,1.0,4412.0,4912.0,3980.0,4306.0,1057970.0,1.0
9615,1.0,1.3359361103803858e+18,20599584.0,33847.0,2.0,2.0,2436889.0,243611.0,1123353.0,1095043.0,0.0,0.0
9616,1.0,1.205787899908646e+19,20163506.0,27961.0,1.0,1.0,1062735.0,44.0,118.0,183.0,17633570.0,0.0
9617,1.0,4.5463649866558633e+18,21342606.0,5883.0,2.0,2.0,5903971.0,1541.0,63836.0,35815.0,0.0,0.0
9618,4.0,2.6928596198512824e+18,8691158.0,2051.0,3.0,1.0,210480.0,40064.0,11281.0,11226.0,0.0,1.0
9619,2.0,1.4340390157469403e+19,3062931.0,23777.0,1.0,1.0,59754.0,18638.0,17347.0,16788.0,7710389.0,1.0
9620,1.0,2.039620248402007e+18,22118810.0,34292.0,1.0,1.0,88238.0,151445.0,238278.0,200346.0,23018380.0,1.0
9621,2.0,1.4340390157469403e+19,4707879.0,23777.0,3.0,3.0,116681.0,5735.0,39076.0,35990.0,0.0,1.0
9622,1.0,6.877516134389988e+18,20075449.0,2332.0,2.0,2.0,1301.0,4686.0,658.0,858.0,585502.0,1.0
9623,1.0,8.134264174510893e+18,10950966.0,1268.0,3.0,2.0,1610993.0,19787.0,38396.0,2.0,0.0,0.0
9624,1.0,5.468727571223081e+18,20000475.0,1381.0,2.0,2.0,7028.0,1284.0,6021.0,6304.0,3637817.0,1.0
9625,1.0,8.652246153851343e+18,21318526.0,20993.0,3.0,2.0,1107873.0,982758.0,2905623.0,2973039.0,0.0,0.0
9626,1.0,4.114401540028949e+18,21205218.0,8017.0,2.0,2.0,151874.0,257670.0,1123474.0,968308.0,4148738.0,1.0
9627,1.0,2.849384969221596e+18,4336923.0,27712.0,1.0,1.0,20252.0,55538.0,229909.0,189014.0,18770214.0,0.0
9628,1.0,1.1315908569713166e+19,20074382.0,18070.0,2.0,1.0,3149218.0,124499.0,211.0,313.0,12377784.0,1.0
9629,1.0,1.5479976013514775e+19,22191536.0,10862.0,3.0,3.0,2038916.0,384731.0,3058206.0,454047.0,0.0,0.0
9630,1.0,5.714038207510728e+18,21130333.0,33416.0,3.0,2.0,3309.0,2607.0,43101.0,1247.0,57656.0,0.0
9631,1.0,5.260594170071819e+16,3048013.0,23782.0,1.0,1.0,3144.0,369.0,240.0,405.0,6220856.0,1.0
9632,1.0,1.4340390157469403e+19,20644045.0,23808.0,1.0,1.0,191.0,2.0,1.0,3.0,18367310.0,1.0
9633,1.0,1.3756257544627677e+19,20587302.0,24354.0,2.0,2.0,4963705.0,430.0,2302.0,2542.0,4936583.0,1.0
9634,1.0,1.1029660940276564e+19,3834142.0,27485.0,1.0,1.0,2.0,8.0,28.0,209.0,355378.0,0.0
9635,1.0,1.4340390157469403e+19,21360115.0,23777.0,2.0,1.0,4439894.0,75.0,2644.0,158.0,0.0,0.0
9636,2.0,1.4531867648059392e+19,21769672.0,27482.0,1.0,1.0,57058.0,47854.0,53311.0,6.0,17386872.0,0.0
9637,6.0,2.2917676658146214e+18,21103892.0,24376.0,2.0,1.0,8.0,88.0,206.0,291.0,6554868.0,0.0
9638,1.0,1.3756257544627677e+19,9689923.0,24354.0,3.0,3.0,12899.0,2751.0,12637.0,14404.0,8171543.0,0.0
9639,1.0,8.323416633313459e+18,21261705.0,36135.0,2.0,2.0,17.0,18.0,1050.0,1254.0,3467267.0,1.0
9640,1.0,1.3756257544627677e+19,20587918.0,24354.0,1.0,1.0,7805128.0,123616.0,226224.0,189139.0,0.0,0.0
9641,1.0,1.205787899908646e+19,20192676.0,27961.0,1.0,1.0,4633.0,39.0,131.0,436.0,8188603.0,1.0
9642,1.0,4.192533441706128e+18,20967984.0,2533.0,3.0,1.0,2625680.0,343.0,3708.0,4672.0,193.0,0.0
9643,1.0,1.8135991071704447e+19,20048553.0,32242.0,2.0,2.0,1548598.0,44669.0,476212.0,168071.0,0.0,0.0
9644,2.0,1.4140300435418186e+18,21246163.0,1502.0,2.0,1.0,166.0,443.0,459.0,601.0,2953348.0,1.0
9645,1.0,1.5859647530187389e+19,4285865.0,23778.0,2.0,1.0,28946.0,3260.0,84.0,1765.0,12530311.0,0.0
9646,1.0,4.81819117860586e+18,20425025.0,16334.0,2.0,2.0,537893.0,1709.0,165888.0,4291.0,0.0,0.0
9647,1.0,1.4340390157469403e+19,9027448.0,23808.0,2.0,2.0,6853957.0,1054.0,56.0,68.0,0.0,0.0
9648,1.0,1.3756257544627677e+19,3830303.0,24035.0,2.0,1.0,1697596.0,23699.0,41365.0,157711.0,712650.0,0.0
9649,1.0,1.205787899908646e+19,20163210.0,27961.0,1.0,1.0,25948506.0,24624.0,28561.0,70479.0,18906283.0,0.0
9650,1.0,2.0021430589649848e+18,20607306.0,24124.0,1.0,1.0,17869916.0,327.0,24708.0,23411.0,18479739.0,0.0
9651,1.0,4.77370298187914e+18,4306094.0,20858.0,2.0,1.0,3750.0,1534.0,18318.0,26740.0,157274.0,0.0
9652,1.0,3.163997420314436e+18,21446097.0,26288.0,2.0,2.0,11980558.0,4027.0,102300.0,150.0,1224238.0,0.0
9653,1.0,4.0486185083233147e+18,20569800.0,32973.0,2.0,1.0,13883374.0,100877.0,870534.0,697233.0,1595277.0,0.0
9654,1.0,1.4340390157469403e+19,21163928.0,23808.0,2.0,2.0,464.0,354.0,5302.0,332.0,14074381.0,1.0
9655,1.0,7.903914528320191e+18,21162261.0,1325.0,2.0,2.0,10115.0,6410.0,15495.0,22552.0,132185.0,0.0
9656,1.0,1.4340390157469403e+19,6434934.0,23777.0,1.0,1.0,25.0,14.0,10.0,17.0,5431653.0,0.0
9657,1.0,9.949727202638932e+18,21365541.0,36770.0,2.0,2.0,3894.0,29.0,12418.0,3133.0,13786981.0,1.0
9658,2.0,1.3756257544627677e+19,9025125.0,24354.0,2.0,1.0,7281786.0,27737.0,2621.0,1658.0,1339823.0,1.0
9659,1.0,1.205787899908646e+19,20163218.0,27961.0,1.0,1.0,23732385.0,199810.0,452111.0,386339.0,2078809.0,1.0
9660,1.0,1.4399505795670258e+19,2909590.0,23778.0,3.0,2.0,24520.0,2081.0,85.0,113.0,410359.0,1.0
9661,1.0,1.0536834335786252e+18,20363531.0,1340.0,1.0,1.0,7.0,5.0,33.0,339.0,18924010.0,1.0
9662,1.0,8.119057108691817e+18,20876635.0,34760.0,1.0,1.0,605.0,199.0,34.0,40.0,7781371.0,1.0
9663,1.0,8.363781040394014e+18,10959866.0,23806.0,1.0,1.0,7249445.0,977.0,37.0,46.0,4766071.0,1.0
9664,1.0,1.6633563742643502e+18,21520509.0,37264.0,2.0,1.0,2834994.0,154548.0,1214400.0,964613.0,853436.0,0.0
9665,1.0,6.619692221503942e+17,20594972.0,854.0,2.0,2.0,3331171.0,83123.0,322807.0,312003.0,777722.0,1.0
9666,1.0,1.4340390157469403e+19,9027213.0,23808.0,2.0,1.0,18.0,1.0,0.0,0.0,1934771.0,1.0
9667,1.0,1.7962103236755943e+19,4323440.0,12248.0,1.0,1.0,25424.0,808.0,1323.0,1540.0,1704269.0,1.0
9668,1.0,5.5111324610218e+18,4200022.0,10040.0,3.0,2.0,3275391.0,83.0,10140.0,9895.0,0.0,1.0
9669,1.0,1.6663791207417606e+19,4205602.0,10581.0,2.0,1.0,832705.0,77656.0,1495268.0,1240120.0,12750555.0,1.0
9670,1.0,6.228784066129291e+18,4270800.0,1998.0,2.0,2.0,4184107.0,1509.0,9466.0,119870.0,2967275.0,0.0
9671,6.0,9.75107224858461e+18,10937875.0,29713.0,2.0,1.0,1066.0,1734.0,1173.0,1384.0,2374390.0,1.0
9672,1.0,9.016759385938257e+18,4425503.0,28502.0,2.0,1.0,45765.0,26566.0,66440.0,36008.0,5725990.0,0.0
9673,1.0,1.0124700210142722e+19,4332980.0,23778.0,3.0,3.0,171.0,126.0,13.0,178.0,2650851.0,0.0
9674,1.0,1.3311343438192927e+19,3806502.0,23791.0,2.0,1.0,11672.0,24.0,31.0,33.0,15321078.0,0.0
9675,1.0,1.4340390157469403e+19,21360106.0,23777.0,2.0,1.0,8.0,15.0,1165.0,548.0,7833871.0,1.0
9676,1.0,1.4340390157469403e+19,21360125.0,23777.0,2.0,2.0,11686009.0,7385.0,266306.0,9669.0,55914.0,0.0
9677,1.0,7.142644197552396e+18,20273679.0,32674.0,2.0,2.0,87.0,3126.0,2465.0,2757.0,5072585.0,1.0
9678,2.0,3.477034415824923e+18,20299645.0,24795.0,2.0,2.0,240947.0,20639.0,59415.0,56662.0,4125353.0,1.0
9679,1.0,1.1121833691387079e+19,21134703.0,23807.0,2.0,2.0,33554.0,12997.0,24135.0,8.0,2918.0,0.0
9680,1.0,8.020958930728938e+18,20884735.0,34605.0,2.0,2.0,8488.0,6899.0,197794.0,145829.0,23484.0,0.0
9681,1.0,1.6583435308151357e+18,21258108.0,2298.0,1.0,1.0,19169300.0,22317.0,128964.0,132251.0,836753.0,0.0
9682,1.0,1.4340390157469403e+19,9092769.0,23808.0,2.0,1.0,2897.0,10031.0,608.0,797.0,3133791.0,0.0
9683,1.0,1.023087439797103e+19,20930009.0,33103.0,1.0,1.0,1952949.0,3248.0,108896.0,101492.0,0.0,1.0
9684,1.0,1.4912173707563633e+19,21259129.0,36382.0,2.0,2.0,82968.0,405.0,8370.0,2027.0,1025068.0,0.0
9685,1.0,5.5111324610218e+18,4186735.0,10040.0,1.0,1.0,3629737.0,857.0,1404.0,1644.0,5997291.0,0.0
9686,1.0,6.601746059193693e+18,1763002.0,14428.0,2.0,2.0,640656.0,246711.0,540212.0,239.0,0.0,0.0
9687,1.0,1.4340390157469403e+19,10335753.0,23808.0,2.0,1.0,11232453.0,1480.0,1932.0,144.0,16528838.0,1.0
9688,1.0,1.5145480155589095e+19,21954093.0,23807.0,1.0,1.0,17433496.0,16770.0,80922.0,71888.0,347527.0,0.0
9689,1.0,8.848021695083077e+18,20288500.0,2387.0,1.0,1.0,273438.0,254098.0,205.0,194.0,1385763.0,0.0
9690,2.0,5.468727571223081e+18,20000475.0,1381.0,2.0,2.0,835.0,1284.0,6021.0,6304.0,1537270.0,1.0
9691,2.0,1.205787899908646e+19,20183690.0,27961.0,1.0,1.0,1427935.0,822.0,336.0,869.0,0.0,0.0
9692,1.0,1.0937525718161175e+19,4286642.0,2022.0,3.0,2.0,1152312.0,655.0,1800.0,2244.0,0.0,0.0
9693,2.0,1.7920237582239605e+19,1001049.0,2733.0,1.0,1.0,616188.0,5526.0,26683.0,29076.0,0.0,0.0
9694,1.0,1.4340390157469403e+19,9027689.0,23808.0,1.0,1.0,17877467.0,671.0,6580.0,37222.0,583242.0,1.0
9695,1.0,3.5168895657275873e+18,2580591.0,1267.0,2.0,2.0,21959.0,1415.0,3314.0,4317.0,1506375.0,1.0
9696,1.0,1.3756257544627677e+19,20587324.0,24354.0,2.0,1.0,13424130.0,19129.0,100644.0,88489.0,2000273.0,1.0
9697,1.0,4.192533441706128e+18,20945116.0,2533.0,2.0,1.0,10674.0,3896.0,11839.0,12973.0,1697513.0,1.0
9698,1.0,1.4340390157469403e+19,9027637.0,23808.0,2.0,1.0,57.0,397.0,108.0,146.0,152565.0,1.0
9699,1.0,1.3756257544627677e+19,20175525.0,24354.0,1.0,1.0,25553977.0,29247.0,79.0,199.0,0.0,0.0
9700,1.0,1.4340390157469403e+19,21360099.0,23777.0,2.0,1.0,38.0,717.0,482.0,429.0,1579138.0,1.0
9701,1.0,3.6311863746730235e+18,1000806.0,2737.0,1.0,1.0,1671.0,1094.0,382920.0,60557.0,3701838.0,0.0
9702,1.0,1.4340390157469403e+19,4429963.0,23808.0,2.0,1.0,32530.0,17961.0,19676.0,18932.0,100124.0,1.0
9703,1.0,5.901349891861968e+18,4414359.0,24207.0,2.0,2.0,14937135.0,14276.0,29348.0,9121.0,362898.0,0.0
9704,1.0,1.1624066761054958e+19,3373161.0,5962.0,1.0,1.0,169592.0,4424.0,2969.0,3252.0,17242989.0,0.0
9705,1.0,2.1115975172883315e+18,21167204.0,35100.0,3.0,3.0,11592.0,17334.0,1474925.0,50885.0,0.0,0.0
9706,1.0,1.7654447561421345e+19,20369400.0,33205.0,2.0,1.0,93.0,440.0,1019.0,1860.0,7350962.0,1.0
9707,1.0,6.414307266338366e+18,21248429.0,35668.0,3.0,2.0,89.0,10.0,181.0,191.0,150082.0,0.0
9708,1.0,3.361919662339476e+17,21116651.0,35684.0,2.0,2.0,29903.0,3422.0,939651.0,842096.0,13838990.0,1.0
9709,1.0,7.266968077287788e+18,7211530.0,19827.0,2.0,2.0,9419366.0,30826.0,201408.0,325063.0,990072.0,0.0
9710,1.0,1.205787899908646e+19,20222970.0,27961.0,3.0,2.0,7752216.0,34430.0,178682.0,317938.0,218288.0,0.0
9711,1.0,6.043409057429568e+17,20883982.0,34955.0,3.0,3.0,45306.0,33241.0,988349.0,794785.0,35318.0,0.0
9712,1.0,1.4572844830851484e+19,20009967.0,22518.0,1.0,1.0,3482.0,9367.0,17241.0,17262.0,1075536.0,0.0
9713,1.0,1.5047769167056724e+19,20575275.0,421.0,3.0,3.0,240.0,597.0,3205.0,3999.0,10168556.0,0.0
9714,1.0,9.75107224858461e+18,10850149.0,29713.0,2.0,1.0,4852.0,247.0,827.0,1469.0,14357004.0,1.0
9715,1.0,1.471680354633983e+19,4283732.0,24587.0,2.0,1.0,6375.0,9140.0,6983.0,7175.0,1060713.0,0.0
9716,1.0,7.903914528320191e+18,21162401.0,1325.0,3.0,1.0,7562.0,26328.0,51035.0,52355.0,9387487.0,1.0
9717,1.0,2.7659720161423985e+18,4419916.0,4862.0,3.0,3.0,2.0,142.0,180.0,258.0,2227556.0,0.0
9718,1.0,1.2791502733103649e+19,21093743.0,28039.0,3.0,1.0,18311.0,19509.0,186927.0,319300.0,1308538.0,0.0
9719,1.0,7.484333488664585e+18,21090281.0,34691.0,2.0,2.0,2.0,67.0,152.0,219.0,7671680.0,0.0
9720,1.0,1.4340390157469403e+19,9027924.0,23808.0,3.0,3.0,861833.0,44997.0,5500.0,5814.0,0.0,0.0
9721,2.0,9.991057275835721e+17,20346271.0,30428.0,2.0,1.0,552837.0,17770.0,29428.0,27616.0,168624.0,0.0
9722,1.0,3.188592109011308e+18,21506318.0,37299.0,2.0,1.0,1394856.0,164.0,941.0,1501.0,5645642.0,0.0
9723,1.0,5.851252814446936e+18,10426676.0,28698.0,2.0,1.0,3124536.0,100737.0,575721.0,466111.0,0.0,0.0
9724,2.0,4.2981186814246446e+18,21866029.0,385.0,1.0,1.0,4056.0,173.0,300.0,410.0,23813617.0,1.0
9725,1.0,1.205787899908646e+19,20183748.0,27961.0,1.0,1.0,25780.0,10225.0,10431.0,12167.0,1025982.0,1.0
9726,2.0,1.205787899908646e+19,20149129.0,27961.0,1.0,1.0,3740.0,577.0,447.0,624.0,19450225.0,1.0
9727,1.0,1.205787899908646e+19,20163591.0,27961.0,1.0,1.0,15289526.0,9.0,18.0,27.0,0.0,1.0
9728,1.0,1.4678227137801654e+19,10753171.0,30293.0,1.0,1.0,86243.0,385.0,489.0,656.0,30123.0,0.0
9729,1.0,1.5349556856043352e+19,22098049.0,36855.0,3.0,3.0,610681.0,9732.0,580940.0,1720.0,2486068.0,1.0
9730,1.0,7.125134052170254e+18,21548348.0,37463.0,2.0,1.0,2599.0,10355.0,125380.0,109255.0,1003091.0,1.0
9731,9.0,8.99455707050858e+18,20030165.0,23799.0,1.0,1.0,16000.0,1567.0,1012.0,1222.0,0.0,1.0
9732,2.0,1.1132806224225894e+19,4238198.0,10325.0,2.0,1.0,4309.0,83474.0,109407.0,41.0,4270593.0,1.0
9733,1.0,8.265651261671431e+18,20326404.0,16822.0,1.0,1.0,5272447.0,40876.0,2620034.0,2031759.0,0.0,1.0
9734,1.0,1.4202400320781967e+19,10538289.0,27503.0,3.0,2.0,88507.0,82659.0,562708.0,455097.0,4157506.0,0.0
9735,1.0,1.3384857948156529e+18,20802251.0,33931.0,2.0,2.0,37.0,5137.0,1646.0,7877.0,231725.0,0.0
9736,1.0,1.6949759439173958e+19,10405666.0,29900.0,2.0,1.0,23822.0,2807.0,101.0,134.0,369651.0,1.0
9737,1.0,1.5167927993406933e+19,20207821.0,781.0,3.0,1.0,2236.0,1714.0,42765.0,295.0,0.0,1.0
9738,7.0,1.3311343438192927e+19,3806502.0,23791.0,1.0,1.0,41.0,24.0,31.0,33.0,788402.0,1.0
9739,1.0,8.964819613832006e+18,21898456.0,37210.0,2.0,2.0,223265.0,447.0,16283.0,15986.0,0.0,0.0
9740,1.0,1.205787899908646e+19,20163133.0,27961.0,2.0,1.0,2450707.0,14198.0,21144.0,23441.0,40065.0,0.0
9741,2.0,6.767824735022102e+18,21099585.0,8834.0,2.0,1.0,8330016.0,1445.0,2016.0,2548.0,4028453.0,1.0
9742,1.0,1.205787899908646e+19,20159008.0,27961.0,1.0,1.0,26015206.0,293.0,264.0,427.0,21568348.0,1.0
9743,2.0,2.575759190818998e+18,21340182.0,36519.0,3.0,3.0,8631061.0,450.0,1543.0,2120.0,0.0,1.0
9744,1.0,1.549362889121078e+19,20924598.0,32850.0,2.0,2.0,10269337.0,8466.0,67667.0,31419.0,0.0,0.0
9745,1.0,1.4731315459154403e+19,4372529.0,16181.0,1.0,1.0,22003434.0,4364.0,62993.0,11959.0,343208.0,0.0
9746,1.0,9.806838428950888e+18,21811756.0,37737.0,1.0,1.0,7671211.0,4623.0,10909.0,20849.0,8059432.0,0.0
9747,2.0,7.903914528320191e+18,21162527.0,1325.0,2.0,1.0,88389.0,64905.0,22.0,23.0,4341862.0,1.0
9748,1.0,3.3609893175302953e+18,21273372.0,36437.0,2.0,1.0,2169659.0,479.0,3332.0,507.0,280716.0,0.0
9749,1.0,9.662243402272995e+18,21273498.0,36286.0,2.0,1.0,67318.0,76135.0,2283778.0,1795205.0,5877557.0,1.0
9750,1.0,8.288930363230609e+18,20915048.0,29706.0,2.0,2.0,14258857.0,727.0,11185.0,251.0,50529.0,1.0
9751,2.0,1.205787899908646e+19,20222970.0,27961.0,1.0,1.0,26079.0,102.0,161.0,244.0,57679.0,1.0
9752,2.0,1.2865941078576976e+19,21648725.0,36503.0,2.0,1.0,9749.0,123213.0,240011.0,312913.0,15926225.0,0.0
9753,1.0,2.987457312022362e+18,1192714.0,2850.0,2.0,2.0,745.0,7337.0,16466.0,447.0,978262.0,0.0
9754,2.0,1.6130785245264521e+19,21927540.0,38028.0,2.0,1.0,3481.0,1555.0,134858.0,116140.0,0.0,1.0
9755,2.0,9.860713142308876e+18,21197821.0,35826.0,2.0,1.0,8.0,15.0,1734.0,1063.0,9224737.0,1.0
9756,1.0,5.998778395684809e+18,20319703.0,33117.0,2.0,1.0,8480427.0,2998.0,5852.0,7818.0,13168784.0,0.0
9757,2.0,1.4779372599199648e+19,20601293.0,2494.0,2.0,1.0,37959.0,14808.0,344.0,260.0,4107046.0,1.0
9758,2.0,4.4281482458743736e+18,21139991.0,28441.0,2.0,1.0,3116625.0,82845.0,26423.0,2381.0,871710.0,0.0
9759,1.0,5.467921431274186e+18,10863267.0,30495.0,2.0,2.0,12933.0,47306.0,276696.0,16589.0,6371415.0,1.0
9760,5.0,8.390751886332699e+18,20869978.0,854.0,2.0,1.0,69599.0,6048.0,485513.0,481733.0,0.0,1.0
9761,1.0,1.4340390157469403e+19,3207415.0,23777.0,2.0,1.0,3271.0,651.0,455.0,594.0,2281892.0,1.0
9762,1.0,4.2981186814246446e+18,21866030.0,385.0,3.0,2.0,2653163.0,172.0,1529.0,1791.0,34263.0,0.0
9763,1.0,8.228487494650906e+18,10957762.0,4895.0,3.0,3.0,3139935.0,457.0,190415.0,182549.0,0.0,0.0
9764,1.0,7.903914528320191e+18,21162439.0,1325.0,2.0,1.0,182202.0,152334.0,601010.0,494474.0,6241937.0,1.0
9765,1.0,8.866882961761972e+18,21835084.0,37775.0,2.0,1.0,40.0,4143.0,7516.0,7712.0,7992950.0,0.0
9766,1.0,1.205787899908646e+19,20163507.0,27961.0,1.0,1.0,122.0,399.0,268.0,415.0,7606576.0,1.0
9767,2.0,8.99455707050858e+18,20030165.0,23799.0,2.0,1.0,28.0,231.0,199.0,316.0,2287059.0,0.0
9768,1.0,1.205787899908646e+19,20157164.0,27961.0,1.0,1.0,21288167.0,957.0,6943.0,7565.0,414570.0,1.0
9769,2.0,1.4340390157469403e+19,21163924.0,23808.0,2.0,2.0,341.0,94.0,445.0,62.0,45308.0,1.0
9770,1.0,9.45917755559769e+18,21163140.0,5466.0,1.0,1.0,252698.0,108957.0,478617.0,18769.0,235258.0,1.0
9771,1.0,1.3756257544627677e+19,8350700.0,24035.0,2.0,1.0,55.0,195.0,1151.0,737.0,264695.0,1.0
9772,1.0,1.205787899908646e+19,20222646.0,27961.0,3.0,2.0,581275.0,2475.0,210004.0,188263.0,0.0,0.0
9773,9.0,1.4340390157469403e+19,4450278.0,23777.0,2.0,1.0,48767.0,25677.0,55884.0,50542.0,0.0,1.0
9774,1.0,1.2485598954401746e+18,21334727.0,36643.0,2.0,1.0,19621.0,3089.0,89356.0,86813.0,15124114.0,1.0
9775,1.0,1.4756578758696272e+19,20715076.0,3625.0,2.0,2.0,79355.0,34968.0,1515792.0,1200842.0,8103.0,0.0
9776,1.0,1.2930459048655954e+19,20877879.0,32345.0,2.0,2.0,5111.0,25386.0,345842.0,343369.0,10231255.0,0.0
9777,14.0,5.888277431783336e+18,7955192.0,6520.0,3.0,1.0,114222.0,61369.0,256084.0,221805.0,0.0,1.0
9778,1.0,1.5366517485002252e+19,6794565.0,10611.0,3.0,1.0,152664.0,20617.0,31222.0,30484.0,8183776.0,1.0
9779,1.0,5.436739745846331e+18,4498283.0,13677.0,2.0,1.0,2149103.0,15.0,7565.0,8312.0,3797823.0,0.0
9780,1.0,1.4756578758696272e+19,21418198.0,3625.0,1.0,1.0,47702.0,252.0,8654.0,8805.0,438155.0,0.0
9781,1.0,3.583186794558268e+18,21402177.0,36906.0,2.0,1.0,11591.0,35765.0,50097.0,92606.0,5168205.0,0.0
9782,1.0,1.205787899908646e+19,20192676.0,27961.0,1.0,1.0,18933947.0,3076.0,7813.0,16183.0,0.0,0.0
9783,1.0,2.0016817305032584e+18,21301340.0,36436.0,3.0,2.0,272952.0,118.0,14707.0,14389.0,0.0,0.0
9784,1.0,1.4340390157469403e+19,3074311.0,23777.0,2.0,2.0,9975658.0,4631.0,11683.0,11608.0,985910.0,1.0
9785,1.0,3.858745227068633e+18,20592705.0,33776.0,2.0,1.0,517.0,2217.0,2832.0,3186.0,5682056.0,1.0
9786,1.0,1.5859647530187389e+19,4285938.0,23778.0,2.0,1.0,334.0,2432.0,19.0,83.0,7193919.0,0.0
9787,1.0,6.243171952234471e+18,20815012.0,3640.0,3.0,2.0,7196690.0,353.0,524.0,607.0,2308764.0,0.0
9788,1.0,1.0178587183040092e+19,20938622.0,2832.0,2.0,1.0,9686671.0,273764.0,3817.0,627283.0,417118.0,1.0
9789,1.0,7.251627201518253e+18,20665407.0,2011.0,2.0,1.0,11251663.0,1463.0,3937.0,135.0,1609928.0,1.0
9790,1.0,1.5145480155589095e+19,21173400.0,23807.0,2.0,1.0,10911184.0,498.0,1598.0,8.0,13788843.0,0.0
9791,4.0,1.0050220220721555e+19,9024560.0,24975.0,3.0,1.0,2481.0,1174.0,3952.0,4851.0,4252.0,1.0
9792,2.0,1.1916652192010568e+19,21345984.0,10948.0,2.0,2.0,2119078.0,4289.0,370032.0,643.0,1299826.0,1.0
9793,1.0,5.851252814446936e+18,10437262.0,28698.0,1.0,1.0,16669171.0,224.0,2297.0,3008.0,0.0,0.0
9794,1.0,1.8285593804909965e+18,21416833.0,36944.0,2.0,1.0,163256.0,499.0,2181.0,4788.0,2455786.0,1.0
9795,1.0,1.4340390157469403e+19,21360098.0,23777.0,2.0,1.0,228.0,610.0,416.0,473.0,3030967.0,1.0
9796,1.0,1.4340390157469403e+19,21163923.0,23808.0,2.0,2.0,129.0,384.0,1701.0,37.0,7785725.0,0.0
9797,1.0,1.4340390157469403e+19,9027740.0,23808.0,3.0,2.0,5446305.0,13379.0,3710.0,4037.0,604863.0,1.0
9798,1.0,1.159306447400968e+19,4249711.0,7906.0,2.0,2.0,4193973.0,72239.0,120105.0,104804.0,0.0,0.0
9799,1.0,3.8110346841213204e+18,4238406.0,20693.0,2.0,1.0,8.0,3151.0,30087.0,10240.0,5666972.0,1.0
9800,1.0,6.853544015823758e+17,21136263.0,18071.0,3.0,2.0,593692.0,28655.0,372015.0,316936.0,779338.0,0.0
9801,1.0,4.969291200346086e+18,4232384.0,3383.0,3.0,3.0,42067.0,11404.0,23173.0,1122.0,194541.0,0.0
9802,1.0,1.4340390157469403e+19,20640001.0,23808.0,2.0,2.0,144.0,244.0,115.0,160.0,3101162.0,0.0
9803,1.0,7.143518654485987e+18,20393504.0,33093.0,1.0,1.0,276.0,320.0,133.0,1331.0,3108178.0,1.0
9804,6.0,1.4531867648059392e+19,21783805.0,27482.0,1.0,1.0,399358.0,76667.0,98211.0,6.0,0.0,1.0
9805,1.0,1.3991216566165025e+19,21249811.0,34963.0,2.0,2.0,782949.0,34236.0,62144.0,14452.0,0.0,0.0
9806,1.0,1.4340390157469403e+19,4707531.0,23777.0,2.0,2.0,14429720.0,90186.0,218176.0,183568.0,0.0,0.0
9807,1.0,2.670952723278905e+18,20172874.0,23805.0,1.0,1.0,101368.0,114.0,134.0,16.0,45713.0,0.0
9808,1.0,1.2761937145908517e+19,21220442.0,2636.0,2.0,2.0,361098.0,1480.0,48999.0,21255.0,5051616.0,0.0
9809,1.0,2.6928596198512824e+18,4333159.0,2051.0,3.0,1.0,444.0,3094.0,4688.0,5055.0,868509.0,0.0
9810,1.0,1.7484901891993694e+19,1583955.0,3610.0,2.0,2.0,12769422.0,19285.0,523050.0,424357.0,1255864.0,1.0
9811,1.0,5.851252814446936e+18,21477562.0,28698.0,2.0,1.0,416.0,1312.0,48145.0,37939.0,10192132.0,1.0
9812,1.0,1.4140300435418186e+18,21246159.0,1502.0,3.0,3.0,12766.0,13947.0,76.0,101.0,78603.0,0.0
9813,1.0,4.2981186814246446e+18,4161629.0,385.0,3.0,3.0,2481.0,135663.0,841980.0,677470.0,2322.0,0.0
9814,1.0,6.715049002232656e+18,3065545.0,23783.0,1.0,1.0,746953.0,60.0,54.0,168.0,888790.0,1.0
9815,1.0,4.2981186814246446e+18,8054543.0,385.0,3.0,3.0,197695.0,104029.0,268869.0,322.0,3882395.0,0.0
9816,1.0,8.374971958388247e+18,3819348.0,4832.0,2.0,1.0,160.0,475.0,3098.0,3808.0,1988511.0,1.0
9817,1.0,5.851252814446936e+18,20135770.0,28698.0,2.0,1.0,6585260.0,129.0,1551.0,2004.0,2172474.0,1.0
9818,1.0,2.6928596198512824e+18,4343427.0,2051.0,2.0,2.0,213.0,496.0,2417.0,2480.0,3215712.0,1.0
9819,1.0,1.4756578758696272e+19,20715825.0,3625.0,3.0,1.0,5468133.0,12472.0,110505.0,96660.0,70902.0,1.0
9820,3.0,9.991057275835721e+17,20389731.0,30428.0,1.0,1.0,6518064.0,133257.0,1051152.0,805831.0,621771.0,1.0
9821,1.0,1.2160902783006556e+19,21900116.0,37945.0,3.0,1.0,171.0,126.0,136290.0,317.0,494852.0,1.0
9822,1.0,6.715049002232656e+18,3065545.0,23783.0,1.0,1.0,12410834.0,60.0,54.0,78.0,10475008.0,1.0
9823,1.0,1.205787899908646e+19,20161737.0,27961.0,2.0,1.0,3040740.0,1849.0,9531.0,11444.0,1648093.0,1.0
9824,1.0,1.6689374305059609e+19,20450047.0,5058.0,2.0,1.0,124391.0,19560.0,1091680.0,2690.0,15326887.0,1.0
9825,1.0,1.4340390157469403e+19,21163923.0,23808.0,2.0,1.0,129.0,384.0,1701.0,37.0,574484.0,0.0
9826,1.0,1.205787899908646e+19,20225564.0,27961.0,2.0,1.0,30409.0,45925.0,162173.0,147280.0,1048062.0,0.0
9827,1.0,1.232058871367395e+18,21811818.0,37750.0,2.0,2.0,1733.0,29.0,1159.0,1367.0,6175866.0,1.0
9828,1.0,1.4340390157469403e+19,3126778.0,23777.0,2.0,1.0,2610599.0,8249.0,6327.0,6600.0,583643.0,1.0
9829,1.0,1.205787899908646e+19,20164155.0,27961.0,3.0,3.0,46052.0,32186.0,73841.0,70751.0,553747.0,0.0
9830,1.0,1.5809973790763559e+19,22096510.0,38500.0,3.0,1.0,10491.0,29.0,1412.0,1662.0,1438696.0,1.0
9831,1.0,5.468727571223081e+18,20000476.0,1381.0,2.0,2.0,551.0,1608.0,6823.0,7018.0,14023378.0,0.0
9832,1.0,9.35524449324014e+18,21203697.0,20334.0,2.0,1.0,12856.0,37210.0,385987.0,315484.0,686296.0,1.0
9833,1.0,1.4340390157469403e+19,3126697.0,23777.0,3.0,2.0,7.0,5.0,47.0,57.0,9598508.0,0.0
9834,1.0,1.595507548723284e+18,20187774.0,24362.0,1.0,1.0,1296978.0,18675.0,29395.0,56561.0,0.0,0.0
9835,1.0,4.876702067173951e+17,20590678.0,24027.0,2.0,1.0,25232.0,9827.0,20337.0,23326.0,15696901.0,1.0
9836,1.0,1.4340390157469403e+19,21360114.0,23777.0,1.0,1.0,33.0,1695.0,3197.0,2103.0,6074317.0,0.0
9837,1.0,1.3911641993763844e+19,21798056.0,37658.0,2.0,1.0,12.0,383.0,2713.0,2972.0,3571588.0,0.0
9838,1.0,1.205787899908646e+19,20163161.0,27961.0,2.0,2.0,10080785.0,3200.0,8743.0,9408.0,2127880.0,0.0
9839,1.0,7.903914528320191e+18,21162454.0,1325.0,2.0,1.0,6723.0,24431.0,46102.0,47966.0,14789531.0,1.0
9840,1.0,1.3516559178445044e+19,20393732.0,24355.0,2.0,1.0,1021313.0,400266.0,1280697.0,1017812.0,2645068.0,1.0
9841,1.0,6.715049002232656e+18,3065545.0,23783.0,1.0,1.0,4257.0,60.0,54.0,78.0,16592058.0,1.0
9842,1.0,1.3606181522925361e+19,4418563.0,27966.0,2.0,1.0,23227.0,14315.0,24626.0,11394.0,9441757.0,1.0
9843,4.0,2.6928596198512824e+18,4344041.0,2051.0,2.0,1.0,134399.0,71.0,151.0,218.0,0.0,1.0
9844,5.0,1.7940961142345413e+19,20985429.0,34461.0,3.0,3.0,20772.0,22505.0,509556.0,876870.0,0.0,0.0
9845,1.0,8.335105002517451e+18,20582549.0,33524.0,3.0,3.0,4.0,56.0,51.0,200.0,1984001.0,0.0
9846,1.0,8.265651261671431e+18,20326404.0,16822.0,2.0,2.0,40279.0,10110.0,99540.0,92237.0,6639638.0,0.0
9847,1.0,8.795673444769123e+18,3655566.0,4803.0,2.0,2.0,129295.0,189891.0,1479073.0,957959.0,0.0,0.0
9848,1.0,1.1450545721087097e+19,20443631.0,32925.0,2.0,1.0,144494.0,10161.0,83729.0,42397.0,0.0,0.0
9849,1.0,1.5366517485002252e+19,6794445.0,10611.0,3.0,3.0,239816.0,45472.0,162152.0,144113.0,368149.0,0.0
9850,1.0,1.034946865176566e+19,21522776.0,37422.0,2.0,1.0,0.0,0.0,25.0,4.0,16853886.0,0.0
9851,1.0,1.205787899908646e+19,20163609.0,27961.0,2.0,1.0,17584.0,74.0,119.0,186.0,7841106.0,0.0
9852,1.0,8.351001617032297e+17,3854570.0,11494.0,2.0,1.0,4522167.0,3946.0,2662.0,3197.0,0.0,0.0
9853,1.0,1.0981755291997231e+19,4410347.0,2617.0,2.0,2.0,3547.0,16892.0,39057.0,36044.0,2093663.0,0.0
9854,1.0,1.034946865176566e+19,21522776.0,37422.0,2.0,1.0,0.0,0.0,25.0,4.0,5422158.0,0.0
9855,1.0,1.205787899908646e+19,20223261.0,27961.0,2.0,2.0,599249.0,11699.0,63706.0,70475.0,456909.0,1.0
9856,1.0,1.4340390157469403e+19,3061039.0,23777.0,1.0,1.0,11642619.0,46622.0,102216.0,89710.0,18153378.0,0.0
9857,1.0,1.4340390157469403e+19,21163924.0,23808.0,2.0,1.0,418.0,145.0,606.0,67.0,12261768.0,1.0
9858,1.0,1.205787899908646e+19,20149057.0,27961.0,2.0,2.0,9351416.0,1729.0,11791.0,18908.0,0.0,0.0
9859,1.0,6.912851286990253e+18,20041425.0,18918.0,1.0,1.0,637198.0,296161.0,1681715.0,1529150.0,0.0,0.0
9860,1.0,1.0216465136750983e+19,21111690.0,35582.0,3.0,2.0,2834257.0,516.0,153651.0,122827.0,0.0,0.0
9861,1.0,1.205787899908646e+19,20183681.0,27961.0,2.0,1.0,95.0,163.0,217.0,336.0,5344789.0,1.0
9862,1.0,7.903914528320191e+18,21372569.0,2010.0,2.0,1.0,192.0,6.0,146.0,372.0,12142821.0,0.0
9863,1.0,1.0452428043152323e+19,20789535.0,34555.0,2.0,1.0,378163.0,87.0,4153.0,4820.0,513707.0,1.0
9864,1.0,6.228784066129291e+18,3923536.0,1998.0,2.0,2.0,1663882.0,110715.0,298.0,318717.0,564705.0,1.0
9865,1.0,8.848021695083077e+18,20035409.0,2387.0,2.0,2.0,59976.0,3791.0,7601.0,7781.0,58555.0,1.0
9866,1.0,6.715049002232656e+18,3065545.0,23783.0,1.0,1.0,1142.0,167.0,128.0,212.0,22090559.0,1.0
9867,1.0,1.578511299927674e+19,20908196.0,35088.0,3.0,2.0,0.0,0.0,2.0,5.0,10429257.0,0.0
9868,1.0,5.851252814446936e+18,21477806.0,28698.0,3.0,1.0,1672.0,8095.0,153476.0,108943.0,2635050.0,1.0
9869,1.0,9.390444283884915e+18,4254545.0,10655.0,2.0,1.0,1000627.0,20027.0,19000.0,18965.0,452594.0,1.0
9870,1.0,4.569684565248845e+18,10396906.0,29138.0,1.0,1.0,17198343.0,912.0,23498.0,21201.0,3963905.0,0.0
9871,2.0,1.4964837739872602e+19,20877150.0,2332.0,2.0,2.0,83212.0,454.0,3486.0,4520.0,721512.0,1.0
9872,2.0,3.163997420314436e+18,21445616.0,26288.0,2.0,2.0,5893276.0,125.0,1199.0,1764.0,7840.0,1.0
9873,1.0,7.576410289908663e+18,21441003.0,36951.0,2.0,1.0,1753265.0,101573.0,846949.0,705452.0,915259.0,1.0
9874,1.0,1.1241145946944848e+19,21319811.0,21116.0,2.0,1.0,1523.0,6363.0,10882.0,6689.0,9949664.0,1.0
9875,1.0,8.134264174510893e+18,10593105.0,1268.0,2.0,2.0,14967496.0,251.0,2881.0,2.0,0.0,1.0
9876,1.0,7.903914528320191e+18,21162251.0,1325.0,1.0,1.0,2499.0,1600.0,2480.0,45.0,21848290.0,0.0
9877,1.0,1.8425200088803072e+19,20033125.0,23790.0,2.0,1.0,219.0,160.0,27.0,29.0,6504983.0,1.0
9878,1.0,6.767824735022102e+18,6149294.0,8834.0,2.0,2.0,13080.0,28743.0,74248.0,49835.0,1463530.0,1.0
9879,1.0,4.2981186814246446e+18,7824055.0,385.0,2.0,1.0,1038883.0,245548.0,471679.0,48.0,3532225.0,1.0
9880,1.0,1.841402750464924e+18,21723614.0,37558.0,2.0,2.0,13949424.0,135738.0,206919.0,174843.0,2065114.0,1.0
9881,1.0,9.37743301020855e+18,21263918.0,36412.0,2.0,1.0,249158.0,27506.0,665605.0,16144.0,747979.0,1.0
9882,1.0,1.0229764868502155e+19,20920982.0,35006.0,2.0,1.0,21736.0,1840.0,2636.0,621.0,1016011.0,1.0
9883,1.0,1.0193664922076922e+19,3080977.0,20128.0,3.0,1.0,18237.0,14776.0,53651.0,77757.0,3624956.0,1.0
9884,1.0,9.814494029592777e+18,21090601.0,6869.0,2.0,2.0,8846.0,6743.0,163497.0,16162.0,154497.0,0.0
9885,2.0,1.4340390157469403e+19,10397422.0,23808.0,2.0,2.0,402480.0,13.0,50.0,15.0,0.0,1.0
9886,1.0,1.3152461692000514e+19,21938696.0,13167.0,3.0,1.0,4114.0,50924.0,382731.0,311953.0,6833233.0,0.0
9887,1.0,9.991057275835721e+17,10870969.0,30428.0,2.0,1.0,10753707.0,3528.0,3654.0,3982.0,2271475.0,1.0
9888,1.0,5.07990106805139e+18,4320077.0,25928.0,1.0,1.0,2097.0,697.0,1016.0,1212.0,21349857.0,1.0
9889,1.0,1.2425113870713928e+18,21205796.0,7231.0,1.0,1.0,1384064.0,153870.0,417632.0,216651.0,0.0,1.0
9890,1.0,1.4340390157469403e+19,3111359.0,23777.0,1.0,1.0,105874.0,630.0,809.0,997.0,9224753.0,0.0
9891,1.0,6.324020793843805e+18,20711342.0,27500.0,3.0,2.0,4.0,33.0,417.0,262.0,148410.0,0.0
9892,2.0,5.851252814446936e+18,21478247.0,28698.0,1.0,1.0,859697.0,2830.0,9618.0,9732.0,0.0,0.0
9893,1.0,1.205787899908646e+19,20192676.0,27961.0,1.0,1.0,68292.0,39.0,131.0,436.0,3711463.0,1.0
9894,1.0,1.3243640383761205e+19,20900489.0,2401.0,2.0,1.0,930.0,387.0,3326.0,4095.0,545538.0,1.0
9895,1.0,3.2194484119729485e+18,2377227.0,18990.0,2.0,1.0,8.0,143.0,1890.0,2476.0,16312038.0,0.0
9896,1.0,1.4026041424198298e+17,21202907.0,36034.0,1.0,1.0,1196688.0,277436.0,721014.0,975624.0,23408677.0,1.0
9897,3.0,1.5859647530187389e+19,4291065.0,23778.0,1.0,1.0,2940.0,5601.0,11.0,708.0,785426.0,1.0
9898,1.0,1.734180435361551e+19,20387275.0,30213.0,2.0,2.0,4260785.0,5109.0,3887.0,159.0,11209.0,0.0
9899,1.0,6.399024617856669e+18,21299603.0,36491.0,3.0,1.0,87.0,403.0,3233.0,282.0,5433219.0,1.0
9900,1.0,1.4340390157469403e+19,3529370.0,23777.0,2.0,1.0,181738.0,12433.0,338.0,460.0,14918132.0,0.0
9901,1.0,4.571512889902532e+18,8549459.0,891.0,3.0,1.0,367904.0,4650.0,4272.0,1403.0,0.0,0.0
9902,1.0,1.2603648320440293e+19,20003419.0,1381.0,1.0,1.0,5672165.0,5114.0,13621.0,15935.0,877880.0,0.0
9903,1.0,7.702957811170654e+18,20895787.0,34897.0,2.0,1.0,45580.0,899.0,11274.0,115214.0,0.0,1.0
9904,1.0,1.5145480155589095e+19,21925324.0,23807.0,2.0,1.0,53.0,149.0,5259.0,5589.0,4666516.0,1.0
9905,1.0,1.4340390157469403e+19,9027458.0,23808.0,3.0,2.0,2376.0,767.0,195.0,284.0,34941.0,1.0
9906,1.0,7.484333488664585e+18,21090281.0,34691.0,2.0,2.0,2.0,67.0,78.0,103.0,910872.0,0.0
9907,1.0,5.5111324610218e+18,2749793.0,10040.0,3.0,3.0,3204505.0,2087.0,55844.0,55925.0,89497.0,0.0
9908,1.0,5.104882177771823e+18,20575270.0,421.0,3.0,2.0,1502.0,2367.0,6018.0,7262.0,8909233.0,1.0
9909,1.0,1.4340390157469403e+19,20640000.0,23808.0,1.0,1.0,24266778.0,263.0,52.0,61.0,2574.0,1.0
9910,2.0,3.5168895657275873e+18,1602574.0,1267.0,2.0,1.0,351815.0,476.0,755.0,2814.0,362267.0,0.0
9911,1.0,1.0726002060893145e+19,20036558.0,23800.0,2.0,1.0,98.0,49.0,44.0,75.0,4271737.0,0.0
9912,1.0,8.410382612868306e+18,21371406.0,36350.0,2.0,1.0,9844.0,575.0,9537.0,38285.0,6286717.0,0.0
9913,1.0,7.903914528320191e+18,20885621.0,2010.0,1.0,1.0,19854438.0,5115.0,7855.0,8837.0,4096964.0,1.0
9914,1.0,1.7989747235538194e+19,20395176.0,24036.0,2.0,1.0,1702177.0,742429.0,1783993.0,1597372.0,1116931.0,1.0
9915,1.0,1.4340390157469403e+19,20643971.0,23808.0,2.0,1.0,31754.0,242.0,9.0,9.0,2451873.0,1.0
9916,2.0,1.4340390157469403e+19,9027429.0,23808.0,1.0,1.0,99014.0,35482.0,2857.0,3118.0,12147376.0,1.0
9917,1.0,8.99455707050858e+18,20030165.0,23799.0,3.0,1.0,12739.0,28.0,41.0,52.0,8214970.0,1.0
9918,1.0,1.4340390157469403e+19,20640044.0,23808.0,2.0,2.0,4422733.0,4425.0,3776.0,4099.0,12280856.0,1.0
9919,1.0,4.2981186814246446e+18,21866036.0,385.0,3.0,2.0,804744.0,5845.0,8892.0,9005.0,0.0,1.0
9920,1.0,7.903914528320191e+18,21162430.0,1325.0,3.0,1.0,3562.0,10959.0,29209.0,30059.0,1562311.0,1.0
9921,1.0,1.4140300435418186e+18,20208547.0,1502.0,1.0,1.0,19441928.0,62.0,76.0,101.0,449895.0,1.0
9922,1.0,1.8233057826895636e+19,21103245.0,35591.0,1.0,1.0,104183.0,5783.0,84586.0,122073.0,0.0,0.0
9923,1.0,1.4340390157469403e+19,20643969.0,23808.0,3.0,1.0,359.0,544.0,9.0,9.0,9697804.0,1.0
9924,1.0,3.099914699060511e+18,20864943.0,11770.0,1.0,1.0,304132.0,54487.0,123878.0,260977.0,98765.0,1.0
9925,1.0,5.07990106805139e+18,4282305.0,25928.0,3.0,1.0,3150630.0,10426.0,39499.0,36354.0,0.0,0.0
9926,1.0,1.0302849748524915e+19,22202544.0,2620.0,3.0,1.0,19592.0,32456.0,61277.0,231246.0,737050.0,1.0
9927,1.0,3.5168895657275873e+18,20423754.0,1267.0,3.0,3.0,1301.0,4686.0,255.0,1813.0,406723.0,1.0
9928,1.0,3.5168895657275873e+18,4339083.0,1267.0,3.0,1.0,1647019.0,1803.0,3334.0,10613.0,3668427.0,1.0
9929,1.0,1.4531867648059392e+19,20137005.0,32447.0,2.0,2.0,32539.0,19854.0,184545.0,2358.0,13694158.0,1.0
9930,422.0,1.4340390157469403e+19,9027213.0,23808.0,1.0,1.0,4598.0,1.0,0.0,0.0,0.0,1.0
9931,1.0,8.457064060618026e+18,21425143.0,36876.0,2.0,2.0,157883.0,8357.0,10553.0,10565.0,0.0,1.0
9932,2.0,5.901349891861968e+18,4387679.0,24207.0,1.0,1.0,529.0,709.0,838.0,1365.0,143491.0,0.0
9933,9.0,2.4743865920033108e+16,21222826.0,35702.0,2.0,1.0,17518.0,21867.0,302785.0,88312.0,0.0,1.0
9934,1.0,1.7434351811722373e+19,21428606.0,36851.0,2.0,1.0,17372.0,13400.0,1007186.0,804564.0,327442.0,0.0
9935,4.0,1.205787899908646e+19,20163506.0,27961.0,2.0,2.0,3935535.0,44.0,118.0,183.0,1720395.0,1.0
9936,5.0,1.4340390157469403e+19,4427189.0,23808.0,2.0,1.0,176758.0,63062.0,132154.0,114005.0,0.0,1.0
9937,1.0,9.0304350247795e+18,21646743.0,37478.0,2.0,1.0,39904.0,87845.0,1241745.0,1151.0,787290.0,0.0
9938,1.0,5.315378418122699e+18,20368080.0,30911.0,3.0,1.0,2002858.0,237403.0,743840.0,4846.0,1166469.0,1.0
9939,1.0,1.1491026361192346e+19,21832127.0,34422.0,2.0,2.0,12684492.0,866.0,47772.0,43747.0,0.0,0.0
9940,1.0,6.539424021056515e+18,3219148.0,23777.0,2.0,1.0,10.0,54.0,57.0,72.0,11832359.0,1.0
9941,2.0,1.5859647530187389e+19,4291071.0,23778.0,1.0,1.0,62116.0,439.0,11.0,24.0,2096596.0,0.0
9942,1.0,5.308285339368021e+18,2882248.0,23778.0,3.0,2.0,1690774.0,593.0,216.0,320.0,4742308.0,1.0
9943,1.0,1.4340390157469403e+19,3058698.0,23777.0,2.0,1.0,806247.0,2682.0,3918.0,4240.0,10650367.0,1.0
9944,1.0,1.4347859242938208e+19,21717685.0,33931.0,3.0,2.0,21957.0,184581.0,541438.0,31992.0,314906.0,1.0
9945,1.0,7.681274395285682e+18,21300230.0,36492.0,3.0,2.0,1556905.0,228.0,47465.0,3028.0,0.0,0.0
9946,1.0,7.939314936098008e+18,21244043.0,2687.0,2.0,1.0,4573544.0,42786.0,511300.0,32799.0,0.0,1.0
9947,1.0,5.07990106805139e+18,4320095.0,25928.0,2.0,1.0,10018487.0,456.0,1197.0,1408.0,386370.0,1.0
9948,1.0,5.851252814446936e+18,20124884.0,28698.0,2.0,2.0,78.0,57.0,14040.0,10474.0,1367026.0,0.0
9949,1.0,5.792773931053454e+18,2183648.0,25180.0,1.0,1.0,65887.0,40527.0,25307.0,23961.0,12872962.0,0.0
9950,1.0,5.103335732153791e+18,10405659.0,29900.0,2.0,1.0,472740.0,2955.0,23.0,26.0,1027048.0,1.0
9951,1.0,1.4347859242938208e+19,21963777.0,33931.0,3.0,2.0,3822917.0,17036.0,180959.0,153023.0,1088542.0,1.0
9952,1.0,1.8078062099814697e+19,8054971.0,8408.0,2.0,2.0,17001.0,12132.0,2396.0,26164.0,4528949.0,1.0
9953,1.0,4.203081172173604e+18,21329108.0,28647.0,3.0,2.0,148.0,1615.0,2165.0,12782.0,2885860.0,1.0
9954,1.0,1.1750785036486371e+19,21325100.0,36427.0,2.0,2.0,11801364.0,90.0,2316.0,2494.0,0.0,0.0
9955,2.0,1.3744649770256732e+19,9634958.0,2038.0,2.0,2.0,2605.0,4085.0,272604.0,232947.0,0.0,1.0
9956,1.0,8.670848036674834e+18,21520392.0,27347.0,3.0,1.0,508.0,1884.0,753.0,2091.0,550986.0,1.0
9957,1.0,1.205787899908646e+19,20192676.0,27961.0,1.0,1.0,6244562.0,536.0,2194.0,2896.0,22969289.0,1.0
9958,1.0,1.5689252236861137e+19,21164293.0,24130.0,2.0,1.0,15753.0,2977.0,4595.0,5715.0,122143.0,1.0
9959,2.0,2.137528403495601e+18,20218301.0,23801.0,2.0,2.0,4.0,7.0,48.0,58.0,4827829.0,0.0
9960,2.0,7.143518654485987e+18,20393504.0,33093.0,1.0,1.0,370.0,82.0,133.0,544.0,7121101.0,1.0
9961,1.0,1.3366076761320411e+19,22122591.0,38615.0,1.0,1.0,9129861.0,1879.0,76149.0,67876.0,23186036.0,0.0
9962,1.0,3.9694229361624786e+18,21425996.0,36928.0,2.0,2.0,90.0,196.0,5068.0,5393.0,15399031.0,1.0
9963,1.0,6.539424021056515e+18,3219154.0,23777.0,2.0,2.0,1718.0,4981.0,4656.0,5026.0,15384307.0,1.0
9964,1.0,1.205787899908646e+19,20180819.0,27961.0,1.0,1.0,3564.0,5569.0,4578.0,5283.0,21334273.0,1.0
9965,1.0,6.077920023578691e+18,4384853.0,8507.0,2.0,1.0,766228.0,667.0,3141.0,1323.0,2894009.0,0.0
9966,1.0,7.903914528320191e+18,20623372.0,2012.0,3.0,2.0,7137737.0,2125.0,4071.0,493.0,112527.0,0.0
9967,1.0,1.722630557922944e+19,21647524.0,37540.0,2.0,2.0,136.0,560.0,2305.0,3015.0,6351920.0,1.0
9968,1.0,1.4340390157469403e+19,3109683.0,23777.0,2.0,2.0,2479296.0,2683.0,54503.0,49361.0,0.0,0.0
9969,1.0,1.077230928844858e+19,20705601.0,34202.0,3.0,1.0,7180.0,149.0,6296.0,6685.0,616648.0,0.0
9970,1.0,1.4340390157469403e+19,3126509.0,23777.0,2.0,1.0,4298582.0,19477.0,42346.0,38913.0,1124396.0,1.0
9971,1.0,1.5252922729932198e+19,20178723.0,32727.0,1.0,1.0,21615591.0,10126.0,31765.0,27528.0,0.0,1.0
9972,16.0,5.260594170071819e+16,3048011.0,23782.0,1.0,1.0,279672.0,84.0,68.0,104.0,0.0,1.0
9973,1.0,1.1363457806790746e+19,20137571.0,26281.0,2.0,1.0,2078786.0,539.0,1380.0,1618.0,255176.0,0.0
9974,1.0,5.589649412465737e+18,20946279.0,35066.0,1.0,1.0,220176.0,13251.0,15601.0,8053.0,10650740.0,0.0
9975,1.0,7.484333488664585e+18,21209371.0,34691.0,1.0,1.0,15477709.0,11.0,71.0,93.0,1958304.0,1.0
9976,1.0,1.595507548723284e+18,20187654.0,24362.0,2.0,1.0,4720.0,8974.0,9905.0,1596.0,2092783.0,1.0
9977,4.0,3.02911363593664e+18,4385046.0,24973.0,1.0,1.0,1833192.0,55707.0,2570.0,127136.0,0.0,1.0
9978,1.0,2.061296188583326e+18,2034748.0,387.0,2.0,2.0,354919.0,475186.0,1174557.0,7881.0,314784.0,1.0
9979,1.0,1.205787899908646e+19,20180352.0,27961.0,2.0,2.0,847.0,2658.0,2352.0,2867.0,1516006.0,1.0
9980,5.0,7.903914528320191e+18,21014643.0,2010.0,2.0,2.0,609332.0,144381.0,642927.0,550317.0,120617.0,0.0
9981,1.0,4.945098023753992e+18,10768006.0,30157.0,2.0,2.0,66096.0,157079.0,394275.0,3260.0,256714.0,0.0
9982,1.0,3.5168895657275873e+18,2580595.0,1267.0,3.0,2.0,223.0,868.0,20471.0,551.0,8581.0,0.0
9983,1.0,1.205787899908646e+19,20163505.0,27961.0,1.0,1.0,20733870.0,76.0,90.0,142.0,118057.0,0.0
9984,1.0,1.4340390157469403e+19,21360119.0,23777.0,2.0,1.0,4040325.0,2653.0,20391.0,922.0,2965862.0,0.0
9985,2.0,1.7248707066841965e+19,21930222.0,38051.0,1.0,1.0,12969289.0,3945.0,36316.0,4534.0,9968834.0,1.0
9986,1.0,8.161501466789953e+18,10959330.0,27341.0,2.0,1.0,3826580.0,3261.0,5849.0,6142.0,20741.0,1.0
9987,1.0,1.2860330221988952e+19,21406827.0,36895.0,2.0,2.0,13760141.0,3178.0,540267.0,1056.0,0.0,0.0
9988,1.0,2.575759190818998e+18,21340182.0,36519.0,2.0,2.0,1339926.0,450.0,1167.0,1646.0,0.0,1.0
9989,1.0,1.4340390157469403e+19,21163928.0,23808.0,1.0,1.0,24207160.0,149052.0,355508.0,342.0,6086547.0,1.0
9990,1.0,1.077230928844858e+19,20705601.0,34202.0,3.0,1.0,29615.0,149.0,4896.0,5428.0,315864.0,1.0
9991,1.0,1.1315908569713166e+19,20044321.0,18070.0,2.0,2.0,58.0,151.0,284.0,489.0,11682349.0,1.0
9992,4.0,9.167566194368545e+18,22094842.0,37722.0,3.0,3.0,43457.0,53010.0,173522.0,147931.0,6260.0,1.0
9993,1.0,1.561067122400719e+19,21305382.0,591.0,3.0,2.0,180703.0,222930.0,714999.0,21623.0,68576.0,1.0
9994,1.0,8.866882961761972e+18,21834778.0,37775.0,2.0,2.0,68356.0,5369.0,152845.0,92768.0,12013353.0,0.0
9995,1.0,1.6772851793638846e+19,22111134.0,38584.0,1.0,1.0,21013118.0,771.0,59793.0,38016.0,0.0,1.0
9996,3.0,5.345544339361683e+18,5858719.0,23796.0,1.0,1.0,75.0,179.0,6.0,12.0,17296465.0,1.0
9997,1.0,7.718107921866424e+18,4239063.0,10647.0,2.0,2.0,1282.0,1646.0,6135.0,6898.0,445213.0,1.0
9998,3.0,7.143518654485987e+18,20393504.0,33093.0,2.0,1.0,408.0,696.0,133.0,3334.0,3631608.0,1.0
9999,1.0,1.205787899908646e+19,20157349.0,27961.0,1.0,1.0,3949447.0,327578.0,1490331.0,1177318.0,0.0,0.0
