,0,1,2,3,4,5,6,7,8,9,10,11,12,13,14
0,67.0,8.0,15.0,9.87,8.42,9.46,5.71,11.38,6.96,11.54,9.5,5.88,8.46,13.17,1.0
1,74.0,10.0,16.0,9.38,8.33,3.88,2.08,6.79,2.29,5.41,5.83,3.58,2.54,10.5,1.0
2,78.0,9.0,14.0,11.38,11.54,10.83,7.0,16.38,12.04,13.67,13.79,12.87,11.75,20.25,0.0
3,62.0,11.0,10.0,11.25,6.79,22.71,9.5,10.67,10.71,16.25,11.42,11.92,11.87,10.34,0.0
4,66.0,8.0,22.0,9.83,6.46,18.41,4.92,6.96,4.38,6.58,3.79,5.75,6.71,10.67,1.0
5,70.0,8.0,4.0,2.67,7.92,9.42,1.75,3.96,1.54,2.25,2.04,3.79,3.5,6.0,1.0
6,77.0,5.0,23.0,12.29,6.63,16.46,4.29,6.08,8.08,9.04,2.92,6.58,3.67,10.41,1.0
7,72.0,5.0,16.0,8.58,4.33,7.21,3.04,5.29,2.0,4.21,3.79,3.83,2.75,11.71,1.0
8,63.0,2.0,22.0,4.08,5.58,2.71,1.38,7.33,3.17,5.5,4.42,2.29,4.04,7.33,1.0
9,68.0,4.0,10.0,7.54,8.79,5.75,3.17,6.92,3.17,4.83,4.79,3.0,6.75,8.92,1.0
10,63.0,11.0,27.0,8.79,10.88,9.08,4.96,9.92,7.17,5.91,10.04,7.0,9.13,18.91,0.0
11,69.0,7.0,7.0,17.88,10.25,12.67,9.0,14.42,9.87,12.21,7.75,12.04,10.71,14.17,0.0
12,62.0,9.0,10.0,9.59,10.63,11.87,4.88,8.63,7.0,9.59,3.13,4.46,4.63,8.42,1.0
13,67.0,10.0,28.0,16.88,15.71,10.96,8.79,11.08,6.42,11.79,7.54,8.25,8.75,15.87,0.0
14,65.0,9.0,7.0,6.96,4.58,5.0,2.88,3.54,2.29,5.33,4.46,3.5,4.12,7.67,1.0
15,63.0,10.0,22.0,12.92,12.29,10.63,6.5,10.37,9.0,9.79,7.21,5.58,7.41,11.71,1.0
16,66.0,2.0,21.0,10.08,7.58,12.42,5.79,9.38,5.71,8.71,7.87,5.79,8.96,8.12,1.0
17,69.0,1.0,23.0,11.67,17.08,10.83,6.71,13.25,7.38,3.42,10.67,8.12,8.25,17.41,0.0
18,67.0,7.0,5.0,5.96,8.04,8.33,5.37,7.83,5.0,5.83,10.46,5.09,7.12,17.96,1.0
19,68.0,2.0,26.0,11.08,6.04,14.09,3.71,6.29,1.17,4.83,4.83,5.0,7.04,7.17,1.0
20,70.0,6.0,18.0,6.87,3.71,4.75,1.83,6.87,4.29,2.0,4.96,1.96,2.46,8.21,1.0
21,67.0,3.0,1.0,14.67,17.16,13.29,12.33,19.08,12.92,20.88,16.04,16.62,16.38,24.41,0.0
22,76.0,6.0,25.0,6.0,11.04,5.46,3.46,8.46,6.17,7.0,5.33,7.12,5.21,7.79,1.0
23,75.0,12.0,26.0,8.38,5.29,6.96,4.29,7.04,4.0,11.38,5.91,10.17,7.25,14.21,0.0
24,65.0,11.0,15.0,23.54,22.0,17.92,7.71,17.41,9.62,11.34,11.67,8.83,7.87,14.42,1.0
25,72.0,8.0,13.0,6.04,4.79,4.5,1.96,1.87,0.87,3.92,1.17,2.5,1.71,5.0,1.0
26,68.0,4.0,26.0,17.83,14.71,16.83,12.83,19.0,13.88,12.62,11.67,13.83,14.17,18.54,0.0
27,72.0,8.0,16.0,8.29,7.46,10.29,5.04,8.75,7.29,11.54,10.88,10.41,8.63,18.91,0.0
28,71.0,3.0,21.0,12.62,7.0,20.88,8.38,7.67,5.17,12.12,7.12,8.29,7.75,9.71,0.0
29,63.0,9.0,11.0,6.79,3.04,5.46,2.96,5.71,1.71,2.54,1.75,3.67,3.04,5.17,1.0
30,70.0,9.0,18.0,3.83,3.92,8.5,1.42,4.08,2.33,0.54,1.17,2.5,2.25,7.58,1.0
31,74.0,2.0,12.0,10.25,8.67,8.12,2.67,9.33,5.25,8.92,7.12,8.54,8.17,9.25,0.0
32,65.0,3.0,20.0,9.59,10.96,11.75,6.71,13.75,6.0,12.58,15.63,10.58,13.21,19.12,0.0
33,73.0,4.0,4.0,19.62,18.84,20.41,11.67,18.34,14.79,21.54,15.67,18.91,16.83,22.42,0.0
34,69.0,8.0,7.0,12.17,17.62,11.38,8.25,16.25,9.79,8.21,8.54,10.92,11.25,16.88,0.0
35,63.0,2.0,26.0,22.83,22.21,20.67,14.17,22.63,16.88,19.25,19.7,15.04,15.12,27.42,0.0
36,62.0,9.0,26.0,12.0,6.63,12.54,6.75,8.17,4.5,12.0,4.67,8.71,9.0,5.33,0.0
37,62.0,7.0,6.0,8.04,4.29,6.13,3.17,4.12,2.58,5.46,2.25,4.71,5.17,5.96,1.0
38,66.0,12.0,9.0,21.25,21.0,14.62,17.37,23.91,17.33,23.75,21.0,19.33,11.92,25.33,0.0
39,75.0,10.0,15.0,16.21,12.17,12.58,5.0,10.37,6.13,6.96,6.46,7.75,5.13,7.17,1.0
40,65.0,10.0,22.0,10.25,12.25,12.04,7.87,12.33,8.83,8.96,10.0,8.87,9.29,12.5,0.0
41,65.0,9.0,22.0,10.13,7.92,12.12,4.67,8.79,6.54,8.25,7.5,5.91,8.46,13.5,1.0
42,77.0,7.0,26.0,12.79,7.92,8.21,5.71,11.42,7.33,11.58,6.46,7.79,8.08,10.63,0.0
43,68.0,11.0,19.0,16.46,16.08,13.75,8.12,15.87,12.71,9.08,13.79,10.46,10.54,16.17,0.0
44,69.0,12.0,25.0,12.83,12.58,8.46,4.17,5.41,4.67,6.21,5.41,5.17,3.92,13.88,1.0
45,62.0,10.0,14.0,3.04,1.63,3.37,1.0,3.0,0.37,4.88,0.46,1.04,5.04,6.08,1.0
46,76.0,2.0,29.0,10.41,10.79,11.08,5.96,8.58,6.21,11.71,10.58,10.34,10.17,17.16,0.0
47,76.0,9.0,30.0,8.79,8.5,9.38,3.13,6.75,4.83,5.25,3.83,7.83,3.37,6.71,1.0
48,67.0,9.0,1.0,10.71,9.33,9.92,6.29,11.0,7.5,8.87,9.04,7.79,6.71,12.92,1.0
49,74.0,1.0,20.0,18.79,16.21,15.63,9.33,13.59,8.42,7.25,11.04,12.71,12.0,21.84,0.0
50,70.0,5.0,21.0,21.84,13.42,13.46,10.92,18.96,13.25,17.37,12.75,16.92,16.29,16.25,0.0
51,63.0,3.0,31.0,7.41,9.83,8.0,5.13,8.87,7.04,6.83,9.62,6.87,8.96,17.5,0.0
52,78.0,12.0,23.0,16.62,13.29,22.21,9.5,14.29,13.08,16.5,17.16,12.71,12.0,18.5,0.0
53,64.0,9.0,29.0,4.04,3.13,5.37,2.08,4.79,2.29,5.88,4.63,4.67,7.71,6.75,1.0
54,64.0,7.0,16.0,6.79,9.46,7.0,5.46,9.96,6.08,4.29,6.21,4.75,6.42,13.88,1.0
55,64.0,7.0,27.0,10.37,9.75,11.63,7.33,16.92,11.54,15.09,13.0,12.75,12.42,19.75,0.0
56,66.0,1.0,6.0,19.7,16.29,17.5,13.17,13.13,11.87,10.96,14.25,10.0,16.13,22.13,0.0
57,72.0,11.0,13.0,8.46,8.63,8.08,3.92,5.46,4.25,10.17,5.5,8.33,5.46,8.12,0.0
58,68.0,11.0,26.0,4.12,3.96,7.25,0.96,6.87,2.37,4.04,6.13,3.96,5.33,13.13,0.0
59,65.0,2.0,25.0,11.17,8.71,10.83,4.12,7.0,1.63,4.79,2.79,3.29,1.87,4.21,1.0
60,69.0,5.0,22.0,12.75,8.54,8.58,2.67,8.58,4.71,3.25,4.12,3.63,4.21,5.96,1.0
61,74.0,11.0,8.0,13.59,12.58,12.21,6.42,10.41,6.67,11.21,9.83,10.58,8.83,12.96,0.0
62,71.0,5.0,5.0,16.21,19.46,12.38,7.83,16.5,13.13,7.21,12.38,11.96,10.46,14.33,0.0
63,61.0,4.0,28.0,5.58,6.5,2.54,1.87,4.21,1.54,2.67,1.38,2.54,2.71,5.13,1.0
64,77.0,1.0,21.0,15.29,10.88,15.34,9.42,12.54,13.04,14.79,10.71,14.67,18.75,11.83,0.0
65,74.0,4.0,18.0,7.21,4.0,15.41,3.71,5.21,3.29,2.25,3.0,3.21,1.67,6.63,1.0
66,69.0,8.0,31.0,4.17,7.08,13.5,4.54,6.67,4.71,4.12,4.67,4.75,6.17,7.12,1.0
67,74.0,2.0,2.0,18.58,20.58,14.54,10.63,18.84,10.71,15.09,13.04,13.29,10.46,19.21,0.0
68,63.0,7.0,2.0,5.21,1.13,5.96,4.33,5.88,4.12,5.09,8.46,8.0,8.71,9.79,0.0
69,72.0,7.0,2.0,9.0,10.08,8.63,5.21,9.42,7.04,9.04,5.88,8.54,7.21,9.17,1.0
70,70.0,9.0,20.0,6.0,8.46,8.17,3.04,3.58,3.33,4.08,7.87,5.13,7.04,14.0,1.0
71,66.0,3.0,7.0,18.54,13.37,17.79,9.96,14.09,12.08,16.04,11.34,10.29,14.29,19.29,0.0
72,74.0,4.0,25.0,4.75,4.08,14.54,3.67,5.37,1.79,4.79,5.25,2.58,3.21,3.75,1.0
73,62.0,4.0,22.0,9.96,14.83,9.59,7.38,12.46,7.92,8.58,8.79,7.46,7.71,11.63,1.0
74,74.0,3.0,11.0,9.17,6.58,14.79,5.25,7.87,6.38,11.38,11.58,7.79,8.08,10.79,0.0
75,76.0,2.0,12.0,18.63,19.95,15.21,11.87,19.0,11.63,17.41,15.34,15.12,12.21,17.79,0.0
76,66.0,9.0,21.0,5.71,1.83,11.17,0.75,3.37,1.21,1.83,1.17,2.08,3.08,5.25,1.0
77,75.0,6.0,4.0,11.83,12.71,10.54,4.96,8.87,4.83,3.75,6.96,8.04,5.79,14.12,1.0
78,68.0,12.0,23.0,8.17,7.71,6.17,3.21,7.0,2.88,9.25,4.38,6.87,7.0,9.62,0.0
79,61.0,4.0,3.0,15.29,8.63,15.67,4.12,10.25,9.04,5.5,8.54,7.58,4.96,11.08,1.0
80,73.0,10.0,23.0,4.92,5.71,4.46,0.67,4.88,3.42,3.88,6.08,3.25,6.63,12.33,1.0
81,71.0,1.0,31.0,19.29,14.29,25.29,10.96,10.58,7.5,13.79,10.75,11.21,11.63,18.38,0.0
82,69.0,5.0,11.0,8.04,9.83,12.12,3.67,8.21,3.92,2.29,8.0,3.96,4.5,14.88,1.0
83,76.0,1.0,24.0,19.92,17.25,19.08,8.96,10.0,8.08,13.29,8.5,12.38,12.46,22.13,0.0
84,69.0,2.0,16.0,13.59,8.38,12.87,3.46,9.54,1.21,4.58,2.79,2.75,4.08,5.88,1.0
85,69.0,2.0,23.0,11.12,13.67,9.87,6.34,11.58,8.0,8.25,10.41,8.96,10.5,12.25,0.0
86,71.0,5.0,30.0,8.87,8.46,10.13,4.17,10.04,4.63,4.88,7.58,5.5,5.75,10.71,1.0
87,74.0,5.0,9.0,18.25,14.79,18.66,10.0,12.12,10.21,18.58,13.46,14.0,15.12,12.08,0.0
88,78.0,3.0,10.0,9.21,14.0,11.75,6.71,9.59,8.83,4.63,9.67,8.42,5.66,12.17,1.0
89,77.0,10.0,26.0,20.04,18.05,15.25,8.83,13.79,12.42,13.0,14.67,13.96,14.09,28.75,0.0
90,67.0,5.0,22.0,24.83,20.96,21.54,15.41,21.17,13.62,16.83,11.29,14.96,15.46,15.87,0.0
91,65.0,2.0,7.0,9.21,7.21,13.67,7.29,7.17,3.33,9.38,6.83,6.08,8.38,7.92,1.0
92,72.0,2.0,25.0,7.79,6.87,10.54,4.88,9.04,6.63,7.5,6.29,8.25,6.96,9.46,0.0
93,65.0,2.0,15.0,2.92,2.79,8.38,3.63,1.92,1.58,8.33,1.17,5.17,6.08,4.42,1.0
94,61.0,2.0,25.0,18.84,16.42,17.41,10.21,16.13,11.38,13.08,12.21,12.33,12.5,16.04,1.0
95,77.0,8.0,17.0,13.67,10.58,27.88,10.0,10.75,10.63,19.17,8.12,11.34,10.46,13.13,1.0
96,63.0,9.0,26.0,19.58,17.92,16.66,13.75,24.13,17.96,23.04,22.58,18.88,16.96,26.12,0.0
97,66.0,5.0,10.0,16.29,15.09,14.67,11.42,13.21,11.87,10.5,13.25,11.75,14.42,23.16,0.0
98,71.0,5.0,28.0,8.25,9.67,9.25,3.92,10.67,5.33,8.5,6.58,6.83,6.83,9.29,1.0
99,67.0,11.0,20.0,2.92,1.63,6.34,1.5,5.83,1.21,0.58,2.67,1.08,1.29,5.91,1.0
100,75.0,2.0,24.0,11.38,15.29,9.13,5.91,10.71,8.21,6.34,10.71,10.54,7.29,12.54,1.0
101,61.0,10.0,10.0,14.46,13.25,11.46,9.42,13.17,11.04,11.75,12.38,11.12,15.21,20.46,0.0
102,65.0,10.0,6.0,5.96,4.96,2.54,2.21,3.67,1.83,0.42,2.17,1.42,1.87,2.79,1.0
103,67.0,9.0,12.0,15.0,10.21,18.46,8.12,10.34,6.67,8.58,10.04,6.46,7.46,10.88,1.0
104,65.0,3.0,15.0,18.58,20.71,16.62,10.37,19.7,13.54,15.92,14.62,13.13,15.83,22.13,0.0
105,78.0,4.0,25.0,13.25,11.04,14.83,4.58,10.46,9.21,13.0,11.96,11.25,9.0,18.05,0.0
106,63.0,11.0,11.0,26.92,22.04,22.67,19.5,27.04,19.12,18.29,15.67,16.21,18.63,14.17,1.0
107,66.0,3.0,27.0,32.13,23.29,21.87,24.17,30.09,23.0,28.62,23.79,24.87,24.58,31.71,0.0
108,65.0,10.0,17.0,3.67,7.12,3.58,0.75,3.42,3.37,4.96,4.46,4.17,6.42,6.71,1.0
109,75.0,1.0,8.0,10.71,11.0,8.75,5.83,11.46,7.17,10.63,11.17,10.71,6.96,16.21,0.0
110,68.0,10.0,28.0,18.29,12.87,15.0,7.96,13.37,8.79,9.29,11.87,11.34,14.04,16.38,0.0
111,75.0,11.0,3.0,9.75,12.46,8.25,4.79,12.33,5.88,11.67,8.58,9.54,8.75,20.08,0.0
112,70.0,3.0,17.0,17.25,16.66,13.08,10.79,19.38,14.62,22.04,18.08,20.71,15.54,20.67,0.0
113,63.0,6.0,23.0,15.59,14.0,14.83,7.96,15.04,10.75,11.87,13.0,9.83,12.71,17.96,0.0
114,63.0,11.0,2.0,7.08,4.88,6.46,2.83,5.17,1.67,6.0,4.83,4.54,5.0,7.58,1.0
115,66.0,5.0,18.0,10.0,11.54,10.41,5.21,12.83,8.42,9.17,8.71,7.79,6.92,16.46,0.0
116,73.0,9.0,19.0,6.04,3.58,7.75,3.71,3.0,2.75,6.29,3.67,4.79,4.04,7.21,1.0
117,73.0,6.0,29.0,18.05,16.5,16.21,8.46,12.92,11.58,13.21,13.88,12.0,13.21,19.21,0.0
118,78.0,12.0,2.0,13.7,12.71,14.29,5.13,9.21,8.04,12.33,6.34,9.21,11.21,9.59,0.0
119,66.0,2.0,27.0,21.34,17.79,19.92,14.17,21.09,14.88,23.63,16.96,17.96,21.87,24.25,0.0
120,70.0,4.0,17.0,11.5,12.96,14.42,7.5,12.87,11.12,11.75,12.96,11.08,12.67,21.04,0.0
121,78.0,3.0,17.0,9.54,7.0,10.41,3.29,5.21,3.83,6.5,6.54,5.17,4.63,5.13,1.0
122,75.0,12.0,18.0,10.67,2.5,9.87,1.79,3.04,0.67,10.0,2.13,4.75,3.42,6.92,1.0
123,75.0,11.0,17.0,22.75,19.12,23.16,13.0,13.0,7.75,14.0,10.41,11.08,11.46,18.96,0.0
124,75.0,12.0,13.0,13.62,7.0,18.5,4.08,3.71,1.5,9.5,1.96,6.63,4.67,6.79,1.0
125,61.0,3.0,21.0,9.54,10.58,15.63,7.29,7.54,7.71,8.17,6.58,8.58,10.5,9.38,1.0
126,61.0,5.0,20.0,6.21,7.46,10.13,4.83,7.33,5.66,4.71,7.58,7.0,8.67,10.41,1.0
127,76.0,12.0,14.0,15.92,14.29,12.71,4.08,11.29,8.54,5.33,6.58,7.67,7.83,7.5,1.0
128,77.0,9.0,13.0,3.88,4.42,4.29,1.54,2.79,2.83,4.58,2.88,3.92,3.92,9.21,1.0
129,62.0,10.0,4.0,21.5,16.75,18.88,12.54,17.41,13.92,11.54,15.5,13.79,16.0,25.84,0.0
130,74.0,1.0,28.0,19.92,17.5,18.58,12.58,18.91,12.58,20.41,15.54,19.04,23.75,25.96,0.0
131,70.0,2.0,4.0,9.79,12.46,10.21,4.54,8.54,4.96,5.63,4.79,3.67,1.17,8.0,1.0
132,64.0,4.0,19.0,7.71,4.54,4.83,2.33,6.58,2.42,4.75,3.88,1.38,5.83,7.87,1.0
133,75.0,9.0,19.0,14.37,17.08,11.83,5.71,13.0,9.29,8.25,13.25,11.54,11.17,18.91,0.0
134,64.0,2.0,19.0,16.04,12.17,16.58,8.67,15.87,9.29,16.38,14.25,8.96,10.83,14.17,0.0
135,76.0,8.0,13.0,8.25,3.29,9.08,1.92,3.5,1.5,2.42,0.87,3.96,1.71,4.54,1.0
136,73.0,11.0,28.0,16.46,17.04,10.37,8.17,16.88,8.33,7.5,10.25,9.38,7.25,15.63,1.0
137,66.0,6.0,23.0,6.71,6.83,10.17,5.09,9.0,5.88,8.92,4.38,6.83,6.54,7.54,1.0
138,76.0,1.0,22.0,20.58,19.7,15.67,10.71,20.12,14.29,21.67,18.54,20.17,18.71,22.83,0.0
139,71.0,3.0,17.0,16.17,14.79,11.96,7.79,14.0,9.13,11.21,9.33,8.87,5.83,10.37,1.0
140,74.0,8.0,23.0,13.79,12.46,14.09,6.71,10.37,8.21,9.59,11.75,11.21,11.67,16.88,0.0
141,70.0,4.0,7.0,11.92,9.29,11.17,4.5,7.17,6.17,8.0,8.54,7.92,10.04,12.5,0.0
142,66.0,7.0,14.0,14.25,9.46,10.54,8.46,12.62,8.54,10.08,8.08,10.13,9.92,13.79,1.0
143,78.0,1.0,23.0,15.75,12.12,14.37,9.29,14.42,10.21,13.5,11.92,13.96,11.5,12.42,0.0
144,74.0,4.0,11.0,7.41,14.17,10.75,4.04,10.54,4.79,8.63,12.46,8.67,8.96,16.5,0.0
145,65.0,5.0,21.0,19.87,16.13,18.79,12.79,17.33,11.96,12.62,13.88,12.54,16.62,21.12,0.0
146,63.0,5.0,2.0,18.0,13.75,11.83,12.0,16.5,12.54,15.37,13.96,12.75,12.87,15.83,0.0
147,64.0,6.0,4.0,19.04,16.71,15.75,13.37,17.62,11.38,15.5,12.62,13.0,15.25,13.0,0.0
148,76.0,10.0,22.0,9.62,5.09,8.79,2.83,7.92,5.5,6.04,3.75,6.79,6.67,8.79,0.0
149,61.0,10.0,14.0,3.71,6.13,4.38,4.63,7.29,4.92,2.96,4.88,3.13,5.71,13.0,1.0
150,76.0,8.0,11.0,6.25,6.96,6.21,3.04,5.83,3.96,4.71,5.37,4.38,4.83,14.0,1.0
151,62.0,5.0,12.0,16.25,12.62,15.41,10.79,12.5,9.25,10.46,12.08,10.92,13.0,12.29,1.0
152,63.0,3.0,14.0,25.84,17.25,24.71,20.5,16.33,14.54,13.92,16.25,15.87,18.91,19.58,1.0
153,74.0,8.0,10.0,16.92,12.46,11.46,6.79,12.12,7.25,11.38,10.54,9.38,9.17,13.04,0.0
154,72.0,9.0,6.0,8.54,4.88,8.67,3.0,4.79,2.67,5.96,4.33,4.67,4.63,11.29,1.0
155,78.0,4.0,10.0,17.12,14.17,16.04,8.96,10.96,7.96,11.79,10.46,9.83,10.71,16.79,0.0
156,70.0,9.0,1.0,12.96,13.79,12.92,7.58,12.75,9.04,11.38,9.59,12.17,10.46,16.17,0.0
157,72.0,9.0,29.0,15.92,14.88,11.71,7.5,10.54,9.25,8.33,11.92,9.13,10.13,24.54,0.0
158,61.0,9.0,28.0,15.59,8.67,14.71,7.87,11.29,7.75,9.13,6.21,8.71,9.5,7.79,1.0
159,78.0,1.0,25.0,8.25,10.25,7.58,2.75,10.29,4.67,8.33,6.46,6.25,5.04,10.79,1.0
160,75.0,11.0,18.0,9.21,7.33,9.96,2.17,8.0,3.08,11.54,5.91,6.75,5.66,10.67,0.0
161,76.0,9.0,4.0,8.92,4.04,5.88,3.79,3.0,5.37,8.08,3.21,7.25,6.04,7.54,1.0
162,65.0,10.0,16.0,4.54,6.92,5.66,1.46,4.25,3.71,5.29,6.96,2.46,7.17,15.12,1.0
163,76.0,2.0,11.0,16.88,18.46,10.67,8.5,16.79,7.17,17.12,12.67,13.29,10.83,21.87,0.0
164,67.0,8.0,27.0,4.17,2.5,6.0,2.13,4.12,1.13,4.71,3.13,3.92,3.13,4.54,1.0
165,67.0,9.0,24.0,18.66,16.54,14.71,9.71,14.54,10.92,11.0,15.04,10.79,12.42,20.33,0.0
166,68.0,4.0,25.0,13.54,18.34,10.04,10.5,17.08,12.67,5.66,12.87,10.41,11.46,16.92,0.0
167,71.0,11.0,20.0,18.75,18.91,15.34,9.87,19.67,12.96,13.13,12.21,13.33,9.04,20.67,0.0
168,77.0,5.0,22.0,11.38,9.25,18.63,6.17,5.17,9.21,8.08,5.04,7.12,4.04,8.08,1.0
169,73.0,3.0,25.0,18.58,14.37,12.38,9.5,15.34,9.5,13.75,12.5,13.42,11.54,16.79,0.0
170,78.0,6.0,27.0,10.25,7.71,10.04,5.54,11.12,8.46,10.79,9.83,8.96,7.62,14.09,0.0
171,73.0,9.0,16.0,11.5,7.46,13.59,5.79,6.25,6.25,6.04,7.04,7.67,6.21,10.83,1.0
172,64.0,4.0,1.0,11.38,11.21,23.0,8.25,12.71,7.71,12.04,11.34,7.04,10.34,12.21,1.0
173,66.0,10.0,20.0,5.41,6.63,4.21,1.25,6.42,2.75,8.5,3.33,3.88,5.79,7.79,1.0
174,74.0,10.0,19.0,13.21,13.08,7.08,5.83,11.0,5.29,11.71,8.21,7.92,5.29,15.96,0.0
175,68.0,10.0,9.0,17.29,15.09,15.0,8.67,12.5,7.87,8.17,11.08,9.38,12.04,17.37,0.0
176,71.0,7.0,2.0,5.75,10.34,6.42,4.42,10.79,4.58,3.37,6.17,5.37,7.04,15.12,1.0
177,74.0,12.0,23.0,27.54,23.54,24.0,18.88,24.87,17.54,17.75,22.42,25.0,23.58,25.04,0.0
178,76.0,2.0,10.0,14.46,19.75,11.25,7.54,13.92,7.41,15.16,11.96,13.04,11.21,23.16,0.0
179,71.0,7.0,19.0,9.79,3.04,7.41,2.67,7.21,2.71,7.38,4.04,5.66,4.5,5.79,1.0
180,74.0,3.0,9.0,10.41,10.13,16.54,4.96,8.63,5.71,11.46,9.83,8.83,6.75,10.58,0.0
181,61.0,7.0,24.0,7.0,4.63,6.42,2.83,4.96,2.92,3.58,4.17,2.21,4.92,9.25,1.0
182,73.0,4.0,3.0,14.62,13.83,12.58,7.46,10.46,9.46,12.21,10.5,10.08,10.54,18.58,0.0
183,65.0,12.0,15.0,14.21,11.5,15.21,7.96,9.62,8.71,8.54,10.17,8.54,13.62,20.08,1.0
184,72.0,4.0,20.0,8.38,3.54,14.04,3.88,5.54,3.54,6.29,3.42,5.66,3.92,4.63,1.0
185,65.0,4.0,14.0,10.34,10.96,10.96,7.54,15.83,10.08,12.46,10.75,10.79,11.12,15.71,0.0
186,72.0,3.0,2.0,20.17,13.62,16.92,7.38,12.62,8.12,10.88,6.96,9.87,10.92,13.88,0.0
187,72.0,12.0,21.0,1.79,2.21,3.96,0.37,1.71,0.92,2.08,2.25,0.71,0.92,6.17,1.0
188,78.0,11.0,16.0,17.58,18.12,14.54,9.21,17.88,11.21,17.67,12.29,14.12,12.25,23.58,0.0
189,63.0,7.0,10.0,9.04,7.83,6.21,5.04,8.96,4.88,8.17,7.08,6.79,7.71,8.0,1.0
190,64.0,6.0,29.0,10.29,6.42,8.12,5.21,9.38,5.37,8.92,6.63,8.29,10.63,12.42,0.0
191,72.0,8.0,12.0,15.96,9.17,10.41,6.92,8.08,9.59,9.92,7.41,10.58,12.12,10.71,0.0
192,76.0,9.0,12.0,17.33,13.17,22.21,8.96,11.25,8.54,12.33,6.04,10.46,10.58,11.46,0.0
193,61.0,12.0,12.0,15.46,14.88,14.67,6.63,15.46,12.96,16.83,13.46,12.38,13.54,18.34,0.0
194,62.0,4.0,1.0,14.33,12.25,11.87,10.37,14.92,11.0,19.79,11.67,14.09,15.46,16.62,0.0
195,63.0,12.0,18.0,11.67,10.46,15.12,5.54,7.29,3.75,7.5,5.17,4.79,4.96,7.25,1.0
196,78.0,8.0,18.0,17.16,18.25,13.92,12.0,16.75,12.58,9.92,13.33,15.87,15.09,21.79,0.0
197,69.0,5.0,5.0,6.46,8.08,2.29,1.67,6.79,0.29,2.83,1.96,2.0,5.04,4.88,1.0
198,77.0,11.0,18.0,11.34,4.38,11.75,4.17,6.42,4.83,11.38,6.83,7.38,6.96,12.62,0.0
199,76.0,5.0,6.0,5.66,3.5,12.46,1.54,2.25,1.92,5.66,3.5,7.92,6.75,10.17,1.0
200,61.0,12.0,7.0,17.96,15.83,12.17,4.5,13.59,8.04,8.87,8.04,5.09,5.75,12.21,1.0
201,76.0,4.0,15.0,14.71,10.13,15.96,6.29,8.38,4.83,8.79,4.96,8.63,8.08,9.5,1.0
202,67.0,2.0,28.0,19.25,22.54,14.71,16.17,24.37,16.75,23.04,17.16,18.16,18.46,27.29,0.0
203,69.0,9.0,15.0,5.58,3.63,14.12,3.08,6.0,4.71,6.92,7.29,7.33,4.38,7.38,1.0
204,78.0,9.0,26.0,13.7,14.83,10.41,7.71,14.29,9.62,16.58,12.29,12.29,11.42,18.79,0.0
205,75.0,4.0,7.0,21.84,15.83,15.0,11.58,16.0,10.92,17.71,14.04,15.71,20.54,20.91,0.0
206,67.0,11.0,15.0,18.84,13.08,12.96,10.21,12.5,8.63,14.58,14.42,12.33,12.46,21.79,0.0
207,65.0,5.0,24.0,10.71,10.08,10.34,5.0,12.0,6.25,8.96,3.54,3.96,6.75,5.17,1.0
208,68.0,1.0,18.0,14.54,14.71,13.75,8.75,17.96,10.21,16.42,12.5,14.17,11.04,20.79,0.0
209,74.0,12.0,20.0,26.54,23.0,22.75,13.88,16.04,12.17,17.46,17.5,16.88,15.25,21.5,0.0
210,74.0,7.0,4.0,14.5,11.08,12.83,6.13,11.34,6.46,8.21,8.67,8.0,2.79,11.04,1.0
211,65.0,5.0,3.0,9.54,11.17,11.38,4.92,9.79,7.17,7.46,5.13,4.21,6.42,8.67,1.0
212,61.0,6.0,21.0,8.54,9.5,10.37,6.63,11.5,7.33,10.54,9.83,9.54,10.17,14.71,1.0
213,68.0,3.0,21.0,9.92,10.75,5.33,4.96,11.92,5.83,7.67,7.0,4.5,6.83,10.58,1.0
214,71.0,11.0,6.0,15.83,12.17,12.46,6.75,11.29,7.46,9.54,7.25,9.83,10.25,15.54,0.0
215,67.0,9.0,30.0,16.54,16.17,14.83,9.33,18.16,11.25,17.83,14.62,14.29,12.67,23.67,0.0
216,61.0,1.0,12.0,19.75,12.08,18.5,10.54,10.29,9.46,15.54,11.5,10.37,14.58,15.59,1.0
217,67.0,4.0,13.0,6.29,5.54,15.79,6.42,8.42,2.62,8.71,3.37,3.83,4.21,5.46,1.0
218,74.0,1.0,8.0,19.75,17.37,16.29,11.75,16.62,10.13,13.33,11.87,14.33,14.67,23.38,0.0
219,75.0,9.0,27.0,19.75,15.04,18.41,9.25,13.92,10.58,14.12,11.21,12.21,13.13,12.62,0.0
220,73.0,9.0,11.0,10.92,11.08,6.5,2.79,8.79,2.54,4.88,4.5,3.96,3.21,6.08,1.0
221,62.0,10.0,27.0,15.16,15.41,12.92,8.25,17.0,11.12,15.63,15.67,14.04,15.67,24.83,0.0
222,65.0,4.0,4.0,14.25,14.21,13.04,8.04,12.96,8.29,11.34,10.88,6.75,11.34,15.83,1.0
223,70.0,3.0,19.0,12.17,8.92,11.71,5.91,9.54,8.04,12.25,10.34,11.29,7.71,15.75,0.0
224,78.0,10.0,20.0,8.25,4.33,6.75,5.63,8.96,7.38,9.21,7.12,7.25,4.67,9.62,1.0
225,66.0,8.0,11.0,13.21,9.75,12.25,7.41,10.13,6.34,8.58,4.79,5.46,3.54,7.75,1.0
226,63.0,12.0,26.0,4.25,4.79,5.79,1.13,7.12,5.58,8.29,6.13,5.63,6.87,13.17,1.0
227,62.0,4.0,17.0,10.41,5.88,20.12,9.46,7.54,8.29,14.83,8.63,7.21,12.87,11.12,1.0
228,62.0,6.0,25.0,11.08,7.92,10.5,8.71,15.12,11.21,18.79,13.25,15.12,13.21,16.83,0.0
229,62.0,10.0,10.0,5.91,1.58,7.04,1.71,2.83,1.67,4.83,2.29,4.54,6.04,2.54,1.0
230,75.0,6.0,23.0,11.38,6.75,5.71,4.83,6.87,4.04,6.04,6.13,6.21,5.04,7.96,1.0
231,70.0,2.0,15.0,11.63,11.29,9.33,3.58,4.29,2.71,5.41,2.67,4.67,4.54,10.08,1.0
232,71.0,9.0,30.0,10.29,13.04,9.21,4.38,10.0,7.83,7.41,5.66,7.12,4.5,13.75,0.0
233,71.0,12.0,23.0,8.12,8.08,10.13,3.0,9.33,7.41,13.13,8.46,8.87,9.38,22.88,0.0
234,77.0,12.0,14.0,10.96,11.42,11.79,2.96,7.0,7.92,13.79,13.96,9.38,11.38,19.67,0.0
235,74.0,11.0,23.0,14.67,9.62,9.79,6.29,8.54,4.17,9.71,3.79,6.17,3.33,2.75,1.0
236,67.0,6.0,3.0,7.92,9.17,13.08,4.33,7.96,6.25,10.0,15.0,9.38,12.38,18.63,0.0
237,71.0,7.0,15.0,13.54,8.04,10.34,6.92,10.63,6.5,12.67,9.21,11.83,10.75,10.29,0.0
238,72.0,5.0,23.0,20.17,13.79,18.12,12.04,15.63,10.13,12.25,11.87,12.54,14.96,17.96,0.0
239,66.0,4.0,9.0,11.38,6.79,14.42,7.87,10.5,9.21,18.63,9.33,12.5,13.17,12.08,0.0
240,71.0,11.0,2.0,17.0,12.21,18.08,10.46,10.37,10.25,14.96,10.83,10.96,12.46,18.0,0.0
241,72.0,8.0,27.0,10.34,2.54,10.41,3.33,5.5,2.71,6.13,4.25,6.08,3.13,4.38,1.0
242,70.0,10.0,13.0,11.54,13.67,9.87,6.79,10.88,9.04,8.12,9.83,8.38,5.5,13.96,1.0
243,77.0,10.0,20.0,8.33,10.13,10.04,3.21,6.25,6.58,8.92,8.0,7.67,7.54,10.96,1.0
244,74.0,7.0,11.0,11.25,9.67,10.37,7.0,13.29,7.87,10.67,12.0,9.96,10.46,16.08,0.0
245,73.0,10.0,12.0,21.59,22.25,22.63,9.0,19.38,11.75,12.62,14.67,10.5,8.17,16.21,0.0
246,68.0,12.0,7.0,9.25,7.5,12.75,2.33,6.75,1.04,6.46,2.75,3.04,5.41,7.29,1.0
247,61.0,3.0,2.0,12.58,10.04,11.17,7.12,10.29,9.21,10.88,10.5,10.58,12.96,18.38,1.0
248,62.0,8.0,31.0,6.38,8.38,4.25,3.63,6.58,3.13,5.37,4.67,3.83,5.79,6.29,1.0
249,75.0,8.0,4.0,9.5,5.13,5.25,5.17,8.17,4.71,3.83,6.63,7.92,6.75,7.29,1.0
250,65.0,6.0,3.0,8.46,6.21,5.91,2.17,4.75,3.71,3.79,5.58,2.79,4.38,12.79,1.0
251,74.0,10.0,10.0,13.08,9.92,13.17,5.5,8.83,4.04,10.0,7.62,6.46,7.41,12.5,0.0
252,72.0,11.0,3.0,9.42,8.38,9.87,3.33,5.04,4.12,8.5,6.38,6.46,4.63,7.33,1.0
253,61.0,5.0,6.0,23.0,19.79,21.21,14.12,22.34,15.04,16.83,17.71,16.29,17.54,28.08,0.0
254,75.0,6.0,30.0,9.13,3.21,5.21,2.21,5.54,1.5,1.63,3.83,3.25,4.46,4.67,1.0
255,69.0,3.0,13.0,6.0,2.92,14.71,6.92,10.04,6.96,15.34,11.63,11.0,12.17,14.79,0.0
256,75.0,8.0,13.0,6.04,4.38,5.13,3.0,4.96,2.92,2.62,4.75,7.46,4.54,6.42,1.0
257,62.0,5.0,18.0,14.75,12.17,10.96,7.29,10.79,6.54,11.21,8.08,5.96,8.63,11.54,1.0
258,69.0,9.0,11.0,11.87,5.63,6.87,3.0,4.5,3.46,6.83,2.88,4.54,4.04,4.79,1.0
259,71.0,10.0,26.0,12.21,11.25,12.92,5.04,11.96,9.04,10.46,8.25,7.62,7.5,12.96,0.0
260,76.0,1.0,17.0,5.13,7.38,3.67,0.63,5.71,2.25,3.42,4.63,4.38,4.33,10.54,1.0
261,76.0,6.0,12.0,11.25,9.75,13.96,5.0,10.21,7.33,13.13,11.75,11.17,10.13,19.62,0.0
262,67.0,4.0,6.0,20.12,15.54,22.0,14.04,14.54,11.92,18.54,13.83,13.92,16.38,21.04,0.0
263,71.0,11.0,24.0,6.0,1.21,8.63,2.21,3.04,1.29,7.08,1.33,4.04,2.33,5.63,1.0
264,70.0,11.0,12.0,12.71,15.54,9.29,5.88,11.75,7.92,15.09,9.75,10.37,10.17,17.46,0.0
265,69.0,4.0,18.0,7.83,10.46,11.21,5.63,9.38,4.67,8.67,5.33,7.12,6.29,6.46,1.0
266,67.0,12.0,2.0,8.67,8.63,5.91,3.67,7.58,5.0,4.83,8.58,5.17,7.12,16.13,0.0
267,72.0,9.0,1.0,8.83,1.92,12.67,2.92,2.5,1.29,3.67,1.79,4.46,1.67,3.75,1.0
268,71.0,9.0,13.0,1.79,7.12,4.92,1.13,5.29,2.79,2.54,1.5,2.5,1.25,10.13,1.0
269,75.0,4.0,18.0,7.41,11.08,5.46,3.92,10.54,6.92,6.79,8.75,9.5,6.67,19.87,1.0
270,66.0,5.0,14.0,13.59,13.46,12.17,7.46,15.21,9.79,11.79,11.08,9.71,12.21,18.84,0.0
271,65.0,7.0,15.0,5.21,2.62,16.92,3.33,5.88,5.54,8.04,6.79,6.83,6.21,5.04,1.0
272,61.0,10.0,7.0,16.08,11.75,9.71,5.46,11.38,5.41,6.87,6.96,3.25,4.88,11.63,1.0
273,71.0,6.0,19.0,14.58,10.04,11.58,6.96,12.33,5.96,7.41,7.12,7.71,3.37,7.46,1.0
274,75.0,4.0,8.0,20.21,17.12,17.0,11.79,12.12,11.58,15.92,12.75,13.5,15.46,20.33,0.0
275,75.0,3.0,8.0,9.5,6.54,7.21,3.17,6.79,2.58,5.33,5.37,5.91,5.83,11.87,1.0
276,65.0,4.0,15.0,12.79,9.42,10.83,9.25,17.16,13.54,15.34,13.59,13.79,11.92,13.62,0.0
277,64.0,1.0,10.0,11.25,9.92,8.71,3.0,9.17,2.67,2.71,7.79,3.46,3.0,9.08,1.0
278,73.0,11.0,10.0,16.88,12.83,11.42,6.67,11.71,5.88,8.83,7.62,10.0,7.33,13.79,0.0
279,63.0,10.0,3.0,16.46,14.33,13.08,9.13,12.83,10.41,14.21,10.17,11.29,10.58,14.62,0.0
280,65.0,9.0,20.0,13.37,14.12,12.79,7.75,9.96,8.71,9.54,12.96,6.58,14.29,21.71,0.0
281,66.0,4.0,23.0,19.33,16.5,18.58,12.54,14.29,10.54,12.96,10.75,9.08,12.58,13.21,1.0
282,61.0,2.0,21.0,7.79,8.63,6.08,2.21,7.41,4.33,3.75,7.04,4.5,7.41,12.12,1.0
283,75.0,8.0,30.0,17.5,9.71,16.62,9.25,8.12,6.79,14.0,6.58,10.17,10.63,8.04,0.0
284,75.0,1.0,1.0,14.04,13.54,11.29,5.46,12.58,5.58,8.12,8.96,9.29,5.17,7.71,1.0
285,66.0,12.0,4.0,8.0,5.58,6.96,1.38,8.63,4.92,11.75,4.5,6.21,6.34,15.46,0.0
286,62.0,11.0,18.0,23.63,15.09,24.62,15.83,13.96,10.17,16.46,10.5,11.34,14.62,22.29,0.0
287,68.0,9.0,12.0,3.42,2.58,5.46,1.38,6.17,2.04,2.46,1.92,0.46,0.58,5.21,1.0
288,67.0,11.0,2.0,30.09,21.09,19.67,18.63,21.21,14.79,19.12,16.66,16.79,19.58,25.33,0.0
289,73.0,1.0,20.0,11.17,12.0,7.5,4.96,9.59,5.21,11.12,7.46,8.33,6.83,14.25,0.0
290,75.0,5.0,24.0,9.0,4.04,13.33,4.08,6.38,2.88,5.71,4.83,6.38,4.58,11.58,1.0
291,62.0,8.0,13.0,10.04,5.25,12.04,4.29,5.75,2.29,5.88,4.58,6.08,3.08,5.5,1.0
292,76.0,11.0,22.0,7.62,3.92,9.38,2.5,3.46,3.46,7.83,2.37,2.88,5.75,6.46,1.0
293,62.0,5.0,22.0,16.96,15.04,12.42,11.67,18.66,13.13,16.0,13.59,13.5,15.83,18.91,0.0
294,67.0,3.0,27.0,16.08,15.34,11.17,10.75,17.46,12.08,19.62,11.04,15.16,13.7,19.46,0.0
295,69.0,4.0,7.0,12.62,1.63,8.17,3.71,6.79,2.58,6.38,5.33,8.17,6.54,6.71,1.0
296,65.0,4.0,2.0,4.83,4.88,3.71,2.37,3.08,1.79,8.12,6.75,3.88,4.54,13.21,1.0
297,72.0,11.0,30.0,13.17,17.04,10.34,6.29,11.21,9.04,14.62,10.46,9.75,9.29,16.92,0.0
298,78.0,7.0,5.0,25.04,18.08,13.88,12.08,13.7,12.67,12.38,12.83,12.79,17.83,17.79,0.0
299,70.0,9.0,21.0,7.5,4.75,5.09,2.58,8.0,4.46,3.17,3.04,4.71,5.37,6.21,1.0
300,62.0,1.0,4.0,3.17,4.92,4.38,1.04,3.5,1.79,5.5,3.75,1.63,3.17,12.38,1.0
301,62.0,1.0,1.0,9.29,3.42,11.54,3.5,2.21,1.96,10.41,2.79,3.54,5.17,4.38,1.0
302,69.0,9.0,30.0,8.83,7.96,7.29,4.33,11.63,6.58,11.38,9.17,8.54,9.33,15.41,0.0
303,68.0,2.0,23.0,11.71,9.33,21.92,6.83,8.12,3.08,8.46,4.21,3.71,4.29,2.17,1.0
304,68.0,10.0,19.0,19.41,16.54,20.46,14.17,16.46,10.46,13.88,11.75,14.04,15.37,21.09,0.0
305,66.0,7.0,23.0,9.5,9.79,10.37,7.96,16.42,9.59,13.21,8.54,12.21,10.46,14.71,0.0
306,70.0,12.0,2.0,15.54,15.75,13.59,6.92,15.25,10.46,14.75,12.08,12.58,12.25,18.75,0.0
307,72.0,4.0,17.0,6.29,2.58,4.83,3.25,4.96,1.79,5.46,3.21,5.17,4.5,5.96,1.0
308,74.0,3.0,3.0,13.46,8.79,14.21,5.91,6.5,4.17,9.83,4.79,6.42,9.13,6.96,0.0
309,68.0,5.0,20.0,10.34,6.21,6.17,5.88,7.87,4.04,5.29,6.75,4.75,5.88,9.75,1.0
310,61.0,7.0,9.0,7.29,5.71,7.67,5.37,10.63,6.0,9.46,6.38,7.54,7.71,8.21,1.0
311,72.0,3.0,27.0,27.12,24.67,17.29,17.16,28.16,17.0,22.92,21.75,22.5,17.96,28.88,0.0
312,64.0,8.0,4.0,5.79,2.92,5.33,2.21,4.21,2.29,4.42,5.41,2.33,6.0,10.92,1.0
313,67.0,5.0,17.0,11.63,10.25,11.5,5.37,11.71,6.17,8.5,9.38,6.92,8.79,16.5,0.0
314,69.0,1.0,15.0,18.91,18.88,12.33,8.79,13.33,9.08,4.12,14.33,6.04,4.75,19.46,1.0
315,77.0,7.0,21.0,5.5,8.42,7.92,2.96,8.46,6.46,7.83,2.71,7.38,5.88,10.37,1.0
316,75.0,4.0,28.0,10.67,11.0,9.21,4.88,12.5,6.79,7.21,9.04,11.42,8.79,17.88,0.0
317,62.0,12.0,4.0,13.62,13.33,10.75,6.46,13.62,10.37,4.79,10.75,6.87,9.04,10.46,1.0
318,67.0,9.0,19.0,13.04,14.62,10.0,5.79,15.21,7.83,11.46,9.21,8.29,7.17,17.25,1.0
319,77.0,9.0,17.0,12.71,12.71,14.0,4.46,9.38,7.5,10.58,6.04,6.96,5.71,11.0,1.0
320,68.0,10.0,27.0,11.83,8.87,11.87,5.88,10.54,5.37,4.63,6.46,6.67,5.63,8.92,1.0
321,63.0,4.0,5.0,13.08,12.46,29.04,11.83,12.12,11.25,20.04,14.75,12.04,17.71,19.29,0.0
322,75.0,4.0,29.0,14.17,16.5,10.34,8.17,16.42,9.83,12.96,11.96,12.83,13.25,19.33,0.0
323,67.0,4.0,4.0,10.08,9.83,7.87,7.92,12.62,9.0,15.83,10.58,12.62,13.59,17.92,0.0
324,64.0,6.0,7.0,11.54,8.58,8.58,6.54,11.42,6.38,10.04,8.54,8.08,10.83,10.67,1.0
325,67.0,11.0,12.0,7.54,10.08,8.67,5.17,7.96,5.54,5.5,7.71,5.75,7.87,15.63,0.0
326,65.0,12.0,26.0,7.96,6.04,11.17,2.71,5.09,1.13,5.79,1.17,1.29,4.25,4.46,1.0
327,64.0,2.0,5.0,8.08,6.21,11.21,3.25,6.83,3.25,7.25,3.17,3.08,3.83,6.29,1.0
328,66.0,1.0,28.0,23.58,23.58,20.08,15.92,19.17,14.71,17.46,16.29,12.75,18.12,21.87,0.0
329,66.0,3.0,25.0,14.04,11.29,13.37,8.71,10.17,8.79,10.92,8.04,8.38,9.5,15.63,0.0
330,62.0,1.0,18.0,13.33,9.96,10.63,4.12,8.75,8.0,12.46,7.67,7.41,10.0,13.67,1.0
331,70.0,9.0,9.0,31.42,28.5,28.21,20.33,30.0,20.67,22.37,18.29,21.46,22.42,25.75,0.0
332,72.0,12.0,17.0,20.71,25.17,17.12,9.79,18.41,13.7,17.71,16.62,12.83,11.42,20.38,0.0
333,64.0,12.0,7.0,25.84,14.54,23.96,14.71,13.62,11.25,16.75,9.87,11.5,9.92,12.62,0.0
334,68.0,6.0,22.0,7.92,9.5,7.71,6.83,11.25,5.46,6.0,7.08,4.46,4.12,14.33,1.0
335,70.0,7.0,20.0,14.33,8.33,11.54,7.21,9.13,5.88,9.33,6.96,10.54,8.71,12.62,0.0
336,74.0,10.0,22.0,16.92,12.79,14.88,6.96,9.79,6.34,10.96,8.12,7.83,8.5,15.75,0.0
337,74.0,11.0,5.0,9.59,13.37,8.96,3.71,9.92,5.41,6.79,9.54,7.83,6.25,15.96,0.0
338,70.0,11.0,18.0,17.62,14.67,17.25,7.41,11.63,8.33,8.96,5.5,8.92,5.33,7.46,1.0
339,64.0,9.0,26.0,10.58,6.46,10.92,5.88,11.17,7.33,9.08,8.54,8.33,9.79,12.5,1.0
340,67.0,6.0,29.0,10.17,6.21,8.08,7.12,13.0,9.17,12.17,12.12,9.38,10.46,15.41,0.0
341,72.0,10.0,20.0,9.17,7.5,16.25,5.5,5.21,2.96,9.08,6.58,6.75,6.96,11.67,0.0
342,65.0,4.0,16.0,15.96,10.54,11.79,8.87,15.09,11.71,16.21,13.59,13.04,13.88,14.96,0.0
343,64.0,12.0,23.0,11.17,7.87,12.04,5.88,7.79,4.0,10.34,4.46,5.5,8.75,3.04,1.0
344,77.0,3.0,26.0,14.75,13.67,13.5,7.25,15.21,12.87,12.54,12.25,10.29,6.96,12.04,0.0
345,73.0,7.0,16.0,10.37,14.37,16.04,11.04,14.92,12.79,17.92,13.88,12.58,15.67,18.5,0.0
346,71.0,11.0,16.0,11.21,9.96,10.41,8.04,12.54,8.75,14.37,7.08,13.37,9.87,12.29,0.0
347,74.0,11.0,9.0,18.29,17.29,16.62,10.0,18.34,11.92,20.04,17.67,16.79,15.75,25.29,0.0
348,74.0,8.0,19.0,5.71,7.41,6.08,2.5,4.83,3.54,4.54,8.25,4.12,4.25,15.75,1.0
349,64.0,10.0,3.0,10.75,10.54,8.58,3.58,10.67,6.46,7.67,7.12,5.63,8.67,10.04,0.0
350,63.0,12.0,27.0,16.79,17.29,15.09,9.29,14.25,12.17,10.54,15.75,9.42,15.5,26.63,0.0
351,69.0,3.0,28.0,6.34,4.88,5.5,2.67,7.79,2.42,10.54,6.13,6.79,6.79,10.25,1.0
352,76.0,6.0,3.0,5.58,5.04,6.13,1.13,1.54,0.71,3.04,1.42,2.88,1.71,7.0,1.0
353,77.0,12.0,25.0,10.29,8.54,9.33,3.17,8.21,6.46,10.96,8.67,9.62,7.5,13.08,1.0
354,76.0,7.0,15.0,12.62,9.67,13.5,6.67,11.21,8.17,10.08,6.79,11.58,8.67,11.71,1.0
355,77.0,5.0,6.0,7.58,6.71,8.54,3.67,6.87,7.5,9.87,5.79,6.42,6.63,11.63,1.0
356,68.0,11.0,8.0,10.92,9.87,12.12,3.88,10.29,5.88,9.71,9.92,7.58,7.83,12.87,0.0
357,62.0,4.0,19.0,5.58,4.38,6.79,3.63,4.92,3.58,6.21,2.71,2.42,5.21,7.29,1.0
358,62.0,9.0,30.0,26.83,16.42,22.95,14.88,16.38,13.75,16.54,16.88,14.62,19.38,26.3,0.0
359,75.0,8.0,18.0,4.92,6.96,5.46,2.71,3.58,2.79,5.33,4.92,6.54,5.13,9.0,1.0
360,75.0,1.0,25.0,19.41,16.42,15.29,8.83,13.59,8.21,13.17,10.71,12.38,10.71,17.12,0.0
361,66.0,7.0,22.0,12.17,6.54,7.21,7.04,10.92,6.42,7.79,7.71,7.92,7.75,11.38,0.0
362,69.0,11.0,22.0,9.13,12.0,9.08,2.33,8.12,4.0,2.58,7.08,4.12,4.75,20.54,0.0
363,69.0,8.0,5.0,12.29,11.25,11.58,6.25,12.5,9.08,7.12,9.5,10.21,11.0,18.25,0.0
364,78.0,10.0,2.0,9.96,8.29,8.5,3.08,7.54,5.25,6.83,5.46,6.87,6.75,10.25,1.0
365,73.0,12.0,3.0,14.21,10.29,9.08,7.12,10.88,5.96,14.21,10.46,11.04,9.62,13.92,0.0
366,69.0,6.0,17.0,15.79,16.17,13.37,10.37,15.79,14.09,11.29,11.0,11.58,13.46,11.42,0.0
367,75.0,3.0,22.0,16.54,13.0,9.59,7.62,11.46,6.63,10.92,9.04,10.13,8.87,13.04,1.0
368,62.0,1.0,7.0,12.62,11.04,11.34,3.54,11.75,8.04,14.29,8.42,8.63,13.75,18.88,0.0
369,64.0,9.0,30.0,9.21,1.75,15.29,1.58,3.67,0.92,3.67,2.25,3.63,3.08,4.08,1.0
370,65.0,7.0,8.0,11.58,7.54,9.17,6.92,9.79,5.83,9.42,6.08,7.83,9.75,9.5,1.0
371,67.0,7.0,9.0,11.38,10.79,10.88,5.41,13.0,7.38,10.0,14.75,9.13,10.17,22.0,0.0
372,68.0,11.0,16.0,11.75,10.75,8.92,2.33,12.83,4.42,4.04,7.0,3.33,5.83,10.58,0.0
373,77.0,2.0,8.0,5.46,8.96,7.62,3.17,6.63,7.83,7.96,3.04,5.88,3.71,4.17,1.0
374,70.0,8.0,3.0,7.17,13.59,6.79,3.37,8.17,3.88,4.5,3.33,4.92,5.09,5.04,1.0
375,72.0,10.0,7.0,10.88,12.79,10.58,5.66,9.38,6.21,5.5,7.46,6.92,5.33,11.08,1.0
376,70.0,10.0,28.0,13.7,13.13,12.58,7.04,12.54,8.0,9.33,8.83,9.04,3.96,15.09,1.0
377,78.0,4.0,15.0,6.54,10.21,5.46,3.29,6.96,3.71,4.08,3.13,2.83,1.63,9.46,1.0
378,70.0,7.0,17.0,7.62,4.42,7.71,3.92,8.25,5.96,8.71,4.63,9.08,4.75,13.59,0.0
379,72.0,7.0,30.0,10.92,13.54,8.33,4.54,10.71,5.25,5.09,7.41,7.08,4.71,14.83,1.0
380,74.0,1.0,2.0,26.63,22.34,25.62,15.37,21.59,16.83,15.34,17.83,19.83,19.79,22.29,0.0
381,67.0,7.0,4.0,6.79,4.96,8.12,2.71,7.92,3.92,4.96,4.38,4.96,4.25,9.13,1.0
382,70.0,12.0,18.0,16.58,17.41,14.46,8.29,12.54,11.12,9.83,13.17,11.17,14.17,15.29,0.0
383,71.0,8.0,19.0,7.33,5.04,16.96,4.75,7.79,3.21,5.96,2.92,4.83,1.5,5.29,1.0
384,62.0,3.0,14.0,5.5,9.92,3.88,2.08,8.71,2.17,4.0,3.5,1.71,2.04,6.67,1.0
385,70.0,7.0,1.0,20.79,17.12,12.5,11.67,20.3,13.54,19.95,14.92,17.41,15.37,23.0,0.0
386,70.0,6.0,26.0,9.79,9.5,10.88,5.88,11.08,7.38,7.83,7.33,8.46,7.67,10.21,1.0
387,67.0,3.0,5.0,19.55,19.58,15.79,12.75,17.33,13.08,15.46,21.62,12.75,18.21,29.38,0.0
388,72.0,4.0,21.0,8.79,6.58,10.34,4.71,5.37,2.62,6.71,5.54,5.71,6.63,6.54,1.0
389,75.0,2.0,9.0,12.79,12.29,8.67,2.79,9.46,2.37,5.21,7.71,8.0,3.33,8.87,1.0
390,68.0,2.0,20.0,9.62,6.0,9.38,2.83,5.0,0.29,2.37,2.25,1.08,5.41,4.25,0.0
391,73.0,3.0,13.0,8.5,7.04,9.79,1.79,4.71,1.87,3.5,3.54,3.92,3.0,2.25,1.0
392,69.0,1.0,16.0,16.33,13.29,14.04,11.54,15.09,9.96,17.29,12.42,17.08,15.54,18.46,0.0
393,63.0,9.0,5.0,15.0,10.88,8.42,5.37,11.87,7.0,9.25,9.87,8.29,9.13,11.92,1.0
394,63.0,3.0,6.0,16.96,15.21,18.46,12.83,13.92,10.75,9.96,12.33,8.63,12.96,11.54,1.0
395,63.0,10.0,16.0,12.17,9.08,8.25,5.46,11.54,7.5,7.46,8.79,6.25,8.29,16.0,1.0
396,65.0,9.0,28.0,10.83,10.88,5.66,2.71,9.71,3.54,2.5,6.87,2.83,6.17,9.92,1.0
397,72.0,5.0,25.0,25.12,21.17,21.17,13.79,23.09,15.54,19.75,17.0,16.96,16.17,28.12,0.0
398,76.0,4.0,7.0,13.21,12.25,15.09,6.79,12.04,5.58,10.63,8.04,9.29,10.58,11.08,1.0
399,68.0,3.0,13.0,15.09,9.67,11.75,9.42,14.04,10.08,15.71,12.58,12.83,15.0,16.17,0.0
400,64.0,3.0,8.0,11.58,9.25,22.46,6.87,9.38,3.67,9.5,8.08,5.83,6.79,7.41,1.0
401,74.0,2.0,13.0,12.0,10.83,8.71,5.37,8.75,5.88,7.71,7.29,6.38,7.38,7.0,1.0
402,72.0,2.0,9.0,10.71,8.75,9.13,3.5,9.87,6.79,7.83,7.5,7.92,11.34,17.88,0.0
403,64.0,8.0,20.0,4.63,4.17,4.58,1.67,5.0,1.96,5.71,4.08,3.54,5.46,5.41,1.0
404,70.0,4.0,12.0,19.79,9.29,17.33,9.79,9.38,8.83,14.58,8.79,10.46,10.96,10.75,0.0
405,63.0,5.0,29.0,7.12,7.62,21.5,7.83,10.08,7.41,10.92,7.12,8.75,7.25,12.21,1.0
406,62.0,4.0,26.0,3.58,2.75,4.63,1.13,2.96,2.42,7.67,3.04,3.58,6.87,7.71,1.0
407,68.0,7.0,18.0,7.67,4.17,5.17,2.67,3.46,0.96,2.46,2.29,2.13,0.67,8.17,1.0
408,65.0,12.0,2.0,18.5,23.13,13.79,12.67,21.84,13.37,19.25,15.71,12.58,13.88,24.54,0.0
409,66.0,2.0,4.0,20.04,15.29,17.21,10.5,14.33,9.59,10.96,10.75,10.25,12.5,18.12,0.0
410,67.0,5.0,7.0,17.96,15.87,14.12,9.21,12.04,8.29,9.29,7.92,9.67,8.08,10.54,1.0
411,62.0,8.0,30.0,0.96,2.33,4.17,2.21,4.38,3.83,6.42,5.04,5.0,6.46,9.42,1.0
412,62.0,11.0,29.0,7.17,4.38,3.58,0.21,3.54,0.21,7.41,0.17,2.96,7.21,9.04,1.0
413,72.0,12.0,24.0,15.0,16.62,13.96,5.17,11.38,9.29,9.71,9.96,9.0,7.41,14.42,1.0
414,67.0,4.0,12.0,7.71,7.5,15.21,6.13,8.08,2.42,7.79,4.96,4.38,6.17,10.92,1.0
415,71.0,1.0,20.0,18.08,16.38,13.92,6.54,14.0,10.29,12.62,11.79,10.25,8.83,15.54,0.0
416,72.0,3.0,25.0,13.79,14.62,11.38,7.12,12.62,8.79,9.46,7.67,8.17,6.13,14.04,0.0
417,74.0,8.0,17.0,5.09,5.33,7.67,2.25,6.13,2.13,5.88,3.25,4.46,3.67,5.29,1.0
418,75.0,1.0,4.0,5.37,6.0,9.38,3.5,8.96,5.83,16.38,10.17,12.75,11.46,16.38,0.0
419,78.0,3.0,6.0,15.0,16.21,13.04,9.71,13.29,10.67,8.58,12.83,12.79,10.34,18.0,0.0
420,63.0,6.0,3.0,19.04,9.17,24.13,11.54,12.12,13.04,17.67,14.5,14.0,11.63,14.09,1.0
421,66.0,9.0,27.0,12.04,8.38,7.96,2.58,8.75,2.37,4.79,3.75,3.42,4.38,6.17,1.0
422,78.0,12.0,21.0,12.96,3.83,13.79,4.79,7.12,6.54,11.67,9.25,8.67,9.0,11.25,0.0
423,78.0,10.0,31.0,8.58,4.29,10.79,4.29,4.08,2.71,4.63,1.04,3.67,2.75,8.71,1.0
424,77.0,1.0,2.0,9.75,1.54,12.54,1.83,3.79,2.75,9.46,1.21,2.33,4.58,8.25,1.0
425,62.0,3.0,19.0,10.92,7.87,13.7,5.41,8.29,5.54,9.04,6.54,5.66,6.04,9.21,1.0
426,64.0,12.0,18.0,6.29,2.25,4.63,1.29,3.83,0.04,3.21,0.54,0.75,1.17,5.46,1.0
427,65.0,3.0,20.0,9.59,10.96,11.75,6.71,13.75,6.0,12.58,15.63,10.58,13.21,19.12,0.0
428,75.0,4.0,20.0,19.62,16.04,17.71,7.87,10.08,9.0,11.38,9.54,12.42,9.33,11.34,1.0
429,63.0,11.0,8.0,11.67,12.08,10.5,6.5,14.09,9.75,13.0,7.62,8.92,9.59,12.25,1.0
430,68.0,7.0,2.0,18.54,11.34,13.62,10.46,16.13,9.75,12.38,10.5,12.08,13.25,14.62,0.0
431,70.0,1.0,27.0,10.54,19.08,7.83,3.17,10.0,7.0,5.17,8.79,5.21,2.88,12.42,1.0
432,71.0,12.0,1.0,13.04,10.37,9.0,3.42,8.25,5.5,8.54,3.0,7.04,4.54,10.71,1.0
433,71.0,4.0,19.0,5.0,4.71,8.67,3.63,7.58,5.46,6.38,5.33,9.17,8.17,8.83,1.0
434,77.0,1.0,25.0,16.71,10.96,13.59,6.96,11.0,9.29,10.88,6.67,10.96,12.33,6.83,0.0
435,78.0,2.0,3.0,7.5,11.25,8.54,2.96,10.92,6.87,8.12,7.41,8.46,4.04,11.75,0.0
436,64.0,11.0,29.0,24.54,17.54,19.7,11.04,15.37,7.38,14.71,12.0,10.13,13.92,18.34,0.0
437,76.0,2.0,15.0,8.0,12.46,13.33,5.0,6.38,4.08,9.42,4.96,6.67,6.63,6.0,1.0
438,71.0,5.0,13.0,17.16,6.25,13.75,4.63,5.41,6.08,7.17,8.21,10.96,7.25,8.0,1.0
439,61.0,9.0,25.0,10.34,12.92,8.87,5.79,11.58,8.0,8.92,12.5,8.04,13.0,20.17,0.0
440,72.0,8.0,20.0,10.34,6.87,7.17,4.08,8.0,5.41,8.25,5.21,8.12,5.41,6.29,1.0
441,63.0,10.0,25.0,10.0,11.17,5.63,4.75,12.12,7.12,6.04,7.12,5.33,5.66,10.46,1.0
442,65.0,3.0,7.0,3.92,10.29,8.04,3.13,7.71,5.41,10.63,7.92,6.17,8.63,13.5,0.0
443,70.0,2.0,14.0,12.54,7.79,11.79,4.04,7.25,4.75,5.91,3.67,5.13,4.38,8.71,1.0
444,61.0,3.0,29.0,18.25,16.29,14.96,12.0,18.34,14.33,16.62,13.37,17.54,14.21,18.63,0.0
445,69.0,5.0,20.0,7.87,6.63,7.67,3.5,9.83,5.71,1.96,4.46,2.92,2.33,7.83,1.0
446,74.0,9.0,6.0,20.17,16.33,14.71,7.54,13.04,7.92,8.29,8.96,8.96,5.88,10.29,1.0
447,62.0,1.0,13.0,15.71,14.83,9.92,8.87,13.54,9.67,19.7,10.63,13.21,12.96,19.46,0.0
448,76.0,6.0,24.0,10.54,13.25,11.46,7.12,10.71,9.46,10.37,10.96,12.58,8.79,20.46,1.0
449,77.0,1.0,13.0,26.92,19.12,24.96,14.09,18.46,13.59,17.04,12.62,12.58,14.17,13.79,0.0
450,64.0,7.0,22.0,6.42,3.21,2.5,3.79,4.42,2.83,4.63,3.71,5.21,5.66,6.46,1.0
451,65.0,9.0,26.0,8.83,10.34,3.58,2.58,8.12,4.17,3.42,5.63,2.83,4.5,12.17,1.0
452,69.0,8.0,14.0,3.67,7.17,4.5,1.0,3.29,0.63,2.42,1.0,1.63,1.13,3.71,1.0
453,64.0,12.0,17.0,18.34,13.04,16.17,9.5,11.34,7.08,8.21,8.33,7.75,9.92,13.13,0.0
454,62.0,3.0,5.0,6.63,3.96,5.88,2.04,3.29,3.08,5.79,1.63,1.67,2.79,2.67,1.0
455,61.0,3.0,14.0,12.12,15.29,12.75,5.17,9.38,7.04,8.12,11.12,8.75,9.29,20.04,0.0
456,64.0,1.0,31.0,18.41,17.46,14.75,11.54,21.75,16.46,22.92,21.34,18.71,19.5,23.91,0.0
457,68.0,11.0,27.0,8.42,9.83,8.25,2.96,7.92,3.0,5.5,7.75,6.25,7.04,11.58,1.0
458,71.0,12.0,15.0,19.0,15.83,16.29,8.17,13.5,12.29,15.37,15.63,13.33,15.96,26.67,0.0
459,78.0,8.0,3.0,10.46,5.58,6.34,4.75,8.87,6.29,9.62,6.17,7.54,5.58,8.38,1.0
460,78.0,7.0,23.0,13.96,11.5,12.71,7.08,12.83,10.13,10.08,10.37,11.42,9.83,18.16,0.0
461,74.0,6.0,24.0,7.62,4.25,13.67,3.21,6.0,4.46,6.87,6.75,6.83,5.17,7.92,1.0
462,66.0,12.0,27.0,11.17,10.88,7.54,4.38,10.5,6.63,9.67,5.17,6.67,6.87,13.46,1.0
463,74.0,11.0,14.0,22.63,18.66,24.37,13.92,20.04,13.25,19.08,9.87,18.25,14.29,8.79,0.0
464,61.0,11.0,28.0,8.92,10.21,8.25,5.21,10.96,8.63,12.79,9.46,8.83,11.17,18.96,0.0
465,71.0,3.0,27.0,3.96,5.83,7.46,2.04,6.75,3.75,5.79,5.54,5.46,5.37,13.7,1.0
466,69.0,6.0,13.0,9.59,6.96,7.71,3.83,6.0,4.04,3.79,3.92,2.92,2.17,5.79,1.0
467,70.0,6.0,13.0,2.71,3.08,6.79,1.5,2.46,2.75,3.13,2.92,3.37,1.96,7.62,1.0
468,72.0,7.0,27.0,4.71,3.54,5.79,1.29,4.17,0.79,2.33,2.21,1.92,0.96,5.25,1.0
469,70.0,3.0,16.0,10.41,7.67,8.46,6.58,13.21,8.67,14.92,10.71,13.7,10.54,18.5,0.0
470,73.0,8.0,21.0,6.75,6.04,8.46,3.04,6.75,4.29,7.71,7.0,7.5,6.08,8.58,1.0
471,67.0,6.0,10.0,4.08,2.67,3.88,2.0,5.58,0.0,3.92,1.67,1.54,3.83,4.04,1.0
472,77.0,9.0,30.0,20.21,18.25,17.75,10.41,19.7,13.13,21.12,16.04,15.75,15.37,22.17,0.0
473,73.0,12.0,4.0,13.7,6.17,14.5,7.58,9.62,7.17,14.09,9.21,9.54,12.62,11.71,0.0
474,70.0,12.0,25.0,10.41,8.5,19.5,5.41,10.04,2.92,8.42,6.08,7.46,5.63,3.04,0.0
475,70.0,11.0,10.0,13.04,14.92,11.0,6.71,15.87,10.08,10.96,8.75,11.79,8.79,16.13,0.0
476,73.0,11.0,11.0,9.83,9.62,10.04,4.79,8.08,6.67,9.0,8.21,8.79,9.67,14.42,0.0
477,63.0,7.0,4.0,2.37,2.42,7.79,2.62,3.04,3.17,8.5,6.29,5.17,8.29,6.54,1.0
478,72.0,1.0,26.0,22.71,19.12,15.71,10.21,17.62,9.87,12.87,8.75,12.71,8.71,17.54,0.0
479,78.0,3.0,8.0,8.87,7.29,9.42,5.13,7.79,6.29,10.67,7.71,8.75,8.17,6.5,1.0
480,65.0,4.0,12.0,18.91,14.88,14.12,13.83,20.21,13.37,18.66,14.42,16.13,16.62,18.08,0.0
481,71.0,3.0,14.0,8.5,3.17,5.21,2.37,4.08,1.67,3.25,2.29,1.42,1.0,7.08,1.0
482,76.0,9.0,3.0,9.83,4.79,8.12,4.75,4.29,5.79,10.04,3.71,8.71,5.63,8.83,1.0
483,76.0,6.0,30.0,8.96,1.38,11.04,3.21,4.25,3.21,6.04,3.67,6.87,4.12,8.25,1.0
484,71.0,6.0,23.0,4.79,6.71,4.63,3.08,2.79,2.08,3.83,3.88,2.88,5.13,7.33,1.0
485,65.0,11.0,27.0,19.87,18.25,13.79,11.08,13.54,9.25,16.33,10.41,10.5,12.12,15.09,0.0
486,69.0,11.0,12.0,9.13,6.92,5.88,2.58,8.25,3.63,7.04,3.54,2.75,3.54,9.0,1.0
487,69.0,2.0,9.0,11.63,1.96,12.12,6.42,5.79,2.5,9.67,3.42,6.71,7.67,9.33,0.0
488,71.0,1.0,13.0,14.88,14.46,11.29,4.38,10.41,7.87,6.87,8.04,7.92,5.37,11.04,1.0
489,67.0,2.0,14.0,18.46,17.58,16.96,8.08,20.58,11.87,14.62,11.79,9.38,13.21,17.54,0.0
490,74.0,4.0,16.0,4.92,8.46,6.58,2.17,4.79,1.17,2.96,5.75,4.29,2.5,5.66,1.0
491,78.0,10.0,26.0,7.04,1.21,5.66,1.63,4.08,1.92,8.58,2.33,4.08,4.88,7.54,1.0
492,77.0,11.0,20.0,20.46,18.66,16.71,8.08,10.41,7.71,13.33,9.83,10.41,8.71,17.16,0.0
493,68.0,4.0,3.0,17.41,9.54,10.29,9.38,12.0,7.17,13.29,8.54,9.75,12.0,15.16,0.0
494,75.0,8.0,25.0,5.37,5.83,6.34,1.96,3.83,2.42,5.0,6.92,6.38,4.88,12.71,1.0
495,67.0,10.0,24.0,13.7,13.29,10.41,6.87,11.5,8.71,10.34,11.25,8.83,10.25,21.54,0.0
496,76.0,9.0,16.0,5.66,5.54,5.33,1.63,4.29,1.29,3.08,0.42,2.5,1.79,4.75,1.0
497,65.0,3.0,4.0,16.38,18.63,28.42,11.54,15.67,13.33,22.46,16.66,13.75,15.96,16.21,0.0
498,68.0,9.0,26.0,10.0,11.21,9.38,6.17,11.54,7.21,9.67,8.42,7.71,7.08,13.75,1.0
499,66.0,10.0,25.0,12.29,6.87,14.33,5.83,7.08,1.96,6.0,2.46,3.92,3.75,8.83,1.0
500,70.0,12.0,3.0,11.21,11.92,8.46,3.21,10.34,6.34,6.96,7.0,8.63,5.75,14.12,0.0
501,78.0,5.0,18.0,4.88,2.83,8.67,1.63,3.25,2.79,3.17,2.71,2.96,1.42,5.41,1.0
502,68.0,6.0,15.0,6.34,2.37,11.12,5.91,7.0,2.0,3.42,3.63,2.54,2.13,12.08,1.0
503,63.0,3.0,24.0,26.25,22.37,20.79,14.33,18.5,16.66,19.75,19.95,14.17,18.84,27.16,0.0
504,75.0,9.0,6.0,7.21,7.0,6.46,1.63,6.25,3.17,5.09,5.17,6.21,3.88,7.54,1.0
505,71.0,10.0,28.0,16.29,13.33,18.21,8.29,13.92,13.0,13.75,10.79,11.12,11.63,16.08,0.0
506,74.0,11.0,17.0,4.25,2.33,5.63,0.33,3.88,1.46,5.88,1.63,3.88,2.0,2.96,1.0
507,62.0,2.0,18.0,5.79,5.83,6.46,3.5,6.63,5.63,8.29,5.63,5.79,7.96,13.08,1.0
508,75.0,3.0,17.0,12.42,8.63,13.37,3.37,5.37,4.17,7.79,6.63,6.38,5.54,7.46,1.0
509,70.0,3.0,7.0,20.38,10.79,9.71,7.54,10.29,8.29,10.29,8.38,11.29,6.46,17.25,0.0
510,66.0,5.0,9.0,14.54,9.79,12.08,9.59,9.13,9.46,12.62,6.58,10.88,13.88,11.79,0.0
511,76.0,4.0,13.0,20.91,16.46,14.09,10.04,15.87,12.17,15.0,15.83,15.5,15.25,22.54,0.0
512,75.0,5.0,26.0,10.29,5.96,19.67,6.38,7.96,7.71,9.62,9.29,10.08,7.54,12.87,1.0
513,69.0,10.0,10.0,4.67,3.17,5.96,1.25,7.08,1.58,1.17,4.21,4.17,1.75,4.71,1.0
514,73.0,2.0,17.0,13.67,5.71,9.21,2.88,11.17,3.5,2.79,4.75,4.54,2.33,4.88,1.0
515,70.0,7.0,23.0,13.37,6.5,15.87,6.5,6.17,4.38,4.58,2.62,4.54,2.08,4.92,1.0
516,63.0,12.0,30.0,22.21,19.08,20.46,12.29,16.58,14.17,17.29,17.12,12.96,18.54,26.08,0.0
517,72.0,3.0,28.0,19.55,14.92,14.12,13.13,19.87,11.83,16.08,13.62,17.92,12.04,17.67,0.0
518,63.0,4.0,28.0,5.88,6.5,10.21,5.54,8.96,8.04,11.42,7.54,10.46,8.92,12.0,1.0
519,62.0,8.0,15.0,10.79,10.46,8.08,7.41,12.17,6.83,10.41,8.46,8.58,6.5,11.46,1.0
520,76.0,5.0,16.0,23.63,21.34,20.79,11.83,15.96,11.96,16.5,15.79,16.75,18.46,23.21,0.0
521,68.0,1.0,12.0,12.12,9.96,13.59,6.58,11.79,9.62,10.0,8.08,9.33,10.0,10.88,0.0
522,62.0,9.0,25.0,12.62,9.33,12.62,6.54,8.67,6.08,10.83,6.87,5.58,7.58,12.12,1.0
523,76.0,4.0,20.0,13.88,10.67,10.63,3.29,6.13,4.21,8.0,6.75,9.21,7.92,9.13,1.0
524,66.0,2.0,20.0,15.21,13.17,15.04,9.79,12.33,8.67,11.92,9.83,7.87,11.75,12.46,0.0
525,65.0,9.0,17.0,24.87,19.25,19.08,12.21,19.5,12.92,12.71,13.25,12.42,13.29,13.79,0.0
526,73.0,5.0,19.0,9.75,7.08,17.92,6.79,9.54,10.79,13.04,11.17,13.37,11.12,12.04,0.0
527,73.0,7.0,4.0,4.5,9.83,6.08,3.75,3.58,2.75,3.58,5.21,3.33,4.79,11.67,1.0
528,75.0,11.0,23.0,14.29,7.5,12.21,5.83,8.33,5.66,9.21,5.75,10.29,9.38,12.25,1.0
529,66.0,12.0,25.0,10.67,7.21,8.42,4.21,10.79,5.63,4.96,6.13,5.17,6.21,14.33,1.0
530,68.0,12.0,17.0,19.75,17.12,13.62,10.79,15.63,10.92,20.88,15.16,15.37,18.12,18.29,0.0
531,69.0,7.0,30.0,14.12,17.79,9.54,7.33,13.79,10.04,7.21,11.29,9.08,10.83,21.67,0.0
532,76.0,1.0,12.0,12.58,12.12,11.67,6.92,14.25,8.29,16.42,10.88,14.33,10.88,17.41,0.0
533,73.0,5.0,6.0,13.04,10.67,12.08,6.38,11.71,9.29,9.0,9.54,12.25,10.37,15.46,1.0
534,73.0,2.0,15.0,19.67,21.29,12.92,8.42,15.0,8.67,7.92,9.71,9.96,5.41,18.54,1.0
535,61.0,1.0,7.0,13.5,14.29,9.5,4.96,12.29,8.33,9.17,9.29,7.58,7.96,13.96,1.0
536,76.0,10.0,13.0,7.92,7.29,5.88,2.5,7.79,4.63,2.25,4.5,5.21,3.13,8.79,1.0
537,74.0,11.0,21.0,8.79,7.92,19.55,5.21,6.87,3.63,9.25,8.12,7.29,3.0,4.38,1.0
538,76.0,11.0,27.0,20.46,19.38,16.0,10.58,16.08,14.09,15.5,13.67,13.92,15.71,25.75,0.0
539,62.0,8.0,4.0,9.83,7.58,9.17,5.75,10.29,7.0,14.25,11.08,9.54,11.25,15.09,0.0
540,64.0,7.0,4.0,8.21,10.08,7.62,6.71,8.04,4.17,5.21,7.0,7.33,8.29,9.46,1.0
541,76.0,11.0,2.0,12.71,15.04,8.83,4.79,11.34,8.83,11.79,7.75,9.71,9.59,18.88,0.0
542,75.0,11.0,20.0,11.04,5.13,7.79,3.37,5.71,2.46,7.08,2.67,4.21,3.88,3.67,1.0
543,70.0,6.0,16.0,7.46,5.41,18.46,6.75,9.29,6.42,9.25,6.42,8.08,4.5,11.67,1.0
544,66.0,6.0,19.0,8.63,8.04,8.87,5.04,6.5,5.66,6.34,3.88,4.75,7.41,8.42,1.0
545,73.0,7.0,2.0,8.0,12.17,7.75,5.37,9.83,7.33,6.0,7.79,6.92,6.08,15.5,1.0
546,78.0,9.0,14.0,11.38,11.54,10.83,7.0,16.38,12.04,13.67,13.79,12.87,11.75,20.25,0.0
547,76.0,1.0,8.0,15.59,16.96,15.41,7.87,11.08,9.5,14.37,5.5,11.34,5.25,4.21,1.0
548,64.0,5.0,30.0,9.33,6.92,9.71,2.71,7.41,3.13,3.08,3.71,4.38,5.0,7.92,1.0
549,77.0,2.0,6.0,19.38,17.79,15.96,6.04,10.75,9.71,7.58,5.79,7.25,5.71,8.25,1.0
550,67.0,4.0,5.0,20.5,12.54,13.62,13.67,15.83,11.46,19.67,13.08,15.92,18.25,16.79,0.0
551,64.0,12.0,13.0,17.54,14.88,13.79,9.67,15.54,10.41,15.71,10.25,12.12,11.79,18.38,0.0
552,78.0,12.0,6.0,29.33,23.87,25.37,16.04,24.46,19.5,24.54,18.58,21.0,20.58,21.67,0.0
553,66.0,5.0,20.0,8.71,11.79,10.96,6.67,9.13,7.29,9.25,6.46,7.33,8.29,13.83,0.0
554,69.0,12.0,1.0,9.62,7.87,7.04,4.42,8.67,5.83,8.96,6.58,8.92,6.71,13.42,0.0
555,69.0,6.0,28.0,4.96,5.5,7.0,3.67,5.5,3.63,5.37,6.17,4.21,4.0,14.33,1.0
556,70.0,5.0,9.0,7.96,7.12,17.12,5.88,9.42,9.71,12.5,10.08,11.12,10.83,9.33,0.0
557,62.0,6.0,9.0,6.87,5.5,6.54,3.79,4.5,4.04,8.29,4.29,5.37,6.0,9.04,1.0
558,70.0,8.0,1.0,3.92,8.92,7.5,3.88,4.42,3.88,2.58,5.09,3.37,3.75,13.96,1.0
559,78.0,6.0,11.0,8.71,5.58,8.96,3.88,6.21,5.5,8.04,4.25,7.5,8.46,8.63,0.0
560,71.0,1.0,12.0,6.63,6.34,4.38,1.08,5.17,2.13,3.88,4.33,4.08,4.92,12.17,1.0
561,72.0,10.0,10.0,13.75,13.33,10.83,5.46,7.92,4.38,9.38,10.17,7.75,7.33,18.71,0.0
562,67.0,7.0,6.0,10.71,12.87,11.67,6.96,10.5,8.08,8.46,11.34,7.79,8.92,15.59,0.0
563,69.0,2.0,13.0,13.08,5.0,15.83,6.5,8.29,2.25,8.08,5.46,7.29,5.75,7.04,1.0
564,62.0,6.0,4.0,8.79,11.67,4.04,5.46,10.92,6.0,3.33,8.92,4.5,7.21,7.04,1.0
565,73.0,9.0,12.0,11.71,11.5,10.41,4.12,9.33,4.96,4.04,7.17,5.88,4.42,8.5,1.0
566,73.0,1.0,1.0,16.5,15.92,14.62,7.41,8.29,11.21,13.54,7.79,10.46,10.79,13.37,1.0
567,66.0,5.0,28.0,13.46,13.92,12.08,4.67,8.54,7.54,6.54,6.71,7.87,7.29,9.33,1.0
568,73.0,1.0,22.0,10.96,12.58,11.71,2.75,9.0,7.25,11.29,7.71,7.54,5.75,13.42,0.0
569,75.0,7.0,17.0,8.67,6.5,2.92,2.13,6.67,2.92,2.79,4.17,2.71,2.04,5.33,1.0
570,76.0,6.0,4.0,8.04,10.21,10.29,3.42,4.12,4.0,5.75,8.0,6.79,5.63,14.88,1.0
571,63.0,3.0,13.0,20.79,18.0,16.29,11.12,15.63,12.29,11.46,13.5,10.75,12.29,15.37,0.0
572,63.0,3.0,7.0,20.58,18.54,19.83,15.29,18.08,13.92,17.88,16.62,15.59,18.84,17.46,0.0
573,72.0,12.0,15.0,17.5,23.42,16.66,11.38,15.71,13.46,14.54,14.37,12.75,11.12,19.46,0.0
574,76.0,11.0,5.0,17.37,15.5,11.38,5.96,13.25,9.17,9.62,8.71,11.54,12.92,18.58,0.0
575,72.0,12.0,20.0,8.46,12.08,8.42,5.17,7.46,7.17,2.13,9.59,6.54,5.37,20.54,0.0
576,75.0,6.0,9.0,3.96,3.67,7.0,1.79,6.08,2.46,4.58,4.0,5.75,4.67,6.29,1.0
577,65.0,4.0,30.0,12.5,10.67,9.79,7.33,14.09,11.29,10.25,12.08,6.83,10.08,14.67,1.0
578,61.0,5.0,14.0,9.25,6.54,7.04,6.0,11.46,8.12,10.04,9.96,10.04,9.75,11.12,1.0
579,74.0,11.0,12.0,13.54,13.54,9.67,4.21,11.08,5.41,11.75,7.83,8.79,6.83,10.79,0.0
580,74.0,6.0,4.0,6.46,8.46,6.34,4.12,8.04,2.92,5.63,8.54,6.08,5.33,14.79,1.0
581,70.0,6.0,14.0,6.54,2.96,16.58,5.63,5.66,6.5,5.21,4.12,6.42,2.5,12.33,1.0
582,72.0,4.0,18.0,9.21,2.17,5.37,3.5,4.5,1.75,7.75,3.29,5.33,6.83,4.79,1.0
583,62.0,10.0,28.0,19.95,14.17,14.09,12.62,14.09,10.75,15.92,13.54,14.37,16.04,19.17,0.0
584,73.0,5.0,31.0,18.25,14.29,11.25,7.92,12.46,7.17,8.0,7.71,9.29,9.42,11.92,0.0
585,68.0,12.0,28.0,16.96,7.75,18.0,7.79,9.17,5.88,10.46,4.25,9.25,9.08,18.58,0.0
586,68.0,8.0,2.0,3.88,2.37,6.04,2.46,3.75,1.38,2.58,2.21,1.75,1.58,9.13,1.0
587,74.0,5.0,8.0,21.75,15.0,18.63,10.13,15.29,9.96,13.0,14.17,13.75,15.67,16.17,0.0
588,67.0,10.0,16.0,10.54,15.29,10.13,4.71,12.87,7.08,9.42,6.83,6.71,6.08,6.96,1.0
589,66.0,9.0,7.0,5.63,4.42,2.29,1.96,6.42,3.71,6.75,4.17,4.92,6.75,9.59,0.0
590,67.0,6.0,27.0,9.46,5.5,6.92,3.58,9.0,3.29,5.37,7.54,5.37,5.63,12.33,1.0
591,71.0,4.0,26.0,9.75,6.79,16.46,5.96,9.17,7.38,11.21,10.37,9.21,7.79,13.88,1.0
592,75.0,7.0,16.0,1.71,3.63,7.29,3.17,4.46,2.71,7.58,5.37,5.63,4.5,8.25,1.0
593,77.0,6.0,4.0,16.71,7.21,10.58,6.21,11.34,9.5,12.83,9.62,10.5,9.92,13.54,1.0
594,72.0,8.0,7.0,13.88,10.71,14.12,7.08,10.13,8.21,12.62,8.92,10.17,8.04,11.5,1.0
595,71.0,2.0,14.0,19.17,18.08,16.25,9.83,16.71,11.58,18.5,13.37,14.5,16.33,21.62,0.0
596,72.0,9.0,24.0,12.75,12.62,13.33,4.46,8.08,4.88,10.29,8.79,8.04,4.42,7.38,1.0
597,62.0,9.0,5.0,5.41,5.25,7.96,3.58,4.92,3.58,7.5,2.25,3.33,5.13,5.25,1.0
598,65.0,1.0,12.0,15.29,18.88,12.79,10.34,17.62,12.75,17.21,13.75,12.5,15.83,23.87,0.0
599,71.0,6.0,10.0,9.38,13.37,22.75,7.08,10.83,5.88,8.29,8.96,7.12,6.29,14.04,1.0
600,61.0,3.0,24.0,6.29,7.46,6.75,4.54,8.25,6.25,8.46,10.34,10.0,10.29,14.42,1.0
601,75.0,11.0,6.0,8.75,4.67,6.87,1.25,5.29,1.96,8.58,2.54,4.88,4.38,6.83,0.0
602,73.0,12.0,21.0,14.42,14.46,8.42,3.58,8.79,2.21,4.88,2.42,5.04,3.75,7.25,1.0
603,67.0,2.0,1.0,13.59,13.54,12.58,7.62,12.17,9.5,14.67,10.96,11.54,13.88,17.5,0.0
604,62.0,11.0,20.0,10.79,12.71,13.67,6.25,8.46,9.13,10.54,9.13,8.63,8.0,9.83,1.0
605,75.0,1.0,19.0,22.37,22.08,17.67,9.21,16.33,11.0,12.12,16.62,13.88,12.92,23.63,0.0
606,78.0,7.0,16.0,4.71,2.21,6.0,3.04,4.12,2.54,2.33,2.58,3.33,2.79,6.25,1.0
607,69.0,1.0,1.0,6.13,1.63,5.41,1.08,2.54,1.0,8.5,2.42,4.58,6.34,9.17,0.0
608,65.0,6.0,28.0,5.79,3.25,6.42,3.13,8.96,6.42,11.63,8.75,7.75,9.83,12.38,0.0
609,68.0,4.0,30.0,12.83,8.04,7.75,6.42,10.04,4.75,6.21,8.75,3.83,7.21,11.92,1.0
610,74.0,2.0,20.0,6.38,4.17,8.12,2.0,6.58,4.63,10.88,9.21,8.38,7.12,10.75,0.0
611,64.0,2.0,1.0,13.25,13.83,12.0,8.79,13.42,12.5,17.67,14.5,11.96,15.87,15.75,0.0
612,68.0,10.0,7.0,4.0,3.46,2.37,0.71,3.96,0.63,1.75,1.54,0.71,1.33,4.08,1.0
613,75.0,9.0,3.0,9.08,5.54,7.71,3.88,4.96,2.33,6.54,2.62,6.71,5.5,8.54,1.0
614,63.0,2.0,1.0,15.41,7.62,24.67,11.42,9.21,8.17,14.04,7.54,7.54,10.08,10.17,0.0
615,78.0,5.0,11.0,11.5,7.33,8.67,6.67,10.88,6.92,10.88,9.54,9.87,9.17,14.46,1.0
616,73.0,11.0,8.0,17.12,15.75,17.33,6.13,17.71,13.62,16.66,19.04,17.29,20.04,24.25,0.0
617,75.0,9.0,16.0,5.63,3.88,7.83,1.38,3.96,4.21,4.92,5.0,7.46,3.92,9.83,1.0
618,73.0,9.0,25.0,8.87,10.37,9.0,2.79,7.0,2.67,5.66,5.79,4.04,4.42,13.62,1.0
619,71.0,11.0,18.0,16.92,11.17,15.96,9.87,14.0,9.62,11.63,7.21,9.59,8.83,13.42,0.0
620,66.0,5.0,2.0,7.12,5.91,7.25,2.08,5.71,1.5,1.96,3.46,1.75,4.0,9.62,1.0
621,61.0,11.0,2.0,15.79,13.46,10.13,11.79,17.25,12.21,15.83,14.0,15.09,15.79,19.79,0.0
622,75.0,6.0,6.0,11.12,18.38,12.12,9.25,16.54,10.67,7.46,11.67,14.54,13.04,18.75,0.0
623,66.0,6.0,27.0,20.5,14.25,15.21,10.63,16.92,11.87,17.0,11.25,13.59,15.67,16.66,0.0
624,61.0,10.0,25.0,21.34,17.0,22.88,13.62,18.21,13.21,18.34,12.12,15.37,17.46,17.12,0.0
625,66.0,10.0,30.0,6.71,3.79,7.46,1.67,4.5,1.0,5.46,1.5,2.62,3.79,8.42,1.0
626,62.0,12.0,5.0,15.46,16.42,13.0,7.71,10.83,9.96,8.96,7.0,7.83,8.29,18.41,0.0
627,68.0,2.0,25.0,14.17,9.71,16.38,5.0,8.17,3.79,9.87,5.66,6.63,6.0,8.21,1.0
628,67.0,2.0,27.0,28.91,25.17,23.91,18.21,24.83,18.29,22.08,19.62,18.29,22.75,31.13,0.0
629,63.0,12.0,16.0,9.42,9.83,10.37,3.25,6.0,4.88,4.92,4.5,2.29,3.79,6.0,1.0
630,73.0,3.0,24.0,22.58,20.91,18.58,12.5,17.5,14.12,16.38,15.59,16.04,16.83,24.75,0.0
631,75.0,5.0,13.0,6.79,6.13,5.91,1.67,5.09,1.63,2.13,2.92,3.92,3.83,8.0,1.0
632,75.0,9.0,26.0,11.5,6.71,8.75,3.88,5.25,3.58,8.12,4.17,7.04,4.5,7.25,1.0
633,66.0,5.0,13.0,15.71,16.83,16.08,8.54,16.46,9.46,11.54,14.33,9.87,14.67,24.71,0.0
634,64.0,10.0,10.0,13.59,9.62,12.12,8.5,8.79,7.62,15.37,3.63,10.83,13.54,9.08,1.0
635,64.0,12.0,3.0,19.5,13.33,13.7,11.42,14.83,11.58,15.79,11.58,13.04,14.09,16.75,0.0
636,74.0,5.0,24.0,14.75,15.83,26.2,10.17,11.75,7.54,11.38,13.7,8.83,10.46,19.5,0.0
637,64.0,5.0,23.0,10.67,10.92,17.75,8.17,10.29,7.5,10.92,10.63,8.12,9.67,12.79,1.0
638,67.0,3.0,19.0,17.83,7.83,13.0,11.34,12.33,9.33,19.95,11.71,14.96,16.13,16.21,0.0
639,74.0,2.0,6.0,24.08,21.75,13.13,9.59,14.96,8.0,12.21,8.87,10.34,9.33,16.96,0.0
640,64.0,6.0,14.0,15.21,13.92,12.54,8.92,17.88,9.92,13.25,13.21,11.58,12.96,19.08,0.0
641,72.0,3.0,29.0,11.54,10.04,11.0,4.92,9.46,6.34,9.54,7.17,9.0,7.12,11.71,1.0
642,65.0,9.0,29.0,13.29,7.83,10.5,9.13,10.67,6.63,11.63,12.29,9.46,13.75,15.09,0.0
643,77.0,2.0,19.0,14.42,11.92,10.79,7.12,10.63,10.0,13.04,9.71,11.25,9.83,11.79,1.0
644,62.0,3.0,27.0,6.92,3.83,5.91,5.88,6.58,4.96,9.92,5.75,6.29,10.54,9.04,1.0
645,66.0,11.0,15.0,25.62,21.67,17.46,18.12,27.58,18.12,23.09,21.29,20.33,22.88,31.96,0.0
646,66.0,7.0,28.0,14.0,10.79,10.13,7.79,16.04,10.25,11.21,12.75,10.92,11.71,14.33,0.0
647,74.0,3.0,7.0,15.75,19.79,13.08,9.75,15.87,11.63,9.17,15.34,14.09,13.62,20.33,0.0
648,73.0,9.0,29.0,22.88,20.04,16.71,12.79,16.33,9.79,13.5,13.46,12.62,12.17,19.55,0.0
649,71.0,10.0,6.0,12.75,10.83,10.92,7.0,11.63,10.17,10.79,10.58,10.71,12.87,22.17,0.0
650,64.0,9.0,18.0,9.29,9.96,9.62,5.66,11.67,7.75,10.75,7.46,7.62,7.87,14.75,0.0
651,71.0,6.0,15.0,15.0,9.59,11.34,6.46,12.5,6.58,8.04,7.29,9.96,6.75,11.08,1.0
652,75.0,9.0,11.0,15.83,16.92,12.46,5.63,14.62,8.12,8.79,6.75,9.29,3.33,12.29,1.0
653,66.0,4.0,20.0,12.87,11.38,11.71,9.0,11.75,8.29,11.96,7.62,9.17,10.34,12.08,1.0
654,68.0,8.0,16.0,6.5,6.42,6.21,3.21,6.96,2.33,4.88,3.67,2.62,1.92,6.13,1.0
655,73.0,7.0,26.0,9.0,6.25,6.5,4.04,6.83,4.21,6.29,4.21,6.54,7.25,6.21,1.0
656,61.0,5.0,7.0,18.16,17.71,14.88,14.46,23.16,15.46,18.21,18.05,17.04,15.96,26.63,0.0
657,76.0,9.0,27.0,11.25,9.5,11.17,4.71,9.38,6.83,7.04,9.08,9.59,4.67,10.88,0.0
658,75.0,1.0,27.0,18.66,19.46,11.21,6.46,12.5,5.29,6.67,7.62,7.41,5.66,13.59,0.0
659,69.0,10.0,17.0,12.38,16.29,15.46,10.67,17.04,9.59,14.37,13.5,14.17,10.79,21.87,0.0
660,76.0,8.0,6.0,6.04,3.88,5.41,2.21,3.92,2.92,3.46,2.0,4.38,2.29,8.42,1.0
661,71.0,8.0,12.0,11.08,7.0,9.04,3.37,9.59,3.92,6.29,7.21,7.29,5.21,7.33,1.0
662,63.0,2.0,18.0,21.12,17.54,17.08,8.75,17.67,10.67,10.34,11.58,7.92,8.0,13.92,1.0
663,72.0,7.0,6.0,9.17,11.5,8.29,2.83,10.13,5.33,5.0,8.08,5.91,5.17,12.96,1.0
664,63.0,10.0,11.0,10.29,12.83,12.5,4.83,8.12,6.34,9.83,13.42,7.25,13.04,18.66,0.0
665,61.0,2.0,14.0,17.08,11.63,17.25,12.12,13.75,13.46,15.46,12.29,14.88,15.67,14.09,1.0
666,68.0,2.0,6.0,11.21,6.71,7.79,4.67,6.71,2.37,8.71,5.29,5.83,4.79,6.92,0.0
667,73.0,12.0,22.0,6.71,4.71,6.87,1.25,4.42,1.79,3.21,4.79,5.46,6.21,7.21,1.0
668,67.0,5.0,31.0,7.12,8.58,5.91,2.62,6.34,1.87,4.79,5.41,1.92,3.08,10.17,1.0
669,70.0,2.0,23.0,10.13,9.42,9.38,5.54,10.58,8.87,15.29,10.71,13.08,11.75,17.54,0.0
670,73.0,2.0,26.0,11.42,8.21,6.79,0.63,8.46,0.33,3.17,0.96,1.75,1.79,3.33,1.0
671,61.0,2.0,7.0,18.05,14.37,14.88,9.75,10.96,11.17,14.21,9.71,13.04,12.25,15.21,0.0
672,65.0,8.0,21.0,20.58,15.75,12.67,9.25,18.75,10.21,14.88,12.38,11.12,12.79,17.0,0.0
673,62.0,7.0,30.0,14.17,9.0,11.25,8.21,14.12,9.71,12.17,12.04,10.04,11.5,14.58,0.0
674,70.0,7.0,30.0,13.67,15.96,13.96,6.67,13.88,10.67,12.17,13.67,12.21,13.04,20.58,0.0
675,65.0,1.0,5.0,8.63,12.67,6.34,0.46,9.42,5.96,7.62,6.79,5.13,6.54,17.62,0.0
676,63.0,5.0,9.0,19.79,19.29,16.33,12.58,17.92,13.13,13.88,12.79,12.92,12.62,15.16,1.0
677,61.0,12.0,5.0,17.67,14.09,14.92,12.92,13.33,11.83,17.83,11.92,15.12,15.41,19.21,0.0
678,65.0,5.0,12.0,12.46,21.54,11.12,8.71,13.7,11.17,8.46,11.12,8.58,10.54,12.62,1.0
679,70.0,3.0,6.0,11.96,6.83,7.54,3.5,7.87,4.83,8.5,5.21,7.21,5.04,10.54,1.0
680,61.0,5.0,29.0,12.04,6.67,15.96,9.87,8.04,8.46,11.71,9.21,11.17,12.04,11.54,0.0
681,61.0,11.0,25.0,5.75,7.12,5.04,5.0,9.04,6.25,11.83,6.38,6.79,10.04,12.71,0.0
682,61.0,11.0,8.0,5.46,5.5,5.29,2.71,7.33,4.33,6.58,2.71,5.33,5.5,7.67,1.0
683,64.0,8.0,30.0,7.41,5.0,6.92,2.08,4.54,1.71,4.38,2.46,1.58,2.83,3.5,1.0
684,72.0,1.0,19.0,10.34,10.88,6.96,4.46,10.04,5.46,11.25,3.96,9.0,7.33,12.21,0.0
685,74.0,8.0,4.0,5.54,4.96,14.83,3.37,4.17,1.79,3.79,1.79,3.67,1.75,4.29,1.0
686,70.0,2.0,17.0,20.91,15.29,14.0,10.54,13.83,9.46,15.79,10.71,15.87,10.58,19.08,0.0
687,68.0,12.0,2.0,12.0,9.96,14.25,8.75,9.67,7.67,10.04,9.04,10.92,12.0,9.87,0.0
688,71.0,12.0,12.0,16.33,12.75,13.67,6.13,10.25,9.42,10.88,10.34,9.29,12.25,21.75,0.0
689,62.0,1.0,27.0,4.46,7.96,8.12,1.83,5.46,2.71,5.17,3.83,5.33,4.25,5.13,1.0
690,76.0,11.0,28.0,16.38,19.29,15.16,8.71,18.16,13.33,21.84,12.83,13.92,15.0,28.79,0.0
691,66.0,11.0,29.0,16.58,14.12,14.09,7.92,14.33,11.08,19.38,11.04,13.13,14.21,22.04,0.0
692,68.0,10.0,11.0,24.83,22.83,21.17,14.0,21.42,13.67,14.42,20.91,15.21,19.17,33.21,0.0
693,74.0,1.0,28.0,19.92,17.5,18.58,12.58,18.91,12.58,20.41,15.54,19.04,23.75,25.96,0.0
694,61.0,11.0,12.0,14.83,9.87,18.05,8.58,8.12,3.54,13.04,5.46,7.12,8.12,11.0,1.0
695,73.0,3.0,11.0,11.17,11.58,7.75,1.92,7.17,2.67,3.04,6.38,5.04,3.04,3.79,1.0
696,70.0,2.0,3.0,10.92,11.54,10.46,5.46,10.63,8.71,14.29,10.63,11.63,11.38,19.08,0.0
697,61.0,2.0,23.0,22.08,17.46,18.88,12.42,20.5,16.13,16.38,16.92,13.21,18.0,23.21,0.0
698,75.0,6.0,17.0,10.75,8.79,11.12,3.75,7.33,3.96,4.42,8.21,7.38,5.58,11.71,1.0
699,68.0,6.0,6.0,10.0,10.79,8.0,7.5,13.29,7.92,11.08,10.0,9.5,7.25,16.17,0.0
700,67.0,7.0,3.0,12.62,10.34,9.62,9.46,16.04,10.88,13.29,13.08,12.71,10.92,15.92,0.0
701,68.0,9.0,8.0,8.5,5.25,11.96,8.08,6.87,6.58,10.13,5.88,8.58,8.0,10.17,0.0
702,77.0,12.0,3.0,26.2,24.87,24.17,11.25,22.71,20.21,24.08,18.96,17.88,18.38,19.55,0.0
703,62.0,10.0,6.0,9.59,11.08,8.25,4.88,10.08,6.87,6.25,9.54,5.46,8.96,17.46,1.0
704,78.0,9.0,12.0,8.67,10.13,11.0,4.71,7.71,10.08,9.08,10.92,9.04,7.41,16.17,0.0
705,78.0,7.0,14.0,6.25,2.62,8.0,3.13,4.96,3.46,3.17,4.58,4.12,4.17,11.63,1.0
706,63.0,6.0,18.0,20.75,14.46,15.34,12.96,20.83,15.29,17.83,17.54,17.5,16.92,21.17,0.0
707,74.0,12.0,10.0,18.25,22.54,14.25,11.29,21.04,10.41,20.21,15.5,15.67,12.21,21.21,0.0
708,70.0,6.0,22.0,14.71,11.46,12.12,5.96,11.67,7.08,8.92,8.67,6.42,7.38,13.33,1.0
709,69.0,10.0,24.0,10.34,12.96,9.33,6.29,15.37,8.21,13.42,12.38,12.42,10.71,20.41,0.0
710,61.0,6.0,6.0,8.33,8.54,6.13,3.21,8.58,5.17,4.21,7.96,6.92,6.71,11.42,1.0
711,63.0,6.0,11.0,4.12,3.75,7.87,1.21,5.09,2.92,2.92,4.04,4.25,5.09,6.83,1.0
712,78.0,9.0,21.0,4.46,11.38,9.59,2.67,5.17,4.83,5.5,8.87,6.13,6.34,18.38,1.0
713,68.0,7.0,3.0,11.0,9.08,10.92,7.92,15.5,10.46,15.67,10.96,14.25,11.96,16.42,0.0
714,64.0,11.0,16.0,13.04,11.75,11.71,11.34,14.33,10.41,17.33,9.5,13.46,12.79,15.16,0.0
715,63.0,12.0,1.0,24.79,16.46,18.75,11.17,21.71,12.83,13.79,18.25,12.08,13.79,19.79,1.0
716,64.0,5.0,19.0,8.96,9.71,9.33,4.96,11.04,7.46,7.33,8.79,6.46,7.17,13.46,1.0
717,61.0,10.0,20.0,12.67,3.75,10.37,9.42,7.75,7.21,12.08,6.87,9.83,13.0,11.71,0.0
718,66.0,1.0,15.0,11.92,8.87,15.21,5.91,7.08,2.21,6.29,3.08,4.08,4.38,4.42,1.0
719,76.0,5.0,21.0,15.37,15.16,12.17,5.88,10.37,7.62,9.83,9.13,11.21,11.21,18.41,0.0
720,74.0,8.0,27.0,12.0,12.17,8.63,3.92,9.75,6.17,8.5,9.62,7.46,7.21,16.96,1.0
721,67.0,9.0,26.0,21.04,15.92,14.88,9.87,15.25,10.21,9.54,14.62,10.25,9.79,20.71,0.0
722,61.0,10.0,11.0,11.96,10.13,10.13,7.79,13.54,9.13,12.71,8.79,10.0,12.0,18.91,0.0
723,69.0,4.0,1.0,12.79,9.79,11.34,7.08,9.08,4.33,9.42,7.46,8.04,10.75,8.67,0.0
724,66.0,1.0,24.0,7.96,7.67,7.71,5.33,9.0,7.17,8.08,11.04,8.83,8.21,10.79,1.0
725,63.0,4.0,6.0,13.5,11.42,25.25,12.83,15.92,16.0,20.5,19.95,17.62,18.25,21.75,0.0
726,74.0,7.0,22.0,15.54,10.41,14.33,9.13,14.88,10.41,17.29,12.12,12.17,11.38,18.46,0.0
727,76.0,3.0,15.0,3.71,8.5,3.17,0.67,4.0,1.33,9.59,6.04,7.87,7.29,10.21,0.0
728,70.0,5.0,26.0,6.92,6.92,6.63,5.25,10.54,7.71,13.37,8.12,11.17,6.96,14.17,0.0
729,78.0,1.0,11.0,25.96,23.0,23.5,13.37,17.16,13.75,19.41,13.42,14.33,15.12,23.63,0.0
730,76.0,1.0,6.0,11.17,12.08,13.37,3.33,9.92,7.5,14.83,13.33,13.13,10.96,18.71,0.0
731,62.0,4.0,11.0,8.79,5.58,9.67,7.41,11.21,9.42,14.12,8.75,10.34,12.96,10.17,0.0
732,76.0,4.0,30.0,9.29,5.17,5.04,1.0,3.08,0.58,5.54,3.25,4.46,3.17,13.33,1.0
733,76.0,1.0,25.0,16.96,10.34,17.46,5.83,7.71,5.13,10.21,3.0,9.5,7.75,14.0,0.0
734,74.0,9.0,26.0,8.5,7.21,7.33,2.37,4.29,2.88,8.04,2.88,5.17,3.88,6.42,1.0
735,69.0,1.0,25.0,19.08,20.25,14.83,9.75,15.04,11.25,14.09,15.67,12.29,17.71,21.34,0.0
736,72.0,10.0,22.0,11.46,12.58,10.67,8.04,11.25,9.92,20.62,15.63,15.12,14.25,20.25,0.0
737,67.0,9.0,9.0,4.67,11.75,7.0,2.54,3.58,3.79,5.79,6.21,3.33,4.17,16.13,1.0
738,62.0,11.0,24.0,20.5,15.21,15.04,11.79,15.5,11.67,11.17,11.96,9.96,11.75,16.58,0.0
739,65.0,3.0,31.0,18.38,21.71,11.08,9.54,20.54,14.21,10.67,15.75,10.34,13.7,17.33,1.0
740,63.0,10.0,8.0,17.29,13.13,13.42,9.96,14.5,11.21,14.33,15.96,12.25,13.59,20.41,0.0
741,78.0,4.0,30.0,14.09,13.75,21.54,7.46,13.04,11.83,17.16,12.83,13.7,13.79,14.58,0.0
742,76.0,4.0,27.0,12.21,6.34,14.79,5.88,7.04,5.21,9.59,5.04,7.33,4.75,7.29,1.0
743,68.0,1.0,7.0,8.67,7.79,9.54,3.96,8.08,2.33,7.12,3.88,3.75,2.58,5.96,1.0
744,78.0,3.0,20.0,19.25,17.41,13.29,11.04,18.54,11.29,13.13,13.59,12.38,7.83,18.21,0.0
745,69.0,12.0,29.0,18.66,15.96,19.38,6.38,13.54,10.08,14.29,11.46,10.58,9.59,13.75,0.0
746,77.0,2.0,27.0,25.41,24.79,22.58,11.5,20.41,17.79,17.92,16.62,14.67,12.0,15.79,0.0
747,76.0,3.0,24.0,11.83,12.96,13.13,6.46,11.92,6.46,12.96,10.79,12.87,12.0,15.41,0.0
748,71.0,8.0,7.0,8.33,6.21,9.46,3.67,8.25,4.12,7.67,4.79,6.13,4.21,9.59,1.0
749,66.0,1.0,10.0,17.62,3.33,26.67,14.54,18.21,17.04,19.21,20.75,15.5,18.25,21.37,0.0
750,63.0,8.0,24.0,16.21,12.75,12.79,8.83,14.83,10.96,13.59,11.08,12.29,9.92,12.5,1.0
751,68.0,11.0,5.0,21.34,21.54,19.55,11.0,17.83,12.83,15.12,12.96,10.79,14.62,18.71,0.0
752,69.0,9.0,7.0,1.5,1.25,5.63,1.08,3.21,1.33,2.42,3.33,1.33,1.96,11.79,1.0
753,72.0,12.0,23.0,13.0,10.71,10.29,3.04,6.87,4.88,8.96,5.58,8.17,6.87,13.88,0.0
754,65.0,7.0,29.0,15.67,10.92,13.46,12.0,19.08,12.75,18.71,14.29,15.04,14.0,16.71,0.0
755,65.0,11.0,7.0,18.63,15.34,13.59,8.67,15.96,10.54,11.58,14.37,11.38,13.0,16.71,0.0
756,61.0,3.0,12.0,14.88,13.88,16.38,10.25,14.92,13.67,17.12,13.7,16.29,15.79,20.5,0.0
757,62.0,10.0,11.0,14.96,9.17,8.0,2.04,7.12,2.75,7.79,7.38,8.42,7.62,7.83,1.0
758,67.0,6.0,26.0,14.83,6.92,14.96,5.83,11.63,3.46,3.54,9.04,4.33,3.88,8.87,1.0
759,61.0,12.0,9.0,10.83,10.96,9.71,3.83,9.21,7.12,10.04,6.96,7.08,9.67,11.08,1.0
760,68.0,9.0,30.0,14.54,14.83,12.42,9.75,19.55,10.46,12.83,11.46,12.38,10.41,15.75,0.0
761,70.0,4.0,13.0,7.92,6.17,9.25,4.25,6.25,4.5,4.96,4.79,4.38,4.42,7.62,1.0
762,65.0,5.0,16.0,9.38,6.42,11.71,5.5,8.54,5.25,5.88,7.38,4.42,6.34,11.46,1.0
763,66.0,2.0,6.0,11.42,9.42,10.21,3.83,9.21,6.0,10.63,8.92,6.96,10.79,14.5,1.0
764,66.0,11.0,24.0,8.75,6.54,7.33,2.67,6.96,1.46,7.96,3.33,5.13,6.08,12.04,1.0
765,76.0,1.0,11.0,14.12,11.67,11.25,9.54,16.62,10.92,19.12,18.46,16.38,14.62,19.0,0.0
766,69.0,6.0,7.0,2.17,3.79,2.75,2.42,3.67,3.33,4.42,3.5,1.17,2.17,9.62,1.0
767,75.0,10.0,27.0,12.21,18.79,10.25,7.25,14.29,8.42,2.29,9.87,12.83,8.04,13.92,0.0
768,67.0,12.0,24.0,19.25,16.96,11.46,10.83,17.83,8.75,14.17,12.04,12.17,10.46,17.33,0.0
769,76.0,9.0,21.0,6.25,6.38,6.67,1.83,4.17,3.79,3.21,2.17,4.63,3.46,8.71,1.0
770,78.0,5.0,1.0,10.54,12.21,9.08,5.29,11.0,10.08,11.17,13.75,11.87,11.79,12.87,0.0
771,63.0,8.0,5.0,18.08,12.21,11.08,8.54,11.12,8.58,10.5,9.75,9.92,12.12,10.34,0.0
772,72.0,4.0,28.0,14.79,10.92,12.92,6.75,12.33,8.29,13.0,11.96,11.38,12.46,19.08,0.0
773,67.0,1.0,15.0,18.84,16.58,11.63,10.75,14.62,9.0,3.92,11.5,8.63,11.67,22.63,0.0
774,70.0,12.0,31.0,8.38,0.37,9.59,2.62,1.75,0.08,4.83,2.13,2.54,1.17,3.67,1.0
775,67.0,4.0,20.0,19.92,16.08,12.17,13.54,20.67,14.12,18.12,15.41,16.38,15.54,22.58,0.0
776,61.0,5.0,22.0,6.25,3.67,5.33,2.5,4.17,3.79,2.42,4.21,4.63,5.37,8.21,1.0
777,72.0,6.0,13.0,12.21,11.96,17.25,7.83,8.25,6.42,9.08,9.33,6.54,7.0,12.21,1.0
778,74.0,6.0,29.0,6.0,4.42,7.0,2.62,6.0,3.5,3.17,5.75,3.75,4.21,7.5,1.0
779,71.0,8.0,8.0,9.25,7.21,9.92,4.71,13.5,7.12,12.25,7.17,10.25,6.46,12.58,1.0
780,74.0,10.0,3.0,13.88,10.41,19.41,7.21,5.91,4.67,9.92,8.92,7.87,9.59,13.67,0.0
781,73.0,12.0,23.0,11.83,8.17,8.21,3.08,5.58,0.54,3.04,4.17,4.04,4.96,6.17,0.0
782,63.0,8.0,5.0,18.08,12.21,11.08,8.54,11.12,8.58,10.5,9.75,9.92,12.12,10.34,0.0
783,72.0,11.0,10.0,15.67,19.08,10.63,8.71,12.46,7.12,15.54,13.13,12.12,11.04,23.25,0.0
784,74.0,10.0,15.0,8.12,2.71,3.79,2.0,2.67,0.79,3.37,1.29,1.08,1.04,3.37,1.0
785,65.0,5.0,6.0,10.92,12.04,12.71,6.71,11.17,8.29,7.08,8.25,5.75,7.92,12.46,1.0
786,67.0,1.0,31.0,11.38,11.92,12.79,6.17,14.71,10.41,16.17,9.75,12.04,16.17,18.58,0.0
787,64.0,3.0,27.0,15.0,14.71,12.42,8.04,14.17,9.17,9.67,12.33,9.08,13.67,16.79,0.0
788,69.0,7.0,6.0,13.25,9.75,6.29,5.88,12.17,6.5,7.08,8.08,9.5,8.58,14.46,0.0
789,67.0,2.0,16.0,10.13,11.17,10.08,4.12,10.83,5.46,7.17,9.25,6.21,11.92,16.25,0.0
790,78.0,10.0,29.0,9.67,10.13,10.88,5.09,8.25,6.04,3.42,5.33,7.67,8.96,18.38,0.0
791,78.0,5.0,19.0,4.25,1.63,5.88,1.75,3.58,2.5,3.04,5.25,5.54,4.21,5.91,1.0
792,78.0,12.0,1.0,21.29,16.29,24.04,12.79,18.21,19.29,21.54,17.21,16.71,17.83,17.75,0.0
793,62.0,2.0,7.0,30.13,25.17,21.17,16.62,22.58,16.29,25.0,20.0,20.71,20.67,27.04,0.0
794,78.0,4.0,8.0,4.75,2.92,10.41,2.0,2.58,1.46,2.04,1.67,1.42,1.75,5.13,1.0
795,70.0,8.0,12.0,9.46,11.21,11.0,6.34,9.0,7.67,4.96,10.04,9.29,9.5,18.21,1.0
796,64.0,12.0,28.0,7.17,6.08,7.67,1.54,7.0,4.5,6.96,5.79,4.25,8.71,10.88,0.0
797,73.0,12.0,7.0,19.75,22.54,12.75,9.25,20.0,10.54,11.92,11.29,10.29,7.21,16.58,0.0
798,66.0,8.0,21.0,9.87,10.08,17.37,6.58,9.25,5.91,8.46,8.79,6.46,8.63,14.58,1.0
799,68.0,8.0,22.0,12.54,8.0,11.08,10.29,9.54,7.87,6.08,10.08,9.0,9.67,16.21,1.0
800,67.0,10.0,11.0,10.21,12.33,10.21,4.38,14.37,7.71,10.0,11.12,8.63,11.83,21.92,0.0
801,61.0,9.0,30.0,23.21,21.62,17.58,11.17,20.75,12.0,10.96,15.34,12.08,17.46,21.37,0.0
802,71.0,2.0,23.0,11.96,12.04,9.62,3.29,8.83,4.12,6.58,6.83,6.54,8.17,16.46,0.0
803,63.0,8.0,13.0,7.96,7.08,6.67,3.67,7.12,4.12,6.58,6.63,5.91,8.96,8.83,1.0
804,73.0,5.0,3.0,16.29,14.09,14.79,9.59,13.21,11.34,11.75,15.09,13.25,12.0,17.33,0.0
805,64.0,10.0,13.0,6.13,2.75,6.67,2.75,5.58,4.79,9.08,4.88,4.67,8.38,10.63,1.0
806,73.0,3.0,25.0,18.58,14.37,12.38,9.5,15.34,9.5,13.75,12.5,13.42,11.54,16.79,0.0
807,65.0,8.0,22.0,26.2,23.42,16.71,15.67,20.17,13.59,16.83,16.0,14.04,16.71,22.5,0.0
808,73.0,7.0,9.0,8.71,8.46,9.83,3.37,7.87,5.41,5.5,5.83,5.91,6.71,13.13,1.0
809,66.0,6.0,24.0,15.12,11.67,11.34,9.38,13.83,11.0,14.42,10.21,12.08,11.87,13.25,0.0
810,78.0,12.0,15.0,13.13,8.92,16.54,6.92,6.0,4.0,12.67,5.88,7.67,6.08,5.5,0.0
811,74.0,1.0,24.0,12.79,10.96,9.79,5.79,10.08,7.12,12.04,9.17,10.13,10.21,16.46,0.0
812,69.0,8.0,2.0,10.54,6.63,9.0,3.96,6.34,4.92,6.63,3.25,6.96,5.91,8.83,1.0
813,61.0,11.0,7.0,11.83,9.04,12.58,5.13,10.0,6.42,9.29,6.58,7.38,10.88,11.12,1.0
814,77.0,6.0,17.0,11.46,4.29,15.59,2.88,8.38,9.25,9.42,7.58,9.21,5.25,13.04,1.0
815,65.0,7.0,4.0,9.67,8.58,7.58,6.83,8.83,4.08,7.79,5.13,7.33,9.38,7.46,1.0
816,77.0,5.0,18.0,3.88,4.42,12.21,1.25,2.33,1.5,4.71,2.42,4.12,5.09,9.46,1.0
817,66.0,11.0,25.0,10.37,10.41,7.17,5.41,10.46,7.25,12.12,8.0,8.25,8.92,14.17,0.0
818,66.0,7.0,10.0,15.54,13.7,11.04,7.62,13.42,9.87,7.5,11.38,8.67,11.08,16.0,1.0
819,75.0,5.0,22.0,6.38,4.96,16.66,5.54,7.71,4.42,6.21,7.79,8.5,9.96,14.67,0.0
820,69.0,7.0,14.0,3.88,5.83,3.96,4.5,6.87,7.12,2.42,4.08,5.33,4.63,10.92,1.0
821,67.0,12.0,8.0,21.25,15.12,18.63,12.29,13.5,9.17,15.79,11.42,13.0,7.58,21.75,0.0
822,63.0,3.0,18.0,14.25,8.46,9.25,9.38,12.33,10.21,12.42,10.41,10.67,12.08,10.5,0.0
823,61.0,7.0,25.0,15.92,13.79,15.67,8.63,14.33,9.33,12.29,14.09,11.63,15.37,22.17,0.0
824,73.0,11.0,22.0,6.5,5.71,8.21,2.0,5.63,2.79,3.29,2.75,5.17,4.5,5.88,0.0
825,67.0,8.0,6.0,18.34,15.04,12.46,9.59,12.87,9.25,6.42,10.63,8.21,10.96,10.29,1.0
826,65.0,10.0,12.0,7.79,5.91,5.58,2.29,4.88,1.83,3.0,2.29,1.71,2.21,4.92,1.0
827,76.0,8.0,5.0,4.71,2.13,5.83,2.54,4.38,2.75,4.92,3.37,4.92,3.04,9.96,1.0
828,68.0,2.0,21.0,12.92,9.83,15.46,5.96,10.25,6.96,12.12,9.62,8.71,11.46,11.17,0.0
829,63.0,12.0,25.0,7.96,6.92,10.63,5.13,9.92,8.29,12.21,9.17,8.79,14.17,19.04,0.0
830,63.0,11.0,22.0,8.71,10.92,6.58,4.79,8.17,6.04,10.21,7.58,7.0,8.75,12.96,0.0
831,78.0,1.0,28.0,35.38,29.88,18.0,15.96,26.92,15.67,15.87,26.34,15.04,17.75,34.42,0.0
832,73.0,1.0,18.0,23.67,22.37,15.87,7.67,18.58,13.5,12.17,15.09,11.87,11.58,22.67,0.0
833,62.0,1.0,30.0,14.12,12.83,12.87,5.25,10.96,9.38,13.33,15.25,9.87,15.54,24.37,0.0
834,75.0,2.0,13.0,11.63,15.59,7.33,5.04,12.25,7.46,9.79,8.33,10.54,5.17,14.58,1.0
835,64.0,2.0,11.0,7.08,9.92,7.29,1.67,7.0,4.21,8.5,6.75,3.08,6.75,11.92,1.0
836,64.0,2.0,14.0,14.17,10.34,16.42,9.08,15.12,11.0,17.04,12.87,10.41,14.96,13.67,0.0
837,65.0,11.0,11.0,17.5,15.34,17.41,8.71,14.92,9.38,14.83,12.12,9.46,11.58,11.0,0.0
838,74.0,12.0,13.0,14.42,14.5,11.63,8.75,15.79,8.96,13.13,14.12,13.08,10.5,18.29,0.0
839,68.0,11.0,19.0,16.46,16.08,13.75,8.12,15.87,12.71,9.08,13.79,10.46,10.54,16.17,0.0
840,68.0,9.0,10.0,11.38,13.83,8.67,6.79,12.67,6.46,4.92,10.63,7.5,9.59,18.41,0.0
841,73.0,5.0,22.0,9.38,7.83,8.58,6.17,9.46,6.96,8.54,6.04,8.25,7.38,6.17,1.0
842,75.0,5.0,4.0,1.63,3.96,5.37,0.46,4.08,0.63,0.92,1.42,3.42,1.67,3.83,1.0
843,64.0,10.0,14.0,14.5,12.08,9.71,6.42,10.21,7.54,9.13,7.33,7.12,8.79,16.46,1.0
844,71.0,11.0,1.0,14.21,10.92,13.5,6.08,9.75,10.67,9.79,10.08,9.13,12.33,20.62,0.0
845,69.0,5.0,6.0,5.13,4.46,7.46,1.71,5.29,0.96,2.04,1.83,1.83,2.29,5.09,0.0
846,68.0,1.0,27.0,13.83,11.34,11.12,6.34,12.38,6.38,12.29,6.71,10.41,9.5,15.34,0.0
847,61.0,11.0,19.0,11.46,7.62,14.12,4.25,10.13,5.91,9.33,5.17,2.88,5.88,9.54,1.0
848,70.0,11.0,16.0,12.92,11.67,12.33,6.83,11.25,8.58,10.75,8.17,10.5,7.92,15.29,0.0
849,68.0,5.0,22.0,4.12,5.5,8.83,1.79,5.91,2.58,4.12,6.0,4.25,4.33,5.13,1.0
850,71.0,1.0,30.0,11.67,2.83,12.71,4.21,4.17,1.29,7.04,2.75,4.42,2.79,13.17,1.0
851,74.0,10.0,25.0,13.96,8.71,7.87,7.17,11.08,6.71,13.67,11.71,10.71,7.12,13.79,0.0
852,74.0,9.0,19.0,10.0,8.25,7.75,4.79,10.58,6.21,9.5,10.96,9.67,8.58,14.71,0.0
853,76.0,9.0,18.0,7.21,6.92,8.33,4.38,7.21,7.38,5.66,3.92,8.92,5.54,7.67,0.0
854,65.0,4.0,23.0,10.34,7.92,9.13,5.46,9.17,5.58,8.67,6.83,7.0,7.62,10.92,1.0
855,61.0,9.0,12.0,20.75,18.66,16.66,10.75,15.75,10.96,11.08,14.5,10.34,12.92,23.91,0.0
856,69.0,5.0,24.0,11.17,7.54,9.17,8.08,11.34,10.25,9.96,7.41,11.58,13.29,12.75,0.0
857,71.0,12.0,3.0,3.33,7.92,6.34,0.37,5.58,4.67,7.41,5.41,5.0,4.92,14.33,0.0
858,78.0,11.0,22.0,17.58,16.38,16.17,7.0,13.37,11.5,16.71,12.17,15.04,14.29,19.08,0.0
859,70.0,11.0,22.0,10.21,12.08,9.46,2.0,9.5,7.75,5.79,6.17,6.87,6.79,10.75,0.0
860,76.0,12.0,3.0,12.12,12.62,7.5,1.96,6.54,4.17,5.75,1.08,3.08,2.75,6.58,1.0
861,70.0,7.0,22.0,7.38,3.04,8.08,4.04,7.17,5.63,5.79,4.38,6.25,5.54,9.75,1.0
862,70.0,10.0,19.0,22.67,17.71,17.41,11.63,18.66,12.96,18.58,15.29,17.12,15.41,23.42,0.0
863,73.0,11.0,24.0,10.75,12.87,10.04,8.33,15.21,8.38,13.04,12.0,12.96,14.79,15.16,0.0
864,68.0,2.0,22.0,15.34,14.5,27.33,10.75,14.79,6.67,14.92,9.83,9.71,9.83,12.25,1.0
865,62.0,10.0,19.0,6.38,1.71,7.0,3.04,5.21,2.88,5.58,2.37,4.38,6.13,4.96,1.0
866,76.0,2.0,27.0,7.25,10.71,6.42,4.58,7.04,3.17,5.75,6.58,7.71,6.79,11.5,1.0
867,73.0,3.0,20.0,4.17,7.67,4.0,2.67,5.21,2.42,3.83,2.79,3.33,2.71,6.67,1.0
868,62.0,2.0,1.0,19.12,13.96,12.21,10.58,15.71,10.63,15.71,11.08,13.17,12.62,17.67,0.0
869,69.0,3.0,12.0,9.29,8.92,12.04,7.83,11.21,6.04,11.58,14.79,12.0,13.46,17.04,0.0
870,76.0,5.0,2.0,14.79,12.08,13.54,6.87,12.71,8.33,12.38,9.42,11.75,7.96,17.12,0.0
871,66.0,11.0,2.0,16.38,13.75,27.37,10.96,11.38,7.38,13.79,7.79,6.63,8.79,10.37,1.0
872,66.0,12.0,1.0,34.37,33.37,24.04,23.54,33.63,26.04,30.37,31.08,25.62,24.41,42.38,0.0
873,65.0,10.0,31.0,25.46,22.0,20.54,12.71,19.95,13.25,19.21,16.92,14.5,17.08,23.16,0.0
874,63.0,5.0,5.0,12.42,12.25,9.71,10.37,14.75,12.0,14.96,12.5,12.67,12.67,16.38,0.0
875,69.0,11.0,21.0,3.46,2.75,5.75,2.17,5.75,4.0,2.96,9.42,5.33,7.41,14.17,0.0
876,67.0,12.0,12.0,12.58,5.33,9.33,6.04,6.34,2.75,10.29,4.67,7.38,4.83,8.79,1.0
877,70.0,9.0,27.0,5.75,8.0,4.42,1.92,5.75,3.33,3.13,4.42,4.25,4.92,12.96,1.0
878,62.0,1.0,21.0,19.29,18.79,17.41,11.63,15.67,12.12,17.29,15.34,14.09,17.92,26.0,0.0
879,68.0,5.0,13.0,5.75,4.54,8.21,2.88,5.58,2.08,5.58,4.0,3.46,5.79,8.75,1.0
880,65.0,10.0,4.0,7.25,4.63,8.12,5.17,5.88,3.58,6.79,4.58,3.46,7.17,6.79,1.0
881,64.0,8.0,17.0,12.54,7.79,15.79,7.33,9.67,7.58,13.42,7.5,7.92,11.29,11.5,0.0
882,74.0,5.0,30.0,8.33,8.71,6.67,4.12,7.87,3.63,6.71,8.63,7.83,7.58,7.71,1.0
883,65.0,8.0,6.0,9.46,9.33,9.75,6.83,13.96,8.79,12.33,10.04,9.75,11.75,14.46,0.0
884,66.0,2.0,7.0,14.04,12.83,12.04,5.63,11.96,7.0,8.04,8.17,6.13,8.63,12.29,0.0
885,70.0,10.0,30.0,20.3,18.75,18.66,10.96,12.08,9.87,12.46,8.71,9.92,8.71,13.54,0.0
886,71.0,6.0,28.0,8.54,7.75,9.54,4.96,8.38,4.54,6.75,4.71,8.0,5.63,7.17,1.0
887,71.0,12.0,22.0,7.58,5.09,10.83,3.04,4.21,1.38,3.96,0.54,1.87,1.58,7.46,1.0
888,70.0,1.0,31.0,22.46,21.5,20.91,12.96,19.33,15.67,17.54,15.25,15.46,14.46,21.96,0.0
889,61.0,4.0,25.0,14.04,11.96,14.96,7.87,10.75,8.83,13.75,11.96,11.08,11.46,12.17,0.0
890,67.0,1.0,16.0,21.29,18.41,15.83,14.04,16.29,10.41,7.75,12.67,9.38,14.67,17.96,0.0
891,75.0,7.0,14.0,15.41,10.75,15.87,7.62,9.62,6.54,10.71,5.41,11.17,8.0,9.92,1.0
892,73.0,9.0,7.0,3.88,9.92,7.25,1.79,5.17,3.13,4.92,6.25,4.29,6.0,16.38,1.0
893,75.0,7.0,1.0,6.25,3.25,5.5,1.92,3.46,1.33,2.92,2.75,2.37,2.21,6.13,1.0
894,78.0,3.0,23.0,19.7,21.46,14.71,12.58,21.54,13.04,20.12,18.58,17.33,13.7,23.29,0.0
895,66.0,10.0,1.0,8.0,3.63,9.17,4.04,7.29,2.33,4.25,0.42,2.17,2.0,5.04,1.0
896,61.0,3.0,7.0,6.46,10.5,8.0,5.41,10.58,6.58,3.63,6.67,7.08,7.04,16.08,1.0
897,75.0,2.0,7.0,15.87,14.0,11.42,6.42,10.58,6.63,8.58,13.0,11.75,7.29,16.46,0.0
898,67.0,8.0,11.0,15.25,10.41,7.75,8.71,15.16,8.96,11.5,11.0,10.17,8.58,13.75,0.0
899,62.0,11.0,13.0,7.79,1.75,7.83,2.83,4.04,2.08,7.29,1.67,3.17,5.21,8.63,1.0
900,66.0,4.0,26.0,23.33,21.84,18.88,16.08,20.5,15.71,13.75,15.09,13.33,17.33,17.5,0.0
901,73.0,12.0,17.0,12.75,11.17,8.67,4.79,10.04,6.75,11.96,7.79,10.13,9.21,13.96,0.0
902,65.0,11.0,20.0,10.29,9.83,18.96,7.29,9.54,7.71,15.75,10.63,8.67,12.0,10.54,0.0
903,71.0,7.0,22.0,9.21,7.5,9.17,3.96,9.21,5.71,7.25,6.58,7.25,4.29,8.54,0.0
904,70.0,3.0,13.0,16.5,13.67,31.83,9.96,12.42,9.83,16.75,13.21,11.83,10.96,14.04,0.0
905,64.0,1.0,29.0,12.62,12.21,12.17,8.58,16.83,11.63,17.25,13.37,13.59,15.83,20.25,0.0
906,69.0,7.0,15.0,8.63,6.92,3.13,4.25,7.67,5.04,3.71,3.63,4.08,3.75,5.88,1.0
907,71.0,5.0,1.0,3.46,1.92,6.83,0.83,1.83,0.37,1.42,1.96,1.54,0.5,4.17,1.0
908,63.0,12.0,2.0,15.67,12.21,17.96,9.75,11.17,10.88,16.0,15.12,14.12,12.75,16.88,0.0
909,63.0,9.0,2.0,19.92,16.79,10.08,9.21,12.17,7.96,8.96,11.54,9.42,11.87,14.09,0.0
910,73.0,1.0,4.0,2.92,4.58,4.63,1.0,2.75,0.96,4.5,0.46,3.08,0.79,4.12,1.0
911,73.0,8.0,18.0,5.54,9.42,5.91,2.71,4.58,1.63,3.17,1.54,1.83,1.54,5.5,1.0
912,72.0,3.0,3.0,26.3,22.29,19.04,14.17,21.96,15.71,18.12,15.79,17.96,19.04,23.33,0.0
913,72.0,11.0,2.0,7.54,7.33,11.46,2.13,4.08,5.63,8.12,10.41,7.75,9.13,18.41,0.0
914,77.0,1.0,24.0,15.5,14.75,14.46,7.71,12.58,11.87,10.34,11.0,11.63,13.04,15.34,0.0
915,75.0,5.0,7.0,11.83,9.33,27.67,8.21,7.58,6.54,12.04,6.04,9.29,6.75,9.83,1.0
916,77.0,6.0,28.0,14.58,8.71,8.42,5.75,9.33,8.12,7.08,5.66,6.63,7.0,9.71,1.0
917,68.0,11.0,15.0,22.37,22.34,18.46,9.17,20.25,12.67,12.58,14.5,12.25,15.29,15.75,0.0
918,64.0,4.0,9.0,18.75,12.92,16.83,13.04,19.21,13.59,18.05,15.29,13.25,16.88,19.17,0.0
919,73.0,8.0,12.0,4.67,4.71,5.63,3.04,3.46,3.67,3.21,2.37,4.58,5.46,4.38,1.0
920,74.0,1.0,31.0,23.58,17.04,19.0,11.34,17.41,11.83,14.62,12.29,15.59,13.54,14.71,0.0
921,69.0,5.0,27.0,13.7,12.96,8.79,6.5,13.17,10.46,7.62,8.21,8.38,8.75,10.92,1.0
922,63.0,1.0,17.0,20.33,12.67,22.42,10.71,14.21,10.63,15.37,12.75,8.92,10.63,11.46,1.0
923,72.0,5.0,28.0,17.88,15.37,15.5,9.0,19.29,10.37,15.0,15.67,13.59,13.29,24.58,0.0
924,76.0,5.0,23.0,14.17,16.38,11.79,8.5,14.04,10.5,9.5,11.83,15.54,11.0,19.0,0.0
925,69.0,7.0,9.0,7.46,4.83,5.17,4.54,8.67,5.04,7.62,4.83,7.79,6.08,10.17,1.0
926,71.0,10.0,24.0,13.0,6.21,12.38,4.88,8.29,7.0,8.04,4.04,7.25,6.34,6.17,1.0
927,78.0,10.0,14.0,4.63,0.21,3.54,0.42,2.67,2.46,1.25,3.71,3.04,1.92,11.29,1.0
928,66.0,1.0,21.0,9.25,7.29,9.42,2.62,5.09,3.54,4.75,4.17,2.88,3.46,7.58,1.0
929,70.0,9.0,26.0,16.42,17.96,14.96,10.5,16.5,11.34,10.75,13.59,13.75,15.25,25.04,0.0
930,65.0,9.0,1.0,9.54,2.92,12.96,5.79,2.62,2.92,7.75,2.21,4.67,5.83,5.75,1.0
931,62.0,12.0,12.0,30.91,24.79,21.87,16.75,19.92,12.12,19.67,18.88,15.96,23.21,28.33,0.0
932,74.0,10.0,17.0,14.79,9.67,10.71,4.21,8.96,5.04,7.87,9.21,6.75,6.79,13.67,0.0
933,75.0,10.0,26.0,14.67,18.16,12.42,9.5,15.0,12.17,3.46,14.33,16.21,12.17,19.17,0.0
934,65.0,10.0,23.0,12.04,12.33,10.34,6.0,10.41,7.83,7.87,7.21,4.71,8.29,11.17,1.0
935,76.0,4.0,23.0,10.29,7.25,14.37,4.12,6.25,3.67,9.96,6.21,6.38,4.63,9.83,1.0
936,77.0,9.0,12.0,8.79,6.96,8.92,4.17,3.04,4.38,7.92,2.75,4.25,5.5,7.0,1.0
937,63.0,2.0,15.0,10.04,10.63,15.92,6.87,12.33,9.21,15.5,13.79,10.63,15.79,14.83,0.0
938,65.0,2.0,24.0,9.04,9.5,9.59,4.63,8.58,5.46,12.42,9.5,7.46,9.0,11.54,0.0
939,65.0,12.0,14.0,24.41,21.0,19.0,12.75,18.91,15.16,11.63,14.62,12.58,17.37,18.25,0.0
940,64.0,3.0,6.0,8.71,6.87,13.13,3.88,8.33,2.5,5.88,5.79,3.5,6.29,5.46,1.0
941,71.0,9.0,5.0,10.08,6.71,5.09,3.37,10.17,6.21,5.04,4.12,3.92,3.21,6.63,1.0
942,75.0,1.0,3.0,9.54,5.63,7.29,3.5,7.71,3.33,9.96,7.12,8.46,7.38,11.25,0.0
943,68.0,6.0,16.0,4.92,6.96,5.33,3.79,5.33,2.96,3.13,5.0,1.75,3.54,10.71,1.0
944,63.0,3.0,16.0,18.25,13.79,18.25,10.67,16.75,12.38,16.62,13.37,14.42,13.83,13.83,0.0
945,65.0,11.0,8.0,16.13,8.54,15.12,10.29,12.62,8.12,9.59,8.08,8.75,12.87,12.83,1.0
946,67.0,8.0,29.0,10.83,7.33,7.17,5.0,11.46,7.17,10.54,8.29,8.46,8.79,14.37,0.0
947,64.0,6.0,6.0,11.0,5.91,13.33,5.0,8.29,4.12,8.25,6.0,5.58,7.0,8.75,1.0
948,78.0,5.0,27.0,3.46,2.37,4.04,1.46,1.75,0.04,1.67,1.29,1.0,0.96,6.29,1.0
949,69.0,8.0,23.0,16.79,9.96,11.17,8.92,10.41,7.33,9.54,5.29,8.71,10.21,9.17,0.0
950,62.0,2.0,26.0,17.88,15.5,27.16,12.38,14.88,10.58,25.62,16.13,13.96,15.37,19.79,0.0
951,63.0,11.0,15.0,8.5,11.04,4.12,1.04,10.0,5.13,2.92,7.21,3.08,4.42,10.13,1.0
952,72.0,7.0,18.0,12.67,4.71,17.04,4.5,6.38,8.0,9.96,5.66,8.58,3.54,10.29,1.0
953,78.0,12.0,10.0,24.92,22.54,16.54,14.62,15.59,13.0,13.21,14.12,16.21,16.17,26.08,0.0
954,68.0,12.0,6.0,17.08,16.25,15.16,6.63,13.83,8.96,8.96,9.46,6.04,8.71,10.13,0.0
955,70.0,12.0,30.0,17.96,11.58,27.29,10.96,8.67,6.08,13.79,5.33,8.33,8.58,9.96,0.0
956,62.0,7.0,2.0,14.67,6.67,9.54,10.21,13.67,10.58,17.5,13.0,12.38,15.09,12.42,0.0
957,67.0,3.0,7.0,24.92,16.54,21.87,17.75,17.75,14.37,16.75,15.79,15.87,20.62,24.92,0.0
958,69.0,12.0,31.0,14.42,13.83,27.71,7.08,12.08,10.0,14.58,11.0,12.54,7.12,11.17,0.0
959,78.0,9.0,29.0,22.95,18.21,13.29,13.33,25.33,15.63,22.21,19.7,17.0,18.12,26.83,0.0
960,64.0,2.0,17.0,11.46,8.04,20.88,8.71,10.34,7.5,12.83,9.13,8.96,10.34,11.29,0.0
961,76.0,7.0,9.0,14.58,14.12,13.08,6.29,14.21,7.96,10.34,10.46,11.42,8.58,17.33,1.0
962,65.0,1.0,8.0,13.04,15.29,8.79,7.17,13.62,9.04,13.21,11.5,9.75,12.87,20.21,0.0
963,70.0,4.0,19.0,12.25,12.58,8.79,7.33,12.62,9.21,11.08,8.87,9.59,7.5,14.04,0.0
964,67.0,1.0,30.0,15.92,15.25,14.17,8.67,14.96,11.25,12.92,14.58,11.17,17.46,25.37,0.0
965,74.0,12.0,8.0,16.83,17.75,14.88,9.29,15.59,10.46,14.92,13.83,14.71,13.96,20.04,0.0
966,76.0,6.0,8.0,12.83,13.54,12.83,7.08,9.29,9.33,7.75,9.13,10.54,9.13,13.54,1.0
967,73.0,11.0,25.0,9.71,8.21,10.92,3.92,7.08,2.21,4.67,4.33,5.13,6.34,10.17,0.0
968,61.0,8.0,4.0,11.0,9.21,10.58,7.54,13.17,9.62,13.54,11.79,11.67,10.21,16.04,0.0
969,61.0,6.0,30.0,12.29,14.37,10.79,10.54,13.83,9.59,4.92,13.7,8.75,12.38,21.87,0.0
970,66.0,12.0,30.0,5.25,4.25,8.21,1.25,6.42,3.37,5.25,3.67,4.29,3.79,11.67,0.0
971,68.0,8.0,21.0,11.29,16.5,12.08,8.83,13.88,9.25,6.38,12.17,8.96,11.58,23.38,0.0
972,75.0,10.0,28.0,10.75,15.54,11.54,8.29,12.25,9.46,5.5,7.41,11.54,7.0,13.88,1.0
973,78.0,12.0,25.0,7.21,6.58,7.83,2.67,4.79,4.58,8.71,0.75,5.21,5.25,1.21,1.0
974,66.0,4.0,14.0,28.25,26.96,23.13,14.42,22.54,15.46,21.79,22.37,16.17,18.12,25.84,0.0
975,64.0,11.0,23.0,10.13,9.25,8.87,5.46,10.54,8.54,13.54,11.12,10.34,12.79,19.0,0.0
976,76.0,7.0,18.0,14.92,13.13,13.88,8.25,13.13,9.42,10.25,10.54,12.21,13.5,16.38,1.0
977,65.0,1.0,13.0,28.12,26.46,20.25,16.88,26.25,19.0,23.45,21.96,20.91,22.71,28.21,0.0
978,76.0,2.0,7.0,16.75,16.08,12.04,9.17,14.04,9.5,9.5,10.88,13.62,9.87,17.21,0.0
979,66.0,6.0,2.0,5.66,2.67,7.21,3.04,1.87,3.17,4.79,2.96,5.09,5.71,8.96,1.0
980,69.0,1.0,28.0,5.21,3.96,3.83,2.58,4.33,0.33,5.13,2.0,3.92,4.12,4.83,1.0
981,78.0,1.0,6.0,16.5,13.83,14.21,6.42,9.87,9.54,11.29,12.87,11.12,13.21,20.41,0.0
982,78.0,8.0,19.0,5.41,6.04,10.41,3.0,5.04,5.29,3.88,5.58,7.5,6.71,14.96,1.0
983,68.0,10.0,16.0,11.67,9.46,8.75,6.5,12.92,7.12,12.08,12.46,10.71,9.96,17.62,0.0
984,61.0,5.0,26.0,11.79,12.5,20.96,8.17,10.21,6.5,9.33,12.08,9.59,11.46,14.33,0.0
985,78.0,8.0,12.0,5.88,6.87,7.25,3.79,7.62,6.29,5.54,4.04,5.29,3.83,7.96,1.0
986,74.0,8.0,18.0,7.41,4.08,8.96,3.96,5.13,2.04,5.46,6.0,4.38,5.29,6.42,1.0
987,78.0,5.0,8.0,9.0,9.5,7.54,3.96,8.67,7.08,6.34,8.12,7.83,6.83,8.54,0.0
988,72.0,10.0,14.0,9.0,6.83,16.17,5.5,5.58,4.83,8.87,6.54,6.75,4.17,8.92,1.0
989,66.0,9.0,29.0,3.37,3.29,4.38,0.96,5.91,2.25,0.42,1.87,1.5,3.67,7.87,1.0
990,70.0,5.0,17.0,3.83,2.42,6.21,0.92,5.5,3.67,2.79,4.46,4.08,3.13,12.38,1.0
991,62.0,7.0,3.0,15.83,10.29,10.0,9.59,10.34,7.21,12.87,8.58,10.58,13.25,8.21,0.0
992,69.0,6.0,18.0,11.21,14.79,8.87,7.12,14.29,11.96,8.29,8.46,9.79,7.41,16.25,1.0
993,73.0,8.0,2.0,4.63,4.79,8.71,4.38,6.71,5.09,5.41,4.33,6.87,5.37,9.33,1.0
994,62.0,8.0,26.0,24.67,20.12,19.83,17.75,20.88,15.96,22.13,18.08,19.41,19.75,23.63,0.0
995,67.0,2.0,4.0,6.38,4.42,5.96,3.33,8.54,5.0,10.0,5.37,6.71,8.46,11.58,0.0
996,70.0,4.0,10.0,6.71,3.92,6.75,2.92,4.21,4.17,6.25,5.09,5.71,3.04,6.71,1.0
997,67.0,1.0,9.0,8.33,3.33,7.21,2.17,4.17,1.42,7.33,0.37,2.75,2.75,4.04,1.0
998,78.0,8.0,10.0,5.63,13.13,4.54,3.21,7.96,5.63,3.08,5.09,5.79,3.25,10.63,1.0
999,72.0,11.0,14.0,8.5,6.54,8.08,2.58,3.71,2.04,7.67,2.37,5.41,3.58,7.29,1.0
1000,63.0,9.0,22.0,1.29,8.21,3.96,1.54,6.42,2.04,3.21,4.79,3.33,5.21,15.59,1.0
1001,64.0,11.0,1.0,12.87,11.92,10.5,3.37,11.12,3.63,2.46,4.63,3.54,3.63,7.5,1.0
1002,69.0,12.0,30.0,16.25,13.25,23.42,8.04,10.04,8.17,16.79,11.42,11.92,11.42,11.5,0.0
1003,72.0,7.0,15.0,4.75,1.96,9.42,1.54,2.33,2.67,3.54,1.33,4.75,1.38,4.5,1.0
1004,63.0,6.0,2.0,17.62,8.79,20.62,8.63,11.38,10.75,14.46,13.7,13.7,11.79,12.83,0.0
1005,76.0,11.0,30.0,11.63,10.17,8.96,3.75,8.33,5.29,8.29,3.71,4.54,4.38,8.87,1.0
1006,72.0,8.0,17.0,17.37,10.25,12.71,9.21,11.83,9.13,15.12,11.25,13.08,10.63,13.25,0.0
1007,76.0,10.0,3.0,12.38,10.63,12.08,6.34,11.21,8.67,8.96,8.75,10.75,9.0,14.37,0.0
1008,66.0,9.0,9.0,10.96,12.62,10.04,6.63,12.25,8.58,7.96,10.71,7.58,10.29,17.83,1.0
1009,78.0,4.0,24.0,15.12,11.92,11.63,7.83,12.54,11.42,9.5,15.04,12.67,11.21,15.46,0.0
1010,68.0,6.0,27.0,8.75,5.75,7.83,5.13,7.54,2.54,5.37,5.88,2.58,5.66,8.33,1.0
1011,76.0,5.0,7.0,8.29,9.54,6.17,2.67,5.71,4.29,5.33,6.54,6.79,6.0,13.83,1.0
1012,62.0,12.0,8.0,23.29,18.0,21.59,17.12,21.12,15.67,23.67,13.92,17.46,16.71,21.62,0.0
1013,69.0,1.0,13.0,4.5,1.5,4.63,2.13,3.54,0.42,3.0,0.46,2.54,4.25,2.62,1.0
1014,63.0,5.0,17.0,9.59,8.21,9.92,7.08,13.13,10.0,13.96,11.08,13.0,12.58,16.04,0.0
1015,74.0,2.0,28.0,16.96,15.0,14.62,7.87,15.16,9.0,12.12,11.21,12.29,13.08,14.67,0.0
1016,72.0,9.0,13.0,13.33,10.17,9.59,6.0,9.08,5.54,10.13,6.75,8.83,7.04,12.67,0.0
1017,77.0,4.0,16.0,11.08,9.75,9.75,3.54,7.21,7.04,8.42,4.92,4.83,5.5,10.37,1.0
1018,72.0,9.0,23.0,16.0,12.96,11.87,3.46,5.41,5.5,7.87,8.42,8.0,3.96,9.33,1.0
1019,68.0,6.0,12.0,3.88,3.63,3.17,2.42,5.58,1.96,3.67,3.58,1.96,3.5,7.87,1.0
1020,71.0,8.0,22.0,9.67,12.79,9.46,3.83,7.75,3.25,5.41,7.71,4.46,3.58,13.88,1.0
1021,76.0,9.0,13.0,8.71,8.25,5.71,2.13,9.71,5.21,6.71,6.25,8.0,5.13,12.75,0.0
1022,70.0,6.0,29.0,16.04,12.04,12.71,10.25,14.92,11.79,15.92,10.0,13.79,14.5,15.46,0.0
1023,78.0,10.0,6.0,12.96,17.83,12.79,7.96,13.37,9.46,8.58,10.34,12.58,10.83,20.21,0.0
1024,66.0,5.0,11.0,10.13,7.87,10.37,5.04,5.88,4.75,6.34,5.17,5.37,8.46,10.08,1.0
1025,74.0,10.0,14.0,4.17,7.38,2.71,0.46,6.04,1.96,4.0,5.29,3.75,3.42,10.25,1.0
1026,69.0,1.0,6.0,14.25,11.12,19.5,7.17,11.08,5.04,10.63,6.92,7.5,8.92,6.08,1.0
1027,67.0,10.0,21.0,4.38,2.71,3.79,1.67,7.21,3.13,7.38,4.67,4.04,5.09,8.87,1.0
1028,68.0,9.0,22.0,15.21,15.16,11.04,5.46,12.46,6.79,8.29,8.21,7.04,6.29,13.96,1.0
1029,73.0,7.0,1.0,14.71,8.17,13.62,9.21,8.5,7.67,10.79,3.63,9.54,8.92,8.67,1.0
1030,73.0,4.0,2.0,28.71,20.46,22.34,15.63,20.5,13.29,17.41,13.25,15.37,14.12,18.29,0.0
1031,78.0,9.0,22.0,6.75,13.67,13.54,3.42,4.54,5.41,9.75,11.71,9.46,9.87,18.75,0.0
1032,78.0,7.0,20.0,13.83,6.63,6.83,7.71,10.13,7.75,7.58,5.66,7.54,7.04,8.58,1.0
1033,62.0,12.0,17.0,13.37,11.96,6.46,4.42,12.17,7.83,9.59,8.42,7.08,8.04,14.29,1.0
1034,64.0,1.0,8.0,15.09,12.54,7.71,6.29,9.13,4.29,4.08,11.87,5.25,9.46,22.75,0.0
1035,63.0,2.0,27.0,17.62,16.66,15.5,7.87,15.71,13.0,12.5,12.42,8.58,10.83,16.96,1.0
1036,67.0,4.0,23.0,9.83,6.04,6.17,4.38,6.13,3.17,7.5,4.46,4.29,4.83,10.75,1.0
1037,66.0,9.0,2.0,14.71,11.83,12.96,10.88,16.66,9.96,12.5,10.08,10.88,8.54,11.75,1.0
1038,77.0,7.0,1.0,15.41,16.29,17.08,6.25,11.83,11.83,12.29,10.58,10.41,7.21,17.37,1.0
1039,68.0,3.0,23.0,22.17,9.62,24.17,12.58,10.46,7.41,13.62,8.21,6.87,8.17,12.25,1.0
1040,77.0,11.0,2.0,11.54,10.92,7.38,3.92,9.0,6.67,8.46,7.87,7.5,6.42,15.16,1.0
1041,73.0,4.0,27.0,4.25,4.96,5.91,2.42,4.5,1.83,1.75,3.75,2.83,3.29,6.54,1.0
1042,62.0,3.0,3.0,11.5,6.0,12.5,4.63,7.67,4.21,6.71,8.12,6.13,5.91,7.58,1.0
1043,75.0,10.0,19.0,17.79,22.46,16.5,9.71,19.38,12.83,14.0,14.33,12.83,12.5,22.79,0.0
1044,78.0,8.0,9.0,7.38,3.79,5.58,3.37,4.5,4.5,3.17,1.87,5.17,3.42,5.46,1.0
1045,67.0,7.0,30.0,13.25,9.38,12.62,6.04,9.96,7.83,8.12,12.21,8.42,11.75,18.96,0.0
1046,61.0,10.0,8.0,15.37,11.87,10.29,6.63,13.59,8.46,10.17,9.5,9.21,12.21,17.83,0.0
1047,68.0,10.0,22.0,5.66,10.04,3.58,3.58,8.67,2.79,1.21,4.75,3.25,2.54,8.92,1.0
1048,63.0,6.0,22.0,10.0,9.62,9.17,8.92,13.79,9.92,11.83,10.67,10.25,9.38,14.17,1.0
1049,71.0,1.0,9.0,28.21,25.75,23.58,15.0,22.0,19.67,20.3,20.88,19.79,21.04,38.2,0.0
1050,75.0,7.0,6.0,7.33,4.63,9.96,2.0,5.79,1.58,4.63,3.83,5.58,3.0,6.87,1.0
1051,74.0,12.0,6.0,13.92,13.54,10.29,6.04,16.38,7.87,17.04,10.79,14.12,10.21,16.08,0.0
1052,70.0,9.0,29.0,16.0,14.79,12.92,7.96,14.29,9.92,13.17,11.5,13.04,12.71,22.08,0.0
1053,74.0,8.0,6.0,13.25,16.38,11.5,8.38,13.42,8.92,5.29,12.0,11.42,11.12,14.37,0.0
1054,74.0,6.0,27.0,8.38,3.88,19.0,4.96,8.08,5.63,10.29,9.25,8.04,7.12,9.71,1.0
1055,67.0,7.0,17.0,10.29,13.83,9.17,7.25,12.83,8.08,4.71,14.33,8.54,13.25,20.0,0.0
1056,62.0,1.0,20.0,11.46,10.17,9.75,3.0,9.46,6.75,10.29,8.04,6.67,12.04,13.92,1.0
1057,69.0,6.0,21.0,11.96,11.54,13.37,7.17,12.25,13.13,9.38,6.5,9.42,8.92,8.29,0.0
1058,62.0,7.0,26.0,10.79,10.75,25.12,10.13,9.0,6.63,10.0,8.92,7.29,9.54,12.04,1.0
1059,62.0,7.0,8.0,8.96,11.38,7.25,5.46,10.58,5.66,4.67,8.96,6.42,6.83,10.21,1.0
1060,67.0,4.0,14.0,6.83,5.71,14.83,4.33,7.21,2.08,4.54,1.25,2.29,1.75,4.88,1.0
1061,77.0,2.0,11.0,3.13,2.62,7.08,2.13,3.5,6.34,9.13,3.08,7.25,4.63,7.33,0.0
1062,77.0,4.0,8.0,15.75,9.79,10.21,5.91,10.13,8.58,8.63,8.42,8.08,8.33,15.54,1.0
1063,71.0,10.0,16.0,10.08,9.46,10.54,3.25,8.79,6.42,6.42,5.5,7.17,7.58,12.54,1.0
1064,73.0,12.0,28.0,15.59,14.17,11.67,5.83,10.13,8.17,9.13,7.62,8.33,5.91,14.5,0.0
1065,72.0,12.0,23.0,13.0,10.71,10.29,3.04,6.87,4.88,8.96,5.58,8.17,6.87,13.88,0.0
1066,71.0,11.0,13.0,13.88,12.25,11.5,7.12,10.37,8.54,10.0,6.71,9.87,9.96,15.96,0.0
1067,65.0,4.0,24.0,14.71,13.13,10.46,7.21,14.62,7.5,8.08,5.25,5.37,8.08,10.67,1.0
1068,68.0,8.0,13.0,17.12,16.04,11.46,11.92,19.38,13.33,13.33,16.29,14.33,8.63,19.17,1.0
1069,67.0,1.0,22.0,18.38,13.92,14.04,8.12,14.33,10.08,13.29,10.21,9.33,11.25,15.12,0.0
1070,78.0,2.0,28.0,10.0,8.79,13.42,5.04,7.67,8.33,10.54,10.96,10.25,10.21,8.79,0.0
1071,69.0,3.0,11.0,16.21,11.87,12.54,5.91,12.21,6.38,8.5,13.0,10.75,9.71,15.34,0.0
1072,70.0,9.0,24.0,6.5,7.58,9.25,4.88,7.75,3.58,1.17,2.83,4.88,2.58,9.87,1.0
1073,69.0,11.0,24.0,12.17,10.58,18.08,6.21,6.63,3.71,8.92,6.58,6.38,6.42,13.04,0.0
1074,77.0,5.0,3.0,12.79,7.38,11.58,6.21,7.29,7.21,11.04,6.75,8.29,9.96,10.37,0.0
1075,64.0,8.0,22.0,9.33,10.08,10.67,3.96,11.67,8.04,9.42,10.5,8.5,11.67,18.34,0.0
1076,69.0,1.0,18.0,19.17,22.58,14.33,14.46,21.12,11.0,17.12,12.75,15.96,9.71,19.38,1.0
1077,73.0,1.0,25.0,15.54,14.17,12.75,7.67,12.0,11.38,12.83,10.83,12.5,10.63,16.25,0.0
1078,67.0,3.0,29.0,12.79,5.29,9.08,8.08,9.67,5.96,15.09,6.79,11.42,10.34,12.79,0.0
1079,61.0,4.0,10.0,5.75,4.83,8.25,3.0,5.88,4.25,5.21,3.58,6.0,4.58,7.62,1.0
1080,78.0,2.0,19.0,26.34,13.5,28.96,14.71,19.38,18.54,27.71,23.67,22.08,16.38,15.75,0.0
1081,74.0,1.0,22.0,13.46,13.08,13.88,6.79,10.08,8.08,8.71,10.08,13.0,12.25,16.62,0.0
1082,75.0,9.0,7.0,6.08,4.0,5.66,1.96,2.08,1.38,4.96,4.96,3.92,1.92,9.83,1.0
1083,65.0,11.0,1.0,23.42,22.17,18.91,17.0,27.58,20.3,29.17,22.67,24.46,27.29,30.96,0.0
1084,75.0,2.0,3.0,10.75,15.37,8.12,5.96,10.88,5.41,6.08,8.42,9.79,6.21,14.46,1.0
1085,74.0,2.0,19.0,11.04,9.79,8.17,4.63,6.38,1.25,3.37,3.42,5.63,2.96,5.54,1.0
1086,63.0,3.0,5.0,27.46,22.67,25.08,20.0,21.46,19.95,20.21,23.13,17.21,25.37,32.63,0.0
1087,68.0,11.0,30.0,10.54,9.75,11.34,3.5,6.34,2.5,8.67,7.62,7.25,7.46,9.5,1.0
1088,64.0,9.0,23.0,9.62,9.83,10.88,7.54,12.25,7.38,6.83,9.08,9.0,12.04,10.46,1.0
1089,77.0,12.0,11.0,20.79,13.96,17.92,7.5,10.25,8.75,12.33,7.92,8.92,7.46,9.5,1.0
1090,70.0,8.0,22.0,14.71,7.17,12.12,5.33,8.08,4.92,6.34,4.42,5.58,3.67,4.38,1.0
1091,62.0,11.0,2.0,15.96,8.46,13.7,6.13,7.71,7.67,6.04,5.83,4.75,5.83,6.46,1.0
1092,67.0,8.0,28.0,8.33,7.04,5.33,2.29,8.04,4.17,5.71,9.0,4.58,4.79,14.42,1.0
1093,67.0,7.0,17.0,10.29,13.83,9.17,7.25,12.83,8.08,4.71,14.33,8.54,13.25,20.0,0.0
1094,73.0,10.0,17.0,10.92,4.92,11.17,4.79,7.33,3.37,7.96,5.63,8.17,8.75,11.92,0.0
1095,75.0,5.0,15.0,10.04,9.25,22.17,5.33,8.63,5.63,7.87,5.41,6.21,3.71,14.17,1.0
1096,68.0,1.0,29.0,15.75,16.83,13.79,7.87,13.0,9.96,17.62,13.59,12.08,13.25,23.09,0.0
1097,71.0,8.0,30.0,12.0,10.5,9.13,5.41,15.16,8.04,11.58,8.12,11.08,8.25,13.75,0.0
1098,70.0,6.0,25.0,10.5,9.17,10.96,6.0,10.46,7.54,9.29,9.04,10.58,9.92,16.0,0.0
1099,74.0,1.0,13.0,18.91,16.42,15.16,8.21,14.42,9.71,13.92,9.96,12.08,13.33,16.42,0.0
1100,70.0,10.0,26.0,5.54,6.13,6.17,4.46,7.58,5.79,8.54,6.71,7.17,8.67,12.5,0.0
1101,65.0,3.0,27.0,15.83,19.21,17.62,11.46,14.71,12.62,16.66,15.21,12.25,16.42,25.17,0.0
1102,69.0,7.0,28.0,11.87,8.83,6.54,4.04,9.42,4.79,3.42,2.71,6.17,4.63,6.58,1.0
1103,69.0,8.0,15.0,4.54,3.67,2.92,0.83,2.04,1.54,0.71,3.75,1.29,1.21,5.46,1.0
1104,74.0,3.0,8.0,14.96,21.17,13.75,6.42,16.25,9.83,9.13,13.62,11.21,9.87,15.75,0.0
1105,78.0,4.0,23.0,17.33,20.12,10.08,7.38,14.42,8.75,8.42,11.54,11.08,10.08,15.21,1.0
1106,77.0,11.0,3.0,15.59,18.91,12.33,8.75,15.46,9.96,18.29,12.79,12.42,10.92,20.96,0.0
1107,64.0,11.0,28.0,18.63,15.83,11.34,10.04,11.67,8.71,15.41,12.08,12.42,12.67,22.83,0.0
1108,66.0,6.0,11.0,10.92,6.54,16.33,3.96,4.46,7.29,7.04,4.83,7.0,8.5,10.41,1.0
1109,75.0,11.0,10.0,6.46,7.21,8.0,3.29,4.5,1.96,6.13,4.42,6.87,6.5,4.29,0.0
1110,66.0,7.0,19.0,10.17,7.33,13.88,5.54,9.54,3.83,5.46,5.75,5.5,5.88,6.92,1.0
1111,62.0,11.0,1.0,16.88,13.25,16.0,8.96,13.46,11.46,10.46,10.17,10.37,13.21,14.83,1.0
1112,72.0,8.0,9.0,6.92,7.75,6.92,4.67,8.12,6.08,9.87,6.83,8.71,6.38,11.83,0.0
1113,62.0,6.0,5.0,10.0,12.12,7.67,6.71,12.75,6.79,8.21,11.67,8.0,10.08,13.17,1.0
1114,71.0,4.0,10.0,8.17,3.79,11.42,3.29,5.37,3.5,4.33,2.25,6.08,2.42,6.13,1.0
1115,76.0,7.0,27.0,8.87,6.17,7.38,4.04,4.33,2.75,4.92,3.33,7.12,6.58,8.5,1.0
1116,75.0,11.0,22.0,18.21,17.29,10.37,8.71,13.42,9.25,9.38,11.96,11.63,11.12,18.75,0.0
1117,78.0,11.0,15.0,23.67,23.45,20.08,15.96,20.83,16.0,20.12,18.12,18.29,18.08,21.09,0.0
1118,62.0,2.0,13.0,26.3,23.38,17.29,12.62,17.21,10.08,15.79,11.87,10.29,12.92,19.5,0.0
1119,77.0,1.0,9.0,19.92,16.0,9.96,9.79,17.12,10.96,12.71,11.42,12.08,11.08,20.12,0.0
1120,65.0,2.0,11.0,7.62,5.96,6.87,4.71,9.62,6.87,12.87,8.75,8.92,11.34,15.21,0.0
1121,66.0,12.0,23.0,15.75,16.71,10.5,10.41,18.0,11.83,16.88,12.54,14.09,14.17,15.5,0.0
1122,78.0,7.0,3.0,25.37,17.04,14.09,11.79,19.12,13.92,13.7,14.75,13.67,11.58,20.12,0.0
1123,72.0,3.0,5.0,16.5,12.71,10.63,6.25,11.54,6.79,8.87,6.75,8.04,8.42,15.09,0.0
1124,78.0,7.0,5.0,25.04,18.08,13.88,12.08,13.7,12.67,12.38,12.83,12.79,17.83,17.79,0.0
1125,72.0,10.0,9.0,10.41,10.88,11.54,5.46,6.17,4.29,7.71,6.0,7.0,6.79,10.17,1.0
1126,72.0,6.0,24.0,11.58,9.71,12.42,5.54,11.5,7.71,11.17,9.42,9.92,10.13,16.79,1.0
1127,76.0,10.0,16.0,12.92,12.54,10.37,3.63,10.54,7.58,4.88,5.29,5.58,4.88,7.21,1.0
1128,68.0,2.0,27.0,10.67,12.17,7.96,4.08,9.21,4.33,6.21,7.21,4.21,7.38,11.92,1.0
1129,75.0,6.0,16.0,9.79,7.92,7.38,1.92,6.54,2.13,3.33,4.25,4.96,3.13,7.5,1.0
1130,69.0,2.0,24.0,5.5,4.12,5.29,1.87,6.58,2.42,5.91,8.33,6.5,8.08,11.12,0.0
1131,72.0,11.0,15.0,7.29,7.29,5.71,1.04,3.71,3.08,8.63,4.25,5.88,4.38,10.04,0.0
1132,76.0,3.0,9.0,20.0,16.38,10.75,6.83,14.92,9.08,7.58,9.42,12.17,8.38,16.5,0.0
1133,69.0,3.0,29.0,11.08,10.58,7.67,7.25,14.75,5.96,13.17,9.79,12.08,9.13,13.59,0.0
1134,66.0,7.0,5.0,14.83,11.21,4.42,5.0,11.75,5.0,1.63,4.25,5.91,5.75,10.96,1.0
1135,61.0,8.0,23.0,9.62,8.92,10.46,3.96,9.46,6.79,8.17,7.96,7.08,8.0,10.04,1.0
1136,78.0,6.0,29.0,13.88,10.34,9.25,6.5,15.25,8.96,9.67,9.13,8.71,7.96,13.42,1.0
1137,67.0,6.0,12.0,5.29,5.09,5.88,2.96,6.5,3.08,4.96,6.25,4.29,5.37,5.37,1.0
1138,74.0,8.0,21.0,8.29,7.0,10.21,3.71,8.38,5.66,7.83,6.13,7.33,5.96,9.25,1.0
1139,72.0,4.0,16.0,5.79,5.17,4.08,3.37,7.38,3.42,6.25,4.79,5.63,3.79,9.29,1.0
1140,76.0,12.0,8.0,12.21,8.75,8.12,3.83,7.08,5.88,10.75,4.12,7.08,6.75,11.5,0.0
1141,78.0,4.0,19.0,15.75,18.88,12.0,7.41,14.29,10.67,11.12,11.87,12.62,11.29,14.17,0.0
1142,68.0,10.0,15.0,13.7,15.09,10.54,6.13,15.37,7.21,11.08,11.42,10.34,10.21,21.75,0.0
1143,78.0,1.0,27.0,18.54,9.59,15.67,6.42,10.34,7.04,11.63,9.38,9.46,7.58,11.42,0.0
1144,71.0,11.0,29.0,11.67,10.79,12.04,3.21,11.79,8.0,7.83,7.62,7.67,10.0,19.75,0.0
1145,71.0,10.0,5.0,13.88,13.42,12.46,7.75,13.42,12.08,7.04,8.33,10.5,10.25,14.17,0.0
1146,68.0,9.0,17.0,6.34,3.08,14.92,3.58,2.96,1.46,4.17,2.21,3.92,2.21,4.42,1.0
1147,64.0,6.0,3.0,12.04,10.08,9.79,5.63,10.34,5.58,7.67,9.04,7.75,7.87,11.0,1.0
1148,71.0,5.0,25.0,6.04,3.25,15.54,3.46,3.13,3.96,7.04,2.54,5.71,2.75,5.63,1.0
1149,69.0,4.0,26.0,9.79,12.92,7.17,4.75,11.71,3.54,4.17,5.88,6.71,6.13,10.83,1.0
1150,67.0,4.0,10.0,14.42,12.67,30.54,12.17,10.25,9.04,17.12,9.21,10.13,11.46,15.0,1.0
1151,62.0,7.0,25.0,9.38,7.58,21.46,6.87,7.12,5.13,6.34,8.08,6.13,6.87,11.79,1.0
1152,73.0,12.0,31.0,10.67,10.04,6.87,1.46,6.96,5.75,3.83,6.21,4.75,6.13,12.79,0.0
1153,65.0,1.0,15.0,16.83,19.33,11.79,8.79,14.46,10.75,17.08,12.38,11.46,13.33,20.08,0.0
1154,72.0,4.0,6.0,18.91,16.21,14.21,8.33,13.25,7.67,12.62,9.33,9.83,8.17,15.0,0.0
1155,77.0,7.0,24.0,13.33,13.62,11.5,9.38,15.12,11.58,17.21,11.83,11.63,12.71,16.92,0.0
1156,69.0,5.0,10.0,14.29,13.88,14.96,7.87,13.33,8.46,8.58,11.83,9.79,9.29,15.92,1.0
1157,63.0,1.0,18.0,28.21,16.79,27.21,11.38,16.29,13.83,21.5,13.96,13.13,13.67,17.21,0.0
1158,73.0,4.0,18.0,13.21,10.46,12.92,8.71,9.67,9.79,12.96,8.79,9.54,12.08,11.0,0.0
1159,73.0,5.0,24.0,6.58,9.96,8.83,3.33,6.13,4.04,5.46,4.21,5.21,3.58,7.5,1.0
1160,78.0,8.0,7.0,13.04,9.87,8.29,4.46,7.17,5.54,5.96,5.41,6.71,5.54,9.83,1.0
1161,67.0,10.0,25.0,29.08,26.71,24.87,18.25,25.92,19.08,21.29,26.08,17.08,23.75,38.96,0.0
1162,62.0,1.0,11.0,29.71,25.46,20.67,17.75,23.09,17.0,25.96,16.21,17.5,17.62,21.92,0.0
1163,74.0,6.0,26.0,6.58,1.79,18.5,4.58,8.38,7.25,11.38,10.25,10.21,7.46,9.79,1.0
1164,69.0,9.0,13.0,5.25,3.04,12.29,2.25,3.58,1.25,3.25,2.37,2.42,1.96,4.96,1.0
1165,67.0,8.0,26.0,8.0,6.71,7.5,2.04,7.41,2.62,4.54,5.79,4.25,5.75,7.08,1.0
1166,67.0,9.0,24.0,18.66,16.54,14.71,9.71,14.54,10.92,11.0,15.04,10.79,12.42,20.33,0.0
1167,67.0,11.0,27.0,9.42,12.17,9.79,6.63,14.79,8.17,11.08,9.83,12.33,9.71,16.38,0.0
1168,63.0,9.0,21.0,3.63,6.71,4.42,1.0,7.54,2.21,2.54,5.83,1.42,4.33,10.25,1.0
1169,78.0,9.0,4.0,7.5,11.67,3.42,2.54,6.79,6.67,5.09,3.92,6.54,3.88,9.13,1.0
1170,64.0,11.0,25.0,9.87,7.79,8.79,4.5,7.62,5.13,8.5,6.17,5.79,7.67,10.46,1.0
1171,65.0,12.0,5.0,14.96,17.37,10.63,10.37,17.37,10.0,15.63,11.83,10.58,13.08,20.08,0.0
1172,76.0,3.0,20.0,19.29,18.0,22.67,14.92,16.92,14.09,16.88,14.12,19.83,19.67,20.04,0.0
1173,76.0,2.0,14.0,6.96,7.08,6.96,2.75,3.54,3.92,4.25,7.41,7.96,6.04,13.5,0.0
1174,70.0,11.0,4.0,11.38,10.08,9.17,4.96,10.79,8.71,12.92,11.79,12.25,11.17,19.79,0.0
1175,65.0,8.0,19.0,8.87,8.25,7.54,4.08,11.04,7.67,10.96,9.04,7.62,9.29,16.17,0.0
1176,74.0,12.0,19.0,23.25,21.37,19.7,9.87,15.25,11.0,18.63,20.83,16.66,15.46,27.33,0.0
1177,72.0,3.0,12.0,17.46,8.83,23.25,9.33,11.58,10.58,16.5,8.46,12.29,8.29,9.13,1.0
1178,70.0,12.0,24.0,11.75,9.79,14.25,5.79,10.54,4.25,9.42,5.29,7.54,7.58,6.96,0.0
1179,68.0,12.0,15.0,11.54,12.21,9.59,5.83,10.83,6.34,10.29,5.54,7.83,12.46,12.42,0.0
1180,73.0,2.0,27.0,13.04,10.25,11.83,5.5,9.83,7.58,6.96,6.71,8.79,7.92,10.5,0.0
1181,78.0,6.0,2.0,7.75,10.83,7.33,4.12,10.34,6.08,2.79,4.88,6.5,4.96,9.17,1.0
1182,70.0,10.0,31.0,22.25,20.3,19.38,12.42,20.38,14.0,16.25,18.5,16.88,15.16,26.0,0.0
1183,73.0,9.0,14.0,17.12,13.04,14.58,5.75,9.87,7.83,5.0,10.17,8.92,7.04,10.79,0.0
1184,70.0,2.0,26.0,11.34,6.38,10.54,3.42,4.54,2.5,4.33,3.96,4.42,2.17,8.46,1.0
1185,71.0,9.0,18.0,3.46,2.75,2.96,1.54,4.54,1.92,1.58,1.83,0.83,1.13,4.21,1.0
1186,64.0,6.0,24.0,3.54,3.17,5.46,2.79,4.71,2.92,4.29,3.58,4.29,5.25,9.96,1.0
1187,65.0,6.0,9.0,7.25,4.29,7.83,3.21,4.54,1.96,3.54,2.29,4.46,4.12,7.33,1.0
1188,62.0,5.0,19.0,21.04,11.04,15.87,12.29,16.66,10.75,17.12,12.46,14.29,14.09,14.0,0.0
1189,66.0,11.0,23.0,4.79,6.92,5.83,0.25,7.83,0.0,5.33,0.96,0.71,1.04,12.0,1.0
1190,64.0,2.0,26.0,23.21,25.66,20.21,14.83,22.54,16.17,16.25,17.37,13.13,17.5,19.55,0.0
1191,73.0,1.0,26.0,15.37,16.75,13.13,7.33,14.79,11.21,16.71,12.12,13.33,11.08,17.88,0.0
1192,61.0,12.0,4.0,22.83,17.0,19.79,10.37,13.54,12.75,13.79,15.29,9.83,14.5,21.79,0.0
1193,71.0,7.0,16.0,7.75,7.71,13.04,6.42,8.83,4.83,8.5,6.17,7.46,7.58,7.33,1.0
1194,63.0,6.0,16.0,5.46,6.63,7.33,4.92,7.5,5.58,8.29,6.71,6.75,6.5,10.25,1.0
1195,68.0,10.0,24.0,11.71,7.96,13.46,4.38,7.83,3.71,6.04,7.41,6.25,3.83,10.25,1.0
1196,63.0,4.0,16.0,15.54,15.71,14.62,8.92,14.25,10.63,9.67,13.83,10.29,13.7,20.46,0.0
1197,66.0,2.0,3.0,21.21,18.88,17.29,13.92,16.46,12.5,10.96,14.29,11.08,14.42,20.33,0.0
1198,78.0,5.0,26.0,4.5,3.25,3.5,1.21,5.13,1.58,0.83,3.17,3.17,2.29,9.29,1.0
1199,65.0,2.0,22.0,9.13,7.58,14.62,6.54,7.58,3.96,10.0,6.04,5.0,4.21,7.67,1.0
1200,78.0,1.0,6.0,16.5,13.83,14.21,6.42,9.87,9.54,11.29,12.87,11.12,13.21,20.41,0.0
1201,75.0,10.0,22.0,27.42,22.54,24.41,14.42,24.41,19.55,21.42,19.29,20.3,19.79,23.5,0.0
1202,65.0,6.0,23.0,22.42,19.41,20.75,14.54,24.33,17.12,21.04,16.33,18.25,20.04,24.58,0.0
1203,73.0,3.0,27.0,16.29,17.08,15.41,11.34,16.46,10.63,11.25,12.46,12.79,14.83,17.79,0.0
1204,77.0,1.0,5.0,12.5,9.5,12.04,4.67,9.25,6.87,11.5,8.0,8.33,9.75,13.33,0.0
1205,64.0,1.0,28.0,16.04,11.12,10.63,10.46,13.17,8.67,15.87,11.54,12.21,13.75,16.66,0.0
1206,77.0,7.0,17.0,18.63,13.54,14.17,8.79,15.54,11.29,14.17,12.08,12.38,11.34,18.25,0.0
1207,73.0,8.0,8.0,12.75,11.83,10.37,5.33,9.33,6.92,7.54,6.5,7.62,6.58,13.54,1.0
1208,72.0,1.0,21.0,7.21,7.29,7.12,1.46,7.71,4.75,10.41,3.54,6.75,6.13,10.83,0.0
1209,65.0,1.0,2.0,11.75,9.83,10.13,4.71,7.62,4.29,7.79,5.13,5.25,5.91,12.12,1.0
1210,69.0,4.0,16.0,7.41,6.83,5.83,4.88,6.71,3.13,9.87,3.79,9.13,8.96,7.25,1.0
1211,64.0,4.0,20.0,6.63,5.29,10.0,5.29,6.71,5.96,9.25,4.08,5.5,8.75,6.29,1.0
1212,61.0,10.0,30.0,9.42,8.71,10.5,6.38,11.63,8.71,14.88,10.58,11.08,11.92,17.25,0.0
1213,62.0,4.0,12.0,4.58,5.58,5.88,1.58,3.96,2.5,3.79,3.96,2.92,4.42,6.21,1.0
1214,69.0,4.0,10.0,6.5,5.83,8.38,4.5,6.75,4.08,9.59,7.75,8.87,7.71,10.34,1.0
1215,71.0,3.0,28.0,14.17,12.25,13.17,7.46,12.62,10.25,9.96,10.54,11.5,13.88,17.25,0.0
1216,77.0,6.0,15.0,7.21,9.21,20.5,4.79,6.08,6.87,11.0,5.54,7.46,7.54,14.0,1.0
1217,64.0,3.0,23.0,10.34,10.37,13.17,6.71,10.25,9.21,11.0,8.21,8.46,10.29,12.38,1.0
1218,70.0,4.0,4.0,17.46,9.79,12.0,8.87,10.46,6.67,11.34,6.75,10.21,9.71,9.17,1.0
1219,67.0,12.0,21.0,16.54,15.41,16.25,8.67,13.54,8.54,14.88,14.92,10.08,10.71,23.13,0.0
1220,67.0,9.0,13.0,4.25,2.17,9.87,1.87,2.21,0.96,3.67,1.5,2.33,1.54,2.54,1.0
1221,64.0,8.0,26.0,11.75,9.5,12.38,6.42,9.71,6.42,8.04,3.21,6.87,9.59,8.79,1.0
1222,64.0,10.0,9.0,15.09,15.75,9.21,6.71,14.29,6.96,7.12,5.04,7.71,7.21,8.21,1.0
1223,69.0,7.0,20.0,9.13,9.92,10.79,4.83,8.04,6.92,9.59,10.96,10.41,9.0,17.79,0.0
1224,69.0,10.0,22.0,9.96,8.29,7.46,3.88,8.25,5.58,3.33,6.25,6.34,5.91,10.75,1.0
1225,64.0,4.0,26.0,9.13,11.38,9.75,8.04,11.54,8.08,7.21,10.21,6.5,11.25,10.63,1.0
1226,75.0,7.0,10.0,10.08,7.25,12.08,5.46,7.12,3.42,6.67,2.96,7.87,3.33,7.17,1.0
1227,63.0,2.0,7.0,11.87,7.75,10.54,7.21,7.92,7.83,11.83,5.54,6.58,7.5,8.71,0.0
1228,74.0,7.0,2.0,17.58,12.83,13.17,5.09,9.46,6.13,7.58,8.79,7.41,6.17,8.58,1.0
1229,75.0,12.0,2.0,26.96,22.08,20.67,14.33,19.55,12.92,16.62,16.88,15.83,17.83,26.38,0.0
1230,76.0,11.0,25.0,17.46,15.25,12.17,5.83,9.17,11.0,13.04,12.42,11.71,13.83,22.54,0.0
1231,76.0,3.0,12.0,25.33,24.04,19.67,11.12,20.21,13.96,15.92,17.92,15.37,13.13,16.71,0.0
1232,64.0,11.0,12.0,12.21,12.46,9.42,6.58,13.92,8.54,14.04,9.25,8.42,11.38,18.38,0.0
1233,68.0,8.0,8.0,8.25,5.63,20.67,7.62,7.0,2.54,8.83,6.04,4.46,3.25,13.67,1.0
1234,75.0,8.0,9.0,17.83,8.46,11.79,7.92,7.54,4.75,5.29,8.92,9.54,6.67,9.21,1.0
1235,66.0,8.0,31.0,14.33,8.25,8.63,7.54,9.67,5.25,6.13,5.29,6.04,6.0,8.79,1.0
1236,64.0,7.0,29.0,8.21,5.91,9.38,3.13,9.59,8.33,6.71,7.79,6.83,6.83,12.67,1.0
1237,75.0,12.0,7.0,8.33,3.58,6.79,3.25,4.83,2.5,8.87,4.38,6.83,5.96,9.79,0.0
1238,71.0,3.0,19.0,33.04,25.41,26.75,20.46,23.5,18.46,24.25,19.21,19.79,23.63,26.58,0.0
1239,76.0,1.0,19.0,19.79,21.0,16.88,11.96,20.83,12.96,20.75,18.66,19.41,16.25,25.75,0.0
1240,62.0,7.0,28.0,4.5,4.08,5.25,2.33,3.42,2.29,2.88,6.34,3.13,4.83,7.71,1.0
1241,68.0,1.0,5.0,15.79,15.96,11.29,5.79,11.67,4.58,9.75,5.83,7.79,6.71,9.21,1.0
1242,66.0,3.0,8.0,7.17,3.46,6.21,4.71,7.75,5.0,9.04,5.91,6.42,8.83,9.71,1.0
1243,63.0,3.0,21.0,4.38,5.66,5.71,1.04,5.83,1.29,4.33,2.13,1.25,3.17,5.17,1.0
1244,73.0,6.0,1.0,14.92,11.34,10.54,5.25,11.21,7.79,8.12,9.54,8.71,9.67,16.46,0.0
1245,69.0,4.0,8.0,7.46,11.83,6.38,6.96,11.63,7.46,5.04,10.17,9.13,10.83,22.08,0.0
1246,68.0,10.0,11.0,24.83,22.83,21.17,14.0,21.42,13.67,14.42,20.91,15.21,19.17,33.21,0.0
1247,78.0,6.0,22.0,8.46,9.25,6.92,2.37,6.96,2.96,6.21,5.0,5.5,3.54,9.79,1.0
1248,75.0,5.0,1.0,22.54,16.04,17.16,7.75,13.92,8.75,13.88,11.04,13.42,11.46,15.25,0.0
1249,73.0,2.0,11.0,16.96,18.75,12.29,11.04,19.12,13.0,18.5,14.92,16.79,14.46,23.09,0.0
1250,71.0,11.0,15.0,7.54,8.17,6.46,4.58,11.29,7.75,14.37,7.0,12.46,10.67,18.54,0.0
1251,73.0,7.0,7.0,6.54,4.71,8.25,4.25,5.75,3.83,4.33,2.92,5.58,5.09,6.83,1.0
1252,65.0,7.0,16.0,5.29,6.79,6.96,2.33,5.13,1.29,5.41,4.12,4.21,6.21,8.17,1.0
1253,75.0,5.0,18.0,6.21,4.71,3.46,1.87,3.46,1.08,3.92,3.75,1.92,2.62,8.83,1.0
1254,61.0,1.0,22.0,9.59,5.88,9.92,2.17,6.87,5.5,9.38,7.04,6.34,7.5,10.88,1.0
1255,76.0,12.0,30.0,15.34,11.46,16.04,5.83,8.67,8.29,9.67,2.67,8.71,8.46,6.17,1.0
1256,74.0,3.0,13.0,5.25,2.29,6.08,2.5,4.33,0.33,4.04,1.75,2.96,3.25,2.54,1.0
1257,73.0,6.0,19.0,16.38,12.62,11.04,7.92,15.75,9.08,10.0,10.13,11.04,11.08,16.62,0.0
1258,69.0,5.0,6.0,5.13,4.46,7.46,1.71,5.29,0.96,2.04,1.83,1.83,2.29,5.09,0.0
1259,72.0,7.0,22.0,4.38,2.5,7.87,3.79,4.08,1.17,3.21,0.67,2.62,0.79,5.21,1.0
1260,66.0,6.0,22.0,7.75,5.75,5.79,3.58,3.46,3.42,3.63,1.58,3.46,2.92,5.66,1.0
1261,66.0,10.0,11.0,7.71,10.79,8.83,4.25,10.54,6.21,7.12,7.08,5.5,7.87,14.12,1.0
1262,71.0,6.0,4.0,12.29,2.92,23.71,5.25,7.87,8.96,9.96,7.58,10.54,7.21,9.75,1.0
1263,71.0,1.0,1.0,3.71,0.79,4.71,0.17,1.42,1.04,4.63,0.75,1.54,1.08,4.21,1.0
1264,78.0,1.0,24.0,11.21,5.37,8.17,6.83,7.41,6.58,13.92,8.54,9.75,8.83,12.29,0.0
1265,63.0,2.0,4.0,12.17,15.46,7.83,4.21,15.67,10.54,9.13,12.83,6.92,8.08,15.92,1.0
1266,69.0,1.0,21.0,10.25,5.13,11.79,5.04,3.54,3.17,5.04,6.42,2.62,6.92,12.54,1.0
1267,73.0,3.0,3.0,17.12,8.87,15.59,4.0,5.46,4.54,7.46,6.46,7.21,6.38,11.34,1.0
1268,62.0,12.0,22.0,17.83,17.5,6.71,3.58,11.04,9.13,5.71,10.92,7.33,9.46,15.75,1.0
1269,78.0,12.0,13.0,18.84,24.04,14.37,8.33,18.12,12.17,13.0,13.75,14.17,15.09,21.5,0.0
1270,78.0,7.0,30.0,13.37,10.79,7.62,6.13,5.13,6.08,2.92,6.5,5.96,5.37,8.38,1.0
1271,68.0,1.0,3.0,18.91,13.37,13.46,12.5,14.83,10.58,17.0,11.17,14.88,13.0,16.29,0.0
1272,74.0,12.0,28.0,25.84,22.83,20.88,14.96,25.92,16.62,25.33,20.04,22.63,16.88,15.75,0.0
1273,71.0,7.0,27.0,8.42,5.25,5.66,2.79,5.04,1.79,2.92,1.75,4.42,1.21,6.13,1.0
1274,72.0,7.0,12.0,10.04,10.08,11.87,6.08,9.87,6.5,7.29,9.08,8.5,8.17,14.46,0.0
1275,65.0,9.0,24.0,6.17,4.33,9.38,4.67,6.29,3.63,5.96,4.33,3.46,5.79,7.67,1.0
1276,75.0,9.0,22.0,22.21,20.91,19.67,12.04,16.21,14.96,16.25,19.29,17.54,18.12,28.79,0.0
1277,77.0,1.0,20.0,22.37,15.09,22.5,13.88,15.83,16.62,17.12,14.37,16.54,18.5,15.46,0.0
1278,61.0,11.0,6.0,7.96,5.83,4.83,3.04,7.92,4.71,8.21,6.63,6.08,8.12,12.58,1.0
1279,66.0,3.0,16.0,3.21,10.21,4.96,3.42,9.42,5.33,6.87,7.33,4.0,8.21,17.08,1.0
1280,64.0,10.0,1.0,5.83,2.58,13.13,1.79,2.58,1.29,3.08,3.58,2.13,1.96,4.42,1.0
1281,78.0,3.0,9.0,8.54,14.17,11.29,4.17,7.87,7.38,2.79,10.04,8.46,5.13,16.13,0.0
1282,67.0,5.0,3.0,16.88,14.42,15.75,10.0,16.21,12.38,16.46,12.38,11.34,13.62,18.38,0.0
1283,70.0,5.0,8.0,7.87,8.58,7.96,3.79,8.46,6.46,7.92,6.42,8.83,9.29,5.58,0.0
1284,67.0,9.0,4.0,22.58,19.92,16.46,12.08,16.62,12.38,14.54,13.7,12.38,13.21,19.25,0.0
1285,66.0,3.0,28.0,15.09,11.79,12.5,10.67,13.88,9.79,14.54,8.83,11.04,12.96,15.0,0.0
1286,65.0,1.0,10.0,28.88,23.38,24.92,15.59,15.96,16.13,19.62,17.37,13.0,20.25,21.71,0.0
1287,67.0,3.0,16.0,11.42,10.13,10.08,6.21,10.71,8.17,14.71,13.17,9.62,12.83,20.5,0.0
1288,78.0,3.0,29.0,17.16,16.66,17.46,10.96,18.46,13.04,20.08,14.21,17.25,15.0,19.0,0.0
1289,61.0,5.0,28.0,9.96,7.67,6.42,3.29,7.41,3.33,5.41,6.42,4.5,5.17,11.79,1.0
1290,66.0,8.0,9.0,20.08,17.46,16.38,9.79,18.79,12.92,12.79,14.88,12.29,13.13,18.12,0.0
1291,75.0,4.0,26.0,8.75,4.12,6.29,3.0,5.96,3.17,3.08,4.54,6.04,4.75,7.92,1.0
1292,61.0,11.0,9.0,7.71,6.21,3.83,1.87,6.21,3.33,8.21,1.42,3.37,3.71,6.34,1.0
1293,74.0,12.0,1.0,17.16,19.12,16.17,7.87,16.66,11.12,14.62,15.75,14.92,13.96,23.13,0.0
1294,78.0,5.0,2.0,13.83,11.87,7.92,4.08,10.41,7.25,9.62,11.83,9.33,11.04,13.13,0.0
1295,76.0,9.0,8.0,10.13,9.33,9.46,7.04,9.62,8.75,13.17,10.34,11.04,9.83,18.25,0.0
1296,67.0,5.0,8.0,15.12,11.67,15.96,8.46,12.62,8.87,10.71,6.25,8.21,5.83,6.96,1.0
1297,70.0,11.0,22.0,10.21,12.08,9.46,2.0,9.5,7.75,5.79,6.17,6.87,6.79,10.75,0.0
1298,65.0,12.0,16.0,15.67,14.92,11.67,5.83,14.0,9.04,8.21,9.75,7.38,10.71,15.5,1.0
1299,70.0,5.0,28.0,10.67,7.92,6.83,4.5,10.0,5.79,5.33,6.08,7.17,6.17,10.79,1.0
1300,75.0,3.0,20.0,10.71,6.63,20.54,4.5,6.13,2.46,8.71,6.96,8.87,6.04,7.71,0.0
1301,76.0,12.0,16.0,7.62,8.08,10.92,2.33,8.96,6.87,6.63,6.42,6.29,5.41,7.75,1.0
1302,71.0,3.0,5.0,7.41,4.29,8.04,2.13,4.46,1.46,8.58,3.42,5.96,5.88,9.25,1.0
1303,66.0,10.0,19.0,13.79,9.83,8.75,8.0,8.38,6.17,5.88,5.21,5.5,8.17,9.42,0.0
1304,78.0,1.0,7.0,6.0,3.04,7.08,2.04,4.71,3.75,8.08,6.87,5.46,6.17,12.08,0.0
1305,67.0,6.0,18.0,11.5,9.21,5.0,4.42,8.79,3.79,2.79,6.79,4.25,5.71,8.67,1.0
1306,68.0,4.0,4.0,7.25,7.58,7.38,4.71,6.04,3.25,6.58,8.25,4.21,9.08,10.88,0.0
1307,75.0,1.0,14.0,19.12,12.54,19.92,10.13,11.92,7.96,13.96,12.29,12.5,13.83,20.33,0.0
1308,77.0,11.0,11.0,30.84,30.34,26.42,18.05,25.8,17.71,24.13,21.29,19.21,20.71,25.84,0.0
1309,67.0,5.0,14.0,9.17,10.46,17.54,6.38,7.92,6.25,9.83,6.08,6.25,6.83,11.87,1.0
1310,66.0,2.0,13.0,14.58,16.21,11.0,4.71,14.5,6.79,11.63,9.67,7.0,10.54,14.37,0.0
1311,75.0,7.0,5.0,8.08,4.5,4.33,3.08,4.54,2.62,4.71,6.21,8.5,4.42,13.04,1.0
1312,73.0,4.0,16.0,10.71,8.5,8.87,6.34,7.04,6.0,8.46,6.96,8.42,8.63,7.96,1.0
1313,78.0,11.0,4.0,18.75,19.04,16.58,9.96,10.96,11.75,14.58,13.92,11.67,13.5,20.46,0.0
1314,65.0,9.0,9.0,15.54,9.62,9.87,10.0,13.04,10.04,16.33,11.54,13.29,13.59,16.5,0.0
1315,77.0,4.0,22.0,20.3,17.58,20.04,12.46,21.25,15.59,26.42,16.33,18.12,18.71,23.75,0.0
1316,77.0,2.0,2.0,16.38,13.33,15.54,8.79,11.12,10.75,9.21,9.25,11.21,11.34,12.46,0.0
1317,78.0,1.0,13.0,7.38,3.04,8.83,1.46,3.88,1.83,9.87,4.63,3.96,3.25,6.04,1.0
1318,70.0,10.0,20.0,24.92,17.92,22.58,13.13,16.88,10.67,16.33,15.29,15.83,13.75,24.75,0.0
1319,74.0,12.0,18.0,12.04,12.46,8.46,6.54,15.0,6.13,16.66,9.29,12.71,9.46,11.79,0.0
1320,64.0,2.0,9.0,3.67,2.96,3.67,1.08,4.29,1.33,7.54,4.17,1.08,5.25,11.29,1.0
1321,72.0,4.0,4.0,23.13,19.55,16.58,12.0,18.91,12.67,14.21,14.79,13.88,11.63,17.29,1.0
1322,77.0,10.0,30.0,27.71,20.08,25.12,15.0,13.54,12.92,18.05,17.41,14.54,16.79,26.67,0.0
1323,66.0,11.0,8.0,7.83,4.21,5.91,2.5,6.5,3.29,7.38,2.79,4.29,5.58,10.58,1.0
1324,75.0,9.0,28.0,20.33,16.92,17.33,8.67,13.59,8.5,9.96,10.13,10.71,9.46,13.21,0.0
1325,70.0,11.0,30.0,9.25,7.92,7.71,5.29,7.75,4.38,7.83,4.12,6.58,6.13,8.96,1.0
1326,74.0,11.0,27.0,22.71,23.0,13.42,13.54,24.04,13.42,22.5,20.04,17.83,18.63,25.12,0.0
1327,74.0,12.0,11.0,20.12,16.38,15.0,9.87,14.58,7.62,13.75,10.63,10.5,10.0,14.29,0.0
1328,71.0,7.0,11.0,9.17,6.17,5.13,3.96,8.38,3.79,8.29,5.63,6.79,6.67,8.87,1.0
1329,76.0,2.0,2.0,10.96,10.96,14.33,3.88,6.46,4.08,11.21,8.58,7.33,7.46,10.54,0.0
1330,76.0,11.0,8.0,9.79,9.13,6.17,1.71,8.58,8.04,5.33,7.33,5.71,7.87,10.34,0.0
1331,66.0,10.0,24.0,12.67,11.5,18.63,7.04,6.04,1.71,7.62,4.75,4.38,6.96,13.37,0.0
1332,64.0,9.0,5.0,11.63,8.04,8.71,5.04,11.12,6.79,5.63,8.87,6.71,6.75,11.17,1.0
1333,76.0,9.0,28.0,13.08,12.38,11.04,4.83,10.96,8.29,7.71,7.71,10.5,5.0,9.38,1.0
1334,77.0,12.0,2.0,21.79,15.12,20.96,10.25,15.96,15.0,20.33,14.54,14.83,14.17,15.34,0.0
1335,74.0,4.0,9.0,11.12,4.08,11.71,2.58,4.46,3.67,3.92,7.25,7.12,5.04,7.62,1.0
1336,65.0,5.0,11.0,7.58,8.25,6.83,4.83,7.96,5.46,3.79,5.0,3.29,8.12,10.21,1.0
1337,66.0,3.0,22.0,9.67,4.58,5.63,7.5,11.17,9.67,13.17,9.54,10.34,11.79,15.92,0.0
1338,77.0,2.0,7.0,18.75,18.96,15.04,10.0,15.63,12.5,16.66,9.96,12.87,10.58,13.79,1.0
1339,62.0,2.0,2.0,7.67,10.29,8.83,5.09,10.0,7.17,13.17,6.29,8.58,8.46,11.71,1.0
1340,65.0,7.0,19.0,4.54,3.71,12.0,5.83,4.33,7.33,8.83,7.0,7.58,8.71,7.33,1.0
1341,65.0,11.0,18.0,4.04,8.75,1.83,1.71,9.33,4.08,15.92,12.96,11.5,14.75,18.54,0.0
1342,78.0,10.0,7.0,15.09,21.0,14.33,7.92,15.79,10.83,9.04,10.46,13.33,10.34,18.41,0.0
1343,78.0,8.0,8.0,13.54,7.46,6.21,6.58,9.79,8.63,7.75,6.79,7.71,6.63,10.25,1.0
1344,67.0,8.0,24.0,8.54,11.34,7.08,4.71,9.13,4.33,2.83,7.67,3.21,3.54,10.08,1.0
1345,62.0,11.0,25.0,5.88,5.13,5.63,2.5,5.33,3.5,4.0,2.54,2.17,3.04,4.63,1.0
1346,76.0,6.0,13.0,12.21,11.54,13.08,6.46,9.13,8.12,10.79,12.46,10.37,11.04,20.33,0.0
1347,62.0,12.0,3.0,17.33,16.13,13.88,8.87,14.04,12.38,10.13,9.75,9.71,10.79,13.96,0.0
1348,68.0,5.0,17.0,9.83,6.0,7.41,4.29,9.17,4.0,4.46,6.54,3.67,4.5,10.54,1.0
1349,65.0,10.0,1.0,10.08,4.29,9.54,6.5,6.71,3.25,8.0,4.38,4.63,5.71,8.38,1.0
1350,73.0,6.0,10.0,12.71,8.42,7.87,6.87,11.79,8.79,10.0,8.46,8.96,8.25,10.88,1.0
1351,62.0,8.0,22.0,11.25,10.96,11.17,8.87,12.92,10.17,15.09,12.33,11.87,12.46,16.13,0.0
1352,68.0,5.0,16.0,11.63,6.96,8.04,7.87,10.0,5.21,8.79,6.5,6.38,8.08,6.34,1.0
1353,75.0,11.0,24.0,9.17,10.88,8.71,3.33,10.13,5.13,10.92,8.17,8.63,8.54,14.92,0.0
1354,74.0,8.0,25.0,14.54,12.92,12.58,5.29,13.7,8.08,10.54,11.08,11.96,9.71,16.96,0.0
1355,64.0,4.0,6.0,10.83,9.21,7.21,5.5,10.41,4.83,7.33,8.42,4.88,7.75,10.63,1.0
1356,64.0,8.0,24.0,15.83,14.25,17.04,10.0,15.87,12.25,15.34,14.12,11.5,15.46,19.29,0.0
1357,61.0,3.0,4.0,10.96,8.83,8.17,5.88,8.25,6.0,6.21,5.66,6.25,9.79,12.46,1.0
1358,63.0,8.0,17.0,24.33,15.12,18.75,14.5,15.12,11.12,15.67,11.04,13.92,16.66,12.08,0.0
1359,63.0,10.0,1.0,16.0,14.71,10.96,10.37,16.46,11.21,15.71,14.62,13.46,11.67,19.55,0.0
1360,77.0,12.0,6.0,10.63,4.38,15.09,5.75,7.96,8.75,18.34,13.46,12.29,11.04,12.62,0.0
1361,66.0,7.0,2.0,9.25,7.25,8.12,4.12,6.83,4.29,4.83,3.29,6.42,7.21,9.0,1.0
1362,69.0,1.0,3.0,4.17,2.37,6.29,1.67,4.0,2.37,7.96,5.41,5.04,7.25,11.96,0.0
1363,61.0,9.0,2.0,7.25,3.58,2.42,3.5,6.96,3.13,3.83,6.58,3.92,5.96,7.12,1.0
1364,71.0,10.0,29.0,9.75,8.17,7.38,3.75,10.92,7.71,7.92,8.38,8.08,10.5,20.71,0.0
1365,65.0,1.0,7.0,14.5,15.37,14.54,6.17,12.17,9.08,13.17,10.58,9.38,14.37,16.38,0.0
1366,73.0,2.0,23.0,19.58,15.92,11.29,13.21,17.62,13.04,16.38,15.29,18.12,16.96,20.08,0.0
1367,70.0,2.0,1.0,22.08,21.79,17.83,13.46,19.75,15.41,18.25,17.41,17.12,17.83,24.08,0.0
1368,73.0,10.0,28.0,6.83,9.83,11.08,2.96,6.87,2.83,3.21,2.71,3.79,5.04,5.04,1.0
1369,78.0,1.0,8.0,9.21,11.58,6.63,2.04,8.38,7.83,8.12,12.04,7.25,10.46,19.75,0.0
1370,72.0,10.0,21.0,8.46,5.13,10.96,4.67,5.75,4.71,10.88,8.04,8.75,5.79,12.17,0.0
1371,68.0,7.0,14.0,12.58,15.09,12.08,9.33,15.09,8.96,12.12,12.62,10.41,11.5,16.58,1.0
1372,64.0,8.0,7.0,16.17,14.71,8.46,7.67,15.96,9.62,9.21,10.21,8.33,9.5,14.67,1.0
1373,62.0,4.0,21.0,5.75,5.09,7.54,2.25,5.13,3.33,3.58,2.62,2.75,2.92,4.63,1.0
1374,63.0,1.0,23.0,14.04,11.42,11.5,5.41,11.29,7.71,2.17,7.08,5.66,5.04,7.21,1.0
1375,65.0,5.0,26.0,10.37,7.83,6.25,4.29,9.83,5.54,9.54,4.17,4.71,8.25,7.21,1.0
1376,78.0,2.0,17.0,14.67,17.75,13.5,4.67,10.21,8.29,13.33,13.59,10.04,7.79,12.12,0.0
1377,66.0,8.0,12.0,6.46,3.54,4.42,3.46,6.75,2.42,6.54,3.75,3.83,2.67,6.63,1.0
1378,63.0,6.0,20.0,11.38,11.67,13.0,7.62,13.17,9.5,8.67,12.46,10.21,13.25,17.67,1.0
1379,77.0,5.0,19.0,4.54,5.41,5.96,1.83,2.21,2.96,4.5,5.25,3.67,2.04,13.25,1.0
1380,67.0,4.0,24.0,14.09,13.0,11.38,8.54,12.0,10.37,10.71,10.83,10.5,11.63,17.04,0.0
1381,68.0,11.0,23.0,13.29,13.62,12.67,5.71,12.25,5.66,12.38,8.38,10.17,11.5,16.92,0.0
1382,62.0,1.0,15.0,31.13,22.34,26.25,18.25,20.54,17.25,20.38,16.83,16.96,21.67,25.88,0.0
1383,65.0,9.0,15.0,7.83,5.29,11.96,4.17,6.04,4.38,6.42,7.92,5.09,8.96,12.12,1.0
1384,67.0,3.0,4.0,15.92,13.21,14.96,11.38,10.79,11.79,14.71,14.88,11.79,16.17,21.04,0.0
1385,62.0,5.0,20.0,17.21,13.67,15.5,7.96,13.29,9.33,12.42,8.58,9.96,10.34,12.5,1.0
1386,61.0,6.0,20.0,4.0,3.25,5.13,2.88,8.58,4.46,7.92,6.34,6.5,7.83,11.0,1.0
1387,61.0,2.0,26.0,25.8,21.5,22.42,15.21,23.09,16.88,21.17,17.25,18.46,20.04,22.83,0.0
1388,74.0,5.0,27.0,8.75,6.21,6.08,4.25,8.25,3.17,6.17,8.54,5.63,7.58,10.34,0.0
1389,64.0,8.0,11.0,6.0,2.58,7.0,1.79,7.21,1.29,3.63,2.21,4.42,4.67,4.63,1.0
1390,63.0,3.0,4.0,20.08,18.96,18.34,14.58,18.79,15.67,14.42,17.67,14.54,17.41,21.54,0.0
1391,64.0,10.0,7.0,19.04,18.79,14.88,10.88,19.67,10.96,18.71,12.75,13.92,13.04,20.46,0.0
1392,61.0,7.0,6.0,8.0,3.75,7.62,3.54,8.0,4.58,7.08,6.87,6.25,6.21,10.21,1.0
1393,69.0,9.0,14.0,4.25,3.33,14.83,3.5,6.25,5.29,9.21,8.25,6.71,5.25,7.41,1.0
1394,78.0,6.0,24.0,17.58,12.38,10.13,10.41,16.33,11.0,12.67,11.83,12.25,10.83,17.0,0.0
1395,61.0,2.0,28.0,12.92,12.75,11.04,8.92,16.13,12.29,14.75,14.46,13.96,14.04,18.41,1.0
1396,68.0,8.0,30.0,10.17,9.0,9.29,5.83,11.54,6.42,8.54,8.08,7.38,8.33,16.13,0.0
1397,69.0,2.0,8.0,11.46,3.42,11.58,8.38,6.75,4.5,11.71,5.0,9.59,6.42,14.12,0.0
1398,67.0,7.0,18.0,11.5,9.13,12.62,7.38,10.34,6.87,7.12,7.79,6.79,10.63,12.04,1.0
1399,63.0,7.0,24.0,14.79,11.83,10.63,8.67,13.88,9.33,11.17,12.21,9.62,11.79,12.87,0.0
1400,78.0,11.0,19.0,13.88,11.67,8.79,4.96,7.87,5.37,11.08,7.21,7.29,6.92,16.21,0.0
1401,66.0,5.0,25.0,17.0,15.37,13.37,10.92,18.25,13.0,14.96,13.67,13.33,12.71,18.96,0.0
1402,66.0,5.0,23.0,14.5,13.33,11.29,9.13,12.75,11.29,15.04,10.79,12.71,13.21,15.87,0.0
1403,68.0,11.0,24.0,13.29,15.87,10.25,5.91,12.54,6.13,11.83,9.62,8.79,11.67,19.38,0.0
1404,65.0,9.0,11.0,14.42,7.38,12.08,7.41,9.75,6.75,10.92,7.41,8.96,10.29,8.79,0.0
1405,76.0,10.0,10.0,11.12,13.04,10.29,6.04,12.21,10.29,7.41,11.54,10.79,11.42,19.58,0.0
1406,78.0,11.0,27.0,9.08,6.5,8.21,1.67,6.71,1.0,2.33,2.04,1.29,3.29,7.04,1.0
1407,69.0,2.0,22.0,14.92,12.75,19.38,10.92,12.04,11.54,17.21,16.38,15.12,14.67,21.67,0.0
1408,66.0,7.0,25.0,12.17,10.5,9.83,6.96,13.29,7.62,9.42,8.46,9.46,8.33,14.21,1.0
1409,61.0,1.0,25.0,13.62,11.17,12.67,6.04,10.0,9.42,9.25,8.71,7.12,12.04,14.04,0.0
1410,78.0,11.0,28.0,9.46,7.25,8.38,0.96,6.5,3.75,1.96,4.75,4.71,4.12,9.0,1.0
1411,70.0,4.0,26.0,19.12,13.0,13.88,8.96,12.08,10.13,12.12,9.04,11.42,13.83,11.96,0.0
1412,78.0,7.0,13.0,3.13,3.96,5.17,1.33,2.67,0.96,0.83,2.75,0.54,1.5,10.13,1.0
1413,68.0,6.0,28.0,10.63,8.08,11.04,4.5,9.08,3.54,8.21,9.0,7.41,5.46,13.0,1.0
1414,65.0,2.0,3.0,8.67,3.17,12.38,2.46,6.21,2.71,4.21,4.5,3.88,5.83,5.13,1.0
1415,71.0,10.0,18.0,22.46,19.21,19.0,8.54,18.21,12.29,16.62,12.21,12.87,12.58,23.29,0.0
1416,72.0,3.0,31.0,12.21,11.04,12.08,6.13,11.17,7.04,8.54,8.96,9.17,6.96,12.29,1.0
1417,63.0,2.0,12.0,7.17,2.96,5.79,4.33,4.08,0.13,5.21,1.63,2.42,1.79,7.29,1.0
1418,68.0,8.0,17.0,11.25,9.83,8.67,6.67,10.58,5.91,7.41,8.21,6.71,4.38,10.92,1.0
1419,67.0,12.0,3.0,5.25,2.33,5.58,3.13,6.71,3.33,10.17,3.92,7.5,6.34,12.54,0.0
1420,64.0,2.0,25.0,15.83,14.12,14.88,11.42,14.04,10.41,11.08,12.58,11.29,15.29,17.5,0.0
1421,72.0,11.0,17.0,12.25,10.41,13.62,3.37,4.38,2.08,9.25,4.92,5.0,4.04,11.08,1.0
1422,76.0,8.0,22.0,15.34,10.92,9.59,4.75,6.83,8.04,7.08,6.92,10.21,7.92,8.33,1.0
1423,61.0,5.0,5.0,10.63,10.37,9.17,6.46,9.83,8.0,9.13,9.87,10.04,8.63,16.29,1.0
1424,68.0,2.0,7.0,8.42,5.41,4.04,0.96,4.29,0.46,5.63,4.04,1.58,2.37,7.71,1.0
1425,70.0,9.0,23.0,9.21,8.17,6.79,5.63,8.21,7.0,4.54,4.25,7.0,5.29,7.75,1.0
1426,69.0,2.0,20.0,14.37,14.04,32.71,13.62,18.58,13.21,21.67,17.75,16.13,17.88,22.79,0.0
1427,69.0,2.0,6.0,21.5,18.38,15.5,13.42,20.21,9.13,17.5,12.67,16.25,9.83,22.75,0.0
1428,63.0,8.0,9.0,9.71,10.41,8.96,5.54,10.67,6.21,7.96,5.96,7.41,7.29,10.29,1.0
1429,68.0,10.0,19.0,19.41,16.54,20.46,14.17,16.46,10.46,13.88,11.75,14.04,15.37,21.09,0.0
1430,63.0,7.0,12.0,3.08,5.96,4.25,2.79,5.46,3.37,4.79,5.75,4.75,6.58,7.92,1.0
1431,75.0,5.0,5.0,6.13,4.21,15.71,3.88,5.09,3.96,5.63,3.58,5.46,3.37,7.83,1.0
1432,74.0,7.0,10.0,16.71,13.75,12.92,7.08,14.88,9.04,11.54,14.37,12.0,12.04,18.25,0.0
1433,76.0,3.0,23.0,8.83,11.83,7.83,4.83,10.17,6.34,5.96,7.12,11.25,8.54,12.54,0.0
1434,63.0,5.0,8.0,14.0,12.87,15.37,7.87,15.04,10.83,11.67,14.29,11.83,14.46,18.54,0.0
1435,68.0,9.0,23.0,16.08,21.25,12.04,8.75,19.17,9.5,14.37,11.67,11.21,8.83,18.05,1.0
1436,73.0,2.0,1.0,14.79,12.33,6.67,6.67,10.37,6.58,8.0,6.34,8.75,6.08,9.92,1.0
1437,78.0,8.0,11.0,13.5,13.96,11.0,8.12,11.63,9.21,6.42,8.63,12.75,10.29,14.17,0.0
1438,63.0,12.0,4.0,13.96,10.83,15.5,7.75,10.29,10.17,16.08,12.79,13.17,12.12,12.71,0.0
1439,69.0,6.0,14.0,7.92,8.12,8.42,4.0,7.71,6.5,4.63,3.54,7.41,5.96,5.71,1.0
1440,72.0,6.0,1.0,5.58,5.25,5.91,2.17,4.92,1.58,3.25,4.12,4.08,4.38,11.58,1.0
1441,61.0,6.0,5.0,11.58,11.54,7.5,5.66,9.96,6.04,3.42,9.17,8.08,10.92,16.17,1.0
1442,68.0,2.0,14.0,17.08,14.71,15.41,8.21,12.92,8.17,14.71,13.08,10.25,4.83,13.13,1.0
1443,72.0,5.0,14.0,14.12,14.04,22.17,8.83,10.58,9.04,10.41,12.12,9.62,12.87,17.41,0.0
1444,76.0,4.0,14.0,27.84,21.37,20.38,13.79,17.79,12.92,17.67,15.5,15.79,17.58,20.46,0.0
1445,67.0,5.0,5.0,13.21,15.25,16.04,12.0,15.29,11.46,15.29,12.71,14.17,16.5,18.63,0.0
1446,62.0,12.0,31.0,22.67,16.88,28.67,14.12,19.75,17.08,27.79,25.21,19.83,17.79,25.46,0.0
1447,68.0,1.0,25.0,25.12,12.04,14.75,12.83,14.88,7.46,19.79,14.75,16.71,12.87,17.33,0.0
1448,62.0,8.0,6.0,11.46,8.83,6.75,4.08,6.42,3.63,5.63,7.0,3.63,7.12,11.08,1.0
1449,77.0,12.0,19.0,7.5,7.71,6.25,3.37,9.17,6.71,4.79,4.12,6.71,4.04,5.83,1.0
1450,76.0,3.0,27.0,14.25,14.62,14.54,9.13,20.46,12.17,20.88,17.75,20.83,18.41,23.21,0.0
1451,67.0,11.0,5.0,20.21,12.5,16.92,10.5,12.5,7.12,12.79,9.33,11.38,10.71,18.34,0.0
1452,66.0,6.0,12.0,6.79,1.83,8.75,3.88,0.5,1.38,2.5,1.33,4.04,5.58,5.0,1.0
1453,63.0,8.0,19.0,7.08,6.46,6.58,5.04,10.37,7.25,7.79,8.92,6.92,8.83,10.13,1.0
1454,76.0,6.0,5.0,8.71,10.37,13.08,3.21,4.17,4.88,6.5,10.5,9.33,8.5,16.58,0.0
1455,74.0,8.0,14.0,18.71,17.21,17.0,7.29,13.37,10.13,10.25,14.37,12.5,11.21,15.71,0.0
1456,73.0,3.0,18.0,4.42,4.79,8.12,3.46,4.83,1.54,6.96,5.29,6.96,7.25,6.96,1.0
1457,77.0,7.0,4.0,6.71,12.17,4.08,4.71,10.04,7.83,4.17,6.46,8.58,9.42,15.54,1.0
1458,77.0,5.0,20.0,6.38,6.04,15.63,4.17,2.79,6.25,10.83,3.13,7.46,4.38,5.71,1.0
1459,72.0,4.0,3.0,14.88,13.88,13.54,8.17,15.41,10.5,14.42,14.21,13.62,12.75,23.67,0.0
1460,72.0,10.0,6.0,15.12,12.79,7.62,3.46,8.12,4.54,5.75,7.46,6.63,5.83,9.5,1.0
1461,72.0,1.0,2.0,8.96,1.46,12.0,4.5,3.21,0.83,6.04,0.67,3.79,0.79,1.75,1.0
1462,73.0,2.0,19.0,10.58,8.33,7.79,5.66,9.67,7.21,12.0,8.87,10.88,5.96,11.17,0.0
1463,61.0,1.0,18.0,19.83,12.04,20.79,18.54,13.83,10.29,17.83,11.38,14.67,16.71,8.79,0.0
1464,70.0,6.0,21.0,22.71,13.04,17.41,14.83,17.71,14.17,15.41,12.75,16.75,17.83,13.29,0.0
1465,76.0,4.0,5.0,13.79,8.21,9.42,8.0,13.04,8.46,16.38,14.29,14.62,13.79,16.33,0.0
1466,67.0,10.0,14.0,24.5,21.62,22.08,12.12,22.04,14.17,19.33,15.87,15.21,16.79,26.42,0.0
1467,78.0,4.0,3.0,5.41,2.58,15.25,2.96,5.33,7.54,6.71,8.04,9.59,5.17,9.38,0.0
1468,78.0,6.0,21.0,10.04,8.21,10.71,5.33,10.37,5.46,3.04,4.96,5.09,3.63,7.71,1.0
1469,76.0,10.0,12.0,8.63,7.41,9.0,6.96,8.58,7.25,8.33,7.0,9.08,9.25,11.96,0.0
1470,61.0,8.0,30.0,3.63,4.67,4.88,2.37,5.63,3.17,4.58,7.58,4.58,6.96,14.33,1.0
1471,62.0,2.0,15.0,13.21,10.67,12.08,10.37,18.0,13.67,23.45,17.83,16.5,16.42,21.92,0.0
1472,75.0,10.0,9.0,4.92,3.21,3.75,1.0,3.21,0.79,4.58,2.67,3.25,2.46,8.58,1.0
1473,78.0,9.0,30.0,26.75,15.63,16.54,13.37,17.58,13.13,16.92,13.79,13.46,13.79,18.91,0.0
1474,67.0,1.0,22.0,18.38,13.92,14.04,8.12,14.33,10.08,13.29,10.21,9.33,11.25,15.12,0.0
1475,62.0,5.0,29.0,11.34,9.25,7.62,5.63,10.17,5.79,6.75,9.5,6.34,9.83,10.96,1.0
1476,76.0,9.0,14.0,20.83,17.29,20.62,9.67,14.37,11.21,12.17,11.04,12.33,12.29,19.25,0.0
1477,70.0,12.0,30.0,17.96,11.58,27.29,10.96,8.67,6.08,13.79,5.33,8.33,8.58,9.96,0.0
1478,77.0,9.0,7.0,6.46,3.17,4.75,1.08,3.37,4.21,8.17,2.75,4.88,4.33,11.5,0.0
1479,75.0,7.0,20.0,10.13,10.71,9.71,5.13,10.75,5.58,9.79,7.75,9.71,6.08,15.25,0.0
1480,75.0,9.0,25.0,13.5,12.12,11.5,6.58,12.67,8.04,12.42,10.67,11.87,10.21,13.59,0.0
1481,75.0,12.0,9.0,5.63,3.96,7.25,1.17,1.25,0.13,7.29,0.21,2.29,1.75,5.13,1.0
1482,73.0,1.0,6.0,10.58,9.04,7.54,2.25,5.96,3.0,5.79,4.5,5.54,3.08,5.37,1.0
1483,68.0,5.0,1.0,6.96,6.0,6.25,3.88,9.0,3.63,3.88,5.66,0.67,2.46,8.87,1.0
1484,76.0,4.0,22.0,16.04,12.25,16.42,6.83,10.41,10.17,14.79,10.21,11.42,8.38,11.5,1.0
1485,72.0,11.0,23.0,10.21,6.13,11.5,3.75,3.75,2.33,10.83,4.54,8.58,8.29,10.0,0.0
1486,62.0,2.0,15.0,13.21,10.67,12.08,10.37,18.0,13.67,23.45,17.83,16.5,16.42,21.92,0.0
1487,74.0,8.0,3.0,3.75,4.58,11.0,1.92,3.13,0.63,2.5,3.42,1.63,3.33,9.08,1.0
1488,65.0,11.0,26.0,11.5,11.5,9.54,3.63,10.25,6.83,9.33,6.0,5.25,6.87,11.75,1.0
1489,66.0,4.0,2.0,12.83,11.12,23.5,9.04,9.21,6.38,11.25,3.5,5.29,8.75,7.71,1.0
1490,68.0,3.0,12.0,5.96,3.29,4.29,4.21,5.83,3.83,6.25,4.92,4.54,8.12,10.75,1.0
1491,72.0,1.0,18.0,20.25,15.96,15.75,7.79,14.17,10.37,12.33,9.25,12.17,12.5,19.5,0.0
1492,68.0,2.0,10.0,17.46,19.62,17.0,9.08,17.16,10.63,10.04,11.5,9.33,7.12,13.7,0.0
1493,67.0,8.0,16.0,14.42,11.79,12.75,7.96,17.29,9.08,10.96,8.75,9.17,8.38,10.67,1.0
1494,76.0,1.0,26.0,11.96,7.62,11.0,6.54,7.25,5.09,11.46,7.21,10.0,9.04,12.87,0.0
1495,72.0,3.0,4.0,12.79,10.67,12.25,7.46,14.58,9.04,11.42,5.88,10.96,12.33,13.5,0.0
1496,68.0,7.0,31.0,4.58,7.58,9.71,3.5,6.63,0.92,2.37,4.67,1.54,0.67,10.96,1.0
1497,74.0,2.0,4.0,9.25,5.46,8.0,4.12,7.79,4.04,9.5,4.5,8.58,6.67,11.5,0.0
1498,68.0,10.0,25.0,5.04,1.58,5.29,1.04,4.5,0.37,1.13,2.21,2.0,1.71,5.83,1.0
1499,70.0,4.0,18.0,11.46,8.46,9.38,5.17,10.92,8.58,11.0,8.87,10.08,12.12,13.0,1.0
1500,69.0,12.0,2.0,13.13,15.04,9.96,8.96,16.54,10.71,12.87,14.67,13.67,10.79,17.25,0.0
1501,63.0,4.0,20.0,25.5,20.67,24.87,17.04,22.0,17.71,21.54,19.29,17.0,19.67,17.92,0.0
1502,62.0,7.0,17.0,12.92,10.54,5.46,6.25,11.29,6.63,4.54,8.83,5.66,9.04,9.33,1.0
1503,62.0,6.0,7.0,5.17,7.0,4.0,4.83,6.75,5.71,3.83,5.21,3.58,4.58,12.25,1.0
1504,66.0,3.0,3.0,11.25,10.08,10.75,5.96,12.62,8.71,10.46,10.17,8.33,12.96,17.08,0.0
1505,61.0,6.0,14.0,8.33,12.42,8.71,6.79,11.87,7.12,5.66,8.63,8.08,10.25,20.21,1.0
1506,61.0,3.0,13.0,11.21,11.34,12.33,5.63,11.17,10.58,13.96,10.5,13.88,11.5,19.7,0.0
1507,75.0,3.0,5.0,7.87,7.21,5.83,1.83,3.5,2.17,4.88,3.92,3.96,5.0,8.92,1.0
1508,65.0,7.0,20.0,7.38,5.71,6.83,4.5,7.87,2.62,4.79,4.0,3.37,5.21,5.09,1.0
1509,69.0,7.0,13.0,4.04,5.33,3.58,2.92,4.33,2.13,6.67,2.37,4.29,3.67,8.75,1.0
1510,71.0,8.0,13.0,6.92,3.71,6.58,3.5,7.08,3.54,5.79,5.41,6.25,6.0,10.83,0.0
1511,76.0,6.0,29.0,5.29,1.0,6.38,1.75,1.63,0.54,5.58,2.25,4.21,2.92,9.5,1.0
1512,63.0,11.0,4.0,13.5,11.04,19.29,8.83,10.54,8.87,16.13,11.71,9.92,11.34,12.38,0.0
1513,70.0,5.0,30.0,10.5,7.62,7.96,5.66,11.79,9.21,10.58,10.83,11.04,8.04,13.92,0.0
1514,64.0,11.0,3.0,10.21,6.58,21.59,6.5,6.29,4.71,8.54,5.54,5.96,5.0,6.17,1.0
1515,63.0,8.0,6.0,11.12,7.5,8.17,5.33,9.62,7.41,7.0,10.71,8.63,8.58,14.12,1.0
1516,70.0,9.0,25.0,14.58,17.29,11.79,7.25,13.17,9.33,4.5,10.83,11.67,11.46,18.79,0.0
1517,61.0,2.0,10.0,20.5,11.54,19.67,10.04,8.12,8.08,11.08,12.54,11.12,12.96,17.83,0.0
1518,63.0,11.0,26.0,22.83,13.96,14.0,12.12,13.37,9.83,14.42,10.83,13.96,12.62,14.21,0.0
1519,77.0,4.0,17.0,7.08,6.04,14.12,4.04,5.25,5.83,8.58,3.67,5.13,6.96,12.96,1.0
1520,66.0,3.0,1.0,23.13,21.46,17.62,9.21,16.38,12.08,9.38,14.09,9.83,14.88,22.13,0.0
1521,69.0,4.0,13.0,11.63,6.46,7.96,6.54,11.08,5.0,9.96,7.92,10.04,8.54,9.62,1.0
1522,78.0,10.0,19.0,4.46,4.17,4.83,2.83,6.54,5.21,5.54,6.54,7.41,8.46,13.13,0.0
1523,66.0,4.0,19.0,18.41,14.46,10.5,8.83,12.08,9.21,11.71,10.75,9.67,9.5,15.12,1.0
1524,61.0,5.0,23.0,4.96,3.96,3.58,2.42,3.75,2.25,3.13,2.83,4.5,5.54,6.13,1.0
1525,78.0,3.0,21.0,17.54,15.92,12.54,9.17,14.75,10.0,14.29,12.83,11.92,9.5,17.71,0.0
1526,71.0,4.0,13.0,10.79,4.12,9.62,4.25,8.25,4.71,5.63,5.96,6.46,4.54,4.46,1.0
1527,75.0,4.0,27.0,7.62,9.62,12.71,4.75,6.92,3.67,4.83,3.75,5.75,5.0,8.75,1.0
1528,63.0,6.0,26.0,13.17,10.71,10.83,9.17,14.83,9.59,12.71,11.63,10.67,11.54,14.09,1.0
1529,62.0,3.0,30.0,13.92,6.5,9.83,8.87,12.38,8.46,13.75,9.13,10.37,11.08,11.0,0.0
1530,61.0,7.0,4.0,17.5,10.75,14.92,12.0,12.62,9.62,14.92,11.08,13.13,13.5,12.46,0.0
1531,69.0,10.0,23.0,13.29,18.0,13.08,6.63,17.46,10.71,13.88,16.42,12.42,12.21,28.62,0.0
1532,72.0,5.0,1.0,12.62,12.92,11.42,4.88,11.0,3.46,6.67,4.04,5.13,4.96,11.92,1.0
1533,69.0,1.0,11.0,13.29,18.5,9.33,3.71,12.62,5.09,4.42,8.38,5.91,5.66,11.0,1.0
1534,63.0,7.0,3.0,2.0,2.17,8.25,2.58,4.83,3.13,6.46,5.96,6.34,6.0,6.0,1.0
1535,70.0,4.0,23.0,16.0,9.75,12.71,8.67,14.75,11.54,16.21,13.13,14.54,16.08,15.75,0.0
1536,64.0,1.0,28.0,16.04,11.12,10.63,10.46,13.17,8.67,15.87,11.54,12.21,13.75,16.66,0.0
1537,64.0,12.0,8.0,25.54,22.37,23.71,12.67,17.62,15.5,20.88,17.21,13.88,20.0,27.33,0.0
1538,69.0,9.0,8.0,5.96,7.5,5.83,2.13,5.09,2.92,4.0,7.08,3.13,5.83,12.38,1.0
1539,77.0,8.0,2.0,5.46,5.0,7.96,2.88,6.17,4.5,8.87,3.0,4.71,4.17,9.62,1.0
1540,63.0,1.0,22.0,17.16,12.04,14.33,6.13,13.62,10.5,11.92,8.75,4.58,7.87,10.79,1.0
1541,63.0,5.0,4.0,13.88,12.21,12.58,8.38,14.42,11.63,13.37,13.88,12.46,12.71,17.96,0.0
1542,62.0,11.0,8.0,4.12,3.25,11.08,3.42,5.0,3.21,4.42,2.04,2.54,3.04,2.96,1.0
1543,74.0,5.0,21.0,13.29,11.92,9.75,4.75,9.46,5.46,8.58,11.5,8.71,7.71,16.38,0.0
1544,72.0,8.0,29.0,6.08,1.63,8.12,2.13,3.92,1.5,6.92,2.62,6.21,5.37,3.21,1.0
1545,67.0,6.0,4.0,3.13,5.63,7.25,4.42,8.87,6.17,8.75,9.79,7.87,8.92,10.41,0.0
1546,69.0,3.0,24.0,3.58,2.83,8.38,5.04,4.58,1.75,7.04,2.75,3.21,4.79,4.92,1.0
1547,74.0,11.0,12.0,13.54,13.54,9.67,4.21,11.08,5.41,11.75,7.83,8.79,6.83,10.79,0.0
1548,63.0,7.0,6.0,4.04,5.41,2.83,2.17,4.5,2.79,2.67,6.75,3.33,6.34,10.71,1.0
1549,75.0,12.0,27.0,12.92,12.92,11.92,5.79,7.38,6.83,13.17,13.04,11.96,12.42,20.08,0.0
1550,77.0,11.0,5.0,20.33,17.75,16.46,9.0,13.5,10.63,15.29,13.17,12.42,12.96,16.96,0.0
1551,67.0,9.0,28.0,18.12,18.41,15.79,10.17,14.12,9.75,11.21,12.96,8.71,10.21,19.04,0.0
1552,77.0,1.0,23.0,4.67,8.75,4.08,0.92,4.58,5.54,2.04,4.29,3.5,4.42,10.75,1.0
1553,78.0,8.0,4.0,5.25,5.58,6.46,2.13,3.29,2.25,5.54,0.83,4.42,2.37,5.46,1.0
1554,66.0,11.0,7.0,13.7,10.0,10.37,5.79,7.71,4.96,6.17,5.71,4.46,8.25,11.75,1.0
1555,66.0,3.0,2.0,18.05,14.42,16.58,10.79,15.79,10.67,13.92,13.62,9.75,14.54,21.62,0.0
1556,78.0,2.0,1.0,27.25,24.21,18.16,17.46,27.54,18.05,20.96,25.04,20.04,17.5,27.71,0.0
1557,75.0,3.0,23.0,15.63,9.54,10.58,6.25,11.87,7.21,10.63,9.13,9.83,10.96,12.21,0.0
1558,68.0,9.0,25.0,14.04,11.96,12.46,5.71,11.87,7.79,8.0,9.08,7.58,8.12,12.92,1.0
1559,64.0,2.0,27.0,21.34,18.08,17.79,13.7,17.67,12.42,13.79,16.25,11.75,17.96,20.25,0.0
1560,74.0,6.0,2.0,13.0,9.54,11.83,6.54,13.88,7.38,12.04,12.46,11.38,10.71,18.54,0.0
1561,73.0,9.0,22.0,16.83,15.67,14.75,8.5,11.58,8.21,11.71,8.29,10.13,8.29,15.54,0.0
1562,62.0,9.0,6.0,10.92,8.92,10.08,4.75,8.29,2.21,5.25,8.04,2.88,7.17,14.54,1.0
1563,62.0,11.0,19.0,10.41,4.46,13.83,6.54,6.46,6.38,10.37,1.96,6.87,6.75,9.38,1.0
1564,69.0,10.0,12.0,18.79,21.59,16.17,9.62,16.21,11.12,10.63,13.96,10.92,11.54,16.04,0.0
1565,75.0,11.0,16.0,27.63,20.25,23.38,15.12,18.21,11.04,18.21,15.0,13.96,15.67,22.25,0.0
1566,72.0,10.0,1.0,14.17,12.62,11.17,6.38,11.29,8.25,11.42,10.37,9.21,9.25,15.04,0.0
1567,71.0,4.0,18.0,11.04,9.0,12.71,6.63,13.54,10.25,15.83,10.08,15.0,11.96,16.04,0.0
1568,67.0,2.0,3.0,12.54,11.42,11.21,9.33,13.67,11.5,20.12,14.25,14.54,15.04,21.17,0.0
1569,74.0,1.0,29.0,27.58,19.7,21.29,13.21,16.88,11.92,15.46,13.67,15.63,16.66,18.79,0.0
1570,74.0,4.0,1.0,15.83,14.79,12.12,7.29,14.37,8.04,8.38,12.71,9.0,8.25,11.08,0.0
1571,73.0,6.0,25.0,4.92,6.58,5.13,1.92,5.66,2.46,2.54,3.79,4.12,4.71,9.25,1.0
1572,61.0,3.0,19.0,11.42,9.46,13.46,6.17,6.83,5.79,7.75,6.5,7.04,9.38,11.29,1.0
1573,78.0,1.0,4.0,12.96,10.67,7.62,6.42,13.88,8.5,8.38,11.83,5.91,3.75,14.29,1.0
1574,72.0,5.0,27.0,23.42,14.42,16.92,13.25,17.96,12.75,18.0,14.17,16.46,15.41,17.33,0.0
1575,76.0,12.0,24.0,13.83,12.42,11.96,3.29,7.33,8.04,8.25,8.04,8.0,7.29,7.96,1.0
1576,78.0,3.0,24.0,16.88,14.83,11.75,8.42,16.46,9.92,15.46,13.62,14.46,12.21,15.63,0.0
1577,73.0,4.0,22.0,13.79,10.96,25.88,10.21,9.87,8.25,14.37,9.25,10.46,12.21,15.59,0.0
1578,71.0,9.0,11.0,10.46,6.5,10.17,5.17,10.54,8.21,8.21,6.71,8.92,8.17,9.62,0.0
1579,77.0,7.0,15.0,9.38,5.21,6.38,3.5,5.58,6.08,7.17,5.13,5.71,5.37,11.0,1.0
1580,71.0,8.0,26.0,9.42,9.62,8.0,4.12,11.46,6.54,6.46,8.83,8.12,8.46,13.0,0.0
1581,65.0,2.0,8.0,6.92,6.46,13.92,4.25,4.42,1.46,4.79,4.5,3.21,4.54,5.04,1.0
1582,61.0,9.0,6.0,17.62,12.54,11.58,10.17,14.54,9.13,14.09,10.79,12.71,11.71,15.83,0.0
1583,67.0,11.0,18.0,10.41,2.25,14.75,3.17,3.71,0.83,3.04,4.63,5.33,4.08,7.12,1.0
1584,63.0,7.0,20.0,3.96,5.54,5.75,3.88,8.71,4.58,6.5,6.17,4.17,6.13,9.75,1.0
1585,77.0,6.0,23.0,7.33,7.71,6.5,3.5,6.08,6.29,5.0,3.71,4.42,5.37,8.33,1.0
1586,76.0,9.0,22.0,5.21,6.92,2.88,1.13,4.12,2.37,1.63,1.13,3.0,1.13,4.33,1.0
1587,61.0,5.0,10.0,4.79,6.21,4.63,1.04,3.42,1.17,3.33,3.79,2.46,1.83,7.58,1.0
1588,71.0,12.0,7.0,5.46,0.42,5.09,0.5,1.63,0.46,8.33,0.04,2.17,4.08,7.54,0.0
1589,76.0,12.0,17.0,8.29,4.67,9.38,0.67,4.12,2.92,5.63,2.83,3.67,3.75,8.38,0.0
1590,65.0,11.0,14.0,22.54,13.83,19.7,8.0,17.0,12.0,11.63,14.5,9.29,9.29,15.37,1.0
1591,66.0,9.0,12.0,15.63,17.04,14.62,8.96,18.29,11.0,13.04,11.34,11.83,12.17,17.79,0.0
1592,71.0,7.0,14.0,9.29,6.75,6.13,5.71,6.87,3.46,8.04,4.5,8.17,7.33,6.25,0.0
1593,76.0,3.0,14.0,12.87,14.83,12.21,6.5,13.13,9.0,15.37,11.92,13.21,14.04,16.5,0.0
1594,72.0,6.0,20.0,19.0,15.71,14.25,7.17,15.29,10.71,10.83,13.67,10.54,12.08,22.46,0.0
1595,75.0,7.0,12.0,12.79,12.71,11.25,5.5,10.46,5.75,5.96,7.79,9.13,5.04,7.67,1.0
1596,78.0,5.0,5.0,14.67,10.0,9.96,7.17,9.42,5.37,8.79,7.17,8.17,8.87,10.63,1.0
1597,66.0,5.0,21.0,18.08,19.38,18.16,12.04,14.5,12.62,15.96,13.75,10.71,12.67,20.75,1.0
1598,71.0,8.0,25.0,3.79,3.92,6.29,3.0,5.04,3.04,2.79,5.25,4.54,5.88,12.79,1.0
1599,72.0,2.0,8.0,14.21,13.75,12.08,5.63,12.83,8.08,8.38,6.87,8.17,6.83,12.38,1.0
1600,76.0,8.0,28.0,9.46,6.83,20.75,5.09,6.17,5.13,13.59,4.83,9.08,7.12,9.17,1.0
1601,63.0,4.0,24.0,8.54,3.54,5.04,5.79,9.0,7.25,6.67,8.83,7.46,8.87,10.0,1.0
1602,65.0,6.0,23.0,22.42,19.41,20.75,14.54,24.33,17.12,21.04,16.33,18.25,20.04,24.58,0.0
1603,77.0,9.0,6.0,16.66,12.42,14.12,7.92,12.12,9.21,14.46,8.0,10.29,9.75,14.25,0.0
1604,66.0,8.0,8.0,9.96,10.71,9.54,3.88,12.29,6.83,8.25,8.58,8.29,7.54,13.21,1.0
1605,64.0,5.0,14.0,8.12,4.46,9.33,4.33,8.33,5.04,9.92,6.46,6.21,9.59,9.25,1.0
1606,65.0,5.0,14.0,6.58,7.83,6.71,2.62,4.79,1.96,3.37,3.54,2.0,3.5,9.38,1.0
1607,74.0,11.0,24.0,18.79,19.83,14.33,10.58,20.88,11.96,18.0,18.84,16.25,16.66,23.63,0.0
1608,64.0,8.0,15.0,4.21,6.13,4.67,2.79,5.54,2.58,2.79,2.37,2.25,4.83,5.33,1.0
1609,70.0,10.0,3.0,14.29,10.46,11.42,8.54,14.79,8.75,11.75,10.96,13.25,9.17,16.21,0.0
1610,77.0,5.0,7.0,11.71,10.13,11.38,8.87,12.67,11.63,17.08,13.0,13.0,15.16,16.38,0.0
1611,78.0,12.0,4.0,9.92,13.5,7.21,1.71,11.0,7.5,8.38,7.46,10.79,10.21,17.88,0.0
1612,75.0,12.0,4.0,7.38,5.37,7.5,2.79,7.92,3.42,11.29,6.21,10.41,6.5,9.75,0.0
1613,72.0,12.0,16.0,16.25,16.13,15.21,9.96,12.5,10.88,13.88,12.08,11.38,10.92,15.29,0.0
1614,76.0,11.0,21.0,7.5,1.42,9.59,1.79,1.29,2.75,8.46,1.54,2.25,5.54,6.38,1.0
1615,62.0,10.0,30.0,18.25,22.79,11.75,10.67,20.79,11.67,20.75,17.29,16.46,14.58,29.42,0.0
1616,68.0,9.0,13.0,3.83,4.96,4.21,1.58,4.21,1.04,1.42,2.83,1.21,1.96,4.67,1.0
1617,74.0,3.0,12.0,10.46,8.92,9.75,3.54,5.41,3.0,5.25,9.17,5.63,6.83,9.33,0.0
1618,74.0,7.0,31.0,13.54,7.38,13.04,4.58,8.42,2.88,3.13,3.71,4.12,2.33,5.83,1.0
1619,73.0,11.0,19.0,8.5,5.91,10.13,3.17,6.58,1.71,4.33,4.29,4.58,7.62,5.83,0.0
1620,71.0,5.0,20.0,7.96,3.46,8.33,2.54,3.21,1.0,1.21,2.71,3.04,4.33,5.54,1.0
1621,75.0,6.0,20.0,5.41,1.79,6.38,2.0,4.88,1.25,4.42,4.33,5.37,3.63,8.25,1.0
1622,77.0,6.0,1.0,7.08,5.25,9.71,2.83,2.21,3.5,5.29,1.42,2.0,0.92,5.21,1.0
1623,71.0,3.0,7.0,5.33,3.5,6.34,1.5,3.46,0.33,3.42,2.54,3.75,1.75,3.29,1.0
1624,74.0,5.0,22.0,18.08,15.67,10.37,9.5,17.75,10.83,14.62,16.38,12.83,12.12,19.0,0.0
1625,62.0,8.0,16.0,11.17,8.25,10.21,6.04,10.96,5.88,11.38,6.79,7.54,7.5,11.5,1.0
1626,73.0,10.0,29.0,7.21,5.83,4.17,0.5,3.63,0.46,1.58,1.46,0.42,2.92,4.88,1.0
1627,70.0,3.0,2.0,15.34,15.12,13.79,9.62,10.71,8.33,10.63,11.42,9.59,10.75,19.5,0.0
1628,68.0,6.0,29.0,12.0,16.25,12.96,9.75,16.08,9.75,9.13,11.67,9.79,9.59,18.96,0.0
1629,63.0,6.0,30.0,10.63,10.83,19.0,8.08,8.83,7.25,11.58,10.08,7.38,12.08,13.5,1.0
1630,72.0,6.0,3.0,13.79,10.21,11.83,5.71,11.08,8.25,11.38,8.96,8.83,10.96,19.0,0.0
1631,77.0,3.0,25.0,19.12,19.5,14.62,7.58,17.67,14.25,12.08,12.92,10.58,8.75,12.79,1.0
1632,69.0,8.0,29.0,7.96,7.17,9.04,5.09,6.96,4.04,5.91,4.54,4.83,6.34,5.29,1.0
1633,66.0,11.0,17.0,22.92,16.83,20.75,12.17,13.04,9.71,13.92,9.59,12.46,15.37,18.75,0.0
1634,67.0,10.0,8.0,14.71,14.75,15.71,5.54,9.92,7.29,11.38,8.96,7.0,9.67,15.25,1.0
1635,66.0,8.0,6.0,6.13,6.0,6.96,1.71,5.63,1.79,3.17,1.83,2.17,2.71,5.09,1.0
1636,63.0,1.0,14.0,11.92,6.83,10.88,4.75,4.33,2.25,10.46,6.54,5.04,6.0,6.63,1.0
1637,68.0,3.0,7.0,14.0,12.54,26.12,8.04,8.96,3.71,10.75,7.38,4.33,7.71,13.33,1.0
1638,70.0,8.0,23.0,5.04,3.46,5.96,1.79,2.54,0.63,1.42,0.5,2.5,0.13,2.83,1.0
1639,75.0,6.0,19.0,15.37,12.96,16.13,9.21,12.71,8.96,11.71,14.09,12.21,11.0,20.33,0.0
1640,73.0,2.0,14.0,18.46,19.0,10.13,8.25,12.04,7.96,10.88,9.62,10.41,5.04,20.21,1.0
1641,63.0,11.0,16.0,16.5,14.67,8.58,6.67,12.79,5.66,6.29,6.08,2.54,3.37,14.58,1.0
1642,77.0,12.0,28.0,19.7,12.75,15.63,9.75,10.0,5.83,12.58,9.59,10.0,8.83,14.54,0.0
1643,68.0,12.0,25.0,10.88,12.54,11.29,5.75,10.0,4.08,9.59,8.04,7.67,8.87,10.21,0.0
1644,77.0,9.0,9.0,11.38,11.34,10.71,5.33,8.42,8.5,11.75,8.83,8.21,7.33,15.87,0.0
1645,74.0,8.0,2.0,5.17,5.83,7.17,3.04,7.08,4.5,6.83,8.46,6.29,6.46,10.37,1.0
1646,75.0,9.0,1.0,5.96,2.71,5.29,1.67,2.96,0.58,5.5,3.25,2.25,1.46,12.42,1.0
1647,76.0,10.0,25.0,4.58,1.79,7.5,1.42,0.87,0.83,0.92,0.17,1.46,3.13,7.12,1.0
1648,65.0,5.0,5.0,11.42,9.25,10.08,8.42,12.92,11.0,15.25,10.29,12.08,14.42,12.87,0.0
1649,72.0,9.0,11.0,9.83,9.29,8.25,4.83,8.25,6.58,12.38,6.13,9.92,7.04,12.58,1.0
1650,68.0,6.0,18.0,6.25,6.17,8.12,4.29,10.75,3.79,5.96,5.46,4.46,3.75,12.12,1.0
1651,70.0,4.0,6.0,14.88,14.54,23.75,8.75,9.87,9.21,14.42,11.42,9.5,11.21,15.25,0.0
1652,77.0,9.0,23.0,24.79,23.09,15.71,10.0,20.58,14.46,15.21,12.46,11.71,11.75,16.79,0.0
1653,65.0,12.0,1.0,10.29,10.46,10.08,3.83,10.5,8.21,9.96,5.29,6.25,7.12,10.54,1.0
1654,71.0,11.0,14.0,9.29,5.46,9.33,3.17,6.83,3.54,7.58,4.21,6.21,6.42,9.38,0.0
1655,64.0,12.0,2.0,10.29,8.46,9.38,5.29,12.21,7.5,15.04,9.04,10.63,12.46,14.58,0.0
1656,75.0,12.0,20.0,3.37,2.5,3.92,0.33,1.67,3.04,9.17,2.25,6.79,4.79,8.54,1.0
1657,76.0,1.0,15.0,2.92,7.41,4.67,2.04,4.92,2.88,8.38,5.75,8.29,7.46,11.21,0.0
1658,74.0,10.0,13.0,8.12,5.09,4.79,2.33,6.63,2.04,8.17,3.96,5.54,3.42,8.46,1.0
1659,61.0,7.0,17.0,4.25,3.08,5.46,1.46,5.04,1.96,7.08,5.21,5.66,7.62,6.17,1.0
1660,74.0,10.0,8.0,13.33,9.21,13.5,5.54,8.38,5.21,9.33,7.62,5.63,6.04,13.37,0.0
1661,62.0,9.0,23.0,9.25,10.67,9.62,3.75,10.54,6.38,8.33,11.67,6.58,12.54,19.67,0.0
1662,74.0,8.0,26.0,15.67,11.71,8.42,4.83,9.92,5.5,6.67,6.34,5.79,6.0,11.17,1.0
1663,63.0,7.0,1.0,3.83,5.5,8.5,4.12,6.79,4.04,8.54,8.25,8.04,9.0,10.75,1.0
1664,62.0,6.0,21.0,17.58,16.42,19.83,11.67,15.34,10.96,16.04,15.71,12.58,15.87,18.79,0.0
1665,68.0,1.0,22.0,7.21,4.67,3.08,0.92,4.21,0.17,0.54,1.33,0.67,2.04,6.58,1.0
1666,74.0,4.0,26.0,8.12,4.88,14.25,4.54,5.71,3.67,7.62,6.29,5.75,5.75,3.88,1.0
1667,74.0,9.0,16.0,8.83,9.29,8.71,3.54,5.58,4.63,6.13,9.08,5.75,5.79,11.0,1.0
1668,76.0,6.0,7.0,11.29,13.37,6.83,3.83,10.21,6.67,5.54,5.13,8.38,5.75,11.34,1.0
1669,77.0,11.0,23.0,18.0,19.87,15.0,11.42,19.38,13.75,23.83,19.7,17.37,16.58,26.38,0.0
1670,69.0,1.0,10.0,9.33,3.29,15.21,6.0,5.88,5.25,12.04,3.96,7.67,9.21,6.04,0.0
1671,63.0,12.0,31.0,13.88,14.42,12.12,9.25,14.33,10.67,18.29,11.96,12.04,15.37,16.79,1.0
1672,67.0,9.0,2.0,14.04,12.92,12.17,9.17,17.21,12.12,15.0,14.62,11.87,10.83,19.62,0.0
1673,62.0,6.0,27.0,9.0,4.75,7.92,6.08,7.83,6.13,11.92,8.5,8.96,10.75,9.96,0.0
1674,73.0,3.0,22.0,11.25,12.04,11.12,3.96,9.21,7.12,9.0,13.67,7.21,10.83,21.25,0.0
1675,76.0,4.0,6.0,20.96,10.37,8.54,7.75,14.37,7.79,14.71,13.42,13.21,14.75,14.33,0.0
1676,61.0,11.0,18.0,13.67,9.33,14.29,5.41,10.25,7.62,9.29,7.75,4.71,5.71,9.59,1.0
1677,73.0,6.0,17.0,11.96,10.25,11.21,5.75,11.25,9.17,11.21,9.83,10.37,8.71,15.21,1.0
1678,73.0,11.0,21.0,6.67,8.33,7.54,2.42,8.08,3.25,0.0,3.42,4.92,2.79,8.25,1.0
1679,69.0,6.0,23.0,3.46,4.38,5.37,2.71,4.71,3.42,3.63,3.54,1.71,2.92,9.38,1.0
1680,75.0,2.0,8.0,15.41,14.17,10.54,4.08,11.29,5.83,7.54,9.42,9.62,5.71,12.38,1.0
1681,70.0,7.0,5.0,10.71,8.83,10.92,5.13,8.83,8.12,9.0,9.13,8.87,9.04,19.12,0.0
1682,63.0,8.0,8.0,14.46,7.75,10.83,8.58,13.62,8.96,13.5,10.29,12.25,12.79,12.92,0.0
1683,61.0,4.0,1.0,8.38,6.34,8.33,6.75,9.33,9.54,11.67,8.21,11.21,6.46,11.96,1.0
1684,68.0,6.0,3.0,10.96,9.83,8.08,5.04,8.46,3.58,3.29,6.29,3.83,3.13,14.46,1.0
1685,66.0,7.0,15.0,18.75,13.29,11.34,9.54,15.79,10.46,10.25,10.92,10.37,10.96,15.37,1.0
1686,63.0,7.0,17.0,11.75,10.63,10.92,6.25,10.58,7.58,9.75,10.5,7.71,11.92,12.5,1.0
1687,77.0,2.0,3.0,14.21,14.04,13.88,7.46,11.67,11.58,18.29,9.5,12.67,12.92,16.08,0.0
1688,77.0,8.0,5.0,8.75,8.87,11.42,4.92,5.04,5.46,9.0,4.42,5.79,6.83,9.46,1.0
1689,70.0,2.0,28.0,9.96,8.38,16.29,4.79,5.41,3.42,6.42,4.63,5.0,3.17,4.58,1.0
1690,73.0,5.0,28.0,3.04,3.83,5.63,2.5,5.83,2.33,4.83,2.33,6.13,4.17,4.21,1.0
1691,61.0,2.0,10.0,20.5,11.54,19.67,10.04,8.12,8.08,11.08,12.54,11.12,12.96,17.83,0.0
1692,76.0,6.0,14.0,7.75,7.17,10.71,4.0,6.04,6.0,11.92,5.91,10.13,6.58,16.21,0.0
1693,73.0,3.0,12.0,6.42,8.42,11.83,2.21,3.96,2.04,6.58,3.75,6.42,4.33,3.5,1.0
1694,77.0,11.0,16.0,18.79,18.63,12.62,8.25,15.16,10.54,13.54,12.25,10.67,6.63,21.5,0.0
1695,62.0,10.0,2.0,8.79,5.58,8.67,3.21,9.42,6.0,7.12,7.83,6.58,9.33,15.79,1.0
1696,71.0,4.0,20.0,9.25,11.42,5.17,3.25,7.29,4.29,3.88,4.38,6.0,4.38,7.46,1.0
1697,67.0,10.0,6.0,16.62,19.62,16.13,7.5,12.5,10.13,13.46,16.46,11.0,14.09,24.08,0.0
1698,63.0,4.0,25.0,4.25,6.0,4.92,2.75,4.0,2.0,4.83,2.04,2.83,3.83,8.58,1.0
1699,61.0,11.0,16.0,7.5,4.21,9.0,2.42,5.04,1.83,2.29,1.04,0.75,2.0,0.71,1.0
1700,62.0,12.0,16.0,17.83,12.62,13.25,12.42,13.13,11.58,16.54,9.67,12.42,16.54,15.09,0.0
1701,68.0,2.0,2.0,14.62,16.29,8.92,8.04,12.38,6.34,13.46,8.25,12.21,6.79,16.04,1.0
1702,74.0,6.0,22.0,20.12,19.41,14.04,7.08,13.75,9.79,11.54,16.25,11.54,9.42,13.59,0.0
1703,64.0,11.0,17.0,15.5,16.54,11.75,5.17,11.54,7.67,9.62,8.17,6.58,6.5,10.5,1.0
1704,64.0,8.0,19.0,12.54,7.71,11.46,7.83,10.79,6.67,10.67,7.92,9.25,12.21,10.34,0.0
1705,77.0,9.0,19.0,9.92,4.63,11.83,3.33,3.67,4.5,8.5,2.42,4.58,3.42,6.92,1.0
1706,76.0,12.0,25.0,9.59,6.13,14.83,4.38,5.75,4.96,5.96,3.92,5.0,4.88,4.67,1.0
1707,72.0,11.0,5.0,4.92,6.42,6.38,2.37,3.17,2.67,3.88,5.96,3.92,3.5,9.38,1.0
1708,65.0,4.0,20.0,11.54,4.92,16.42,5.71,6.83,4.42,8.04,3.17,4.63,8.08,4.83,1.0
1709,72.0,5.0,5.0,8.29,6.29,20.25,6.34,5.17,3.92,9.71,2.54,6.58,7.12,6.21,1.0
1710,67.0,6.0,19.0,9.67,10.04,8.96,4.38,12.08,6.5,8.63,10.13,7.87,8.29,16.0,1.0
1711,78.0,9.0,23.0,10.04,13.08,12.62,4.21,8.96,8.17,11.25,13.17,11.17,11.67,19.92,0.0
1712,77.0,8.0,6.0,6.71,2.71,13.37,2.88,1.71,2.79,6.34,1.75,3.54,2.75,4.58,1.0
1713,66.0,11.0,16.0,28.33,24.41,27.04,19.04,23.0,18.12,21.87,19.21,20.46,23.83,27.12,0.0
1714,61.0,4.0,5.0,18.12,14.62,18.29,10.63,13.33,10.83,9.25,8.21,10.34,8.5,17.16,1.0
1715,68.0,3.0,17.0,25.25,28.46,17.21,19.5,29.54,19.75,24.5,28.21,22.67,21.79,34.92,0.0
1716,68.0,3.0,4.0,9.04,4.33,6.0,3.96,7.41,5.09,10.75,5.09,7.41,9.54,12.29,0.0
1717,77.0,10.0,5.0,7.33,6.34,6.54,1.42,6.63,4.58,7.75,5.83,7.0,6.87,11.54,0.0
1718,61.0,9.0,29.0,19.12,13.62,17.16,9.59,14.67,9.13,9.21,12.38,9.25,14.0,20.3,0.0
1719,77.0,5.0,11.0,17.41,14.71,16.66,7.71,14.09,11.58,15.71,12.62,12.71,13.37,18.08,0.0
1720,77.0,6.0,22.0,6.0,3.25,4.21,1.71,3.79,3.58,2.79,1.17,2.92,2.96,2.96,1.0
1721,68.0,7.0,1.0,7.17,5.29,8.29,3.04,8.42,3.42,2.71,6.42,3.29,4.92,14.75,1.0
1722,65.0,8.0,16.0,7.87,4.08,6.92,2.04,3.17,2.0,4.21,2.5,2.33,3.0,8.5,1.0
1723,66.0,7.0,23.0,9.5,9.79,10.37,7.96,16.42,9.59,13.21,8.54,12.21,10.46,14.71,0.0
1724,72.0,6.0,23.0,10.37,8.96,9.38,6.04,12.67,8.25,12.58,6.17,11.0,8.67,14.92,0.0
1725,62.0,9.0,4.0,13.25,9.71,12.33,5.66,11.42,6.5,6.46,6.08,5.37,6.54,7.29,1.0
1726,65.0,5.0,23.0,6.83,4.42,10.5,5.17,4.96,6.79,12.83,8.08,6.25,10.54,9.21,1.0
1727,78.0,11.0,9.0,12.79,13.67,7.29,3.17,10.83,8.42,6.21,13.5,9.21,13.37,24.17,0.0
1728,73.0,8.0,29.0,14.17,12.12,10.08,6.04,10.63,6.21,5.75,6.75,7.38,6.29,13.79,0.0
1729,63.0,9.0,27.0,11.92,10.25,9.17,7.12,13.46,10.83,15.0,11.38,12.38,13.21,17.12,0.0
1730,76.0,6.0,16.0,8.75,7.12,8.87,3.83,4.04,4.42,3.37,4.38,5.91,3.21,9.13,1.0
1731,77.0,2.0,5.0,14.58,14.75,12.67,5.96,10.21,8.71,10.08,7.0,7.83,9.08,13.96,0.0
1732,64.0,12.0,1.0,23.87,18.46,14.33,9.59,12.87,8.87,12.42,11.63,9.25,11.42,18.54,0.0
1733,64.0,11.0,26.0,18.12,14.67,15.04,7.21,12.29,10.58,13.21,13.29,10.54,14.79,21.29,0.0
1734,68.0,1.0,31.0,20.67,21.0,18.0,13.21,17.46,10.58,16.0,14.67,12.92,12.0,17.25,0.0
1735,75.0,1.0,28.0,16.29,13.67,14.04,8.92,14.12,8.67,14.75,12.21,13.37,11.46,17.25,0.0
1736,78.0,6.0,13.0,7.0,5.04,8.0,3.04,6.71,4.46,5.04,3.79,4.46,2.5,8.46,1.0
1737,78.0,10.0,5.0,12.25,13.54,14.54,6.92,11.71,11.25,15.34,13.7,13.96,13.42,21.29,0.0
1738,72.0,1.0,8.0,14.46,10.29,16.17,8.79,12.58,11.29,17.0,9.21,13.29,15.59,11.34,0.0
1739,64.0,7.0,23.0,7.25,5.09,3.83,4.17,7.41,4.83,6.83,6.42,6.25,7.58,10.83,1.0
1740,69.0,10.0,13.0,14.25,8.5,17.79,9.83,10.5,8.12,11.92,8.12,10.75,12.46,12.08,0.0
1741,62.0,2.0,5.0,13.83,12.75,12.71,7.62,12.12,10.13,15.75,11.83,12.17,12.38,19.29,0.0
1742,62.0,3.0,2.0,8.08,7.29,6.54,3.08,8.71,4.63,9.59,6.17,4.29,5.63,11.42,1.0
1743,62.0,2.0,4.0,20.3,16.96,17.83,11.08,19.46,13.25,18.88,11.29,15.34,13.83,17.08,0.0
1744,72.0,9.0,2.0,6.08,4.67,11.17,3.13,2.58,2.08,4.75,2.58,4.0,2.71,6.63,1.0
1745,64.0,6.0,2.0,10.75,11.67,22.29,7.38,10.54,6.79,10.67,11.96,8.87,11.58,15.75,0.0
1746,74.0,2.0,27.0,7.5,8.67,6.92,1.58,7.79,3.33,3.79,5.13,3.58,5.37,8.42,1.0
1747,71.0,12.0,20.0,21.84,21.17,20.08,10.63,20.38,16.46,21.92,17.54,18.71,18.5,28.16,0.0
1748,63.0,7.0,22.0,3.88,2.08,3.67,1.67,4.08,1.5,6.5,3.46,3.88,4.83,4.75,1.0
1749,76.0,7.0,21.0,9.13,6.29,7.96,3.92,6.67,4.12,7.92,3.67,7.29,6.42,8.42,1.0
1750,66.0,1.0,8.0,13.42,10.17,16.21,12.04,10.71,9.08,12.5,8.96,11.42,14.96,16.79,0.0
1751,68.0,3.0,8.0,10.0,7.12,9.29,6.13,6.25,3.71,5.79,5.66,4.46,9.67,8.58,1.0
1752,61.0,12.0,18.0,12.17,11.63,8.08,1.79,8.71,6.63,4.79,3.88,3.79,3.88,5.83,1.0
1753,63.0,1.0,5.0,7.5,6.04,9.87,3.37,5.96,6.29,13.08,12.46,7.04,11.63,14.96,0.0
1754,62.0,11.0,9.0,12.42,13.62,23.63,8.5,9.87,9.04,12.58,9.29,8.25,11.75,14.12,0.0
1755,65.0,1.0,24.0,3.71,1.75,7.21,1.0,3.54,0.79,5.58,0.54,1.04,3.08,3.33,1.0
1756,72.0,3.0,24.0,8.25,10.41,9.46,6.38,11.29,7.17,6.04,6.71,8.58,8.17,8.63,1.0
1757,77.0,12.0,10.0,15.29,14.62,11.71,5.21,10.13,8.21,9.75,11.5,10.21,10.83,18.0,0.0
1758,64.0,7.0,18.0,11.54,9.5,4.12,4.08,10.21,4.92,4.63,9.87,5.29,5.33,10.79,1.0
1759,70.0,4.0,1.0,18.96,12.17,19.25,10.21,10.88,8.87,13.08,8.29,9.83,11.79,15.29,0.0
1760,67.0,12.0,21.0,16.54,15.41,16.25,8.67,13.54,8.54,14.88,14.92,10.08,10.71,23.13,0.0
1761,75.0,3.0,15.0,10.37,6.0,15.09,4.79,4.21,1.87,7.83,5.71,5.5,7.04,9.13,0.0
1762,78.0,1.0,18.0,12.92,10.63,12.42,4.79,11.87,7.67,7.92,8.5,8.04,8.12,13.62,0.0
1763,76.0,2.0,13.0,12.12,7.25,14.04,5.63,5.09,2.37,8.79,3.21,4.38,3.54,5.83,1.0
1764,66.0,5.0,8.0,16.88,13.67,10.17,5.91,9.33,5.04,5.96,5.54,4.46,6.13,9.46,1.0
1765,64.0,4.0,28.0,15.59,11.63,12.25,7.29,14.62,9.33,11.63,8.08,8.79,11.46,14.25,0.0
1766,66.0,9.0,20.0,5.09,3.0,4.0,0.46,3.46,0.58,1.71,0.37,0.79,2.42,6.25,1.0
1767,63.0,1.0,10.0,25.58,19.75,24.0,10.41,20.25,12.0,19.38,16.71,12.25,12.33,17.37,0.0
1768,63.0,10.0,9.0,10.08,9.42,10.29,6.08,17.33,11.83,15.25,14.92,12.71,15.54,23.38,0.0
1769,62.0,10.0,23.0,1.5,3.75,3.5,0.67,3.29,3.54,6.54,7.83,4.46,8.0,12.79,1.0
1770,68.0,10.0,12.0,24.92,22.67,20.17,14.62,27.04,17.5,20.41,20.96,19.55,20.12,34.54,0.0
1771,61.0,9.0,23.0,10.25,7.29,8.17,5.83,8.12,6.46,6.08,7.33,6.08,7.5,10.46,1.0
1772,78.0,7.0,27.0,14.96,14.62,15.63,9.25,13.29,12.46,10.5,12.87,13.67,13.17,20.12,0.0
1773,64.0,2.0,3.0,16.08,13.5,13.83,10.41,15.46,11.67,16.79,12.5,12.96,16.33,20.58,0.0
1774,62.0,9.0,12.0,12.67,9.67,9.71,5.79,10.75,5.58,7.54,8.17,5.71,8.67,12.67,0.0
1775,78.0,9.0,15.0,11.5,11.87,11.34,7.46,13.59,13.21,14.96,13.21,13.33,11.17,19.25,0.0
1776,62.0,2.0,14.0,12.96,7.5,12.96,6.96,8.5,5.54,11.71,3.33,7.46,7.62,10.25,1.0
1777,77.0,8.0,9.0,5.79,2.5,5.46,1.92,1.42,1.96,3.71,1.13,2.33,1.79,5.91,1.0
1778,73.0,9.0,3.0,14.12,15.21,14.71,6.17,8.12,6.21,3.71,4.92,5.41,3.04,5.5,1.0
1779,62.0,3.0,26.0,12.92,8.21,8.92,11.12,12.5,9.67,14.88,9.54,13.5,11.79,11.92,1.0
1780,63.0,3.0,2.0,16.79,15.54,19.83,10.54,15.96,13.7,15.83,14.5,10.54,12.0,18.41,0.0
1781,78.0,12.0,7.0,26.63,24.79,24.79,18.16,23.13,19.58,19.92,19.04,19.75,21.5,23.04,0.0
1782,64.0,11.0,15.0,19.62,19.95,16.08,11.75,17.5,13.5,17.88,13.83,13.96,13.37,23.63,0.0
1783,71.0,12.0,13.0,15.79,10.83,13.92,6.29,10.83,8.38,12.08,6.58,9.75,10.67,15.12,0.0
1784,72.0,12.0,5.0,25.58,20.46,22.08,10.37,18.46,15.25,21.71,17.92,16.79,16.29,27.5,0.0
1785,71.0,9.0,16.0,5.54,7.75,6.0,2.33,8.46,5.46,3.67,2.71,3.0,2.5,12.12,1.0
1786,72.0,12.0,6.0,16.88,17.67,11.58,5.54,12.08,9.59,12.87,8.83,7.75,8.5,12.87,0.0
1787,64.0,12.0,29.0,17.71,18.29,15.63,7.92,17.33,12.71,17.88,11.17,12.08,15.29,22.75,0.0
1788,69.0,1.0,22.0,4.0,6.63,4.79,1.71,2.83,0.33,3.42,1.33,1.25,2.37,3.46,1.0
1789,67.0,11.0,4.0,11.96,8.67,14.58,4.79,5.79,1.58,7.17,3.88,3.75,3.29,9.5,1.0
1790,73.0,10.0,16.0,18.84,15.54,24.67,8.29,10.17,8.0,10.21,8.04,8.08,9.04,14.12,0.0
1791,74.0,11.0,2.0,14.17,12.87,13.21,5.29,11.67,7.12,9.21,10.63,10.25,11.0,15.46,0.0
1792,65.0,5.0,31.0,14.0,10.92,16.08,6.96,12.62,9.42,7.33,10.79,7.79,12.58,13.42,1.0
1793,64.0,5.0,8.0,22.37,21.09,20.88,13.04,21.17,15.0,19.7,18.12,13.59,18.12,23.09,0.0
1794,77.0,10.0,15.0,17.0,18.08,15.67,8.38,15.46,14.58,18.21,14.71,14.5,8.38,16.29,0.0
1795,77.0,1.0,7.0,5.29,3.0,6.67,1.67,4.25,3.54,8.04,1.54,6.58,6.34,8.29,0.0
1796,77.0,7.0,18.0,15.46,10.75,11.12,9.0,15.67,12.04,18.16,12.42,11.83,14.0,18.12,0.0
1797,61.0,5.0,30.0,10.0,4.75,9.21,3.42,7.67,5.25,5.83,7.21,6.34,5.91,8.71,1.0
1798,73.0,6.0,26.0,3.75,4.67,13.13,3.13,5.54,2.46,3.63,1.42,3.71,2.13,4.21,1.0
1799,74.0,5.0,29.0,6.13,3.04,7.25,2.21,4.33,0.87,6.46,2.83,2.88,3.29,4.54,1.0
1800,63.0,3.0,17.0,16.96,10.79,16.54,10.37,12.5,10.37,13.17,11.34,10.21,13.42,12.21,0.0
1801,75.0,9.0,29.0,19.79,12.75,17.83,11.71,12.46,10.29,14.42,10.63,14.46,14.46,14.88,0.0
1802,66.0,4.0,4.0,28.29,27.58,25.62,14.79,27.29,17.88,21.25,20.04,16.88,14.54,21.71,0.0
1803,72.0,5.0,21.0,15.09,11.67,13.37,5.58,11.29,6.17,9.5,9.75,7.38,9.92,15.0,0.0
1804,63.0,1.0,27.0,10.54,9.83,6.04,0.67,7.12,2.29,1.63,5.5,1.33,1.92,5.37,1.0
1805,61.0,1.0,13.0,9.92,3.54,8.46,2.96,2.29,0.96,4.63,0.58,2.33,3.37,5.25,1.0
1806,63.0,7.0,8.0,7.96,7.41,7.67,5.29,8.63,7.0,10.92,10.71,9.67,9.25,11.42,0.0
1807,73.0,4.0,17.0,9.08,8.92,8.42,5.0,5.29,4.08,8.71,5.04,6.38,7.62,7.92,1.0
1808,66.0,10.0,17.0,17.67,12.29,16.42,7.08,14.92,9.33,11.96,10.96,8.29,9.96,15.0,1.0
1809,76.0,8.0,7.0,6.75,3.79,6.17,2.33,3.5,2.54,3.08,1.0,4.54,4.25,4.63,1.0
1810,76.0,3.0,3.0,7.62,12.46,9.62,5.09,8.83,4.54,10.04,8.33,10.21,8.42,15.54,1.0
1811,75.0,4.0,21.0,10.46,7.62,13.5,4.17,5.54,4.0,4.67,7.71,8.79,7.5,9.62,1.0
1812,68.0,11.0,1.0,13.7,16.5,11.29,5.5,13.33,5.29,8.92,23.58,11.46,21.75,35.3,0.0
1813,75.0,4.0,22.0,4.58,5.63,3.29,2.42,7.41,2.29,4.04,4.71,5.88,6.83,6.54,1.0
1814,76.0,2.0,29.0,10.41,10.79,11.08,5.96,8.58,6.21,11.71,10.58,10.34,10.17,17.16,0.0
1815,68.0,2.0,18.0,10.34,8.33,7.17,2.13,6.08,1.04,3.63,2.62,0.83,3.5,5.58,1.0
1816,75.0,7.0,23.0,15.96,14.88,13.42,8.54,15.67,9.13,14.62,13.42,13.13,10.83,16.75,0.0
1817,73.0,2.0,4.0,17.88,13.08,12.75,6.21,10.37,7.33,9.67,9.33,8.5,10.54,14.88,0.0
1818,69.0,1.0,14.0,11.63,20.38,5.58,3.92,9.38,3.67,6.0,5.25,4.88,4.83,10.58,1.0
1819,77.0,6.0,10.0,14.12,12.75,27.25,8.29,10.88,8.17,16.0,10.08,9.54,10.04,19.62,0.0
1820,73.0,1.0,30.0,15.25,18.5,10.75,7.79,12.08,8.71,14.71,10.63,11.54,10.5,18.5,0.0
1821,65.0,1.0,21.0,16.66,15.59,13.92,6.29,13.04,9.54,10.63,9.38,7.58,10.63,17.41,0.0
1822,66.0,3.0,10.0,18.71,16.0,14.54,11.79,20.88,14.0,22.29,17.79,18.29,19.46,23.04,0.0
1823,75.0,4.0,1.0,16.5,11.54,10.5,7.71,9.25,8.08,11.71,8.92,11.04,12.17,13.79,0.0
1824,64.0,9.0,22.0,18.12,18.38,17.54,10.0,16.04,12.54,14.21,16.42,11.34,18.54,18.5,1.0
1825,70.0,5.0,16.0,10.92,6.67,6.96,4.88,6.67,6.08,7.17,4.75,5.91,6.08,8.5,1.0
1826,62.0,12.0,7.0,25.46,17.5,22.34,16.21,15.34,12.75,13.13,14.67,9.96,13.96,23.21,0.0
1827,70.0,8.0,28.0,2.54,2.54,4.25,1.25,2.25,1.83,1.0,0.79,0.96,1.33,5.58,1.0
1828,61.0,5.0,24.0,5.54,5.96,3.71,3.37,3.92,1.63,4.0,3.37,4.92,6.5,8.83,1.0
1829,64.0,2.0,10.0,4.88,3.79,5.5,0.42,4.63,1.87,10.83,4.75,3.21,5.88,8.92,1.0
1830,66.0,7.0,27.0,9.29,6.96,8.63,4.88,7.5,4.17,5.46,6.34,6.42,6.0,10.54,1.0
1831,63.0,2.0,13.0,18.91,20.12,16.54,10.75,18.0,13.7,12.83,14.79,12.96,16.42,19.58,0.0
1832,74.0,10.0,1.0,8.54,4.08,8.33,3.96,5.5,2.0,6.79,4.88,4.63,4.08,7.33,0.0
1833,62.0,8.0,23.0,18.84,14.79,17.33,9.25,14.25,10.0,17.04,14.04,11.75,14.25,20.67,0.0
1834,74.0,11.0,13.0,27.58,22.25,21.92,13.92,17.37,12.12,12.79,12.33,13.88,10.17,11.08,0.0
1835,63.0,1.0,4.0,10.29,1.54,6.67,5.21,6.08,5.13,8.54,8.21,5.91,11.17,11.54,0.0
1836,77.0,12.0,8.0,6.63,4.54,10.83,3.75,4.58,4.75,9.0,6.42,5.33,4.79,8.12,0.0
1837,68.0,6.0,21.0,10.29,10.08,12.21,8.46,13.13,6.17,10.41,7.54,7.58,5.29,11.42,1.0
1838,78.0,2.0,22.0,21.17,16.58,19.25,12.67,15.0,12.62,15.37,13.17,14.04,12.29,8.92,0.0
1839,74.0,9.0,10.0,11.08,13.67,12.67,5.0,9.59,7.96,8.0,9.71,9.59,8.42,16.83,0.0
1840,74.0,3.0,24.0,10.21,5.41,14.04,5.96,8.38,7.92,15.0,12.75,11.5,8.87,10.96,0.0
1841,74.0,9.0,8.0,16.58,11.38,15.71,5.63,13.54,8.33,10.88,8.79,10.67,7.87,10.71,0.0
1842,76.0,9.0,5.0,4.54,4.29,5.17,1.75,1.0,2.33,3.79,1.83,4.12,4.08,5.46,1.0
1843,69.0,6.0,30.0,5.66,8.5,7.83,2.71,7.46,5.46,6.25,9.75,8.71,7.87,15.46,1.0
1844,75.0,9.0,19.0,14.37,17.08,11.83,5.71,13.0,9.29,8.25,13.25,11.54,11.17,18.91,0.0
1845,74.0,11.0,29.0,9.08,10.29,8.96,2.29,7.41,4.29,9.96,7.08,7.46,4.96,9.38,1.0
1846,68.0,5.0,14.0,8.71,9.21,11.08,4.21,10.21,5.79,6.92,9.38,5.96,4.83,14.58,1.0
1847,76.0,5.0,15.0,18.41,14.37,18.84,8.96,14.04,8.75,13.25,8.08,13.75,12.38,13.92,1.0
1848,71.0,8.0,29.0,14.62,10.96,11.63,7.67,14.46,8.79,11.04,6.21,10.67,6.0,13.17,1.0
1849,61.0,11.0,23.0,9.0,9.83,6.34,6.25,10.13,7.41,15.41,9.08,9.33,12.42,20.46,0.0
1850,77.0,3.0,8.0,26.2,24.0,18.66,13.33,20.5,18.38,17.67,18.54,18.05,19.79,29.29,0.0
1851,74.0,1.0,18.0,18.16,16.46,13.42,9.46,20.67,14.04,20.62,15.75,18.16,17.5,25.21,0.0
1852,72.0,5.0,7.0,13.5,7.79,12.33,6.0,8.29,4.96,8.17,7.04,7.25,6.87,9.13,1.0
1853,69.0,3.0,9.0,9.83,10.41,7.0,4.75,10.34,3.83,9.0,10.34,9.5,8.58,13.33,0.0
1854,71.0,11.0,30.0,16.29,16.08,8.33,4.0,11.34,5.79,9.08,5.83,8.08,4.21,18.79,1.0
1855,65.0,8.0,9.0,10.75,9.71,8.12,5.58,11.21,7.12,6.54,7.96,4.71,8.63,8.5,1.0
1856,64.0,9.0,13.0,12.75,11.75,13.17,8.29,9.62,6.96,9.17,9.33,7.5,10.46,16.66,1.0
1857,69.0,2.0,5.0,7.5,10.58,5.25,4.58,11.42,6.25,10.79,11.71,8.46,13.62,22.29,0.0
1858,69.0,6.0,8.0,6.46,3.46,8.75,3.25,2.71,3.71,2.88,2.62,4.38,3.33,5.29,1.0
1859,63.0,12.0,21.0,9.96,2.13,8.29,2.46,4.42,2.37,10.88,1.92,3.96,6.67,5.63,1.0
1860,63.0,11.0,10.0,32.96,22.25,26.67,20.46,23.75,16.83,19.83,21.29,16.71,17.25,24.13,0.0
1861,74.0,1.0,13.0,18.91,16.42,15.16,8.21,14.42,9.71,13.92,9.96,12.08,13.33,16.42,0.0
1862,69.0,8.0,12.0,14.92,4.75,15.59,6.71,8.92,5.79,7.21,3.79,7.46,5.96,7.58,1.0
1863,74.0,3.0,22.0,12.87,13.08,8.96,6.5,12.21,8.96,6.71,12.5,10.96,8.79,15.0,0.0
1864,76.0,6.0,10.0,12.33,14.21,12.87,7.33,12.33,9.75,10.83,10.46,11.42,9.62,19.08,0.0
1865,72.0,9.0,18.0,7.75,4.46,8.0,2.71,2.17,0.96,4.5,2.46,2.21,1.33,3.58,1.0
1866,74.0,12.0,26.0,25.41,22.21,19.55,12.87,20.5,12.71,19.5,14.5,16.75,12.87,15.16,0.0
1867,78.0,10.0,3.0,9.92,7.67,6.54,3.63,9.79,6.67,9.25,7.5,9.04,7.46,14.5,0.0
1868,77.0,6.0,13.0,12.87,8.08,9.25,4.58,7.0,6.63,6.21,5.91,5.58,5.58,9.46,1.0
1869,76.0,10.0,20.0,16.38,13.62,9.5,3.0,11.75,6.5,6.96,6.5,5.13,6.42,14.5,1.0
1870,72.0,9.0,28.0,6.29,9.13,5.58,1.79,5.71,3.63,2.54,6.0,3.54,4.38,13.08,1.0
1871,67.0,3.0,11.0,21.09,24.62,15.16,16.75,24.67,16.75,26.54,20.38,20.5,20.5,28.84,0.0
1872,69.0,11.0,3.0,22.63,12.38,17.62,5.25,6.42,3.58,4.75,5.71,5.96,5.91,8.63,1.0
1873,73.0,6.0,27.0,4.5,6.29,12.0,2.83,5.58,3.37,2.67,3.0,4.46,3.63,7.17,1.0
1874,63.0,6.0,8.0,7.17,7.83,3.67,2.58,7.62,4.17,4.25,5.91,4.83,4.83,5.17,1.0
1875,68.0,5.0,28.0,5.17,5.96,4.5,3.42,5.83,1.63,3.0,4.04,0.96,2.21,11.21,1.0
1876,69.0,10.0,4.0,12.54,11.25,11.71,7.96,11.58,6.96,8.08,9.75,8.17,7.41,16.0,1.0
1877,71.0,12.0,11.0,9.13,7.71,6.67,3.37,8.17,7.17,12.29,5.63,8.79,10.75,15.29,0.0
1878,64.0,4.0,27.0,16.5,15.25,15.83,10.25,15.09,12.71,11.42,14.37,9.96,14.46,16.75,0.0
1879,77.0,10.0,1.0,16.75,15.34,12.25,9.42,16.38,11.38,18.5,13.92,14.09,14.46,22.34,0.0
1880,73.0,12.0,5.0,8.79,8.42,8.96,3.37,6.75,5.41,9.62,9.0,9.25,9.46,13.42,0.0
1881,65.0,6.0,15.0,18.63,15.79,18.58,12.12,18.79,13.42,15.67,12.21,13.54,15.54,9.54,1.0
1882,66.0,4.0,21.0,14.33,14.75,10.88,7.29,11.0,9.04,7.87,7.0,7.41,8.75,12.33,0.0
1883,73.0,5.0,11.0,11.0,11.0,8.29,7.25,11.63,8.63,11.12,10.29,11.87,9.59,14.09,0.0
1884,66.0,4.0,25.0,10.46,12.46,10.0,5.91,9.17,7.17,9.21,10.29,6.21,9.87,15.0,1.0
1885,77.0,7.0,20.0,16.25,9.33,10.63,7.96,11.71,9.25,15.29,7.62,10.21,11.83,11.63,0.0
1886,75.0,3.0,4.0,4.63,5.46,5.66,0.5,3.42,0.0,1.63,1.54,0.54,0.25,5.5,1.0
1887,66.0,2.0,23.0,12.33,11.67,11.67,9.33,15.25,10.17,17.79,11.5,12.67,15.71,18.71,0.0
1888,71.0,9.0,7.0,10.08,8.29,7.0,4.79,9.42,6.87,6.71,5.25,6.83,6.0,6.83,1.0
1889,73.0,4.0,28.0,8.25,10.79,10.41,4.17,6.08,3.58,5.58,5.83,5.46,4.96,9.83,1.0
1890,71.0,3.0,10.0,8.83,1.5,5.58,5.58,5.33,2.67,7.0,4.71,7.58,6.46,7.46,1.0
1891,71.0,9.0,21.0,2.46,1.87,2.37,1.04,3.42,2.33,2.83,2.96,3.46,2.83,7.67,1.0
1892,75.0,5.0,3.0,6.25,6.29,4.92,1.71,3.54,0.29,2.54,2.42,1.04,2.04,6.63,1.0
1893,73.0,6.0,16.0,12.54,14.96,13.17,7.17,11.92,9.71,9.04,11.71,9.29,11.71,20.3,0.0
1894,75.0,5.0,23.0,8.21,9.59,10.79,4.5,6.42,4.71,5.88,7.17,8.12,9.29,10.88,0.0
1895,76.0,6.0,22.0,13.88,14.21,11.0,8.67,12.83,9.83,8.96,7.33,12.83,10.83,10.04,1.0
1896,76.0,8.0,4.0,7.33,3.04,5.58,3.29,3.54,3.63,6.75,3.88,5.0,5.25,8.79,1.0
1897,71.0,12.0,27.0,8.75,6.13,9.04,3.13,7.0,7.41,13.13,12.96,11.12,10.88,19.25,0.0
1898,66.0,11.0,18.0,12.96,8.75,16.62,8.08,6.5,0.79,8.42,2.92,5.25,6.38,7.17,1.0
1899,69.0,6.0,19.0,14.37,14.96,12.33,8.29,12.42,12.0,13.42,8.83,11.17,9.46,12.46,1.0
1900,63.0,12.0,13.0,17.46,12.54,17.96,6.04,12.0,6.87,13.04,10.88,7.83,8.79,11.38,1.0
1901,72.0,3.0,26.0,16.42,17.0,11.79,10.29,18.88,11.17,15.63,15.04,14.33,11.46,23.04,0.0
1902,66.0,5.0,4.0,18.34,14.62,14.79,11.42,18.38,12.92,15.34,15.09,13.54,14.54,19.58,0.0
1903,76.0,7.0,17.0,8.33,9.29,8.25,2.92,7.46,4.21,5.79,5.58,7.87,4.63,12.33,1.0
1904,76.0,10.0,9.0,5.66,6.21,7.54,1.38,6.58,5.75,1.63,7.92,5.37,6.08,14.67,1.0
1905,76.0,1.0,18.0,16.5,15.09,11.46,7.54,12.83,8.12,13.83,12.29,12.58,12.71,18.88,0.0
1906,75.0,9.0,20.0,12.46,11.96,11.04,5.5,13.13,8.33,11.42,9.62,11.29,10.96,19.58,0.0
1907,69.0,5.0,31.0,10.58,5.33,7.62,6.54,8.38,5.88,6.63,4.04,6.17,7.46,7.08,1.0
1908,64.0,3.0,16.0,21.25,20.12,19.95,11.5,23.16,12.33,17.41,16.75,11.67,16.0,18.0,0.0
1909,73.0,6.0,28.0,14.21,9.87,10.25,3.75,8.29,5.41,5.96,9.75,7.38,7.71,17.41,1.0
1910,77.0,7.0,25.0,20.33,16.25,13.67,11.79,15.59,12.29,15.41,9.83,11.04,13.33,15.34,0.0
1911,62.0,3.0,21.0,10.13,5.66,16.08,4.92,5.83,3.71,6.71,3.0,3.83,5.63,3.63,1.0
1912,66.0,9.0,16.0,7.75,7.08,6.38,2.62,5.83,4.46,6.13,8.58,5.0,8.38,15.83,0.0
1913,76.0,7.0,5.0,8.12,7.21,5.21,3.17,6.17,2.67,1.54,4.17,4.83,1.67,7.87,1.0
1914,73.0,2.0,12.0,28.01,28.16,17.58,16.08,28.62,18.58,24.21,22.67,23.63,19.67,30.63,0.0
1915,69.0,9.0,30.0,8.83,7.96,7.29,4.33,11.63,6.58,11.38,9.17,8.54,9.33,15.41,0.0
1916,63.0,12.0,19.0,12.58,10.37,19.29,8.08,10.08,3.92,10.58,5.66,5.33,4.21,5.37,1.0
1917,75.0,3.0,31.0,12.79,10.83,8.29,6.58,8.87,6.29,9.46,7.62,8.96,9.59,12.92,1.0
1918,75.0,5.0,20.0,9.67,2.5,10.0,2.5,4.29,4.04,2.54,2.96,3.58,4.04,9.08,1.0
1919,74.0,3.0,19.0,15.79,16.17,16.71,7.71,10.92,7.5,8.12,10.46,9.21,8.54,14.25,1.0
1920,73.0,11.0,17.0,13.96,10.21,8.17,3.17,11.12,6.87,2.75,7.54,6.79,6.83,14.17,0.0
1921,63.0,3.0,23.0,6.34,8.04,4.88,1.63,6.42,3.88,4.79,7.75,3.04,6.67,14.96,1.0
1922,73.0,6.0,24.0,6.54,3.21,4.46,1.87,4.79,2.08,2.71,1.46,1.96,2.67,7.21,1.0
1923,70.0,10.0,27.0,14.46,14.96,12.67,5.63,13.04,9.25,10.17,9.17,9.67,7.62,12.75,1.0
1924,66.0,6.0,30.0,5.83,5.04,6.21,4.04,8.25,5.37,6.42,4.54,6.63,6.54,11.87,1.0
1925,68.0,7.0,15.0,13.17,8.04,8.96,9.5,11.08,8.0,11.08,8.21,9.71,9.29,10.37,1.0
1926,75.0,11.0,30.0,10.96,10.34,6.71,0.71,8.0,4.25,10.63,4.04,6.34,5.21,8.79,0.0
1927,76.0,3.0,11.0,14.83,9.13,13.0,8.17,9.96,6.79,11.34,9.46,11.0,11.87,11.58,0.0
1928,66.0,8.0,13.0,12.87,5.33,9.96,6.79,8.58,3.04,9.67,5.29,6.21,5.09,11.42,1.0
1929,78.0,8.0,20.0,7.79,11.58,8.63,3.96,8.5,7.5,5.41,11.04,9.46,7.38,16.96,1.0
1930,62.0,1.0,23.0,14.58,15.75,12.5,5.04,10.83,8.38,12.71,6.87,6.96,8.63,12.54,1.0
1931,63.0,2.0,2.0,15.04,14.37,26.34,10.71,12.71,8.33,15.16,11.08,9.42,9.46,9.25,1.0
1932,72.0,4.0,19.0,7.04,3.17,13.29,3.29,4.71,3.67,6.34,2.62,4.54,2.21,7.54,1.0
1933,65.0,7.0,23.0,8.0,4.83,8.87,3.79,5.54,3.33,6.96,7.21,4.42,4.96,10.79,1.0
1934,61.0,8.0,3.0,16.08,15.79,15.59,8.96,16.92,10.21,11.92,13.04,11.12,12.83,18.54,0.0
1935,69.0,6.0,26.0,12.62,13.79,13.04,8.63,13.33,11.29,9.83,11.67,11.75,11.38,19.58,0.0
1936,61.0,11.0,27.0,7.92,4.67,10.58,4.71,4.17,2.29,5.83,1.92,2.25,3.63,5.5,1.0
1937,70.0,4.0,25.0,26.71,16.83,21.5,13.21,17.75,13.83,19.41,15.96,16.42,14.71,18.38,0.0
1938,73.0,8.0,25.0,3.29,4.79,4.54,1.21,6.17,1.58,0.71,3.29,1.75,1.58,6.79,1.0
1939,70.0,7.0,31.0,7.67,6.96,11.34,3.83,6.63,5.33,4.67,5.21,7.25,5.54,10.04,1.0
1940,78.0,7.0,2.0,16.04,14.42,12.75,10.46,15.79,11.17,11.92,10.34,10.79,5.33,10.41,1.0
1941,72.0,5.0,2.0,13.79,11.5,5.63,3.88,9.33,3.88,4.5,6.58,4.46,5.09,11.83,1.0
1942,77.0,9.0,18.0,10.34,6.54,13.96,3.21,5.46,5.83,8.38,3.0,5.0,4.04,8.58,1.0
1943,74.0,10.0,9.0,10.88,4.75,9.83,3.0,4.42,1.96,8.38,6.38,5.13,4.12,9.79,1.0
1944,78.0,7.0,25.0,12.25,12.33,15.29,7.58,10.17,8.5,8.42,8.79,9.87,9.08,16.92,0.0
1945,76.0,7.0,10.0,18.08,16.17,12.46,9.67,15.67,11.67,9.13,9.59,13.67,11.75,21.21,0.0
1946,62.0,6.0,16.0,5.75,5.5,8.08,3.67,7.71,4.42,8.42,7.58,7.38,8.0,13.17,1.0
1947,63.0,11.0,28.0,15.83,11.12,13.54,8.21,8.54,6.34,10.41,5.96,9.5,8.17,10.54,1.0
1948,67.0,11.0,16.0,10.34,3.96,13.13,4.08,5.75,2.42,6.54,3.54,4.29,6.71,9.08,0.0
1949,78.0,12.0,28.0,13.21,5.46,13.46,5.0,8.12,9.42,14.33,16.25,15.25,18.05,21.79,0.0
1950,65.0,7.0,7.0,9.46,9.87,5.09,6.0,7.75,4.71,7.75,7.29,6.5,10.58,10.34,0.0
1951,68.0,1.0,16.0,24.92,22.25,21.0,14.37,17.29,12.5,15.54,14.37,12.04,10.58,16.66,1.0
1952,77.0,1.0,19.0,14.58,17.62,10.25,5.58,10.63,9.83,7.17,10.54,8.67,10.5,16.17,0.0
1953,63.0,10.0,29.0,12.46,9.79,14.96,10.08,9.92,7.08,8.21,8.71,8.33,11.38,11.92,1.0
1954,62.0,10.0,25.0,13.13,12.87,11.21,7.92,12.04,8.96,11.79,11.38,9.79,14.17,19.21,0.0
1955,61.0,4.0,12.0,10.63,10.04,11.38,5.13,5.71,5.13,6.54,4.75,4.5,5.17,8.5,1.0
1956,61.0,6.0,11.0,8.29,6.83,6.04,3.29,7.33,1.87,6.25,3.13,5.41,5.21,5.37,1.0
1957,68.0,3.0,1.0,8.67,6.21,9.59,3.88,4.67,0.58,4.63,3.17,1.17,3.42,5.29,1.0
1958,67.0,8.0,1.0,10.34,6.92,8.54,4.63,9.42,5.33,7.62,8.54,7.21,6.08,17.75,1.0
1959,61.0,6.0,16.0,13.88,14.54,13.75,8.29,13.29,10.0,10.54,16.54,11.54,14.71,25.25,0.0
1960,74.0,7.0,3.0,15.09,13.21,13.62,6.42,13.62,8.21,11.12,9.75,9.25,8.04,11.92,1.0
1961,65.0,1.0,8.0,13.04,15.29,8.79,7.17,13.62,9.04,13.21,11.5,9.75,12.87,20.21,0.0
1962,78.0,9.0,27.0,14.04,13.21,9.04,7.58,14.42,9.33,13.79,9.83,11.67,10.21,16.54,0.0
1963,68.0,1.0,8.0,16.54,15.87,18.29,9.33,14.96,11.5,18.0,9.17,11.29,12.46,14.46,0.0
1964,68.0,5.0,5.0,15.46,17.67,8.0,6.5,14.5,6.42,6.92,13.37,6.13,7.62,26.12,0.0
1965,75.0,5.0,8.0,17.92,13.13,24.0,8.67,15.5,7.04,11.08,13.54,12.17,10.79,15.41,1.0
1966,66.0,11.0,5.0,13.08,17.67,18.12,9.67,14.88,10.79,17.67,16.29,11.54,14.33,25.08,0.0
1967,66.0,5.0,16.0,10.37,14.25,10.29,6.42,12.0,8.33,6.75,9.62,7.08,10.21,21.12,0.0
1968,69.0,1.0,29.0,9.75,6.54,6.0,6.17,8.87,3.25,9.92,6.63,8.92,8.83,12.58,1.0
1969,68.0,12.0,13.0,21.46,11.63,19.5,6.96,5.91,2.62,12.04,2.71,7.04,9.13,6.13,1.0
1970,61.0,5.0,19.0,5.0,5.29,5.91,3.63,7.25,4.17,6.83,6.79,7.17,9.29,10.83,1.0
1971,67.0,2.0,6.0,8.08,10.08,7.12,4.33,8.92,5.58,10.41,5.46,6.46,9.21,14.5,0.0
1972,64.0,1.0,5.0,5.5,6.75,3.79,3.58,8.83,3.5,3.67,6.71,5.79,5.63,8.63,1.0
1973,66.0,7.0,20.0,13.5,9.46,23.0,9.71,11.83,6.58,9.38,9.13,8.67,8.58,13.59,1.0
1974,73.0,1.0,11.0,15.79,14.75,15.71,7.38,8.58,10.29,11.58,10.34,8.42,8.42,12.79,1.0
1975,66.0,9.0,14.0,18.16,16.58,17.5,10.04,20.62,12.33,18.21,16.08,14.04,15.96,22.92,0.0
1976,67.0,10.0,7.0,16.75,18.84,16.04,8.96,17.5,10.79,15.5,12.79,12.29,13.59,22.17,0.0
1977,72.0,6.0,11.0,9.5,9.79,8.25,3.08,5.54,1.87,6.0,3.21,2.83,5.66,7.21,1.0
1978,71.0,8.0,23.0,9.87,7.25,8.67,3.54,9.21,3.75,3.5,7.38,6.79,5.33,11.58,1.0
1979,69.0,10.0,16.0,19.46,18.79,18.91,13.46,17.0,14.54,9.87,16.29,13.37,16.62,25.58,0.0
1980,65.0,6.0,4.0,10.58,9.46,11.67,4.08,7.75,5.29,6.5,9.33,4.12,8.46,16.38,1.0
1981,77.0,9.0,4.0,19.25,15.83,17.0,7.5,15.04,12.54,16.04,12.71,13.04,15.04,21.71,0.0
1982,78.0,2.0,25.0,5.54,9.21,10.63,4.54,6.79,5.21,9.87,6.83,8.83,6.08,7.83,0.0
1983,74.0,7.0,17.0,14.5,6.25,9.59,6.25,8.75,4.88,7.12,6.34,6.25,7.08,9.62,1.0
1984,64.0,6.0,28.0,7.38,7.62,5.83,5.25,10.75,4.92,5.21,4.67,5.75,8.08,7.33,1.0
1985,76.0,11.0,26.0,18.0,16.38,15.92,8.71,13.0,12.38,16.75,12.04,13.0,14.21,16.71,0.0
1986,64.0,2.0,2.0,16.92,18.25,17.25,9.21,15.34,13.21,15.34,19.12,11.25,17.46,26.92,0.0
1987,77.0,12.0,26.0,11.96,14.58,9.75,4.08,10.54,7.75,11.96,9.87,10.92,7.79,15.12,1.0
1988,75.0,10.0,21.0,23.83,25.84,18.88,9.59,22.79,14.37,16.66,16.71,14.75,12.5,20.67,0.0
1989,78.0,1.0,5.0,12.12,10.46,11.29,3.37,8.79,7.87,13.88,15.04,12.54,13.17,20.41,0.0
1990,67.0,6.0,1.0,10.88,9.5,8.92,5.79,10.92,5.58,3.88,9.21,6.04,6.13,11.08,1.0
1991,74.0,3.0,23.0,14.12,6.25,14.67,4.96,8.75,9.79,13.7,11.67,14.92,10.34,9.54,0.0
1992,78.0,11.0,7.0,25.41,22.58,20.88,17.21,20.3,16.29,19.29,15.12,18.46,16.25,18.91,0.0
1993,73.0,11.0,1.0,10.79,12.75,9.59,3.58,7.87,5.5,5.17,6.34,5.09,4.33,4.75,1.0
1994,68.0,10.0,26.0,12.21,10.21,8.58,6.17,9.29,5.54,3.54,7.12,5.63,5.29,9.0,1.0
1995,72.0,11.0,12.0,21.5,20.12,15.96,9.04,12.71,7.41,12.33,10.63,10.88,8.79,13.62,1.0
1996,73.0,2.0,10.0,18.46,17.67,13.67,10.58,15.75,10.29,14.71,12.83,16.0,14.09,18.46,0.0
1997,64.0,2.0,18.0,18.21,16.0,22.79,12.75,18.16,11.87,24.0,20.67,12.71,18.34,22.46,0.0
1998,77.0,10.0,18.0,13.5,13.7,13.7,6.96,12.17,11.58,12.17,11.17,13.46,9.75,12.29,0.0
1999,68.0,9.0,9.0,15.0,16.71,15.54,12.54,18.38,12.92,13.42,13.59,15.04,15.09,18.0,0.0
2000,78.0,8.0,6.0,9.38,8.46,8.08,4.17,8.71,5.17,6.92,2.08,6.58,4.17,7.38,1.0
2001,62.0,7.0,11.0,8.63,7.75,3.42,2.75,6.13,2.88,5.71,5.83,4.42,7.04,10.58,1.0
2002,62.0,3.0,22.0,4.33,2.25,5.66,2.88,5.29,2.46,5.96,4.04,3.83,5.75,5.5,1.0
2003,64.0,9.0,20.0,11.38,6.21,9.87,5.0,8.75,6.21,10.17,5.37,8.87,7.38,11.17,1.0
2004,61.0,8.0,8.0,14.21,9.87,11.63,6.42,12.38,6.96,10.63,7.12,7.38,7.79,10.08,1.0
2005,64.0,3.0,28.0,9.5,8.33,10.75,5.37,12.71,8.21,8.92,9.71,6.29,10.29,7.92,1.0
2006,71.0,6.0,12.0,11.04,8.17,8.29,4.79,9.71,3.67,4.5,4.88,6.21,3.5,7.12,0.0
2007,62.0,1.0,26.0,5.96,4.08,4.92,2.13,4.54,3.08,7.41,1.92,4.04,4.08,4.29,1.0
2008,67.0,12.0,11.0,12.62,7.38,8.83,4.38,8.71,4.75,12.83,6.92,9.33,7.75,13.7,0.0
2009,76.0,10.0,1.0,10.96,6.71,10.41,4.63,7.58,5.04,5.04,5.54,6.5,3.92,6.79,1.0
2010,66.0,7.0,7.0,8.33,4.21,8.21,4.75,8.33,5.13,6.79,4.29,7.21,6.83,8.38,1.0
2011,69.0,6.0,21.0,11.96,11.54,13.37,7.17,12.25,13.13,9.38,6.5,9.42,8.92,8.29,0.0
2012,72.0,12.0,2.0,6.0,10.21,4.75,0.87,7.17,4.92,5.37,5.58,3.71,1.71,8.08,1.0
2013,66.0,7.0,16.0,18.08,12.83,8.96,8.83,13.17,9.04,6.17,8.08,8.33,7.75,12.42,1.0
2014,78.0,5.0,9.0,4.96,3.29,13.62,3.29,5.63,4.21,4.79,4.38,6.25,4.42,5.17,1.0
2015,63.0,11.0,5.0,9.29,7.5,10.67,5.04,9.92,7.08,11.12,10.83,7.29,10.58,12.83,0.0
2016,64.0,7.0,7.0,20.3,18.38,17.79,11.46,19.7,13.29,19.41,17.83,14.88,17.83,23.83,0.0
2017,74.0,8.0,24.0,15.16,16.21,13.88,6.13,9.79,8.46,10.04,14.54,10.79,11.29,20.25,0.0
2018,69.0,10.0,30.0,7.04,3.88,6.75,4.58,10.46,4.58,11.58,10.46,9.59,8.5,16.21,0.0
2019,64.0,11.0,6.0,8.54,4.21,14.54,4.83,6.83,1.58,5.88,3.37,2.96,2.42,2.67,1.0
2020,63.0,6.0,27.0,13.7,12.17,11.79,8.83,13.42,9.75,13.04,13.25,10.92,14.58,14.88,0.0
2021,69.0,4.0,20.0,15.87,15.59,11.38,6.58,14.29,7.17,7.41,9.79,8.29,8.38,11.92,0.0
2022,67.0,7.0,20.0,5.41,4.29,6.96,2.79,7.38,4.04,6.25,4.42,5.04,5.46,8.0,1.0
2023,77.0,12.0,24.0,17.79,14.25,14.75,11.67,17.67,12.62,21.75,13.54,15.25,12.96,16.88,0.0
2024,64.0,4.0,30.0,14.5,12.96,12.29,9.59,16.13,11.58,14.5,12.33,10.71,13.21,17.29,0.0
2025,63.0,5.0,24.0,9.59,9.21,6.17,3.88,10.54,5.29,4.96,6.29,5.33,5.04,7.54,1.0
2026,66.0,1.0,27.0,12.87,14.29,11.92,9.42,13.0,10.58,12.25,10.08,8.12,6.21,12.08,1.0
2027,73.0,8.0,28.0,9.21,7.79,7.83,2.58,5.04,2.46,3.67,5.63,3.17,3.75,14.79,1.0
2028,76.0,9.0,6.0,3.42,3.0,2.96,1.63,0.87,0.96,4.46,0.87,2.25,2.25,5.96,1.0
2029,73.0,11.0,19.0,8.5,5.91,10.13,3.17,6.58,1.71,4.33,4.29,4.58,7.62,5.83,0.0
2030,64.0,6.0,11.0,16.08,14.58,15.96,9.38,12.42,8.54,11.21,12.38,10.0,15.04,15.79,1.0
2031,70.0,3.0,31.0,21.42,20.46,17.21,12.46,15.37,11.17,15.16,13.29,13.83,17.37,22.83,0.0
2032,74.0,7.0,1.0,13.29,6.92,10.37,7.17,10.13,8.29,12.96,11.08,9.79,12.12,11.79,0.0
2033,63.0,4.0,2.0,3.88,3.13,5.04,3.75,5.46,4.5,8.96,6.5,7.41,6.54,7.08,1.0
2034,78.0,2.0,2.0,13.29,9.67,12.54,9.25,11.54,8.12,14.54,10.25,10.75,12.38,10.13,0.0
2035,71.0,1.0,14.0,11.04,10.88,9.5,2.92,8.75,3.96,4.17,6.25,5.66,3.58,7.71,1.0
2036,77.0,6.0,29.0,13.08,11.25,7.25,5.25,13.25,8.92,7.5,7.0,7.46,6.25,12.46,1.0
2037,74.0,5.0,17.0,15.54,16.42,13.29,8.38,13.96,8.21,8.92,13.0,11.08,11.67,18.71,0.0
2038,73.0,2.0,5.0,10.54,10.54,8.46,5.0,10.08,7.38,13.42,8.38,11.12,9.5,17.04,0.0
2039,67.0,3.0,12.0,5.88,9.08,5.88,2.42,9.0,5.0,11.92,6.96,7.04,9.08,16.33,0.0
2040,70.0,1.0,29.0,12.96,11.08,18.12,6.83,9.83,9.46,10.83,10.63,10.17,8.58,10.58,0.0
2041,68.0,5.0,8.0,16.46,14.88,24.08,10.96,11.96,8.54,13.5,10.83,8.12,7.17,15.87,1.0
2042,71.0,10.0,13.0,13.59,11.87,20.67,4.58,9.21,6.87,12.46,6.0,8.29,7.0,5.66,1.0
2043,72.0,11.0,26.0,7.5,10.17,5.96,1.67,5.29,3.83,7.87,7.0,3.58,4.92,14.83,0.0
2044,78.0,3.0,19.0,18.41,18.08,14.54,11.54,17.67,14.37,17.0,18.29,15.63,14.0,23.75,0.0
2045,70.0,11.0,17.0,13.08,7.41,12.92,3.54,6.04,4.17,4.92,3.37,3.13,2.88,9.59,1.0
2046,63.0,3.0,3.0,12.83,15.83,14.5,7.62,13.7,11.54,14.46,12.25,9.17,9.92,15.34,0.0
2047,72.0,1.0,16.0,23.67,20.62,20.17,8.79,16.83,12.75,16.58,12.5,12.33,12.71,15.16,0.0
2048,61.0,10.0,3.0,4.29,4.0,4.96,2.13,3.75,1.79,4.04,2.75,2.42,3.88,4.96,1.0
2049,66.0,5.0,9.0,14.54,9.79,12.08,9.59,9.13,9.46,12.62,6.58,10.88,13.88,11.79,0.0
2050,66.0,6.0,18.0,9.17,8.75,11.42,4.83,8.0,6.5,5.58,7.08,6.46,9.0,13.29,1.0
2051,65.0,2.0,20.0,14.37,12.79,17.79,7.5,13.04,8.21,15.92,13.67,10.29,11.83,13.21,0.0
2052,73.0,4.0,26.0,4.5,3.58,5.63,2.13,4.33,1.96,3.79,3.29,3.25,2.58,4.58,1.0
2053,78.0,2.0,20.0,12.67,5.91,19.67,9.92,9.17,10.54,16.75,13.42,14.17,11.96,9.13,0.0
2054,72.0,4.0,23.0,7.96,7.67,22.58,6.79,7.25,5.41,8.71,7.33,6.79,4.04,9.67,1.0
2055,64.0,2.0,8.0,4.33,6.79,6.29,1.0,3.88,0.75,7.21,1.5,2.96,4.92,7.17,1.0
2056,71.0,11.0,5.0,16.04,9.92,12.42,6.67,10.21,7.75,11.96,5.33,12.38,7.46,13.29,0.0
2057,71.0,7.0,28.0,7.5,12.33,6.75,4.5,9.62,4.54,4.67,6.58,5.63,5.88,16.96,1.0
2058,69.0,10.0,21.0,4.79,1.67,2.17,1.46,6.83,2.83,1.5,1.83,1.58,1.58,2.96,1.0
2059,73.0,2.0,16.0,11.12,9.5,9.46,2.88,6.96,2.5,3.88,5.25,5.04,1.63,10.71,1.0
2060,68.0,12.0,3.0,14.71,10.29,16.54,10.54,10.67,7.0,11.63,10.5,10.0,13.88,14.79,0.0
2061,67.0,4.0,30.0,18.88,12.46,9.46,8.92,14.54,8.75,13.13,11.08,12.04,11.46,17.12,0.0
2062,73.0,3.0,30.0,18.5,13.96,14.54,10.21,15.25,10.79,14.12,11.21,13.59,12.12,18.41,0.0
2063,73.0,2.0,13.0,21.25,22.5,13.17,10.5,20.21,11.71,16.88,15.79,16.54,15.21,26.16,0.0
2064,67.0,5.0,10.0,4.17,4.38,8.12,2.17,2.83,0.13,2.29,1.38,1.13,2.37,7.0,1.0
2065,75.0,6.0,5.0,12.33,16.17,11.46,7.5,12.87,9.92,9.13,12.71,13.25,10.5,17.58,1.0
2066,77.0,1.0,10.0,18.16,13.59,16.46,9.38,12.17,8.67,10.75,10.21,8.54,10.96,22.08,0.0
2067,77.0,3.0,18.0,16.79,14.62,14.04,7.33,17.79,13.08,15.41,12.54,12.79,12.17,13.88,0.0
2068,77.0,1.0,17.0,19.46,18.05,15.12,6.0,12.87,10.96,9.21,10.04,8.21,8.58,12.12,0.0
2069,63.0,2.0,11.0,7.71,4.88,11.63,3.63,7.12,4.17,6.79,5.71,4.79,5.29,5.0,1.0
2070,67.0,3.0,19.0,17.83,7.83,13.0,11.34,12.33,9.33,19.95,11.71,14.96,16.13,16.21,0.0
2071,65.0,11.0,11.0,17.5,15.34,17.41,8.71,14.92,9.38,14.83,12.12,9.46,11.58,11.0,0.0
2072,74.0,11.0,8.0,13.59,12.58,12.21,6.42,10.41,6.67,11.21,9.83,10.58,8.83,12.96,0.0
2073,63.0,4.0,19.0,9.08,10.75,8.79,6.67,12.42,8.87,9.5,8.42,7.17,8.92,9.08,1.0
2074,73.0,5.0,16.0,19.04,20.54,12.38,7.92,13.96,11.12,9.13,12.21,11.42,11.25,12.71,0.0
2075,62.0,6.0,11.0,8.08,7.87,9.13,4.42,8.83,4.79,7.96,9.59,6.17,8.17,12.96,1.0
2076,75.0,10.0,18.0,11.21,16.75,6.42,2.21,10.08,4.67,4.29,7.0,6.08,4.71,11.21,1.0
2077,77.0,5.0,2.0,6.63,5.29,10.75,3.42,4.63,3.46,7.41,5.46,4.71,4.12,13.59,1.0
2078,73.0,8.0,16.0,5.0,5.04,6.25,2.62,5.37,3.75,4.21,5.0,5.09,4.08,10.92,1.0
2079,63.0,3.0,27.0,12.83,12.21,12.33,8.08,12.54,9.54,13.92,10.79,11.12,12.58,15.5,0.0
2080,78.0,7.0,11.0,11.21,4.0,3.92,2.46,7.08,2.83,2.83,5.79,6.58,4.25,5.21,1.0
2081,62.0,5.0,3.0,9.5,8.33,6.46,4.83,7.38,3.71,3.5,3.13,3.67,4.08,3.63,1.0
2082,64.0,5.0,25.0,10.21,6.08,24.0,9.25,8.42,5.54,11.29,8.46,6.63,7.0,13.88,1.0
2083,78.0,1.0,12.0,13.0,8.67,18.66,6.29,6.38,5.29,11.58,4.54,5.91,6.13,9.87,0.0
2084,67.0,6.0,16.0,6.25,4.54,9.29,3.29,4.12,1.5,2.46,4.42,2.96,4.42,5.88,1.0
2085,61.0,12.0,19.0,12.38,10.88,8.96,0.58,7.33,2.83,3.54,5.04,1.71,5.75,6.67,1.0
2086,71.0,10.0,3.0,10.0,3.13,6.83,2.67,6.0,2.67,2.92,1.04,3.08,2.71,2.21,1.0
2087,76.0,2.0,6.0,8.42,12.46,4.33,2.04,6.46,1.96,4.58,5.46,7.12,4.79,9.29,1.0
2088,68.0,12.0,8.0,3.92,4.46,10.34,4.12,4.79,2.96,5.83,3.08,4.58,6.21,9.29,1.0
2089,66.0,2.0,9.0,3.37,3.17,5.09,2.54,6.25,4.0,6.13,5.75,6.13,8.5,8.79,0.0
2090,74.0,5.0,11.0,15.41,11.54,12.67,3.71,7.46,3.92,5.58,8.87,4.63,5.0,12.38,1.0
2091,74.0,1.0,1.0,23.21,16.54,16.08,9.75,15.83,11.46,9.54,13.54,13.83,16.66,17.21,0.0
2092,77.0,4.0,12.0,17.21,15.71,13.62,10.5,18.34,15.54,21.62,16.38,16.62,15.41,18.25,0.0
2093,64.0,2.0,15.0,15.5,12.71,15.34,9.75,14.12,11.38,13.88,11.92,8.87,13.7,13.92,0.0
2094,77.0,2.0,21.0,9.83,9.87,8.46,2.08,8.33,5.0,3.83,8.96,6.08,10.21,13.5,0.0
2095,75.0,8.0,6.0,14.71,15.75,11.46,10.63,14.62,9.25,9.46,12.04,13.7,12.29,20.12,0.0
2096,74.0,3.0,1.0,12.67,11.5,10.04,7.08,9.75,6.46,12.04,7.67,8.17,7.08,8.5,1.0
2097,67.0,7.0,31.0,7.04,4.46,6.58,4.33,5.88,4.83,3.83,8.04,6.0,7.54,15.83,1.0
2098,77.0,4.0,14.0,14.79,8.54,10.46,6.83,10.88,8.96,14.12,6.25,9.29,11.34,10.58,0.0
2099,71.0,2.0,22.0,9.96,12.21,6.42,3.75,8.96,5.46,6.25,5.79,6.13,6.79,16.08,1.0
2100,76.0,9.0,29.0,13.5,9.54,7.83,3.37,10.75,5.88,6.96,9.0,8.92,5.63,11.83,1.0
2101,61.0,11.0,21.0,14.29,4.96,10.46,4.21,6.0,4.54,7.0,4.96,4.88,8.33,6.5,1.0
2102,70.0,7.0,4.0,10.92,9.13,8.12,6.87,12.21,9.25,12.12,7.96,10.29,7.33,11.54,0.0
2103,78.0,5.0,14.0,14.21,10.25,6.34,6.58,13.08,6.29,4.58,8.96,6.5,6.17,10.75,1.0
2104,69.0,8.0,22.0,15.54,10.75,10.75,8.33,11.96,8.12,10.79,6.92,11.08,10.96,14.5,0.0
2105,64.0,5.0,9.0,23.29,20.96,21.34,13.42,19.67,15.59,15.96,18.21,12.21,17.41,29.0,0.0
2106,75.0,11.0,14.0,9.75,9.67,9.25,2.54,7.71,3.88,4.96,4.17,5.58,3.25,5.58,1.0
2107,76.0,10.0,31.0,15.5,11.96,10.04,5.96,12.17,8.17,4.21,9.59,9.42,10.13,17.33,0.0
2108,78.0,2.0,11.0,19.7,11.67,12.38,5.88,11.38,8.63,5.09,12.71,9.08,7.17,10.63,0.0
2109,61.0,4.0,20.0,21.09,15.41,17.0,11.63,13.25,11.17,12.25,10.54,11.29,11.58,18.05,0.0
2110,67.0,5.0,30.0,3.96,4.42,4.08,2.08,5.71,1.21,2.83,6.5,2.46,5.29,6.17,1.0
2111,65.0,5.0,15.0,10.41,11.08,10.67,5.79,7.62,5.09,3.25,5.13,2.46,5.09,9.83,1.0
2112,63.0,4.0,22.0,14.09,12.42,15.12,10.29,14.54,12.21,13.42,13.13,12.42,15.67,16.83,1.0
2113,77.0,12.0,23.0,19.58,15.16,17.79,9.87,11.58,10.41,12.96,8.17,8.92,7.29,11.42,1.0
2114,78.0,3.0,4.0,5.0,5.75,8.33,1.87,1.58,0.29,4.67,2.08,2.88,2.21,2.75,1.0
2115,77.0,4.0,6.0,14.37,13.21,15.04,8.46,11.17,11.38,15.67,10.79,11.34,17.83,18.25,0.0
2116,61.0,6.0,25.0,9.0,8.25,9.92,5.96,13.21,8.67,11.87,12.04,10.96,13.0,14.67,0.0
2117,65.0,10.0,10.0,13.96,7.83,14.67,4.96,6.75,5.63,9.04,7.17,8.04,7.0,9.92,1.0
2118,77.0,10.0,21.0,14.62,13.37,13.75,8.29,10.88,9.21,11.83,9.92,12.83,9.79,10.63,1.0
2119,76.0,9.0,15.0,12.08,7.5,14.12,6.04,8.08,7.0,6.58,3.63,7.92,7.96,10.34,0.0
2120,78.0,8.0,22.0,10.04,9.08,10.0,4.67,8.92,5.54,4.33,3.54,7.21,4.71,6.92,1.0
2121,70.0,6.0,9.0,2.21,2.54,5.33,1.96,3.17,0.71,1.46,3.29,2.0,2.13,5.33,1.0
2122,66.0,6.0,8.0,4.79,10.08,7.0,4.46,5.58,5.58,5.04,4.0,5.71,7.71,13.5,1.0
2123,70.0,7.0,29.0,11.12,10.04,8.21,4.29,11.58,6.87,6.96,7.92,8.96,7.96,15.54,0.0
2124,64.0,9.0,12.0,9.42,9.33,7.38,3.67,8.83,4.29,4.5,6.87,4.88,6.08,8.54,1.0
2125,63.0,4.0,21.0,27.08,18.88,23.75,16.54,18.66,15.16,19.58,17.75,16.42,21.84,20.3,0.0
2126,73.0,12.0,27.0,12.46,10.46,12.96,6.04,11.21,8.92,10.96,11.63,11.54,12.12,15.71,0.0
2127,70.0,5.0,31.0,7.92,7.67,9.67,7.0,12.54,9.46,13.37,9.5,12.21,9.79,14.54,0.0
2128,72.0,11.0,18.0,17.83,14.21,15.75,6.21,10.88,7.83,10.88,8.33,7.75,8.75,11.38,0.0
2129,65.0,7.0,2.0,14.71,11.04,8.75,7.38,9.25,6.29,10.17,7.71,8.63,11.54,10.37,0.0
2130,71.0,3.0,18.0,19.0,17.83,20.67,14.12,18.79,18.0,23.25,21.04,21.0,20.3,28.08,0.0
2131,62.0,8.0,28.0,6.04,7.04,4.92,2.08,4.71,3.17,5.54,2.29,3.04,4.58,5.63,1.0
2132,72.0,2.0,10.0,17.12,11.25,13.17,7.17,12.92,9.59,10.21,6.29,10.88,10.46,16.71,0.0
2133,65.0,4.0,21.0,10.75,9.62,5.63,4.79,10.92,7.12,7.5,7.58,5.79,8.21,12.25,1.0
2134,67.0,8.0,7.0,16.25,9.54,12.96,9.29,15.75,14.71,11.63,14.25,11.58,10.37,12.96,0.0
2135,68.0,9.0,29.0,15.46,14.96,11.67,9.67,16.96,9.29,13.54,12.5,11.0,11.08,17.58,0.0
2136,71.0,2.0,8.0,9.79,9.04,8.29,2.92,9.13,5.5,6.79,7.62,6.79,9.54,15.5,0.0
2137,61.0,7.0,7.0,11.17,7.21,7.41,8.12,14.29,9.75,14.54,9.96,13.04,11.54,15.34,0.0
2138,72.0,8.0,6.0,14.04,13.75,13.25,7.33,10.13,6.25,9.83,8.92,6.21,7.38,17.08,1.0
2139,64.0,7.0,2.0,12.0,9.67,6.0,6.17,10.34,6.38,9.87,10.17,9.0,10.34,13.0,0.0
2140,70.0,5.0,7.0,15.34,10.41,8.67,5.75,9.54,5.09,5.91,7.67,6.21,5.75,8.54,1.0
2141,68.0,1.0,10.0,5.29,6.17,7.17,1.58,4.63,2.62,10.96,2.21,4.67,5.46,7.25,0.0
2142,65.0,7.0,5.0,8.42,5.63,8.33,4.71,8.58,4.79,9.92,3.96,7.29,7.75,7.62,1.0
2143,63.0,8.0,10.0,12.92,8.92,10.0,9.38,14.0,11.38,14.09,12.0,12.71,11.5,11.58,1.0
2144,73.0,4.0,20.0,15.16,12.38,12.54,8.38,10.63,9.46,12.96,9.46,11.29,14.25,13.67,0.0
2145,78.0,9.0,16.0,15.21,13.92,14.04,7.71,12.79,13.17,14.04,16.92,13.37,13.25,25.33,0.0
2146,67.0,10.0,19.0,22.13,20.75,22.42,14.54,20.62,14.33,14.29,20.79,15.21,18.34,31.42,0.0
2147,64.0,9.0,19.0,11.12,12.5,9.21,7.17,13.92,9.71,15.12,10.34,10.71,11.46,17.04,0.0
2148,67.0,3.0,13.0,17.58,16.33,11.83,10.67,17.21,9.92,16.71,12.71,13.54,12.33,22.21,0.0
2149,66.0,12.0,2.0,28.21,27.37,22.54,20.62,22.08,16.13,28.16,17.29,22.5,23.16,25.88,0.0
2150,64.0,8.0,5.0,8.04,7.08,11.04,4.75,8.33,5.91,7.67,8.5,7.12,10.79,14.5,1.0
2151,77.0,11.0,12.0,21.12,22.71,14.37,10.92,21.59,12.58,19.29,16.38,14.33,12.83,23.42,0.0
2152,73.0,10.0,20.0,17.41,13.83,11.34,8.0,14.54,9.21,12.17,10.75,12.5,12.5,15.25,0.0
2153,63.0,5.0,15.0,10.21,7.5,8.17,6.34,10.46,8.08,12.83,8.63,10.88,10.88,12.87,1.0
2154,61.0,7.0,20.0,5.88,2.92,4.08,2.42,6.21,2.71,3.04,5.46,5.63,5.37,7.29,1.0
2155,77.0,5.0,15.0,14.21,12.67,17.04,5.75,8.75,9.17,8.71,7.79,6.34,6.29,11.04,1.0
2156,71.0,8.0,2.0,7.25,6.71,8.46,5.58,8.87,5.37,7.67,3.25,5.75,3.63,6.71,1.0
2157,67.0,6.0,30.0,4.42,4.54,5.25,1.92,5.37,2.33,6.5,6.21,3.42,4.0,11.79,1.0
2158,67.0,2.0,10.0,7.92,10.88,4.21,2.83,8.96,4.5,4.5,6.63,4.33,6.87,17.08,1.0
2159,61.0,7.0,21.0,3.33,4.58,6.96,4.67,5.75,2.79,2.21,5.13,4.25,5.09,7.08,1.0
2160,67.0,11.0,28.0,17.62,20.25,13.7,11.58,21.25,12.62,17.88,14.79,16.29,12.08,22.29,0.0
2161,68.0,2.0,29.0,10.08,6.92,8.67,4.12,9.62,3.71,5.54,5.66,5.21,6.87,7.21,1.0
2162,69.0,7.0,16.0,11.42,10.34,8.12,6.38,12.12,7.5,9.0,8.5,9.13,8.33,13.04,0.0
2163,71.0,9.0,22.0,4.79,1.5,12.38,1.33,2.67,1.08,2.0,1.08,0.67,0.37,4.29,1.0
2164,68.0,3.0,10.0,16.46,7.92,10.46,9.17,9.62,8.71,11.08,9.0,11.71,14.21,11.17,0.0
2165,61.0,5.0,15.0,9.62,3.92,9.75,3.88,5.63,3.46,5.91,5.88,6.38,6.25,6.63,1.0
2166,74.0,7.0,26.0,9.46,9.33,9.04,3.88,8.46,5.37,6.79,10.79,7.12,6.46,14.58,1.0
2167,69.0,7.0,12.0,6.71,3.46,6.83,4.46,7.75,6.04,8.92,4.83,9.67,7.0,14.67,0.0
2168,68.0,8.0,23.0,10.71,5.25,8.17,5.37,6.96,2.25,4.46,4.33,3.21,4.21,5.41,1.0
2169,76.0,11.0,20.0,5.66,2.71,6.5,1.0,0.17,0.67,3.71,0.08,0.79,1.92,3.71,1.0
2170,74.0,11.0,10.0,22.71,21.87,20.17,12.33,20.38,11.75,19.25,18.16,15.46,15.63,24.96,0.0
2171,66.0,1.0,29.0,23.67,19.04,22.13,15.46,15.16,13.42,16.79,15.79,12.79,16.08,20.67,0.0
2172,72.0,8.0,18.0,9.96,5.04,8.08,3.42,5.37,4.25,8.87,3.5,7.75,6.38,8.38,1.0
2173,78.0,11.0,18.0,16.79,12.79,18.38,7.41,8.25,7.67,12.08,10.0,11.04,12.75,16.0,0.0
2174,65.0,8.0,30.0,8.67,5.96,8.33,5.17,10.25,6.87,11.87,8.87,8.08,9.33,13.25,0.0
2175,67.0,9.0,18.0,16.17,13.88,13.46,8.12,12.42,9.17,10.08,10.37,9.59,10.34,18.71,1.0
2176,63.0,2.0,19.0,16.83,9.79,18.34,9.87,13.42,8.67,14.54,10.04,8.71,9.17,9.75,1.0
2177,76.0,6.0,23.0,10.41,12.33,11.04,6.46,9.67,8.29,10.04,9.38,11.04,10.17,18.75,1.0
2178,68.0,6.0,10.0,3.79,6.38,1.87,3.37,5.5,3.08,1.87,3.46,2.33,2.04,3.08,1.0
2179,66.0,12.0,18.0,14.83,11.67,12.71,9.83,13.04,10.08,18.5,9.29,12.75,13.0,15.92,0.0
2180,66.0,12.0,3.0,14.29,12.25,12.08,8.75,11.29,7.29,14.5,6.17,10.08,7.75,14.29,0.0
2181,62.0,1.0,29.0,7.67,7.58,7.96,5.13,5.88,5.83,2.17,6.17,6.38,5.71,16.96,1.0
2182,67.0,12.0,10.0,10.17,4.67,14.46,4.42,5.46,0.5,8.83,3.13,4.58,3.21,10.96,0.0
2183,70.0,2.0,7.0,18.21,22.25,12.87,11.46,20.08,10.71,17.54,13.46,15.37,12.12,23.25,0.0
2184,67.0,2.0,13.0,15.54,14.42,15.54,7.62,13.62,9.08,12.54,10.21,8.29,11.92,15.54,1.0
2185,63.0,2.0,3.0,11.12,4.0,9.87,4.92,5.91,4.0,8.67,4.42,5.0,6.87,5.79,1.0
2186,67.0,7.0,12.0,3.13,3.29,8.12,2.71,5.17,1.46,3.46,4.88,5.79,6.63,5.58,1.0
2187,78.0,7.0,19.0,17.12,9.25,9.33,8.42,13.88,10.13,11.87,11.42,10.88,10.37,13.59,0.0
2188,72.0,9.0,14.0,6.54,4.67,13.62,3.58,3.42,0.87,5.0,0.96,3.37,1.08,5.66,1.0
2189,74.0,12.0,22.0,22.58,19.55,17.88,10.13,15.5,9.67,15.21,16.58,14.0,14.17,19.55,0.0
2190,66.0,3.0,27.0,32.13,23.29,21.87,24.17,30.09,23.0,28.62,23.79,24.87,24.58,31.71,0.0
2191,69.0,7.0,11.0,7.38,5.71,6.96,6.83,11.71,8.54,13.92,8.79,12.62,8.46,16.88,0.0
2192,62.0,12.0,11.0,17.92,15.87,11.63,9.13,17.37,12.21,16.42,12.46,12.29,12.17,19.92,0.0
2193,78.0,1.0,22.0,15.12,14.62,10.79,7.71,13.88,8.38,15.71,10.08,11.92,10.25,13.29,0.0
2194,63.0,1.0,24.0,7.04,6.17,8.46,1.79,6.13,3.96,3.04,2.62,2.13,0.46,8.79,1.0
2195,63.0,9.0,19.0,8.87,6.63,6.63,3.21,9.87,4.75,6.75,5.63,5.21,5.58,5.63,1.0
2196,68.0,4.0,9.0,5.13,7.54,1.75,2.17,7.12,1.46,4.96,3.42,1.46,2.08,7.71,1.0
2197,63.0,6.0,5.0,3.37,4.75,16.83,2.21,3.54,3.88,6.0,7.0,6.21,7.08,12.08,1.0
2198,62.0,1.0,22.0,20.54,21.42,14.33,14.29,22.25,12.92,23.25,16.92,16.88,15.67,26.67,0.0
2199,67.0,11.0,23.0,2.75,3.25,5.41,0.75,6.04,1.29,0.54,3.21,0.29,1.21,9.59,1.0
2200,61.0,8.0,11.0,11.21,6.75,8.29,5.0,8.58,4.83,6.83,6.25,5.79,5.25,5.88,1.0
2201,69.0,2.0,27.0,10.75,7.29,15.75,5.79,8.0,3.5,6.38,6.38,5.71,5.09,7.38,1.0
2202,62.0,12.0,9.0,23.33,18.88,10.75,16.71,20.12,14.42,20.25,14.79,19.0,17.21,21.04,0.0
2203,74.0,9.0,21.0,14.71,18.88,11.12,7.71,14.75,7.67,13.37,13.04,11.42,10.88,23.04,0.0
2204,65.0,2.0,4.0,6.63,2.75,12.0,4.0,3.96,3.08,3.63,3.25,2.42,3.88,7.46,1.0
2205,66.0,4.0,6.0,5.04,4.67,8.33,2.54,4.96,2.42,4.88,3.5,3.79,6.5,5.29,0.0
2206,68.0,11.0,20.0,9.75,12.08,12.96,5.54,7.21,4.25,11.96,6.04,5.46,7.62,9.04,0.0
2207,70.0,8.0,14.0,10.75,10.34,9.25,3.42,11.38,7.29,7.96,6.04,8.46,5.91,14.96,0.0
2208,61.0,2.0,23.0,22.08,17.46,18.88,12.42,20.5,16.13,16.38,16.92,13.21,18.0,23.21,0.0
2209,62.0,6.0,12.0,10.54,5.37,12.92,4.21,7.46,5.83,9.08,7.17,6.79,8.08,8.58,1.0
2210,63.0,5.0,12.0,23.75,22.17,23.09,13.42,21.92,16.0,15.59,23.0,15.34,20.88,32.91,0.0
2211,69.0,5.0,23.0,15.79,10.96,15.96,7.75,12.5,12.62,7.96,11.38,11.12,10.34,11.83,0.0
2212,74.0,4.0,17.0,4.38,4.17,10.75,2.04,4.46,1.38,2.75,3.71,3.37,2.21,3.96,1.0
2213,77.0,9.0,2.0,12.75,11.87,11.17,6.54,12.92,10.25,14.37,11.04,10.41,12.5,18.96,0.0
2214,61.0,2.0,24.0,8.71,7.08,11.38,4.83,5.96,4.58,8.17,4.67,6.21,7.0,9.59,1.0
2215,71.0,5.0,27.0,17.92,11.38,9.75,6.29,13.88,7.17,10.63,10.34,10.58,9.62,17.37,0.0
2216,61.0,8.0,7.0,2.88,4.42,6.34,3.04,6.58,3.96,3.88,5.04,3.17,5.71,9.83,1.0
2217,77.0,7.0,12.0,6.58,2.75,12.5,3.13,6.08,7.67,9.04,5.09,7.17,3.75,14.58,1.0
2218,70.0,6.0,19.0,11.08,6.71,7.29,1.92,3.37,1.5,2.42,3.96,1.92,0.79,7.58,1.0
2219,66.0,2.0,11.0,12.58,11.79,11.5,5.09,15.71,8.67,11.42,14.25,9.96,10.25,17.75,0.0
2220,71.0,2.0,7.0,2.71,2.75,3.88,0.83,1.25,0.29,7.08,1.63,1.75,2.71,6.17,1.0
2221,74.0,5.0,28.0,15.25,10.67,9.46,7.08,14.04,6.92,12.58,11.25,10.58,12.87,13.59,0.0
2222,68.0,9.0,6.0,3.25,7.08,3.42,1.54,6.29,2.5,5.75,5.75,3.08,3.33,11.71,1.0
2223,63.0,6.0,7.0,6.34,8.04,4.63,4.5,6.96,2.92,3.58,4.25,3.54,4.67,5.71,1.0
2224,76.0,5.0,24.0,15.5,15.21,12.83,7.71,15.46,9.42,11.08,11.63,15.34,12.12,21.54,0.0
2225,64.0,7.0,5.0,12.42,10.46,5.88,6.96,10.08,7.21,8.42,8.75,9.38,9.67,13.33,1.0
2226,63.0,3.0,12.0,5.21,5.29,5.75,0.87,3.29,1.87,6.67,1.67,2.04,3.04,3.17,1.0
2227,64.0,2.0,28.0,9.08,9.29,9.54,5.17,11.12,6.5,8.46,10.5,6.0,12.71,18.84,1.0
2228,63.0,7.0,19.0,7.04,5.37,9.42,5.09,11.12,6.54,10.04,7.92,8.54,10.25,9.96,1.0
2229,74.0,12.0,13.0,14.42,14.5,11.63,8.75,15.79,8.96,13.13,14.12,13.08,10.5,18.29,0.0
2230,61.0,11.0,15.0,8.58,5.5,15.71,5.17,8.17,3.29,6.0,2.83,4.38,4.21,3.83,1.0
2231,61.0,7.0,22.0,3.37,5.29,6.08,3.67,5.54,2.58,4.75,5.25,5.46,5.54,8.0,1.0
2232,66.0,3.0,20.0,5.75,7.33,6.08,2.67,9.08,6.29,8.87,8.33,7.5,10.34,16.71,0.0
2233,65.0,4.0,11.0,16.42,18.21,13.92,10.67,21.71,13.5,19.55,13.96,12.96,15.75,21.34,0.0
2234,74.0,5.0,3.0,12.42,12.17,16.25,7.67,12.12,9.04,14.54,13.0,10.71,10.96,12.12,0.0
2235,67.0,4.0,9.0,13.79,13.88,26.34,11.58,13.75,10.58,18.05,11.63,11.5,14.42,18.0,1.0
2236,62.0,8.0,3.0,16.04,11.75,11.54,8.79,10.75,6.71,8.42,9.42,7.46,8.63,11.79,1.0
2237,68.0,7.0,22.0,7.46,4.88,7.12,5.41,8.21,4.54,8.87,5.58,7.38,5.54,10.13,1.0
2238,72.0,11.0,7.0,9.79,8.46,10.79,3.13,3.96,2.25,6.5,3.46,5.79,3.37,10.83,0.0
2239,71.0,10.0,27.0,14.37,13.0,13.7,4.58,13.25,8.75,10.67,8.0,7.92,8.58,16.08,1.0
2240,74.0,12.0,29.0,14.83,11.58,12.71,9.29,13.7,8.0,14.96,11.42,13.75,9.04,12.92,0.0
2241,67.0,5.0,24.0,15.63,12.54,15.16,9.92,17.0,10.96,12.79,11.21,10.67,9.96,10.08,1.0
2242,70.0,6.0,7.0,4.96,3.83,15.21,3.71,4.71,4.54,5.04,3.67,6.21,4.5,7.29,1.0
2243,62.0,12.0,10.0,13.13,11.21,8.12,7.58,14.96,9.71,12.67,9.96,10.83,10.75,15.04,0.0
2244,75.0,7.0,7.0,14.33,6.83,16.0,4.63,7.92,6.54,8.5,9.29,10.08,6.13,8.79,1.0
2245,65.0,7.0,1.0,9.59,10.08,9.59,5.96,6.96,4.96,8.54,6.92,6.96,9.42,8.42,1.0
2246,64.0,6.0,18.0,8.63,10.34,10.0,4.92,9.5,3.63,5.91,8.71,5.21,8.25,11.5,1.0
2247,63.0,3.0,19.0,11.0,11.96,9.04,4.75,11.87,6.92,9.54,9.04,7.21,7.21,10.21,1.0
2248,63.0,8.0,20.0,15.63,12.75,7.0,8.21,13.88,9.04,11.08,10.34,10.21,11.63,11.29,1.0
2249,61.0,5.0,18.0,4.88,3.58,15.96,3.71,6.34,3.83,5.04,3.79,5.0,4.17,7.29,1.0
2250,78.0,1.0,9.0,14.88,17.46,12.12,8.17,13.75,9.08,17.33,11.0,11.71,9.83,18.75,0.0
2251,73.0,5.0,9.0,16.0,15.0,14.37,8.42,16.38,10.04,14.5,11.92,14.17,11.92,17.79,0.0
2252,70.0,4.0,3.0,17.79,10.46,9.83,8.33,11.63,8.83,12.04,8.29,12.29,9.71,11.29,0.0
2253,66.0,2.0,17.0,21.96,24.21,17.62,11.29,24.0,14.25,13.7,18.25,11.87,15.63,22.25,0.0
2254,75.0,12.0,14.0,8.29,1.54,9.08,1.04,2.37,1.13,8.42,2.08,6.71,4.21,6.5,0.0
2255,65.0,5.0,2.0,9.96,11.0,13.08,7.5,10.67,8.5,14.0,9.13,8.75,13.0,12.5,0.0
2256,66.0,1.0,31.0,9.5,7.79,4.17,1.58,7.46,2.75,3.79,4.67,2.71,3.04,7.83,1.0
2257,72.0,10.0,29.0,22.0,17.41,21.42,12.29,15.0,12.62,12.87,14.58,14.12,16.46,25.17,0.0
2258,70.0,9.0,2.0,16.17,12.67,16.88,8.96,14.58,10.92,11.29,9.92,13.7,12.71,14.04,0.0
2259,62.0,9.0,2.0,3.83,7.67,10.37,5.13,4.46,1.21,5.0,5.88,1.25,4.29,12.75,1.0
2260,66.0,12.0,12.0,26.75,22.21,16.42,17.62,24.79,17.75,20.04,19.7,18.63,10.79,26.08,1.0
2261,64.0,7.0,8.0,17.0,13.67,12.38,10.04,16.96,11.54,16.21,13.0,13.54,14.79,18.05,0.0
2262,66.0,12.0,6.0,11.29,9.54,5.91,5.37,10.83,5.75,12.21,5.66,7.87,7.29,15.71,0.0
2263,73.0,8.0,17.0,11.08,7.67,7.58,4.92,5.88,3.0,5.83,3.96,6.5,5.37,8.67,0.0
2264,66.0,9.0,13.0,16.5,13.13,9.83,9.0,16.46,10.5,15.41,11.71,11.75,11.25,16.42,0.0
2265,62.0,9.0,27.0,9.59,10.21,12.17,5.91,10.71,7.38,8.42,6.17,6.13,7.96,6.42,1.0
2266,66.0,10.0,31.0,9.71,8.38,8.38,4.42,9.67,6.5,9.92,7.79,7.38,8.63,15.41,0.0
2267,61.0,1.0,4.0,10.58,6.63,11.75,4.58,4.54,2.88,8.63,1.79,5.83,5.88,5.46,1.0
2268,75.0,10.0,2.0,19.0,17.0,16.04,8.38,12.75,9.42,9.75,9.71,11.04,8.42,11.5,0.0
2269,62.0,9.0,21.0,6.29,3.08,10.54,2.17,4.96,2.5,2.29,1.42,0.87,1.25,4.33,1.0
2270,77.0,9.0,3.0,11.12,11.75,9.38,4.63,10.0,8.46,12.12,9.17,7.67,8.04,19.38,0.0
2271,70.0,9.0,25.0,14.58,17.29,11.79,7.25,13.17,9.33,4.5,10.83,11.67,11.46,18.79,0.0
2272,67.0,5.0,12.0,14.67,16.79,22.42,10.25,11.42,7.75,12.71,10.13,9.0,8.08,16.38,1.0
2273,63.0,9.0,9.0,11.42,9.96,11.0,6.63,10.75,7.71,14.04,10.0,10.21,10.75,13.29,0.0
2274,61.0,3.0,6.0,4.88,8.08,7.54,3.13,5.41,4.08,2.83,5.29,5.21,5.09,10.21,1.0
2275,63.0,4.0,7.0,16.25,13.79,22.75,11.92,16.38,16.38,18.5,18.16,17.04,15.21,16.92,0.0
2276,69.0,6.0,3.0,14.17,7.46,10.63,7.21,11.63,9.59,8.58,8.38,8.25,7.58,11.92,1.0
2277,72.0,10.0,30.0,3.67,5.21,4.42,1.42,4.42,3.75,6.42,4.75,5.09,4.71,11.42,0.0
2278,68.0,4.0,14.0,15.25,10.96,16.17,7.79,11.04,8.96,11.75,10.67,9.21,8.21,11.5,1.0
2279,69.0,7.0,3.0,6.79,4.42,7.38,3.46,5.0,2.83,4.21,4.96,3.92,5.54,14.83,1.0
2280,76.0,3.0,4.0,11.92,14.92,10.34,6.75,12.08,6.96,7.87,12.12,11.67,11.75,17.62,0.0
2281,74.0,10.0,27.0,26.5,17.33,15.34,15.75,19.92,14.12,22.29,18.66,15.87,20.88,22.46,0.0
2282,63.0,8.0,1.0,10.21,7.83,13.7,5.37,11.67,5.0,5.41,11.25,5.66,5.37,13.37,1.0
2283,70.0,3.0,25.0,6.38,3.37,6.46,1.87,5.13,3.46,4.25,5.66,4.75,5.0,12.29,0.0
2284,62.0,4.0,28.0,4.75,2.92,10.08,2.71,3.21,3.29,5.17,3.0,4.5,3.17,9.17,1.0
2285,63.0,10.0,31.0,6.75,7.79,8.29,3.37,8.33,4.38,5.25,8.04,5.75,8.0,9.87,0.0
2286,67.0,1.0,2.0,8.29,6.34,8.54,1.75,3.33,0.33,8.29,0.58,3.92,5.04,2.75,0.0
2287,77.0,5.0,29.0,5.09,5.37,13.0,3.25,4.0,4.75,10.17,5.29,6.92,4.67,8.42,1.0
2288,63.0,8.0,7.0,13.13,9.71,11.92,8.0,14.46,11.38,12.58,13.67,12.25,12.25,16.08,0.0
2289,69.0,1.0,12.0,9.71,7.12,14.33,5.75,10.08,6.04,10.29,11.08,10.17,9.83,13.0,0.0
2290,64.0,3.0,15.0,8.83,11.25,7.17,3.54,11.21,6.25,6.54,9.04,4.54,11.79,16.83,0.0
2291,66.0,10.0,13.0,13.67,9.5,9.54,5.04,9.75,5.5,4.75,6.75,5.09,5.0,10.25,1.0
2292,70.0,2.0,3.0,10.92,11.54,10.46,5.46,10.63,8.71,14.29,10.63,11.63,11.38,19.08,0.0
2293,64.0,12.0,19.0,7.17,4.54,7.41,2.17,3.08,0.96,6.29,2.88,2.08,4.5,9.79,1.0
2294,64.0,12.0,5.0,9.25,10.67,9.54,5.29,12.25,8.96,16.42,9.83,10.37,10.63,17.25,0.0
2295,74.0,11.0,26.0,4.0,8.58,4.38,1.63,8.46,2.83,6.96,4.54,4.54,4.04,7.62,1.0
2296,66.0,7.0,9.0,6.71,6.92,6.96,5.09,10.21,6.08,7.67,6.29,7.21,7.12,14.5,0.0
2297,75.0,11.0,8.0,9.08,7.08,14.71,1.67,7.0,3.25,8.79,4.71,4.67,3.58,7.29,1.0
2298,61.0,2.0,9.0,17.41,15.92,13.67,10.71,14.0,12.92,14.37,15.71,14.46,14.67,23.04,0.0
2299,78.0,5.0,13.0,16.21,11.38,9.96,8.25,13.13,9.17,10.08,10.08,9.38,11.08,12.87,1.0
2300,73.0,7.0,30.0,8.12,4.71,4.38,2.29,5.58,1.87,2.08,2.21,4.46,3.75,7.92,1.0
2301,67.0,12.0,4.0,4.12,7.0,7.04,3.29,10.0,7.04,16.62,8.38,11.42,12.67,20.04,0.0
2302,71.0,12.0,31.0,14.88,10.5,26.08,8.46,13.5,10.04,21.04,10.25,13.54,11.34,12.12,0.0
2303,62.0,12.0,21.0,5.75,5.17,6.38,2.29,7.54,5.17,10.41,3.5,6.13,6.25,9.87,1.0
2304,71.0,2.0,24.0,8.33,10.17,5.75,2.33,6.96,1.67,3.17,2.33,2.75,1.58,6.96,1.0
2305,73.0,9.0,10.0,9.46,1.75,15.5,3.25,6.08,5.66,6.79,4.29,6.63,3.5,8.08,1.0
2306,78.0,5.0,12.0,24.46,15.21,14.29,11.67,17.54,10.54,13.79,13.83,12.38,12.17,17.58,0.0
2307,76.0,4.0,28.0,9.92,7.29,11.34,2.71,5.75,3.08,7.29,4.21,5.96,3.79,6.87,1.0
2308,62.0,10.0,9.0,5.63,0.87,6.38,1.38,5.46,2.37,4.88,3.0,2.67,4.75,2.58,1.0
2309,72.0,5.0,26.0,28.79,26.0,23.63,16.83,33.04,17.88,24.5,20.41,21.62,17.79,27.71,0.0
2310,78.0,2.0,15.0,21.79,23.09,16.25,6.87,16.58,10.79,11.87,14.46,10.79,8.58,11.96,0.0
2311,63.0,8.0,29.0,10.71,7.96,10.13,7.04,10.25,8.46,8.33,11.34,8.75,11.29,16.0,1.0
2312,74.0,2.0,25.0,1.42,1.42,2.5,0.58,1.5,0.5,4.63,3.29,2.71,3.33,5.37,1.0
2313,61.0,11.0,13.0,15.0,13.0,32.71,13.33,9.59,10.13,21.87,10.04,10.37,14.04,9.25,1.0
2314,69.0,3.0,2.0,9.08,7.46,17.62,6.13,7.12,2.92,7.62,4.54,5.29,5.75,4.21,1.0
2315,71.0,3.0,29.0,3.67,1.54,6.58,2.96,5.33,1.13,3.21,2.62,4.38,3.83,6.63,1.0
2316,77.0,12.0,12.0,11.71,14.09,11.25,5.71,12.62,8.38,12.33,7.71,9.38,7.29,11.67,1.0
2317,72.0,3.0,22.0,5.83,4.21,4.79,2.79,3.29,1.0,6.87,4.17,4.5,5.17,9.62,1.0
2318,69.0,6.0,5.0,4.96,4.38,7.58,2.62,4.83,6.25,2.96,3.75,3.37,3.5,9.17,1.0
2319,78.0,1.0,15.0,2.0,3.88,6.67,0.87,4.12,2.29,1.58,6.13,3.54,4.5,9.96,1.0
2320,70.0,4.0,8.0,12.83,9.33,12.54,6.21,7.46,6.5,7.46,8.12,6.38,10.17,15.09,0.0
2321,75.0,4.0,23.0,8.08,5.71,10.79,4.21,5.75,3.0,2.54,3.5,6.71,5.54,4.17,1.0
2322,71.0,8.0,3.0,11.87,5.54,11.34,5.66,9.46,7.67,9.59,7.62,7.58,6.54,8.21,1.0
2323,62.0,5.0,7.0,16.88,15.67,16.5,11.38,13.67,10.67,14.09,12.71,10.29,10.41,18.21,1.0
2324,63.0,6.0,29.0,15.09,14.04,15.21,10.54,14.58,9.0,13.5,15.04,11.5,15.54,20.96,0.0
2325,72.0,1.0,14.0,23.96,20.62,19.5,9.17,18.05,12.5,16.08,10.54,13.08,13.21,15.04,0.0
2326,65.0,8.0,4.0,18.71,16.83,16.25,12.04,14.67,9.54,11.92,12.08,9.46,11.46,17.46,0.0
2327,63.0,4.0,4.0,12.71,9.04,16.83,8.83,10.88,9.0,13.0,10.54,9.79,13.67,13.33,0.0
2328,69.0,11.0,9.0,21.75,27.33,11.71,9.0,18.0,9.83,10.71,10.88,10.79,8.5,17.46,0.0
2329,76.0,5.0,29.0,11.83,10.0,10.25,2.79,7.0,3.83,3.33,6.42,6.29,4.58,12.29,1.0
2330,75.0,12.0,25.0,18.71,12.33,12.58,9.33,12.71,8.75,13.96,11.0,12.87,13.59,15.79,0.0
2331,67.0,10.0,29.0,14.21,11.34,8.67,7.67,11.96,7.58,10.04,8.21,9.21,6.96,14.75,0.0
2332,61.0,6.0,27.0,9.0,6.34,8.0,5.71,8.04,6.96,10.54,8.96,10.41,10.37,13.29,0.0
2333,70.0,7.0,26.0,11.08,9.21,9.5,4.63,11.75,8.0,8.08,6.67,10.34,4.92,12.87,1.0
2334,71.0,1.0,16.0,11.12,11.25,8.04,4.08,9.46,6.92,4.33,6.5,7.12,7.21,11.34,1.0
2335,70.0,10.0,11.0,11.38,9.29,8.92,3.13,7.54,5.66,3.04,6.34,5.41,3.08,7.5,1.0
2336,67.0,11.0,10.0,8.75,10.58,10.92,5.96,11.63,9.04,12.54,10.92,9.0,11.34,20.41,0.0
2337,77.0,10.0,6.0,17.25,18.08,21.0,8.75,11.75,8.17,14.96,12.0,10.63,10.08,19.79,0.0
2338,71.0,2.0,19.0,9.21,14.83,8.67,3.21,10.58,6.38,5.91,7.87,7.79,5.96,14.71,1.0
2339,65.0,11.0,25.0,20.0,14.0,17.79,10.17,12.08,8.58,13.75,9.42,8.17,12.0,14.12,0.0
2340,76.0,1.0,21.0,18.54,19.17,12.5,11.17,21.46,14.71,20.79,19.33,18.63,18.58,23.54,0.0
2341,65.0,10.0,7.0,8.92,4.67,8.0,3.17,2.13,2.33,4.96,3.75,3.71,5.04,4.71,0.0
2342,64.0,3.0,26.0,7.08,9.42,7.21,3.42,8.71,4.25,6.0,7.54,3.25,6.71,16.71,1.0
2343,77.0,7.0,9.0,8.96,8.79,20.33,6.42,8.25,6.96,8.87,6.87,6.42,4.17,14.62,1.0
2344,65.0,2.0,27.0,4.04,2.0,6.08,1.96,3.79,1.17,8.46,2.25,3.5,3.58,3.67,1.0
2345,72.0,9.0,20.0,5.25,6.58,7.41,2.37,4.17,3.88,6.17,9.59,4.71,6.87,14.42,1.0
2346,67.0,5.0,1.0,20.46,15.71,13.92,11.42,16.75,12.0,13.83,13.08,12.46,12.08,19.5,0.0
2347,73.0,6.0,6.0,5.09,3.13,7.62,3.0,4.21,1.63,3.21,1.79,2.79,0.96,8.92,1.0
2348,61.0,7.0,5.0,11.5,4.96,7.62,5.83,8.92,6.17,10.08,5.58,8.08,8.75,7.08,1.0
2349,70.0,8.0,26.0,4.88,3.71,8.71,0.87,3.5,1.21,0.37,0.71,0.54,0.04,3.25,1.0
2350,69.0,11.0,4.0,13.13,10.37,10.63,4.54,8.46,5.54,10.0,6.83,8.67,6.96,12.58,0.0
2351,77.0,8.0,26.0,9.92,12.33,9.21,5.29,13.0,7.25,10.67,9.21,7.25,9.21,18.84,0.0
2352,67.0,8.0,3.0,14.71,12.54,7.08,6.13,12.54,7.87,11.46,10.67,10.58,10.92,17.37,0.0
2353,75.0,8.0,19.0,14.25,13.5,13.92,6.17,11.92,6.92,8.38,11.96,11.21,8.92,15.25,1.0
2354,62.0,4.0,24.0,5.71,5.46,5.29,2.04,4.08,2.33,5.79,4.92,3.46,4.5,11.75,1.0
2355,73.0,6.0,11.0,9.96,7.96,9.92,4.46,10.21,7.25,9.67,9.33,9.92,7.83,17.37,0.0
2356,73.0,1.0,8.0,7.75,8.12,3.54,0.63,5.21,2.88,2.67,1.25,2.58,0.33,5.0,1.0
2357,67.0,10.0,30.0,16.25,15.25,9.75,4.25,14.09,7.92,8.29,9.87,7.54,8.08,15.16,1.0
2358,61.0,11.0,20.0,10.83,3.29,14.46,4.5,7.96,4.71,13.04,7.67,6.5,7.87,7.71,1.0
2359,64.0,3.0,24.0,13.79,13.37,10.63,7.29,12.17,6.63,7.58,7.92,6.75,9.46,13.33,1.0
2360,65.0,7.0,17.0,6.0,10.67,3.5,3.83,7.54,3.04,4.88,4.33,3.71,6.34,13.21,1.0
2361,65.0,6.0,22.0,16.79,14.17,14.5,9.25,12.92,8.67,10.92,10.25,9.25,10.13,17.21,1.0
2362,61.0,4.0,22.0,8.17,5.66,6.92,4.79,7.87,5.09,7.46,4.83,4.88,7.12,6.75,1.0
2363,64.0,8.0,25.0,15.09,16.38,15.37,10.88,14.0,12.42,13.0,13.46,11.71,14.92,20.62,0.0
2364,70.0,5.0,19.0,13.33,8.92,8.33,7.12,13.42,9.54,12.04,10.92,12.67,11.83,14.75,0.0
2365,71.0,8.0,10.0,15.83,8.33,12.58,7.83,10.88,4.0,7.58,4.12,7.58,4.92,8.21,1.0
2366,62.0,7.0,31.0,7.04,7.0,8.08,5.46,10.96,7.33,9.54,9.92,9.67,8.92,12.96,0.0
2367,76.0,2.0,3.0,13.37,10.96,15.37,4.88,9.83,5.09,10.58,8.63,8.79,5.91,7.04,1.0
2368,78.0,9.0,8.0,15.54,14.62,12.75,5.79,12.08,11.08,8.21,11.21,11.34,9.5,21.84,0.0
2369,61.0,5.0,1.0,15.87,13.88,15.37,9.79,13.46,10.17,9.96,14.04,9.75,9.92,18.63,1.0
2370,66.0,5.0,1.0,4.04,5.5,4.75,3.79,6.25,3.75,4.54,5.13,3.29,6.38,11.38,1.0
2371,78.0,6.0,6.0,10.04,9.92,9.21,5.17,13.25,9.96,9.29,9.75,10.58,8.58,14.25,0.0
2372,77.0,3.0,15.0,28.33,19.55,22.0,16.79,18.88,15.67,19.79,16.42,18.46,18.21,19.87,0.0
2373,65.0,5.0,22.0,15.12,12.08,12.58,9.92,13.37,11.29,10.21,9.04,9.38,11.87,12.46,1.0
2374,64.0,10.0,26.0,13.67,11.08,11.75,5.09,7.67,6.63,6.25,9.96,5.83,11.12,15.37,1.0
2375,61.0,3.0,20.0,13.75,10.41,12.0,10.75,11.46,10.29,15.41,10.04,13.67,13.83,14.29,0.0
2376,72.0,12.0,19.0,9.59,13.37,8.96,6.46,7.33,7.29,5.29,9.87,8.87,10.46,25.46,0.0
2377,76.0,1.0,14.0,9.13,8.87,8.67,4.79,9.13,5.21,11.92,8.96,10.96,10.46,16.75,0.0
2378,67.0,1.0,23.0,22.88,19.79,15.25,10.25,17.83,10.21,10.08,11.92,9.54,13.0,15.67,0.0
2379,70.0,10.0,29.0,17.33,16.75,16.5,6.96,13.62,10.92,13.17,13.25,12.54,12.21,20.75,0.0
2380,75.0,12.0,31.0,15.59,12.33,13.42,2.37,4.08,1.17,7.08,4.25,5.91,6.34,11.38,0.0
2381,70.0,5.0,22.0,9.46,5.71,8.75,4.83,8.79,6.79,8.87,6.29,9.04,7.08,10.46,1.0
2382,66.0,4.0,27.0,21.71,20.67,16.62,16.21,23.67,18.21,20.88,19.33,17.75,18.96,23.0,0.0
2383,69.0,1.0,7.0,22.34,18.16,18.21,8.83,15.0,7.25,13.46,13.21,10.96,13.21,17.33,0.0
2384,68.0,4.0,8.0,4.42,7.46,4.12,1.25,6.42,2.83,4.63,5.58,2.37,3.92,11.71,1.0
2385,70.0,8.0,20.0,19.5,13.54,17.29,10.34,13.37,10.0,13.5,11.71,13.25,15.54,15.79,0.0
2386,67.0,2.0,2.0,16.38,17.08,17.21,10.37,18.84,14.12,16.88,16.21,14.29,18.91,24.04,0.0
2387,78.0,2.0,5.0,14.04,14.5,9.25,5.75,14.29,7.0,13.46,9.04,10.08,6.04,15.87,0.0
2388,71.0,2.0,9.0,18.66,15.87,14.58,9.33,13.75,10.21,8.67,12.67,12.58,13.96,22.37,0.0
2389,61.0,12.0,5.0,17.67,14.09,14.92,12.92,13.33,11.83,17.83,11.92,15.12,15.41,19.21,0.0
2390,74.0,4.0,8.0,13.59,4.33,15.75,4.12,6.75,7.08,5.09,7.83,8.5,6.34,8.08,1.0
2391,76.0,11.0,15.0,10.88,14.09,9.87,4.17,8.12,10.13,8.29,8.75,8.04,9.13,20.41,0.0
2392,71.0,8.0,21.0,5.17,3.71,5.0,2.92,2.5,1.17,4.71,2.04,1.38,0.79,10.79,1.0
2393,68.0,4.0,2.0,23.83,19.58,18.58,15.04,18.0,11.92,17.0,14.12,14.58,16.38,25.5,0.0
2394,73.0,12.0,11.0,10.0,11.25,8.04,4.38,8.17,5.25,10.88,6.17,8.79,8.12,13.0,0.0
2395,67.0,3.0,16.0,11.42,10.13,10.08,6.21,10.71,8.17,14.71,13.17,9.62,12.83,20.5,0.0
2396,78.0,11.0,17.0,23.21,21.37,19.04,11.21,13.21,13.88,17.58,14.0,14.96,14.54,21.25,0.0
2397,71.0,5.0,11.0,5.41,6.04,4.12,1.92,4.38,2.83,1.63,7.41,4.33,6.67,14.71,1.0
2398,64.0,8.0,21.0,6.87,4.96,6.58,2.88,6.17,2.46,4.25,5.58,3.25,5.21,12.04,1.0
2399,68.0,5.0,31.0,8.54,10.88,5.33,8.5,7.5,7.79,3.04,9.04,6.92,9.71,18.16,1.0
2400,71.0,9.0,25.0,9.83,6.83,8.0,4.21,9.33,4.88,6.54,5.0,5.71,4.67,10.13,1.0
2401,76.0,6.0,20.0,7.83,6.92,8.42,4.08,4.75,4.17,9.96,4.58,7.75,6.5,9.04,1.0
2402,68.0,7.0,19.0,5.54,4.25,4.08,3.5,6.54,3.67,5.37,5.83,4.5,3.75,9.67,1.0
2403,73.0,4.0,1.0,17.41,17.08,13.59,8.04,12.0,10.04,12.42,10.88,11.63,10.83,14.58,0.0
2404,73.0,2.0,20.0,8.79,8.38,6.79,5.13,9.83,7.29,11.58,7.83,12.17,9.17,14.12,0.0
2405,68.0,5.0,25.0,6.58,4.33,7.41,3.58,5.91,1.08,3.46,5.04,1.92,4.12,6.79,0.0
2406,75.0,1.0,17.0,8.0,10.71,6.54,3.75,10.08,4.04,9.62,7.17,9.71,6.08,11.46,1.0
2407,64.0,7.0,30.0,6.92,6.21,10.5,4.92,10.63,7.08,10.13,9.67,8.46,9.75,13.75,0.0
2408,63.0,7.0,21.0,5.13,8.46,5.17,6.75,8.54,6.13,7.29,11.46,6.54,9.79,16.79,1.0
2409,67.0,4.0,26.0,8.54,10.08,7.87,4.67,9.62,6.42,9.38,9.54,7.87,9.08,15.83,1.0
2410,70.0,1.0,10.0,7.96,5.41,8.25,1.79,3.92,3.5,4.63,2.29,4.5,2.54,1.71,1.0
2411,74.0,5.0,23.0,27.08,18.63,15.79,13.46,18.08,12.83,14.92,18.21,13.5,15.71,19.87,0.0
2412,68.0,10.0,1.0,14.25,16.79,16.0,8.38,17.79,10.67,17.33,16.21,15.12,14.12,23.83,0.0
2413,63.0,5.0,30.0,4.88,2.96,17.25,4.67,5.96,6.71,8.25,7.62,7.83,7.54,7.96,1.0
2414,66.0,8.0,14.0,12.25,8.17,6.04,2.96,10.92,2.46,2.88,5.66,3.29,1.92,8.63,1.0
2415,66.0,6.0,5.0,10.63,9.79,9.17,7.58,9.96,8.58,10.41,6.96,8.75,9.71,11.12,1.0
2416,66.0,6.0,6.0,12.58,10.04,11.58,5.04,6.96,6.0,5.33,2.37,4.88,4.29,6.67,1.0
2417,77.0,2.0,24.0,8.67,8.87,10.88,5.63,11.46,10.29,17.71,10.92,12.04,13.29,14.37,0.0
2418,73.0,3.0,14.0,6.83,7.17,10.46,2.37,3.21,1.96,4.54,3.25,5.0,2.54,3.21,1.0
2419,76.0,10.0,7.0,16.33,13.08,12.12,5.75,11.96,8.58,7.71,6.42,7.46,5.88,12.0,0.0
2420,68.0,10.0,3.0,10.71,11.34,12.83,5.04,7.08,3.5,5.46,9.46,5.71,6.34,10.21,1.0
2421,65.0,6.0,10.0,9.87,14.54,6.5,5.37,12.25,7.41,4.42,8.04,5.13,7.71,9.62,1.0
2422,70.0,9.0,13.0,13.25,10.54,10.79,6.08,12.71,6.96,5.58,4.83,7.5,6.83,11.71,1.0
2423,75.0,1.0,21.0,19.55,18.29,13.25,8.58,14.21,8.33,14.42,12.12,13.88,10.5,17.5,0.0
2424,74.0,8.0,8.0,9.5,8.58,9.13,3.54,6.92,3.88,5.71,6.46,5.66,5.66,10.29,1.0
2425,74.0,12.0,12.0,29.5,19.87,15.5,16.08,22.83,13.79,17.58,19.7,16.88,15.75,17.92,0.0
2426,64.0,8.0,22.0,9.33,10.08,10.67,3.96,11.67,8.04,9.42,10.5,8.5,11.67,18.34,0.0
2427,69.0,6.0,27.0,9.67,7.54,7.75,6.75,10.63,7.92,9.54,9.33,8.92,9.92,15.09,0.0
2428,78.0,12.0,30.0,18.5,14.04,21.29,9.13,12.75,9.71,18.08,12.87,12.46,12.12,14.67,0.0
2429,63.0,5.0,7.0,19.83,16.96,22.34,15.16,17.41,15.34,18.75,16.66,15.37,19.17,22.83,0.0
2430,64.0,12.0,31.0,16.33,19.25,13.37,10.08,17.04,12.54,19.83,13.79,12.67,15.04,21.37,0.0
2431,68.0,5.0,3.0,10.83,8.21,8.71,5.88,9.75,5.25,6.96,5.13,6.46,6.38,8.21,1.0
2432,66.0,2.0,19.0,15.12,13.62,13.54,8.17,12.75,7.96,10.04,9.83,7.25,9.13,13.54,0.0
2433,76.0,11.0,16.0,9.67,6.42,10.71,3.79,1.58,3.96,8.63,1.5,3.17,3.88,5.54,1.0
2434,75.0,12.0,5.0,8.75,4.42,5.96,2.54,5.33,1.67,10.46,5.09,7.17,6.75,7.21,0.0
2435,72.0,9.0,21.0,6.63,7.92,8.87,3.21,3.46,2.33,7.08,5.75,4.75,5.33,9.29,1.0
2436,73.0,9.0,9.0,5.25,0.83,11.83,1.92,3.17,1.42,2.04,2.46,2.88,3.0,9.42,1.0
2437,75.0,1.0,23.0,20.62,23.63,14.62,12.87,22.29,14.75,19.5,20.12,18.96,16.13,31.49,0.0
2438,74.0,2.0,7.0,11.38,9.96,8.63,5.04,7.67,4.04,6.83,5.17,6.67,6.04,8.46,1.0
2439,69.0,8.0,16.0,8.04,3.88,5.0,3.21,3.46,3.13,3.5,1.58,3.92,4.25,5.88,1.0
2440,61.0,4.0,17.0,4.0,3.71,3.33,1.58,2.21,0.83,4.46,2.54,3.58,3.83,10.04,1.0
2441,72.0,12.0,3.0,16.71,16.88,12.29,7.46,10.13,9.46,13.25,10.67,8.67,8.0,14.0,0.0
2442,62.0,5.0,23.0,12.87,10.0,11.25,8.83,14.5,10.17,16.42,12.33,12.0,12.67,14.62,0.0
2443,71.0,7.0,23.0,11.12,7.41,9.5,5.13,11.58,7.04,7.17,7.87,7.0,6.58,7.62,0.0
2444,75.0,1.0,30.0,21.09,20.58,17.96,10.71,16.88,11.96,14.92,19.12,17.04,16.04,26.92,0.0
2445,63.0,1.0,7.0,18.75,18.12,18.29,8.92,16.17,12.46,16.75,11.71,9.87,11.92,14.21,0.0
2446,65.0,12.0,13.0,10.79,10.75,10.29,6.75,12.17,8.79,14.29,11.12,9.83,11.46,15.96,1.0
2447,69.0,4.0,2.0,5.75,3.46,6.42,3.42,4.5,0.29,5.46,3.29,2.62,2.21,8.67,1.0
2448,74.0,1.0,1.0,23.21,16.54,16.08,9.75,15.83,11.46,9.54,13.54,13.83,16.66,17.21,0.0
2449,65.0,12.0,9.0,26.46,23.21,21.0,17.37,27.29,18.75,24.0,21.75,20.38,20.21,26.38,0.0
2450,62.0,1.0,5.0,11.67,13.04,11.38,4.79,11.42,8.96,15.29,10.75,9.13,11.87,17.04,1.0
2451,64.0,5.0,15.0,5.33,9.46,7.29,5.37,9.71,5.71,5.25,6.54,4.42,7.21,9.38,1.0
2452,76.0,12.0,27.0,9.04,6.21,7.87,2.83,4.79,6.96,11.67,4.42,7.38,8.58,14.5,0.0
2453,76.0,9.0,8.0,10.13,9.33,9.46,7.04,9.62,8.75,13.17,10.34,11.04,9.83,18.25,0.0
2454,69.0,1.0,26.0,20.54,17.41,16.71,13.21,16.17,9.38,12.33,11.58,11.75,14.88,14.92,0.0
2455,72.0,12.0,18.0,9.87,16.04,14.33,8.25,13.75,11.58,15.71,10.63,9.38,6.17,13.79,0.0
2456,77.0,11.0,25.0,5.88,4.46,8.46,1.0,1.79,1.96,7.54,2.08,2.13,1.79,2.13,1.0
2457,61.0,9.0,9.0,16.75,13.59,14.88,10.5,11.42,9.83,6.92,9.5,9.71,10.96,13.92,1.0
2458,67.0,8.0,10.0,8.29,5.41,7.71,4.33,9.5,4.83,4.88,2.46,3.71,2.21,5.58,1.0
2459,63.0,12.0,29.0,17.96,16.79,14.96,11.21,15.79,13.37,14.29,13.37,13.37,15.16,22.0,0.0
2460,67.0,12.0,7.0,11.63,8.12,8.04,8.0,8.33,6.04,12.62,7.92,9.92,5.37,17.29,0.0
2461,76.0,9.0,26.0,11.63,11.0,9.42,3.83,7.41,6.38,8.17,5.66,9.62,5.88,7.33,0.0
2462,73.0,1.0,7.0,12.08,10.88,10.13,4.25,6.13,4.96,5.63,6.34,5.25,4.08,6.46,1.0
2463,68.0,1.0,6.0,12.92,12.5,13.42,7.25,11.92,5.13,9.87,5.54,5.66,5.46,6.5,1.0
2464,73.0,3.0,1.0,17.83,15.16,14.46,8.17,12.75,10.79,13.54,11.12,12.04,12.5,16.21,0.0
2465,62.0,1.0,12.0,20.91,20.08,16.79,16.62,22.29,14.83,23.54,15.04,19.79,16.83,21.04,0.0
2466,67.0,6.0,28.0,14.71,11.34,16.13,8.58,13.83,11.17,14.42,15.34,12.79,14.12,21.79,0.0
2467,63.0,12.0,24.0,32.5,26.54,26.25,17.0,24.71,18.71,18.08,21.21,18.58,21.37,29.38,0.0
2468,76.0,12.0,8.0,12.21,8.75,8.12,3.83,7.08,5.88,10.75,4.12,7.08,6.75,11.5,0.0
2469,72.0,2.0,17.0,17.08,13.04,18.29,10.46,12.79,9.38,14.17,10.13,10.75,13.0,15.29,0.0
2470,70.0,5.0,12.0,6.25,4.08,15.63,4.12,4.25,7.04,7.25,5.75,7.33,5.79,10.25,1.0
2471,62.0,7.0,1.0,8.67,4.17,6.92,6.71,8.17,5.66,11.17,9.38,8.75,11.12,10.25,0.0
2472,70.0,10.0,18.0,9.79,11.29,8.29,7.96,16.29,11.54,19.62,14.29,18.91,14.92,23.71,0.0
2473,69.0,12.0,19.0,7.62,10.67,13.79,5.21,9.79,9.04,11.79,9.08,10.0,8.63,15.79,0.0
2474,61.0,7.0,30.0,6.13,10.41,9.17,4.21,7.75,4.58,6.04,9.17,5.58,8.21,10.67,1.0
2475,77.0,4.0,3.0,19.7,12.46,20.04,10.08,13.29,12.25,14.92,11.83,11.67,15.34,20.0,0.0
2476,73.0,6.0,3.0,9.17,7.41,10.21,5.91,10.34,7.17,6.87,7.79,8.38,7.38,10.13,1.0
2477,70.0,7.0,8.0,12.62,11.17,10.17,7.29,11.17,7.79,6.34,8.25,8.75,7.87,16.79,1.0
2478,65.0,1.0,22.0,12.38,12.79,9.0,5.75,11.67,8.08,11.34,8.38,8.17,8.12,15.5,0.0
2479,73.0,11.0,24.0,10.75,12.87,10.04,8.33,15.21,8.38,13.04,12.0,12.96,14.79,15.16,0.0
2480,64.0,3.0,12.0,17.71,15.16,20.5,10.21,21.34,15.5,15.37,18.79,14.42,18.29,19.55,0.0
2481,66.0,1.0,16.0,9.0,5.58,9.25,4.79,4.5,2.21,4.71,3.25,3.5,4.04,3.63,1.0
2482,76.0,3.0,28.0,17.21,16.13,18.16,9.17,17.04,13.04,18.71,17.5,19.67,19.75,24.41,0.0
2483,63.0,12.0,29.0,17.96,16.79,14.96,11.21,15.79,13.37,14.29,13.37,13.37,15.16,22.0,0.0
2484,73.0,11.0,2.0,12.83,12.58,8.92,5.21,11.08,6.96,4.54,7.54,6.42,8.5,7.79,1.0
2485,64.0,1.0,20.0,2.08,5.71,4.54,2.21,5.88,3.08,7.58,6.17,4.42,8.29,12.33,1.0
2486,64.0,3.0,22.0,5.21,4.29,4.71,0.71,4.33,0.13,6.08,2.67,4.58,5.83,5.88,1.0
2487,65.0,1.0,29.0,15.59,17.33,23.25,8.21,14.17,6.25,13.29,9.08,8.12,8.87,7.08,1.0
2488,71.0,6.0,16.0,12.42,7.96,9.42,6.38,12.54,6.92,9.75,6.96,10.46,8.25,10.54,1.0
2489,61.0,6.0,24.0,6.42,4.92,9.33,4.75,12.17,8.33,14.88,11.87,12.92,15.0,19.08,0.0
2490,78.0,12.0,19.0,13.88,11.42,10.13,2.33,8.12,6.75,4.75,5.88,6.21,8.17,8.33,0.0
2491,65.0,7.0,27.0,15.37,13.17,11.12,7.17,12.12,8.71,12.96,10.04,8.87,9.87,12.5,1.0
2492,72.0,8.0,23.0,7.21,2.96,5.5,2.88,2.92,3.0,7.92,4.04,5.33,4.71,7.29,1.0
2493,73.0,12.0,3.0,14.21,10.29,9.08,7.12,10.88,5.96,14.21,10.46,11.04,9.62,13.92,0.0
2494,66.0,8.0,9.0,20.08,17.46,16.38,9.79,18.79,12.92,12.79,14.88,12.29,13.13,18.12,0.0
2495,70.0,11.0,2.0,17.5,17.33,14.67,7.04,15.0,11.42,13.33,13.92,12.92,13.5,21.84,0.0
2496,69.0,4.0,29.0,6.0,4.25,4.63,3.96,5.63,0.71,4.71,4.46,4.83,6.71,9.04,1.0
2497,78.0,5.0,12.0,24.46,15.21,14.29,11.67,17.54,10.54,13.79,13.83,12.38,12.17,17.58,0.0
2498,76.0,10.0,29.0,12.79,5.83,14.67,5.66,4.79,4.96,6.71,4.83,6.13,7.54,9.17,1.0
2499,65.0,2.0,9.0,5.79,4.08,5.79,3.75,4.75,0.92,6.0,2.33,4.42,5.58,4.17,1.0
2500,65.0,8.0,18.0,12.79,11.0,12.58,6.79,12.75,9.5,12.67,11.79,10.0,12.38,16.54,0.0
2501,77.0,10.0,9.0,16.33,15.41,11.79,8.21,16.58,10.71,15.25,13.33,11.79,9.75,17.58,1.0
2502,62.0,4.0,15.0,13.04,7.83,23.13,7.71,9.67,8.75,13.83,8.25,10.08,9.5,8.63,1.0
2503,71.0,1.0,8.0,24.92,22.88,19.46,15.34,17.0,14.33,14.62,15.87,15.16,17.5,30.04,0.0
2504,77.0,12.0,1.0,13.37,10.92,12.42,2.37,5.79,6.13,8.96,7.38,6.29,5.71,8.54,1.0
2505,68.0,4.0,21.0,5.83,8.42,8.92,3.83,8.38,2.79,3.17,5.41,1.5,1.92,3.46,1.0
2506,70.0,1.0,5.0,10.46,5.29,10.83,3.63,4.75,5.29,12.33,5.83,6.79,6.21,11.83,0.0
2507,67.0,9.0,17.0,16.38,7.67,10.37,6.75,9.13,6.21,9.62,5.66,8.5,7.33,10.04,1.0
2508,67.0,4.0,16.0,8.71,6.67,4.71,4.21,8.79,3.25,6.29,4.0,6.08,9.25,7.33,1.0
2509,77.0,4.0,24.0,14.29,13.67,12.54,7.21,10.54,10.04,13.21,9.17,10.29,8.79,14.33,1.0
2510,68.0,9.0,3.0,12.67,4.25,4.5,4.0,9.71,3.83,7.38,7.38,7.33,7.54,10.96,0.0
2511,63.0,11.0,17.0,21.67,19.75,16.96,8.17,19.17,13.5,13.75,15.16,11.04,11.71,18.21,0.0
2512,63.0,4.0,13.0,15.09,11.29,16.38,8.75,13.88,13.54,15.21,12.67,12.38,15.46,15.87,0.0
2513,70.0,2.0,18.0,12.25,10.96,9.62,5.09,9.96,8.38,13.5,10.04,9.62,9.08,15.0,0.0
2514,78.0,1.0,22.0,15.12,14.62,10.79,7.71,13.88,8.38,15.71,10.08,11.92,10.25,13.29,0.0
2515,75.0,12.0,21.0,9.87,9.96,8.92,3.08,7.87,5.71,12.33,6.79,10.58,9.21,16.88,0.0
2516,67.0,4.0,29.0,7.58,6.38,9.25,7.96,8.67,3.79,5.58,2.88,6.75,6.17,6.5,1.0
2517,77.0,9.0,5.0,9.0,10.5,8.17,4.71,9.71,7.46,11.63,7.29,9.25,8.58,16.25,0.0
2518,68.0,5.0,23.0,11.92,14.46,9.08,5.21,14.42,6.71,5.04,8.87,4.92,7.41,11.58,1.0
2519,63.0,8.0,30.0,17.33,19.0,17.04,9.17,20.08,12.75,11.12,14.79,12.29,15.5,19.25,1.0
2520,73.0,2.0,21.0,14.54,13.5,10.0,7.41,13.17,8.46,13.13,9.21,12.79,12.12,13.37,0.0
2521,76.0,12.0,28.0,9.62,5.96,13.59,3.71,3.83,4.29,7.58,4.71,5.71,5.54,8.46,0.0
2522,61.0,6.0,2.0,11.29,6.34,6.92,6.71,12.12,7.79,7.92,8.71,9.83,9.17,12.42,0.0
2523,67.0,7.0,10.0,9.08,8.25,11.87,3.54,10.88,7.21,8.25,12.54,9.75,10.08,15.96,0.0
2524,68.0,12.0,29.0,16.62,5.96,16.88,5.0,8.83,5.41,10.83,5.54,10.88,10.0,13.08,0.0
2525,71.0,7.0,6.0,4.88,2.25,6.38,1.63,2.96,0.71,3.63,1.79,2.42,0.96,6.87,1.0
2526,76.0,12.0,13.0,20.21,16.83,10.5,4.0,11.87,8.75,1.21,4.79,5.79,5.04,8.0,1.0
2527,66.0,6.0,1.0,7.67,6.25,3.79,4.71,6.0,3.88,4.54,5.37,6.0,8.0,7.25,1.0
2528,78.0,12.0,8.0,12.92,12.54,11.25,3.37,6.5,5.96,10.34,6.17,6.63,6.75,9.54,0.0
2529,65.0,4.0,10.0,16.58,15.41,13.59,11.25,17.83,12.38,18.0,14.71,13.33,13.04,18.05,0.0
2530,64.0,4.0,2.0,13.75,9.83,24.79,8.75,9.62,5.46,10.63,7.96,6.08,7.5,7.75,1.0
2531,69.0,6.0,20.0,18.34,14.83,12.0,9.25,15.75,13.92,11.04,10.08,12.08,8.5,16.17,1.0
2532,62.0,2.0,15.0,13.21,10.67,12.08,10.37,18.0,13.67,23.45,17.83,16.5,16.42,21.92,0.0
2533,68.0,7.0,27.0,2.92,3.13,2.54,1.87,4.83,1.0,2.13,3.08,2.21,1.5,4.08,1.0
2534,77.0,10.0,3.0,14.62,13.54,14.29,5.09,10.13,8.21,10.17,9.75,10.08,6.87,14.62,1.0
2535,70.0,12.0,1.0,9.71,8.0,7.04,4.83,8.96,6.46,9.33,4.5,8.75,7.17,12.54,0.0
2536,77.0,6.0,7.0,17.62,11.17,11.21,6.79,13.29,8.17,11.67,9.04,7.87,9.54,16.13,0.0
2537,65.0,10.0,18.0,8.38,5.46,9.29,2.83,3.83,1.46,5.33,2.83,4.42,4.88,5.04,1.0
2538,70.0,11.0,19.0,13.59,9.21,10.04,5.83,9.04,6.96,9.5,5.66,9.21,5.96,11.92,0.0
2539,75.0,7.0,4.0,10.08,8.0,6.83,3.42,7.21,2.46,4.12,7.29,4.38,2.0,12.54,1.0
2540,70.0,1.0,17.0,20.88,18.88,21.42,10.34,17.33,16.21,16.54,16.29,13.25,14.33,18.88,0.0
2541,73.0,5.0,20.0,10.46,11.34,14.58,7.33,10.75,12.87,12.92,14.37,13.04,13.37,17.67,0.0
2542,64.0,1.0,30.0,18.16,16.66,11.87,11.67,18.16,12.67,19.0,15.25,14.33,14.54,21.46,0.0
2543,78.0,5.0,17.0,4.75,4.12,6.79,2.29,6.08,2.58,3.88,5.71,4.75,5.54,5.75,1.0
2544,77.0,3.0,24.0,11.58,11.83,4.96,2.79,9.42,6.0,9.71,5.25,6.0,5.66,5.41,1.0
2545,69.0,11.0,30.0,7.25,6.63,6.67,1.38,5.29,4.5,7.71,6.29,5.29,4.75,12.5,1.0
2546,65.0,3.0,10.0,20.58,24.5,20.83,12.08,22.58,16.46,18.34,13.25,12.92,12.38,19.83,0.0
2547,78.0,3.0,22.0,20.67,20.46,17.92,11.54,20.3,11.71,18.0,12.87,14.42,12.21,16.46,0.0
2548,65.0,12.0,28.0,10.08,9.71,8.25,2.58,9.96,5.54,6.58,5.58,2.96,4.67,10.21,1.0
2549,64.0,7.0,24.0,9.13,11.29,11.21,5.58,10.92,9.25,9.96,14.33,9.38,12.46,16.21,1.0
2550,67.0,11.0,1.0,23.42,22.79,15.34,8.79,17.0,12.33,11.29,10.96,10.17,8.87,15.46,0.0
2551,73.0,12.0,16.0,17.83,13.67,11.96,6.71,13.33,8.71,16.79,10.63,13.08,13.83,18.54,0.0
2552,72.0,12.0,14.0,25.96,23.45,20.04,18.46,19.04,15.71,19.08,19.12,15.12,14.92,24.25,0.0
2553,77.0,1.0,18.0,11.42,8.21,15.37,7.08,9.92,11.58,14.83,9.0,10.83,14.09,11.25,0.0
2554,61.0,12.0,10.0,23.71,21.37,20.17,13.04,18.08,13.17,18.84,15.46,12.46,15.46,20.5,1.0
2555,75.0,10.0,17.0,4.21,5.13,5.91,0.42,3.54,0.29,6.04,1.54,2.25,1.25,4.46,1.0
2556,61.0,12.0,1.0,9.67,7.75,8.0,3.96,6.0,2.75,7.25,2.5,5.58,5.58,7.79,1.0
2557,73.0,11.0,30.0,11.71,9.46,11.87,3.29,6.96,5.5,4.79,8.12,7.92,5.04,9.08,1.0
2558,71.0,5.0,29.0,7.17,6.67,9.17,4.83,6.54,4.96,6.17,6.0,6.25,7.41,11.04,1.0
2559,73.0,11.0,29.0,9.17,8.08,10.25,3.63,9.33,2.83,2.33,4.21,3.96,2.33,5.37,1.0
2560,66.0,9.0,16.0,7.75,7.08,6.38,2.62,5.83,4.46,6.13,8.58,5.0,8.38,15.83,0.0
2561,70.0,10.0,9.0,5.91,6.42,5.37,1.58,6.63,5.09,4.17,8.54,5.83,6.87,16.33,0.0
2562,78.0,3.0,18.0,8.04,9.29,10.46,4.54,6.71,6.63,7.83,8.25,8.12,6.0,11.75,1.0
2563,66.0,1.0,22.0,12.42,6.21,14.58,4.5,8.0,5.75,8.54,8.33,5.5,7.75,9.0,1.0
2564,75.0,4.0,30.0,18.5,15.75,14.92,8.38,16.5,9.87,10.41,11.34,13.33,12.67,17.88,0.0
2565,67.0,10.0,5.0,8.54,11.67,10.37,4.67,9.38,6.71,6.83,7.75,7.38,8.04,12.71,1.0
2566,65.0,4.0,28.0,6.83,7.41,8.33,4.79,6.46,4.83,8.33,4.92,5.79,7.58,8.38,0.0
2567,62.0,7.0,12.0,7.58,5.37,7.33,3.92,2.88,2.04,4.75,1.04,1.71,4.5,4.79,1.0
2568,73.0,4.0,14.0,10.88,7.38,6.87,5.46,6.58,4.58,8.54,4.42,8.42,7.0,7.25,1.0
2569,77.0,11.0,9.0,16.66,18.21,15.34,7.62,11.58,10.79,12.12,12.0,10.58,8.75,15.79,1.0
2570,73.0,12.0,8.0,17.67,12.79,17.62,7.83,10.88,7.38,12.33,5.88,7.46,8.67,10.21,0.0
2571,67.0,12.0,26.0,9.71,4.92,8.54,6.0,8.46,4.67,10.08,5.46,7.75,7.83,9.59,0.0
2572,67.0,9.0,23.0,14.79,12.67,13.25,6.92,13.21,8.5,10.08,11.58,7.46,7.25,13.29,1.0
2573,74.0,6.0,23.0,10.17,2.29,10.08,4.5,7.5,8.0,8.5,11.58,9.67,7.67,10.37,1.0
2574,75.0,12.0,22.0,10.58,11.87,7.96,4.79,8.04,6.87,10.88,10.0,10.83,11.46,20.38,0.0
2575,77.0,8.0,25.0,11.04,9.59,9.96,3.96,11.42,7.62,9.67,3.33,7.79,4.58,8.21,1.0
2576,66.0,2.0,10.0,9.17,5.21,11.63,3.96,8.63,7.67,13.29,10.29,9.71,9.5,13.25,0.0
2577,63.0,8.0,3.0,5.75,3.29,8.96,3.29,6.38,2.29,2.62,1.79,2.21,3.04,3.79,1.0
2578,78.0,5.0,28.0,2.62,6.67,3.96,1.96,3.25,3.29,2.13,4.04,2.75,3.63,8.83,1.0
2579,69.0,8.0,17.0,9.04,10.13,8.0,3.83,5.17,5.0,3.96,5.88,4.33,5.75,17.71,1.0
2580,63.0,10.0,14.0,9.79,10.5,9.75,3.79,8.25,7.67,3.83,6.58,6.34,5.54,13.5,1.0
2581,67.0,10.0,20.0,16.5,11.96,15.16,8.79,15.46,10.83,14.42,14.33,11.25,14.67,24.33,0.0
2582,78.0,4.0,26.0,8.38,12.58,14.17,4.46,8.12,4.75,8.54,9.04,6.87,3.71,13.42,1.0
2583,74.0,10.0,21.0,16.29,11.75,14.62,9.38,8.96,6.46,11.87,8.21,7.87,6.87,14.92,0.0
2584,61.0,9.0,1.0,5.58,1.13,4.96,3.04,4.25,2.25,4.63,2.71,3.67,6.0,4.79,1.0
2585,69.0,6.0,1.0,4.46,5.13,6.54,2.5,5.17,2.62,4.71,2.17,4.25,4.33,6.13,1.0
2586,69.0,7.0,22.0,12.83,10.21,13.17,6.87,7.21,8.04,10.71,7.5,8.46,9.46,13.96,1.0
2587,73.0,1.0,29.0,10.21,11.42,8.04,4.21,7.25,6.92,9.59,10.17,9.38,10.54,15.34,0.0
2588,63.0,9.0,16.0,2.33,8.25,4.04,2.0,5.66,4.08,4.75,8.25,3.83,5.88,17.04,1.0
2589,77.0,2.0,25.0,5.5,3.08,13.0,2.13,3.17,6.58,10.46,6.5,7.41,8.67,6.21,1.0
2590,69.0,7.0,18.0,18.84,18.54,16.29,8.5,14.75,11.42,12.25,13.88,11.87,13.37,24.41,0.0
2591,62.0,10.0,22.0,4.96,4.67,8.33,1.67,4.17,2.13,4.92,0.79,2.21,6.13,7.12,1.0
2592,69.0,6.0,4.0,6.58,4.67,12.0,2.62,4.25,3.71,3.42,1.71,4.17,3.13,7.12,1.0
2593,76.0,8.0,20.0,9.83,10.41,11.08,2.0,2.83,2.79,4.04,3.54,6.83,4.58,5.88,1.0
2594,77.0,3.0,31.0,26.16,22.17,24.08,13.79,21.67,18.41,19.46,19.87,19.46,19.7,26.96,0.0
2595,78.0,8.0,25.0,3.04,2.96,5.71,1.71,2.42,2.67,1.46,3.58,5.25,4.0,8.58,1.0
2596,70.0,4.0,9.0,13.21,8.08,8.79,7.17,7.5,8.38,8.92,8.42,8.46,10.5,10.29,0.0
2597,72.0,11.0,16.0,7.92,11.04,14.29,3.63,4.12,1.58,6.71,4.29,3.46,1.29,6.87,1.0
2598,76.0,5.0,13.0,11.58,9.29,11.04,5.33,6.34,6.17,8.96,9.21,10.46,9.21,15.63,1.0
2599,72.0,2.0,3.0,19.55,17.46,11.34,7.17,15.29,10.71,9.08,13.54,11.12,14.42,23.75,0.0
2600,62.0,12.0,24.0,9.13,6.08,9.79,2.0,8.42,4.38,4.92,4.29,3.13,4.17,7.75,1.0
2601,77.0,10.0,7.0,9.75,8.96,9.08,4.58,9.75,7.33,10.88,9.87,9.13,9.04,12.17,0.0
2602,66.0,7.0,30.0,18.66,12.04,9.96,11.38,16.66,10.37,13.17,9.83,11.96,11.79,12.79,0.0
2603,78.0,5.0,16.0,4.29,2.33,4.54,1.92,2.71,1.21,3.33,2.33,1.38,2.92,5.21,1.0
2604,70.0,4.0,30.0,8.83,10.34,6.38,3.37,8.58,6.87,8.29,8.38,9.13,6.38,14.71,1.0
2605,78.0,1.0,21.0,21.54,19.17,15.54,9.42,16.96,11.5,11.08,15.09,12.62,14.42,20.54,0.0
2606,64.0,11.0,15.0,19.62,19.95,16.08,11.75,17.5,13.5,17.88,13.83,13.96,13.37,23.63,0.0
2607,66.0,7.0,6.0,10.08,10.92,9.46,6.54,7.71,5.66,6.96,4.08,7.33,9.17,9.33,1.0
2608,72.0,4.0,12.0,8.42,5.91,9.71,4.58,6.25,2.17,9.17,4.83,7.12,4.0,7.58,1.0
2609,66.0,1.0,14.0,19.08,13.96,17.96,5.54,13.08,6.67,10.83,6.75,6.0,6.71,8.75,1.0
2610,65.0,3.0,4.0,16.38,18.63,28.42,11.54,15.67,13.33,22.46,16.66,13.75,15.96,16.21,0.0
2611,70.0,4.0,20.0,15.75,16.25,12.87,8.33,15.0,10.41,15.41,8.63,11.38,10.75,14.42,0.0
2612,76.0,12.0,7.0,16.0,18.05,13.37,6.96,14.09,11.79,15.46,5.04,11.38,9.5,9.54,1.0
2613,67.0,9.0,16.0,7.71,4.12,6.96,3.0,8.12,6.29,4.25,4.88,3.71,4.08,6.29,1.0
2614,70.0,10.0,22.0,9.0,4.67,7.58,3.25,3.58,4.5,6.87,4.12,5.25,4.0,9.29,1.0
2615,65.0,3.0,11.0,18.96,14.83,19.12,9.83,17.67,13.75,12.42,12.38,10.5,11.34,17.71,0.0
2616,72.0,4.0,2.0,19.95,17.21,17.08,11.34,17.04,12.08,17.33,15.25,14.67,13.46,19.29,0.0
2617,63.0,4.0,29.0,11.79,9.08,8.75,7.83,13.08,9.13,11.75,10.92,10.08,11.67,11.96,1.0
2618,74.0,6.0,21.0,17.12,20.17,7.08,5.63,11.08,7.17,6.08,12.0,9.21,6.92,11.21,1.0
2619,70.0,10.0,25.0,17.62,12.92,14.96,8.58,14.33,9.96,12.21,9.25,9.29,7.96,11.17,0.0
2620,72.0,12.0,14.0,25.96,23.45,20.04,18.46,19.04,15.71,19.08,19.12,15.12,14.92,24.25,0.0
2621,65.0,12.0,7.0,14.71,9.67,11.54,8.63,7.25,6.75,11.0,7.62,7.54,8.96,13.92,0.0
2622,73.0,12.0,9.0,12.75,12.96,9.17,1.63,11.12,8.58,8.96,9.92,10.37,10.0,17.83,0.0
2623,69.0,5.0,25.0,11.38,7.62,10.13,6.83,8.96,9.42,7.12,6.38,7.5,8.0,8.46,1.0
2624,61.0,6.0,24.0,6.42,4.92,9.33,4.75,12.17,8.33,14.88,11.87,12.92,15.0,19.08,0.0
2625,72.0,5.0,22.0,20.0,16.29,12.29,9.46,14.83,9.87,8.08,11.25,10.34,10.71,19.33,1.0
2626,75.0,11.0,19.0,12.87,13.0,9.83,8.5,16.96,10.46,18.54,14.5,14.42,14.21,16.92,0.0
2627,66.0,10.0,29.0,9.08,2.96,10.46,4.75,5.63,1.08,5.88,1.08,4.0,5.46,3.83,1.0
2628,68.0,11.0,2.0,17.75,21.21,26.34,12.96,19.25,12.79,20.33,16.33,14.58,16.13,24.3,0.0
2629,61.0,5.0,21.0,6.83,4.29,11.67,3.71,5.5,4.5,3.17,6.25,4.92,4.29,10.75,1.0
2630,61.0,2.0,10.0,20.5,11.54,19.67,10.04,8.12,8.08,11.08,12.54,11.12,12.96,17.83,0.0
2631,68.0,7.0,26.0,3.71,2.46,5.13,2.92,5.75,1.0,4.54,3.17,1.87,2.54,4.38,1.0
2632,78.0,9.0,15.0,11.5,11.87,11.34,7.46,13.59,13.21,14.96,13.21,13.33,11.17,19.25,0.0
2633,65.0,12.0,4.0,15.63,12.67,10.54,6.58,12.04,7.17,6.46,6.04,5.79,6.46,13.79,1.0
2634,72.0,2.0,20.0,10.17,9.83,6.21,2.5,10.37,6.25,4.12,6.58,4.96,4.83,12.04,1.0
2635,66.0,12.0,9.0,21.25,21.0,14.62,17.37,23.91,17.33,23.75,21.0,19.33,11.92,25.33,0.0
2636,77.0,1.0,31.0,10.17,3.08,9.92,4.33,4.5,2.88,4.75,1.29,1.87,2.92,3.54,1.0
2637,73.0,6.0,13.0,9.29,8.17,8.79,6.38,10.34,7.96,11.04,8.92,10.17,11.54,13.17,0.0
2638,61.0,12.0,23.0,24.41,16.13,22.13,15.59,20.38,13.59,18.12,14.33,12.54,15.34,17.67,0.0
2639,69.0,2.0,21.0,14.21,15.12,22.92,8.63,18.38,10.13,14.29,15.83,14.04,15.41,20.21,0.0
2640,72.0,11.0,25.0,5.37,2.62,8.12,2.62,6.29,3.42,11.75,6.67,8.33,5.41,11.0,0.0
2641,65.0,11.0,24.0,8.87,7.5,6.96,1.75,6.25,3.96,7.46,2.5,2.62,4.88,6.38,1.0
2642,70.0,4.0,14.0,9.71,12.87,11.08,5.58,8.67,8.29,5.66,9.59,6.25,10.29,17.46,0.0
2643,73.0,9.0,18.0,17.04,11.54,17.79,4.42,9.25,5.0,6.25,4.08,4.46,2.96,8.29,1.0
2644,72.0,12.0,10.0,15.46,18.5,12.67,6.42,13.88,11.0,17.5,9.33,11.79,11.5,19.0,0.0
2645,67.0,2.0,15.0,26.08,21.54,27.0,16.71,21.46,20.25,26.54,20.46,16.83,22.42,23.75,0.0
2646,75.0,11.0,29.0,6.38,4.63,4.83,0.17,3.63,0.92,8.38,1.87,5.0,5.21,7.67,0.0
2647,77.0,8.0,8.0,3.92,3.08,4.54,1.42,1.92,2.17,4.46,1.38,3.63,2.79,3.75,1.0
2648,70.0,12.0,7.0,12.21,5.83,13.79,7.0,6.71,4.5,7.54,3.0,5.37,6.58,5.58,1.0
2649,78.0,9.0,2.0,4.75,1.63,6.83,1.87,1.96,4.58,6.13,1.83,5.21,2.13,8.83,1.0
2650,77.0,1.0,18.0,11.42,8.21,15.37,7.08,9.92,11.58,14.83,9.0,10.83,14.09,11.25,0.0
2651,76.0,7.0,2.0,9.5,4.21,5.71,2.67,3.0,1.92,4.67,3.5,5.29,3.37,5.96,1.0
2652,69.0,11.0,29.0,13.92,8.46,17.0,4.88,5.91,4.75,9.5,4.5,6.58,6.21,14.29,0.0
2653,76.0,9.0,11.0,23.33,22.37,22.67,13.29,17.83,15.04,20.54,14.83,15.37,18.88,25.12,0.0
2654,62.0,10.0,3.0,9.96,12.29,8.25,3.63,10.34,7.87,7.33,10.46,6.42,10.34,20.08,0.0
2655,71.0,10.0,10.0,17.46,16.62,15.79,8.83,16.75,13.21,16.92,13.75,14.46,15.34,20.25,0.0
2656,76.0,9.0,20.0,11.79,14.58,10.17,6.58,14.21,8.75,7.25,8.04,12.25,10.71,15.92,0.0
2657,73.0,4.0,13.0,8.63,5.75,7.04,4.79,5.46,5.04,8.08,4.25,7.21,7.38,6.58,1.0
2658,76.0,3.0,23.0,8.83,11.83,7.83,4.83,10.17,6.34,5.96,7.12,11.25,8.54,12.54,0.0
2659,64.0,1.0,26.0,3.08,5.25,5.13,0.75,5.79,2.29,7.12,5.91,2.42,6.13,12.0,1.0
2660,76.0,6.0,28.0,4.33,1.92,5.46,2.08,2.21,1.54,5.58,2.5,3.21,3.04,8.63,1.0
2661,63.0,3.0,11.0,8.38,3.37,11.79,4.88,5.54,2.92,5.66,2.62,2.88,3.5,3.67,1.0
2662,70.0,7.0,2.0,20.96,13.17,13.25,10.63,18.54,13.13,18.29,10.63,16.42,15.21,16.17,0.0
2663,65.0,1.0,31.0,16.42,14.88,21.87,7.12,14.29,4.92,13.88,10.79,9.04,10.34,10.96,1.0
2664,74.0,9.0,29.0,14.12,10.96,8.5,3.96,8.5,4.0,7.83,7.71,5.79,7.33,12.62,1.0
2665,63.0,3.0,22.0,7.54,2.62,13.42,3.5,5.66,3.67,4.17,3.04,2.5,2.96,5.71,1.0
2666,77.0,6.0,21.0,4.83,4.38,10.75,2.04,5.63,2.25,2.96,2.21,1.67,2.42,5.79,1.0
2667,70.0,3.0,1.0,13.13,6.04,8.96,4.63,10.58,7.67,14.62,10.5,11.83,10.17,14.46,0.0
2668,67.0,5.0,16.0,11.46,11.34,11.87,5.88,9.79,3.71,7.79,10.0,5.13,6.04,15.34,1.0
2669,72.0,3.0,7.0,24.71,19.33,29.95,12.75,16.0,11.5,15.83,11.08,11.75,11.08,17.79,0.0
2670,63.0,11.0,18.0,25.12,21.04,20.71,14.5,21.21,15.71,22.5,14.37,16.46,15.34,15.34,1.0
2671,74.0,8.0,12.0,9.96,9.96,11.25,5.29,11.54,6.34,10.63,9.62,10.92,9.42,15.75,0.0
2672,78.0,1.0,3.0,20.67,17.29,14.54,12.12,18.91,13.54,21.96,16.62,15.09,15.5,20.33,0.0
2673,77.0,4.0,7.0,18.12,14.71,17.75,7.58,12.25,11.0,13.17,10.0,9.96,15.12,16.33,0.0
2674,73.0,8.0,1.0,7.46,10.17,8.38,3.58,6.0,6.58,5.09,7.29,5.09,5.33,11.79,1.0
2675,74.0,2.0,23.0,4.17,0.63,7.41,2.67,5.41,1.0,7.0,3.71,4.17,3.58,5.79,1.0
2676,61.0,8.0,12.0,10.71,8.71,8.92,4.38,8.29,5.83,6.83,8.25,5.88,8.29,14.29,1.0
2677,64.0,4.0,18.0,10.88,7.41,15.87,9.75,11.42,12.87,12.87,12.29,11.0,13.54,11.58,0.0
2678,77.0,8.0,3.0,11.29,6.58,9.54,4.67,7.0,5.83,9.62,4.33,7.12,4.5,11.42,1.0
2679,78.0,1.0,26.0,13.08,11.29,10.04,6.67,13.75,7.0,16.5,10.88,12.04,10.96,17.88,0.0
2680,75.0,3.0,21.0,16.33,14.46,14.5,7.83,11.54,10.13,11.12,9.83,12.29,11.96,14.88,0.0
2681,78.0,6.0,1.0,10.37,11.42,6.46,6.04,11.25,7.5,6.46,5.96,7.79,5.46,5.5,1.0
2682,74.0,2.0,5.0,11.63,12.0,7.71,2.88,8.5,5.71,8.25,6.63,8.46,7.75,12.83,0.0
2683,71.0,6.0,27.0,10.75,9.08,11.29,6.21,13.0,7.0,10.21,8.67,10.88,8.5,15.09,0.0
2684,75.0,3.0,7.0,13.79,14.54,10.63,7.33,14.62,8.33,14.0,9.79,12.71,12.04,18.96,0.0
2685,67.0,12.0,20.0,17.92,16.62,17.58,11.04,16.46,11.58,10.58,11.21,11.54,10.58,17.08,0.0
2686,75.0,6.0,26.0,9.5,9.71,17.0,5.88,9.42,5.91,5.46,9.46,8.87,8.12,10.41,1.0
2687,69.0,3.0,19.0,2.92,7.83,5.79,4.42,6.79,3.0,7.33,8.0,7.0,6.5,10.34,0.0
2688,78.0,3.0,12.0,16.08,12.87,13.04,7.33,12.25,10.0,13.13,11.54,11.63,10.17,11.96,0.0
2689,68.0,6.0,26.0,10.37,8.0,10.5,7.41,8.46,4.29,7.12,6.21,4.5,5.13,10.04,1.0
2690,65.0,9.0,8.0,12.25,9.71,9.38,5.83,10.17,5.37,7.29,7.33,5.96,8.58,13.62,0.0
2691,62.0,8.0,1.0,4.58,5.37,6.04,2.29,7.87,3.71,4.46,2.58,4.0,4.79,7.21,1.0
2692,76.0,5.0,22.0,13.62,14.21,13.0,7.58,10.17,8.96,10.54,9.08,13.21,9.25,18.71,0.0
2693,68.0,11.0,7.0,12.75,15.83,15.92,6.0,14.0,7.54,17.67,13.13,10.58,11.17,16.0,0.0
2694,73.0,9.0,15.0,16.04,14.12,11.21,6.83,14.71,9.79,6.79,12.75,10.04,7.54,14.83,0.0
2695,64.0,3.0,29.0,7.87,6.08,7.79,2.04,10.88,4.04,7.71,8.38,5.96,8.83,9.17,1.0
2696,63.0,10.0,23.0,16.17,14.33,14.71,9.5,15.25,11.21,12.92,12.29,11.83,14.09,20.91,0.0
2697,71.0,12.0,8.0,4.67,0.67,5.75,0.33,2.13,1.71,8.42,1.21,4.17,4.17,10.83,0.0
2698,78.0,9.0,10.0,16.46,18.12,21.5,11.63,17.0,16.42,15.67,15.5,16.25,13.62,15.54,0.0
2699,72.0,11.0,11.0,17.83,18.25,11.38,9.42,11.79,8.33,15.83,13.59,14.54,11.12,22.17,0.0
2700,61.0,2.0,17.0,15.25,14.09,14.75,9.54,14.62,12.92,6.17,12.58,13.25,14.54,18.21,0.0
2701,61.0,7.0,2.0,12.04,7.25,9.25,7.04,10.34,4.92,5.83,5.96,6.25,8.63,8.0,1.0
2702,71.0,6.0,29.0,3.96,7.29,8.38,3.67,5.25,3.25,3.79,5.63,6.46,1.46,6.21,1.0
2703,73.0,2.0,24.0,11.08,9.0,10.25,4.29,7.67,4.54,9.13,4.5,7.33,9.13,7.96,0.0
2704,72.0,2.0,24.0,17.16,12.17,17.12,8.58,11.58,9.0,14.42,10.46,12.71,10.79,12.87,0.0
2705,68.0,8.0,29.0,8.21,5.0,19.33,6.04,9.0,2.37,6.0,5.21,2.96,2.42,10.25,1.0
2706,62.0,7.0,16.0,6.29,4.79,6.0,2.21,6.17,1.75,1.87,0.96,0.37,3.13,5.41,1.0
2707,62.0,3.0,6.0,15.09,14.37,7.92,5.04,12.62,6.92,8.0,8.42,3.92,5.13,10.75,1.0
2708,62.0,1.0,16.0,27.79,26.54,19.83,12.54,20.46,16.25,19.75,16.71,14.29,20.08,29.42,0.0
2709,65.0,4.0,3.0,8.46,15.09,8.46,6.0,13.42,8.67,8.71,10.92,5.83,11.71,17.79,1.0
2710,68.0,8.0,3.0,3.5,1.71,5.83,2.5,3.25,1.04,2.42,2.25,3.37,1.67,5.13,1.0
2711,68.0,11.0,29.0,12.33,7.17,15.41,4.83,6.79,6.21,10.92,10.25,10.54,8.5,12.33,0.0
2712,75.0,11.0,29.0,6.38,4.63,4.83,0.17,3.63,0.92,8.38,1.87,5.0,5.21,7.67,0.0
2713,73.0,8.0,19.0,7.46,8.71,9.59,3.63,8.83,5.29,3.96,5.21,5.96,2.5,9.71,1.0
2714,63.0,6.0,27.0,13.7,12.17,11.79,8.83,13.42,9.75,13.04,13.25,10.92,14.58,14.88,0.0
2715,71.0,11.0,22.0,18.21,16.17,16.83,9.71,12.67,9.59,12.38,8.5,11.54,8.0,18.96,0.0
2716,69.0,12.0,28.0,18.34,18.0,15.75,6.08,13.29,11.34,9.71,11.87,9.21,8.75,15.87,0.0
2717,72.0,11.0,24.0,7.29,3.46,9.5,3.08,2.25,0.29,6.71,1.75,2.83,1.67,4.29,1.0
2718,62.0,8.0,19.0,14.17,13.62,13.59,9.83,10.79,8.54,10.5,11.67,9.33,11.08,18.63,1.0
2719,75.0,11.0,15.0,13.67,14.0,11.75,5.17,11.34,6.54,9.87,8.54,9.87,7.75,11.54,1.0
2720,78.0,10.0,4.0,8.21,7.67,8.75,3.13,9.25,7.04,11.29,8.0,9.75,8.12,16.25,0.0
2721,66.0,6.0,14.0,12.29,10.92,10.46,7.33,7.92,6.21,5.17,4.38,6.38,7.87,10.25,1.0
2722,70.0,3.0,5.0,7.87,5.29,9.13,2.21,6.79,2.92,8.83,3.79,6.34,7.17,8.33,1.0
2723,64.0,4.0,21.0,7.71,6.5,7.21,3.88,8.38,3.13,5.41,5.63,3.25,6.63,9.0,0.0
2724,64.0,6.0,25.0,3.88,2.37,1.83,2.71,3.37,0.67,3.92,2.83,1.79,3.13,9.54,1.0
2725,62.0,6.0,20.0,11.42,9.71,12.75,6.25,8.83,6.25,12.54,10.21,9.42,10.71,14.33,0.0
2726,67.0,7.0,14.0,12.29,10.37,10.58,4.42,11.12,3.79,5.0,5.37,4.0,6.17,5.17,0.0
2727,75.0,6.0,24.0,8.25,9.46,12.58,4.96,6.58,3.79,4.08,5.75,7.41,6.13,6.17,1.0
2728,64.0,4.0,7.0,6.71,4.08,7.17,3.17,6.75,2.71,7.29,6.58,4.0,7.17,11.58,1.0
2729,63.0,5.0,6.0,12.38,11.58,12.29,8.25,12.58,9.46,13.67,11.67,10.13,12.62,17.71,1.0
2730,71.0,1.0,10.0,17.04,22.83,14.54,7.5,22.0,16.17,17.96,14.88,15.0,12.54,26.2,0.0
2731,74.0,8.0,28.0,17.67,14.04,15.04,7.75,12.12,8.87,7.71,13.59,11.12,11.92,19.41,0.0
2732,78.0,4.0,17.0,20.88,15.46,18.91,11.92,17.92,16.29,15.16,14.58,16.92,11.96,17.29,0.0
2733,64.0,7.0,11.0,13.67,12.67,15.29,7.5,12.96,8.71,13.42,10.58,11.34,10.21,13.46,0.0
2734,62.0,7.0,5.0,11.21,8.58,7.25,6.75,7.41,6.63,7.79,8.96,8.17,12.38,10.5,1.0
2735,78.0,12.0,16.0,14.88,9.13,17.37,5.21,6.71,2.46,9.13,4.96,6.13,5.96,10.92,0.0
2736,64.0,12.0,2.0,10.29,8.46,9.38,5.29,12.21,7.5,15.04,9.04,10.63,12.46,14.58,0.0
2737,72.0,5.0,6.0,9.5,5.54,8.08,2.29,6.29,1.0,3.17,3.29,1.75,1.29,7.87,1.0
2738,74.0,12.0,5.0,12.04,11.29,8.54,5.54,12.12,6.25,15.75,11.58,12.33,9.29,14.0,0.0
2739,64.0,3.0,21.0,10.21,8.33,7.5,3.08,6.63,3.71,8.71,4.38,4.42,8.42,4.63,1.0
2740,64.0,11.0,27.0,11.21,12.87,9.42,6.34,13.59,8.08,16.08,9.71,10.75,12.42,20.21,0.0
2741,67.0,11.0,2.0,30.09,21.09,19.67,18.63,21.21,14.79,19.12,16.66,16.79,19.58,25.33,0.0
2742,67.0,10.0,27.0,18.0,18.25,12.83,7.04,14.67,7.12,7.75,7.83,7.79,8.08,11.46,1.0
2743,68.0,1.0,13.0,15.92,13.67,16.92,6.96,9.87,6.29,10.0,8.46,7.17,9.25,14.67,0.0
2744,63.0,3.0,26.0,10.46,7.62,8.25,4.25,8.29,5.88,7.62,10.17,6.58,8.08,12.62,1.0
2745,78.0,5.0,24.0,16.13,9.96,9.0,8.08,9.17,7.12,8.29,7.54,8.21,10.17,10.34,1.0
2746,65.0,5.0,18.0,16.0,9.96,13.42,8.71,9.92,6.58,9.87,7.04,7.41,12.17,10.21,1.0
2747,65.0,2.0,17.0,7.92,6.83,12.96,5.66,5.79,2.42,9.42,4.75,5.29,6.17,4.33,1.0
2748,64.0,4.0,15.0,17.12,12.71,17.58,9.71,12.62,7.92,10.71,11.08,6.75,12.08,17.25,1.0
2749,73.0,1.0,3.0,7.38,9.33,9.17,2.21,3.13,2.54,5.33,1.63,4.46,0.71,2.83,1.0
2750,65.0,12.0,6.0,21.62,21.29,12.87,14.96,17.58,12.83,18.63,16.62,16.25,15.25,26.08,0.0
2751,62.0,2.0,11.0,18.38,14.42,15.59,12.79,21.0,14.67,24.41,17.33,19.04,18.38,28.04,0.0
2752,77.0,3.0,22.0,10.54,8.29,17.71,5.71,6.92,8.08,13.5,7.0,7.29,7.0,8.54,1.0
2753,63.0,8.0,31.0,13.21,20.0,17.12,7.83,13.04,8.54,9.59,12.5,8.79,10.96,17.29,0.0
2754,61.0,9.0,19.0,8.5,8.25,12.17,7.17,11.54,7.54,8.17,7.96,7.33,10.71,9.08,1.0
2755,75.0,8.0,27.0,4.21,3.75,3.46,1.5,2.08,1.58,3.0,3.04,2.96,1.29,7.0,1.0
2756,68.0,3.0,20.0,15.34,11.58,12.54,8.29,11.67,8.29,11.25,9.13,8.75,11.17,11.17,1.0
2757,62.0,5.0,21.0,18.63,13.17,11.08,7.79,15.41,9.79,11.63,10.29,9.38,8.75,13.25,1.0
2758,64.0,3.0,17.0,16.58,15.92,29.08,14.54,18.08,18.54,23.13,19.04,15.83,23.13,20.5,0.0
2759,72.0,9.0,9.0,14.21,8.79,14.58,6.54,8.54,4.67,10.67,4.71,9.46,7.38,10.83,1.0
2760,66.0,9.0,26.0,10.0,9.04,8.04,1.75,8.79,3.17,1.87,5.04,4.0,3.17,6.29,1.0
2761,62.0,12.0,23.0,13.25,11.29,12.21,6.54,11.12,8.96,9.33,9.46,8.12,11.04,15.41,0.0
2762,65.0,10.0,11.0,9.62,5.58,7.58,1.5,2.83,1.08,4.0,3.58,4.38,6.87,4.42,1.0
2763,63.0,1.0,1.0,15.59,13.62,19.79,8.38,12.25,10.0,23.45,15.71,13.59,14.37,17.58,0.0
2764,74.0,2.0,9.0,21.67,20.3,16.38,9.08,15.12,9.67,14.17,10.96,13.33,12.17,18.5,0.0
2765,78.0,9.0,28.0,17.04,19.21,16.66,10.83,21.25,12.54,19.41,14.75,14.67,12.71,22.17,0.0
2766,74.0,12.0,9.0,14.29,18.58,9.21,8.75,16.29,8.08,17.46,14.92,13.59,12.71,21.25,0.0
2767,70.0,9.0,14.0,4.17,3.37,5.96,1.08,6.08,3.21,5.04,3.5,4.83,2.54,10.04,1.0
2768,66.0,11.0,20.0,10.21,12.75,9.08,3.67,7.62,2.42,3.54,4.92,3.04,4.46,9.5,1.0
2769,67.0,9.0,22.0,7.17,7.96,6.25,3.04,8.0,3.46,4.92,3.88,1.92,1.71,5.46,1.0
2770,71.0,4.0,28.0,5.79,1.46,5.83,0.87,3.63,1.21,2.37,2.29,4.08,2.13,3.83,1.0
2771,69.0,4.0,22.0,21.0,13.79,14.75,12.42,17.54,10.13,12.71,12.21,15.29,13.08,17.04,0.0
2772,63.0,9.0,12.0,5.21,6.5,5.79,2.54,4.0,2.42,4.29,7.38,2.71,4.54,14.79,1.0
2773,61.0,5.0,17.0,10.0,6.54,15.63,4.88,8.21,6.75,5.83,7.38,8.0,7.96,9.46,1.0
2774,75.0,12.0,19.0,6.71,0.54,6.92,1.21,0.54,0.25,6.67,1.08,2.58,2.08,4.46,1.0
2775,74.0,6.0,9.0,18.96,11.63,10.63,8.0,16.0,8.63,10.34,11.46,10.21,12.46,12.87,0.0
2776,72.0,10.0,31.0,10.71,6.25,11.04,3.88,4.38,1.13,4.58,3.37,3.75,1.71,12.54,1.0
2777,76.0,1.0,6.0,11.17,12.08,13.37,3.33,9.92,7.5,14.83,13.33,13.13,10.96,18.71,0.0
2778,76.0,4.0,18.0,4.33,0.54,5.75,0.63,2.5,0.21,5.63,1.46,2.13,1.42,7.96,1.0
2779,71.0,1.0,18.0,24.87,20.17,17.88,13.54,18.54,14.29,14.46,14.83,15.75,14.42,17.21,0.0
2780,74.0,9.0,5.0,16.5,11.92,13.37,4.96,11.87,6.42,8.04,8.38,8.63,6.83,8.58,1.0
2781,76.0,11.0,10.0,6.13,5.79,4.88,1.33,4.79,6.04,8.38,1.63,3.58,4.21,7.71,1.0
2782,62.0,12.0,19.0,11.25,9.75,8.25,4.79,11.04,8.21,9.87,7.67,8.79,10.58,14.17,0.0
2783,69.0,9.0,19.0,9.04,5.13,13.75,4.0,5.96,1.58,3.54,3.29,1.17,0.67,8.21,1.0
2784,73.0,2.0,7.0,17.21,13.0,15.92,7.92,12.79,9.13,12.71,7.71,11.46,11.17,16.42,0.0
2785,69.0,8.0,13.0,8.67,2.79,6.58,3.0,2.5,3.33,2.79,1.5,3.88,1.21,1.58,1.0
2786,66.0,5.0,31.0,5.33,3.5,4.12,1.38,2.46,1.58,0.83,2.54,1.79,1.92,5.29,1.0
2787,64.0,1.0,1.0,25.8,22.13,18.21,13.25,21.29,14.79,14.12,19.58,13.25,16.75,28.96,0.0
2788,72.0,10.0,3.0,10.41,3.54,5.75,1.25,1.42,0.33,3.5,2.75,4.08,1.08,3.17,1.0
2789,63.0,8.0,12.0,12.29,9.29,5.66,6.29,9.29,7.21,8.38,9.25,8.46,10.0,12.17,1.0
2790,71.0,5.0,22.0,11.83,7.33,7.62,4.71,8.25,4.21,3.0,6.08,6.25,6.38,7.75,1.0
2791,62.0,5.0,28.0,10.58,8.75,10.17,7.96,8.0,4.0,6.83,7.38,6.21,7.46,9.42,1.0
2792,70.0,8.0,6.0,4.63,3.17,7.79,1.79,3.33,3.46,3.04,2.54,5.54,4.83,10.92,1.0
2793,69.0,10.0,1.0,6.75,5.13,6.21,1.54,7.54,4.33,7.33,6.87,4.96,7.21,13.46,1.0
2794,74.0,12.0,24.0,10.41,12.75,8.79,3.79,11.87,5.29,11.12,7.21,10.34,8.04,13.33,0.0
2795,70.0,2.0,6.0,7.25,7.29,7.54,3.08,5.96,5.29,7.17,5.75,5.75,6.42,12.5,0.0
2796,67.0,6.0,24.0,14.37,17.75,10.5,7.92,16.83,9.04,7.92,12.5,9.0,8.58,10.0,1.0
2797,73.0,10.0,30.0,13.75,14.5,8.12,2.75,10.75,4.71,2.62,6.21,4.25,6.58,7.08,1.0
2798,65.0,6.0,19.0,15.79,14.09,12.96,7.5,14.54,10.08,13.83,11.96,9.96,10.67,18.46,0.0
2799,67.0,6.0,11.0,4.21,3.63,4.58,2.08,5.0,0.92,5.0,1.58,3.29,3.29,5.21,1.0
2800,65.0,1.0,27.0,10.83,11.63,14.17,6.17,8.38,4.75,9.33,11.46,7.33,12.33,12.17,0.0
2801,63.0,2.0,10.0,19.33,12.71,19.67,10.0,14.33,11.63,15.67,14.29,13.17,12.71,12.33,0.0
2802,62.0,10.0,15.0,3.42,2.54,2.5,0.25,1.87,0.79,3.92,0.42,2.0,5.17,6.38,1.0
2803,76.0,11.0,14.0,15.21,9.17,13.33,6.21,8.83,10.17,11.38,5.91,10.0,8.83,8.42,0.0
2804,64.0,8.0,13.0,4.92,3.13,16.71,4.04,4.75,5.71,5.09,4.58,4.04,5.21,10.34,1.0
2805,68.0,5.0,11.0,20.08,13.25,12.21,12.04,15.04,10.41,12.0,13.59,11.17,12.96,18.75,0.0
2806,73.0,7.0,6.0,16.21,11.21,7.25,6.42,10.04,6.54,6.42,4.04,7.83,8.58,9.33,1.0
2807,68.0,12.0,26.0,9.54,10.0,15.21,5.33,4.63,0.46,7.83,3.29,5.0,4.67,6.83,0.0
2808,65.0,12.0,29.0,20.12,17.21,18.66,12.46,16.0,12.58,12.5,11.96,11.04,15.09,19.46,0.0
2809,69.0,11.0,27.0,12.79,11.63,8.87,6.46,11.25,7.92,13.17,9.42,13.08,9.08,17.41,0.0
2810,78.0,9.0,1.0,8.42,6.13,9.87,5.25,3.21,5.71,7.25,3.5,7.33,6.5,7.62,0.0
2811,77.0,2.0,9.0,9.67,10.5,10.25,4.0,7.0,9.25,9.96,4.75,9.13,6.34,6.21,1.0
2812,74.0,10.0,18.0,19.41,16.33,14.58,8.08,16.33,7.96,14.37,9.46,11.21,8.71,14.92,0.0
2813,69.0,3.0,17.0,21.46,15.37,18.58,12.0,14.29,11.54,15.0,18.46,17.79,13.96,17.58,0.0
2814,78.0,6.0,19.0,13.5,7.58,6.63,4.21,8.29,4.25,7.41,4.75,6.54,5.17,10.88,1.0
2815,72.0,6.0,21.0,15.59,14.04,15.59,10.21,16.75,12.83,18.38,14.88,15.71,14.21,21.25,0.0
2816,72.0,9.0,25.0,11.42,11.08,10.75,3.37,5.88,3.88,6.63,6.21,5.21,4.71,8.54,1.0
2817,61.0,8.0,16.0,13.13,7.25,9.17,8.21,13.29,9.04,12.96,10.54,10.54,12.0,11.0,0.0
2818,77.0,12.0,7.0,14.71,11.54,16.58,6.83,11.92,12.58,15.75,17.12,13.7,14.0,16.04,0.0
2819,62.0,4.0,27.0,6.17,1.42,12.25,3.25,3.46,5.63,6.42,2.79,5.37,3.37,8.5,1.0
2820,76.0,1.0,4.0,12.67,12.79,12.92,6.46,12.92,8.71,13.62,10.41,13.13,6.96,14.04,0.0
2821,68.0,1.0,1.0,30.04,17.88,16.25,16.25,21.79,12.54,18.16,16.62,18.75,17.62,22.25,0.0
2822,70.0,3.0,13.0,16.5,13.67,31.83,9.96,12.42,9.83,16.75,13.21,11.83,10.96,14.04,0.0
2823,75.0,11.0,5.0,10.0,10.13,8.46,2.08,9.08,2.54,6.38,3.63,7.08,5.25,10.71,1.0
2824,62.0,7.0,21.0,16.33,16.04,13.33,11.08,17.67,11.58,12.96,11.75,11.34,9.59,15.54,1.0
2825,70.0,2.0,25.0,23.29,14.96,13.25,10.58,13.25,9.17,10.88,9.92,11.58,8.54,17.88,1.0
2826,73.0,9.0,26.0,10.83,9.13,11.08,5.79,8.92,5.71,8.12,5.66,6.87,6.79,13.21,0.0
2827,75.0,3.0,16.0,11.38,9.46,12.17,3.04,4.21,3.21,5.58,5.13,5.83,4.92,4.12,1.0
2828,72.0,2.0,17.0,17.08,13.04,18.29,10.46,12.79,9.38,14.17,10.13,10.75,13.0,15.29,0.0
2829,71.0,5.0,10.0,12.92,13.04,14.21,7.75,11.58,8.83,10.04,15.25,10.88,12.75,24.37,0.0
2830,70.0,2.0,12.0,17.46,10.29,21.71,5.5,8.79,6.17,10.13,6.38,7.54,7.17,6.58,0.0
2831,71.0,2.0,3.0,11.67,1.83,7.04,4.25,6.17,2.17,10.92,4.67,8.29,7.87,7.62,1.0
2832,78.0,2.0,24.0,18.71,17.08,16.71,12.17,13.88,12.71,14.92,15.5,13.92,13.42,19.04,0.0
2833,67.0,8.0,31.0,6.21,6.17,9.46,3.5,7.25,4.25,3.96,4.04,3.63,4.42,6.71,1.0
2834,74.0,4.0,20.0,7.0,7.62,4.79,0.92,7.21,1.0,1.33,2.92,2.62,2.25,5.79,1.0
2835,69.0,10.0,19.0,5.37,1.21,7.0,0.87,6.08,0.29,1.04,2.58,2.0,1.67,9.59,1.0
2836,71.0,3.0,4.0,10.37,10.34,6.21,4.33,10.04,5.96,8.25,6.5,7.21,7.67,12.0,0.0
2837,65.0,1.0,9.0,22.0,21.67,16.5,14.58,22.34,16.96,21.84,21.84,18.88,12.54,18.84,0.0
2838,70.0,11.0,3.0,19.58,19.95,15.75,16.83,23.09,18.05,23.75,19.79,22.54,15.79,26.67,0.0
2839,76.0,1.0,13.0,13.79,14.46,10.63,4.83,8.46,5.63,11.46,9.83,11.5,9.08,16.46,0.0
2840,68.0,3.0,30.0,9.83,6.67,7.04,5.58,10.67,6.63,8.5,8.17,7.46,9.0,13.04,1.0
2841,65.0,8.0,13.0,5.58,3.83,5.83,4.54,2.46,4.88,6.5,3.21,5.54,8.38,3.29,1.0
2842,77.0,3.0,4.0,12.67,11.08,11.54,6.92,11.75,10.79,18.66,13.79,13.92,13.5,17.92,0.0
2843,75.0,4.0,28.0,10.67,11.0,9.21,4.88,12.5,6.79,7.21,9.04,11.42,8.79,17.88,0.0
2844,68.0,2.0,5.0,10.21,10.41,5.79,3.0,11.5,4.21,6.67,6.5,3.67,5.0,10.21,1.0
2845,67.0,7.0,2.0,11.75,11.29,9.62,6.75,14.46,8.58,11.58,11.21,10.5,9.87,18.63,0.0
2846,65.0,6.0,20.0,9.5,12.29,14.29,7.54,10.34,8.71,13.46,13.83,9.62,15.25,17.41,0.0
2847,77.0,4.0,9.0,11.5,9.96,9.79,4.21,7.58,7.62,6.13,4.33,5.63,6.92,6.75,1.0
2848,77.0,6.0,12.0,7.0,6.79,8.58,4.63,6.34,7.38,7.67,4.33,6.63,6.17,8.17,1.0
2849,77.0,6.0,14.0,11.92,11.17,18.66,6.87,9.87,8.79,11.08,8.75,9.33,9.29,13.62,0.0
2850,69.0,4.0,23.0,10.04,8.21,11.5,7.54,8.96,5.04,8.67,7.83,9.0,8.75,12.71,1.0
2851,75.0,8.0,14.0,6.67,7.38,7.33,3.96,6.71,3.83,3.25,6.38,6.54,2.42,12.08,1.0
2852,63.0,7.0,30.0,5.09,12.83,3.08,5.91,9.17,6.83,4.33,9.87,6.54,7.54,16.88,1.0
2853,78.0,1.0,10.0,16.38,21.54,14.42,9.42,16.83,9.5,16.62,10.29,12.17,10.29,19.46,0.0
2854,66.0,7.0,3.0,8.21,3.71,6.0,3.54,3.17,0.58,2.88,1.0,2.04,2.83,8.63,1.0
2855,75.0,11.0,4.0,17.92,13.79,13.92,5.33,12.83,8.46,12.5,11.29,12.42,12.29,19.04,0.0
2856,64.0,6.0,12.0,10.54,8.75,9.71,6.21,9.71,5.41,6.75,8.63,6.67,7.83,9.29,1.0
2857,68.0,12.0,4.0,1.21,9.59,5.25,0.46,6.79,1.29,1.63,4.5,1.79,3.42,12.33,1.0
2858,64.0,3.0,14.0,18.88,18.58,15.75,10.21,18.12,13.5,13.21,17.62,10.5,17.46,23.38,0.0
2859,71.0,5.0,21.0,6.92,6.13,8.04,2.46,4.96,3.37,3.46,8.0,4.33,4.58,13.54,1.0
2860,63.0,2.0,24.0,17.67,20.17,14.37,11.42,17.37,13.67,13.75,13.04,9.42,10.37,19.75,0.0
2861,74.0,9.0,12.0,13.13,9.42,14.83,7.08,9.13,7.54,9.42,9.92,10.54,9.21,9.5,0.0
2862,67.0,4.0,7.0,14.37,14.42,25.54,11.42,11.42,8.21,15.92,10.63,9.71,13.88,21.92,0.0
2863,67.0,10.0,17.0,19.75,13.5,13.96,11.25,15.46,11.58,16.21,12.42,14.75,11.96,19.67,0.0
2864,69.0,12.0,5.0,9.46,12.92,8.33,3.37,9.29,5.75,8.0,8.25,6.67,5.66,11.79,0.0
2865,71.0,6.0,30.0,6.87,7.04,7.33,4.42,9.5,5.04,3.71,6.04,7.21,4.54,14.04,1.0
2866,72.0,6.0,16.0,7.38,5.37,6.17,3.29,6.54,4.17,3.54,6.17,4.88,4.0,12.17,1.0
2867,63.0,9.0,3.0,11.87,7.96,9.92,6.04,9.92,6.71,11.25,8.71,8.63,8.87,8.25,1.0
2868,72.0,11.0,30.0,13.17,17.04,10.34,6.29,11.21,9.04,14.62,10.46,9.75,9.29,16.92,0.0
2869,72.0,11.0,20.0,19.62,26.46,14.37,11.87,17.58,9.42,14.5,10.37,13.0,6.34,12.25,1.0
2870,64.0,12.0,9.0,12.96,12.42,12.58,5.29,11.92,8.38,13.54,7.17,9.08,8.92,14.67,0.0
2871,67.0,12.0,27.0,12.67,9.17,9.5,8.92,14.33,8.63,16.13,11.87,12.87,12.96,17.37,0.0
2872,78.0,3.0,9.0,8.54,14.17,11.29,4.17,7.87,7.38,2.79,10.04,8.46,5.13,16.13,0.0
2873,70.0,9.0,3.0,12.54,11.79,9.62,5.25,10.96,7.12,7.17,6.96,9.67,8.12,12.87,0.0
2874,61.0,1.0,19.0,4.92,3.42,7.29,1.04,3.67,3.17,3.71,2.79,1.92,2.71,6.87,1.0
2875,73.0,5.0,20.0,10.46,11.34,14.58,7.33,10.75,12.87,12.92,14.37,13.04,13.37,17.67,0.0
2876,74.0,12.0,16.0,21.21,22.25,15.09,12.75,23.13,13.33,20.79,21.09,17.92,16.75,25.12,0.0
2877,62.0,11.0,27.0,4.88,2.67,7.83,3.04,2.37,0.46,5.09,0.0,1.75,1.87,2.46,1.0
2878,77.0,8.0,16.0,11.71,7.79,18.0,6.21,7.71,9.25,15.37,7.54,10.75,8.38,10.21,0.0
2879,64.0,8.0,23.0,19.55,17.54,18.88,9.71,14.75,12.25,13.62,15.12,10.41,15.59,21.92,0.0
2880,61.0,8.0,18.0,18.91,12.87,11.46,11.79,20.38,14.25,19.04,17.71,16.13,17.83,21.92,0.0
2881,64.0,7.0,25.0,5.88,7.0,7.75,4.46,7.17,5.79,8.17,7.38,7.04,7.29,9.54,1.0
2882,73.0,10.0,13.0,17.04,12.62,17.62,6.83,11.38,5.88,9.42,12.83,9.38,9.67,14.33,0.0
2883,67.0,5.0,23.0,17.58,16.29,14.12,8.83,17.16,9.04,11.34,9.71,9.25,10.63,13.37,1.0
2884,75.0,7.0,15.0,15.04,11.58,13.54,6.96,13.75,9.29,14.37,9.62,12.21,10.17,12.38,0.0
2885,68.0,11.0,18.0,8.38,12.38,3.75,1.25,10.71,3.04,1.54,7.92,2.88,2.62,9.25,1.0
2886,68.0,1.0,1.0,30.04,17.88,16.25,16.25,21.79,12.54,18.16,16.62,18.75,17.62,22.25,0.0
2887,71.0,8.0,15.0,6.38,6.08,8.92,4.12,7.38,1.63,5.63,4.88,6.5,8.21,9.29,1.0
2888,69.0,1.0,27.0,18.29,13.59,15.34,11.12,11.87,7.58,12.46,9.13,9.17,14.04,10.13,1.0
2889,63.0,7.0,15.0,12.62,10.79,15.87,7.83,11.96,9.08,12.04,10.83,8.75,11.17,14.29,1.0
2890,73.0,3.0,23.0,16.75,18.25,13.04,11.04,16.29,12.54,8.38,14.04,12.62,14.17,22.63,0.0
2891,76.0,9.0,23.0,17.04,16.0,13.88,6.17,15.04,9.62,6.34,10.96,10.71,6.46,11.67,0.0
2892,75.0,10.0,5.0,14.25,14.83,15.21,5.91,12.25,8.5,13.33,10.34,11.58,10.29,18.05,0.0
2893,65.0,10.0,30.0,19.29,16.71,17.08,13.17,19.79,13.59,21.62,14.04,15.09,16.17,23.33,0.0
2894,65.0,9.0,17.0,24.87,19.25,19.08,12.21,19.5,12.92,12.71,13.25,12.42,13.29,13.79,0.0
2895,76.0,1.0,30.0,21.17,14.37,26.08,12.33,17.46,16.83,23.5,19.12,18.63,16.29,17.88,0.0
2896,67.0,2.0,11.0,17.71,15.75,15.75,8.67,13.29,6.71,9.38,10.17,8.5,12.0,14.54,1.0
2897,69.0,7.0,29.0,9.96,10.5,9.21,5.04,10.71,5.46,8.42,5.04,7.58,4.5,13.13,1.0
2898,71.0,1.0,2.0,4.04,0.75,6.96,1.21,1.67,0.54,5.83,0.0,3.0,2.58,3.0,1.0
2899,73.0,2.0,13.0,21.25,22.5,13.17,10.5,20.21,11.71,16.88,15.79,16.54,15.21,26.16,0.0
2900,73.0,10.0,7.0,5.75,5.46,6.17,2.25,5.37,2.29,3.0,3.96,3.71,3.83,9.5,1.0
2901,65.0,9.0,21.0,12.83,17.0,14.54,8.58,12.71,10.92,12.21,14.37,9.59,17.12,19.87,0.0
2902,65.0,6.0,14.0,12.38,10.41,11.92,6.87,10.17,8.83,7.17,7.54,7.5,7.33,15.5,1.0
2903,69.0,2.0,12.0,18.54,14.0,17.33,8.17,13.04,4.58,12.17,8.96,8.83,8.29,14.71,0.0
2904,71.0,2.0,16.0,21.79,13.0,14.42,8.25,13.21,8.79,11.96,11.0,12.5,10.92,15.46,0.0
2905,67.0,2.0,25.0,18.25,13.33,17.96,12.29,14.17,11.87,12.04,12.62,11.96,17.29,14.71,0.0
2906,64.0,11.0,9.0,5.5,6.17,6.13,1.25,7.96,1.08,3.46,4.04,2.13,4.71,8.33,1.0
2907,68.0,11.0,6.0,23.29,21.04,21.37,7.92,21.25,10.92,16.75,14.29,10.96,12.04,16.54,0.0
2908,66.0,8.0,19.0,4.08,7.41,5.5,4.04,4.54,3.29,4.63,4.33,5.0,6.08,8.0,1.0
2909,71.0,2.0,5.0,10.75,6.96,9.13,3.92,6.87,2.83,4.96,4.46,3.46,3.21,4.21,1.0
2910,77.0,2.0,20.0,11.63,10.21,11.25,4.83,8.25,8.83,9.08,7.0,8.63,7.92,9.33,0.0
2911,61.0,8.0,31.0,4.83,7.04,2.46,3.25,8.5,4.83,2.92,6.42,4.29,6.54,17.16,1.0
2912,78.0,11.0,10.0,7.38,12.12,7.79,2.46,7.0,6.67,5.91,5.88,7.17,9.13,15.16,0.0
2913,71.0,12.0,14.0,20.38,18.58,19.12,11.25,17.58,14.0,17.04,15.0,14.62,18.54,26.34,0.0
2914,75.0,9.0,8.0,11.5,9.75,11.38,5.75,10.25,6.75,10.0,9.71,10.13,9.42,17.62,0.0
2915,73.0,1.0,12.0,22.37,16.92,22.04,13.54,15.16,14.37,17.41,13.79,15.37,16.66,16.66,0.0
2916,74.0,8.0,16.0,7.71,7.87,11.58,4.46,9.59,7.04,10.96,10.04,7.75,9.13,10.75,0.0
2917,66.0,11.0,3.0,10.67,4.83,7.25,2.42,6.63,3.17,5.17,5.46,3.58,5.58,7.96,0.0
2918,78.0,7.0,9.0,8.54,7.54,6.25,3.92,8.96,6.29,4.42,6.29,6.08,1.33,10.08,1.0
2919,72.0,6.0,7.0,15.71,10.21,9.25,7.29,9.29,6.92,9.04,7.58,8.96,9.67,10.58,1.0
2920,68.0,12.0,25.0,10.88,12.54,11.29,5.75,10.0,4.08,9.59,8.04,7.67,8.87,10.21,0.0
2921,62.0,3.0,8.0,13.29,11.67,21.29,9.38,14.75,13.08,18.0,12.75,8.75,10.92,13.46,1.0
2922,73.0,1.0,17.0,6.42,3.08,8.38,1.54,2.83,0.13,4.5,0.79,0.67,0.04,7.12,1.0
2923,73.0,7.0,13.0,6.54,7.41,8.04,3.13,8.12,5.41,5.63,5.0,6.42,5.09,7.92,1.0
2924,76.0,8.0,29.0,10.17,8.21,15.04,5.41,6.75,5.17,9.67,5.13,7.92,6.13,7.96,1.0
2925,65.0,4.0,1.0,4.5,6.67,7.04,4.79,7.33,4.96,8.67,5.58,5.25,7.17,13.08,1.0
2926,66.0,10.0,18.0,11.83,7.92,13.37,6.17,7.96,3.71,10.13,3.88,7.25,10.83,9.04,0.0
2927,67.0,1.0,24.0,16.92,13.59,10.54,6.13,11.29,5.66,6.71,5.41,4.67,9.33,9.42,1.0
2928,62.0,12.0,27.0,13.62,12.96,19.83,8.42,5.66,4.92,11.92,7.21,6.58,5.88,7.67,0.0
2929,77.0,9.0,29.0,20.33,17.04,17.25,10.96,21.71,13.37,20.3,14.67,16.46,15.04,23.79,0.0
2930,67.0,5.0,4.0,13.21,11.46,19.0,11.08,12.54,10.88,17.58,10.58,12.54,14.29,12.33,0.0
2931,76.0,1.0,22.0,20.58,19.7,15.67,10.71,20.12,14.29,21.67,18.54,20.17,18.71,22.83,0.0
2932,71.0,3.0,22.0,5.63,7.83,14.09,3.5,4.88,1.58,5.96,5.83,4.67,5.33,14.04,1.0
2933,67.0,11.0,21.0,8.0,4.42,15.5,4.88,5.91,2.88,3.83,4.54,4.71,5.25,5.66,1.0
2934,66.0,2.0,26.0,27.63,19.29,24.21,15.37,19.46,16.04,22.95,18.66,16.04,22.5,24.67,0.0
2935,68.0,1.0,19.0,9.79,14.09,10.25,4.88,10.75,6.42,8.08,11.79,7.25,9.42,23.04,0.0
2936,62.0,5.0,30.0,6.71,7.87,6.42,4.54,7.46,4.08,7.17,6.42,6.54,9.33,8.0,0.0
2937,66.0,4.0,28.0,12.67,15.63,11.75,7.33,12.33,10.5,13.54,14.5,9.5,13.37,23.54,0.0
2938,74.0,1.0,23.0,15.83,16.71,14.04,8.75,14.96,10.08,15.54,12.17,13.62,15.0,23.38,0.0
2939,72.0,4.0,30.0,13.62,12.87,15.37,6.29,10.83,5.58,11.5,8.58,8.58,8.58,16.04,1.0
2940,64.0,3.0,4.0,8.12,5.09,10.29,3.04,8.79,3.33,7.83,5.04,3.25,5.96,7.08,1.0
2941,73.0,6.0,22.0,6.92,4.46,5.71,3.0,7.0,4.42,2.75,4.54,5.75,4.92,12.87,1.0
2942,61.0,1.0,17.0,17.75,14.37,17.33,10.13,13.96,13.37,13.42,11.04,8.71,11.38,15.92,0.0
2943,72.0,3.0,9.0,6.29,9.33,6.58,2.29,7.92,3.08,4.83,2.75,4.67,6.04,9.79,1.0
2944,70.0,4.0,29.0,13.75,9.21,10.88,6.63,8.79,7.38,9.04,5.41,8.21,9.75,6.21,1.0
2945,78.0,5.0,29.0,3.25,7.33,3.5,3.08,5.04,3.17,4.88,4.46,4.96,6.08,11.87,1.0
2946,63.0,10.0,5.0,12.17,8.42,9.29,6.92,13.13,3.88,9.04,5.75,7.25,8.38,7.83,0.0
2947,77.0,7.0,3.0,6.25,12.62,9.0,4.83,10.54,8.96,7.33,8.29,8.54,10.21,19.79,1.0
2948,77.0,4.0,27.0,22.63,17.37,19.87,11.17,15.5,12.38,17.54,7.79,12.25,11.75,16.66,0.0
2949,69.0,11.0,15.0,12.38,10.71,10.5,6.17,7.79,5.79,9.79,6.17,8.17,5.54,11.0,1.0
2950,70.0,11.0,21.0,9.5,9.79,7.12,3.17,9.08,6.25,10.21,5.37,9.92,7.75,11.08,0.0
2951,71.0,9.0,9.0,12.67,7.62,10.46,5.41,11.0,11.12,6.08,9.42,10.67,11.34,11.25,0.0
2952,74.0,9.0,1.0,13.5,11.75,7.38,3.0,8.17,3.88,4.42,6.42,4.92,3.63,11.79,1.0
2953,64.0,12.0,10.0,4.79,7.67,6.13,1.63,7.71,5.66,7.17,4.96,5.5,7.58,11.54,0.0
2954,61.0,5.0,9.0,6.04,3.96,7.0,3.83,4.17,4.0,7.25,3.37,7.08,9.21,6.54,1.0
2955,76.0,1.0,20.0,24.25,23.5,17.58,15.34,26.25,16.75,25.96,21.29,22.5,21.79,29.33,0.0
2956,61.0,6.0,22.0,8.83,6.25,6.38,6.42,11.96,8.58,13.29,9.29,11.54,11.0,13.25,0.0
2957,67.0,3.0,18.0,21.21,8.75,10.54,11.63,13.42,11.58,17.08,12.67,13.29,11.71,15.71,0.0
2958,62.0,7.0,18.0,18.88,16.62,15.67,11.0,16.25,12.96,12.33,14.92,11.96,14.92,19.38,0.0
2959,64.0,5.0,13.0,7.83,6.54,8.0,6.29,11.96,8.92,11.54,10.92,8.38,10.88,16.54,0.0
2960,71.0,8.0,31.0,15.12,13.96,13.33,7.21,17.37,11.34,14.67,12.12,13.54,13.25,21.34,0.0
2961,68.0,11.0,17.0,6.25,10.41,5.25,1.63,9.71,2.79,3.83,7.38,1.96,3.67,8.54,1.0
2962,67.0,4.0,3.0,12.62,11.21,9.04,9.62,14.37,9.87,13.54,10.34,11.21,10.92,15.46,0.0
2963,64.0,8.0,24.0,15.83,14.25,17.04,10.0,15.87,12.25,15.34,14.12,11.5,15.46,19.29,0.0
2964,64.0,9.0,14.0,17.67,13.46,14.04,8.29,15.12,9.96,9.42,11.21,11.71,13.54,17.96,0.0
2965,72.0,1.0,29.0,12.29,8.58,19.29,6.38,8.83,5.0,14.92,4.63,9.17,6.58,8.63,1.0
2966,64.0,7.0,13.0,14.62,15.67,12.62,10.96,16.08,10.54,9.54,12.25,11.34,12.62,16.33,0.0
2967,73.0,11.0,26.0,7.21,1.71,12.92,3.29,5.33,0.83,7.62,2.96,5.71,8.12,8.46,0.0
2968,77.0,1.0,30.0,17.62,12.04,13.04,5.25,10.08,11.04,12.79,6.75,12.0,9.0,7.5,0.0
2969,67.0,8.0,30.0,10.37,8.75,9.25,5.88,14.79,8.21,12.96,10.92,10.37,10.25,16.92,0.0
2970,75.0,11.0,1.0,14.12,11.92,9.71,4.08,8.54,3.67,9.92,4.79,6.58,6.17,11.21,1.0
2971,70.0,8.0,2.0,4.96,9.83,4.5,2.46,5.5,4.92,2.62,3.54,4.0,5.25,11.67,1.0
2972,71.0,3.0,9.0,7.75,4.38,7.0,3.96,4.08,1.87,6.71,3.17,7.33,6.34,5.5,1.0
2973,73.0,10.0,8.0,12.33,12.17,11.67,5.37,9.0,5.79,7.17,6.42,6.34,6.38,11.42,1.0
2974,75.0,3.0,26.0,9.21,8.63,13.29,3.08,6.29,5.63,7.33,7.54,8.96,7.0,14.42,0.0
2975,78.0,4.0,16.0,15.71,16.83,9.5,6.46,13.29,7.92,5.83,10.96,8.04,5.96,10.29,1.0
2976,70.0,7.0,3.0,8.92,4.12,9.17,4.75,10.0,6.46,9.42,5.88,9.71,7.62,12.08,1.0
2977,64.0,5.0,5.0,17.75,15.34,14.83,9.33,17.96,12.46,15.54,17.88,11.25,17.62,24.58,0.0
2978,69.0,7.0,19.0,12.33,12.5,14.5,7.83,14.21,10.37,16.25,10.21,15.21,12.21,17.46,0.0
2979,68.0,4.0,3.0,17.41,9.54,10.29,9.38,12.0,7.17,13.29,8.54,9.75,12.0,15.16,0.0
2980,70.0,11.0,26.0,16.5,20.12,12.17,7.75,13.96,10.25,7.21,10.67,9.38,7.12,13.25,1.0
2981,66.0,2.0,22.0,21.17,19.46,12.96,11.29,19.83,8.63,13.59,7.38,9.46,8.75,12.96,1.0
2982,76.0,9.0,1.0,11.87,11.0,7.38,6.87,7.75,8.33,10.34,6.46,10.17,9.29,12.75,0.0
2983,75.0,5.0,1.0,22.54,16.04,17.16,7.75,13.92,8.75,13.88,11.04,13.42,11.46,15.25,0.0
2984,71.0,12.0,9.0,6.96,3.75,6.17,4.67,7.58,5.41,11.12,7.08,9.71,9.71,13.88,0.0
2985,67.0,11.0,10.0,8.75,10.58,10.92,5.96,11.63,9.04,12.54,10.92,9.0,11.34,20.41,0.0
2986,78.0,11.0,21.0,17.75,16.83,16.71,7.29,13.92,9.25,14.67,11.08,13.29,12.21,20.46,0.0
2987,61.0,5.0,12.0,7.0,15.12,9.17,4.54,11.21,5.91,5.17,4.04,5.25,4.38,10.63,1.0
2988,66.0,9.0,22.0,13.0,4.96,13.0,1.5,4.54,1.92,2.71,5.54,6.04,4.38,9.62,1.0
2989,70.0,8.0,25.0,5.83,6.63,3.79,1.75,5.25,3.17,1.21,1.33,2.21,2.62,4.29,1.0
2990,62.0,10.0,24.0,8.96,11.83,10.46,4.63,9.59,7.5,8.5,11.75,6.79,12.5,20.46,0.0
2991,69.0,3.0,10.0,10.13,9.08,12.5,4.92,10.34,3.71,3.92,10.13,7.41,8.58,12.87,0.0
2992,66.0,10.0,21.0,8.75,5.88,6.5,3.79,7.75,5.58,9.67,5.33,7.29,7.29,12.96,0.0
2993,78.0,2.0,12.0,13.04,5.96,13.62,5.96,5.29,1.46,9.42,4.38,6.83,7.0,2.62,1.0
2994,62.0,8.0,9.0,14.67,11.71,14.96,10.34,14.62,10.0,12.25,12.04,10.75,13.79,19.04,0.0
2995,64.0,1.0,11.0,10.04,10.41,11.96,2.67,9.92,2.92,4.42,4.67,3.29,4.12,5.96,1.0
2996,65.0,6.0,26.0,13.79,11.96,11.71,9.62,16.71,11.0,17.0,13.42,12.96,14.21,16.29,0.0
2997,64.0,2.0,23.0,11.54,11.5,11.58,6.92,9.96,6.58,8.92,7.96,5.21,9.5,11.42,1.0
2998,71.0,6.0,26.0,14.46,12.21,11.83,8.79,16.21,10.25,12.92,11.92,13.33,11.42,16.13,1.0
2999,73.0,12.0,30.0,7.62,6.42,6.04,2.13,6.5,3.25,8.71,3.67,5.63,7.54,10.58,0.0
3000,68.0,4.0,13.0,10.67,12.46,11.34,4.63,9.54,4.63,7.38,9.17,6.79,7.46,11.25,1.0
3001,73.0,6.0,30.0,19.46,12.42,16.66,13.04,11.25,12.08,12.79,9.83,13.17,15.21,18.05,0.0
3002,66.0,6.0,26.0,12.33,13.67,13.37,7.41,14.79,9.75,10.75,8.12,9.25,11.08,16.88,1.0
3003,65.0,7.0,10.0,12.38,11.63,10.41,5.66,10.79,7.21,8.04,10.13,7.08,7.08,17.37,1.0
3004,65.0,11.0,13.0,15.29,7.58,13.33,4.29,10.71,6.0,8.5,8.87,6.08,9.04,11.71,0.0
3005,77.0,4.0,5.0,8.63,7.25,7.25,4.33,7.21,7.17,11.17,5.96,7.83,9.46,10.79,0.0
3006,73.0,8.0,5.0,7.33,5.71,8.87,5.41,7.38,5.33,8.38,4.67,6.87,8.17,13.54,1.0
3007,67.0,11.0,6.0,13.33,8.17,10.41,7.79,10.37,6.5,10.34,7.25,8.25,5.5,12.25,0.0
3008,75.0,10.0,14.0,9.83,9.29,11.54,3.0,10.25,6.08,7.08,5.54,8.58,9.08,11.0,0.0
3009,73.0,11.0,14.0,12.67,16.08,9.33,7.41,13.17,6.71,7.38,7.75,8.58,7.79,11.5,0.0
3010,72.0,3.0,8.0,10.58,6.38,15.71,4.92,5.75,1.79,7.87,1.08,4.08,4.08,5.17,1.0
3011,77.0,9.0,26.0,12.5,12.04,12.08,6.04,9.71,8.87,8.67,10.21,9.54,10.34,14.92,1.0
3012,77.0,5.0,28.0,4.21,5.04,5.88,1.63,4.33,3.75,7.29,3.54,3.79,1.29,6.67,1.0
3013,73.0,10.0,9.0,10.67,10.5,12.04,4.5,9.71,4.38,5.09,3.83,6.13,5.29,8.25,1.0
3014,67.0,2.0,22.0,18.58,11.83,16.04,6.5,13.92,9.25,11.34,6.71,9.33,10.79,9.5,1.0
3015,70.0,2.0,5.0,8.38,8.33,14.12,4.63,3.67,2.75,5.33,4.25,4.25,2.17,6.54,1.0
3016,72.0,7.0,21.0,3.0,1.42,10.46,2.5,4.83,2.88,3.08,2.67,4.29,2.58,12.87,1.0
3017,73.0,3.0,26.0,11.0,14.92,8.75,5.29,11.17,6.29,8.21,7.75,6.38,6.21,13.37,1.0
3018,70.0,8.0,19.0,11.0,10.25,16.38,5.5,8.71,4.96,5.88,6.29,6.67,3.37,13.04,1.0
3019,69.0,7.0,10.0,7.92,4.29,7.12,5.63,10.67,8.38,12.38,6.13,10.67,8.38,14.29,0.0
3020,76.0,11.0,29.0,13.46,10.83,11.21,4.25,10.37,8.38,13.21,5.37,9.29,9.54,16.21,0.0
3021,78.0,4.0,9.0,11.54,11.04,7.79,6.21,9.62,6.08,8.33,8.25,9.33,9.17,15.71,0.0
3022,74.0,7.0,24.0,16.46,10.58,8.92,6.42,11.79,5.91,8.58,8.21,7.17,7.67,10.54,1.0
3023,71.0,10.0,20.0,14.5,11.38,10.75,4.83,12.33,8.54,14.21,4.88,9.54,10.17,15.67,0.0
3024,72.0,12.0,27.0,19.04,11.58,21.42,10.92,12.29,12.87,18.41,13.0,12.42,9.79,12.42,1.0
3025,65.0,9.0,30.0,16.79,12.38,22.04,11.17,10.96,7.75,15.63,9.21,7.75,10.0,13.96,1.0
3026,66.0,11.0,4.0,7.75,11.17,10.75,1.96,9.17,5.04,5.63,6.04,4.75,8.54,8.33,0.0
3027,62.0,8.0,7.0,14.5,9.29,10.13,7.92,10.67,7.08,10.5,7.25,8.79,9.83,11.12,1.0
3028,62.0,6.0,29.0,10.79,8.54,6.96,6.67,7.75,5.09,6.42,7.83,7.75,9.17,6.42,1.0
3029,71.0,4.0,24.0,12.25,8.33,10.54,8.17,9.92,8.08,12.62,6.75,9.17,11.21,7.67,0.0
3030,70.0,1.0,26.0,4.79,2.17,4.42,0.75,3.21,2.46,7.04,2.21,2.71,2.67,5.91,1.0
3031,63.0,2.0,25.0,19.75,18.88,15.96,13.13,21.17,13.33,11.46,14.79,12.92,12.5,21.59,0.0
3032,65.0,1.0,9.0,22.0,21.67,16.5,14.58,22.34,16.96,21.84,21.84,18.88,12.54,18.84,0.0
3033,66.0,10.0,7.0,8.92,7.04,7.87,1.79,7.5,3.04,2.0,2.21,2.71,2.75,6.58,1.0
3034,75.0,6.0,18.0,15.0,15.21,14.75,8.33,12.75,9.79,10.46,14.79,12.58,12.58,21.5,0.0
3035,71.0,2.0,28.0,6.46,3.0,5.09,1.5,1.67,0.04,3.04,1.13,3.88,4.12,5.13,1.0
3036,71.0,1.0,23.0,12.92,14.09,10.71,5.96,14.62,9.42,13.0,12.75,11.25,13.83,22.13,0.0
3037,77.0,8.0,30.0,9.79,3.58,8.92,3.83,3.21,4.17,7.46,1.87,2.96,1.58,9.54,1.0
3038,75.0,11.0,28.0,7.5,6.25,6.34,2.5,6.96,3.25,10.83,5.41,8.54,6.92,8.67,0.0
3039,65.0,10.0,28.0,18.05,19.21,13.96,12.33,19.21,13.62,20.0,16.92,15.83,18.21,27.37,0.0
3040,61.0,11.0,24.0,11.5,11.79,10.96,7.96,12.75,9.83,16.17,10.0,10.04,14.12,17.37,0.0
3041,75.0,4.0,14.0,18.46,15.59,15.96,7.87,12.83,9.38,10.0,7.87,11.87,7.62,11.71,1.0
3042,76.0,7.0,3.0,5.66,6.0,5.71,2.37,2.21,1.54,4.88,3.0,5.41,2.96,7.5,1.0
3043,73.0,4.0,21.0,16.33,13.46,18.41,8.83,13.21,10.41,11.71,11.17,10.5,12.79,14.17,0.0
3044,70.0,11.0,14.0,18.0,13.04,15.54,7.33,7.62,6.21,8.25,6.42,8.79,5.5,11.08,0.0
3045,77.0,4.0,15.0,6.87,6.21,5.88,1.96,2.42,3.5,8.0,2.79,2.67,4.54,8.0,1.0
3046,69.0,2.0,19.0,27.79,23.58,29.83,17.0,24.25,17.92,27.71,21.92,22.04,17.71,23.67,0.0
3047,61.0,9.0,24.0,8.0,6.04,8.04,3.96,7.5,3.21,5.91,5.41,4.21,6.04,11.71,1.0
3048,66.0,10.0,23.0,9.04,6.58,7.58,3.58,5.79,2.79,8.12,2.83,5.58,7.79,10.25,0.0
3049,62.0,5.0,6.0,14.25,8.38,14.96,6.04,6.63,4.75,4.88,7.41,5.13,7.29,15.09,1.0
3050,61.0,2.0,4.0,10.58,9.46,10.92,8.71,12.46,11.46,12.54,11.04,13.04,11.17,16.5,1.0
3051,66.0,10.0,10.0,12.87,8.96,10.04,3.96,9.13,4.25,2.83,3.83,3.71,6.04,13.08,1.0
3052,63.0,1.0,9.0,26.3,20.04,25.66,14.96,24.0,16.04,21.67,19.95,16.0,14.58,18.54,0.0
3053,74.0,2.0,11.0,14.67,11.63,13.21,6.17,11.71,6.04,11.38,10.17,9.04,9.87,17.33,0.0
3054,67.0,2.0,2.0,16.38,17.08,17.21,10.37,18.84,14.12,16.88,16.21,14.29,18.91,24.04,0.0
3055,63.0,8.0,26.0,21.5,20.62,18.54,13.46,23.63,15.87,19.62,19.08,17.54,17.25,23.16,0.0
3056,61.0,10.0,29.0,4.33,2.75,5.5,1.71,4.46,2.33,9.42,2.62,4.25,5.83,8.87,1.0
3057,73.0,10.0,26.0,11.75,10.08,8.04,3.46,9.46,4.83,3.58,6.92,4.96,7.83,13.75,0.0
3058,68.0,4.0,1.0,19.7,17.04,16.54,13.21,19.12,13.59,21.12,16.25,15.79,17.54,21.29,0.0
3059,64.0,2.0,29.0,8.83,12.17,8.04,5.13,12.5,6.92,5.88,11.38,5.58,11.38,19.95,1.0
3060,76.0,8.0,31.0,9.42,6.29,7.71,3.71,5.96,4.96,8.63,3.13,5.71,4.25,7.71,1.0
3061,68.0,10.0,31.0,11.12,5.0,8.63,4.42,5.63,2.08,3.25,10.0,3.79,7.58,21.54,0.0
3062,64.0,1.0,2.0,33.34,28.5,24.37,28.46,23.5,20.33,22.63,25.92,17.71,24.17,36.95,0.0
3063,78.0,2.0,21.0,13.92,13.67,11.92,4.88,10.54,7.83,10.08,9.33,8.46,5.91,6.63,1.0
3064,61.0,12.0,14.0,11.34,17.62,9.71,6.92,14.92,10.63,9.38,9.08,7.75,7.04,14.33,1.0
3065,69.0,10.0,27.0,5.58,6.92,5.5,2.37,6.29,2.79,4.04,5.91,4.46,5.5,10.79,1.0
3066,66.0,7.0,26.0,16.92,14.5,11.17,8.79,15.41,7.83,10.04,12.0,10.08,11.0,16.25,0.0
3067,64.0,8.0,8.0,11.25,6.13,8.04,6.63,9.59,5.88,6.96,3.46,6.87,7.58,7.17,1.0
3068,61.0,12.0,30.0,16.83,10.25,29.33,11.79,9.17,7.41,17.29,5.75,9.38,9.59,9.17,1.0
3069,70.0,1.0,18.0,14.42,15.67,15.16,7.87,12.0,10.04,12.87,10.92,12.58,14.37,15.37,0.0
3070,73.0,10.0,21.0,9.04,7.0,7.17,2.46,7.33,4.08,6.54,4.67,5.54,7.17,10.29,0.0
3071,67.0,11.0,14.0,10.63,13.92,9.46,6.29,12.75,7.08,14.92,10.79,9.5,12.08,22.37,0.0
3072,72.0,10.0,15.0,12.71,7.87,13.46,5.04,6.38,4.83,10.29,8.54,7.5,5.13,8.67,1.0
3073,69.0,1.0,5.0,10.5,8.38,7.71,3.5,5.41,2.42,7.67,5.37,4.17,5.63,12.17,0.0
3074,63.0,3.0,1.0,16.75,19.67,17.67,8.87,19.08,15.37,16.21,14.29,11.29,9.21,19.92,0.0
3075,61.0,2.0,13.0,22.5,19.7,19.41,15.34,16.13,14.62,16.08,14.12,13.96,16.58,28.62,0.0
3076,67.0,12.0,22.0,20.21,20.0,17.75,10.79,17.0,11.87,18.41,16.54,12.21,14.67,25.37,0.0
3077,63.0,4.0,30.0,12.83,10.83,12.46,7.67,12.54,10.75,12.33,11.58,10.75,12.08,14.5,0.0
3078,76.0,7.0,19.0,9.87,7.41,8.92,5.04,9.67,5.83,9.96,5.91,8.5,8.46,10.5,0.0
3079,61.0,2.0,26.0,25.8,21.5,22.42,15.21,23.09,16.88,21.17,17.25,18.46,20.04,22.83,0.0
3080,78.0,10.0,13.0,4.29,3.08,9.92,2.54,3.54,4.08,3.0,1.63,3.67,3.13,5.83,1.0
3081,70.0,4.0,12.0,19.79,9.29,17.33,9.79,9.38,8.83,14.58,8.79,10.46,10.96,10.75,0.0
3082,64.0,6.0,19.0,14.12,10.54,14.33,9.59,11.34,7.54,13.25,10.88,11.21,14.09,13.17,0.0
3083,65.0,12.0,18.0,5.29,2.83,5.5,1.83,6.04,4.75,7.5,5.63,5.0,8.08,13.04,1.0
3084,68.0,1.0,2.0,12.92,12.75,13.21,10.54,13.83,8.63,12.67,10.21,11.04,9.59,15.25,0.0
3085,71.0,10.0,17.0,22.42,19.92,18.16,11.21,19.41,14.79,17.0,12.96,15.63,14.25,21.34,0.0
3086,77.0,12.0,29.0,14.33,10.41,9.92,7.12,14.21,9.42,15.71,11.75,12.33,10.75,15.5,0.0
3087,64.0,10.0,16.0,10.21,9.59,9.62,7.04,8.33,6.96,10.13,6.71,8.25,8.58,10.13,0.0
3088,68.0,8.0,27.0,4.46,3.96,19.92,6.38,6.96,4.25,6.25,4.21,4.67,4.17,8.75,1.0
3089,62.0,12.0,29.0,19.29,13.13,22.79,7.17,11.0,6.54,13.62,8.0,7.21,9.25,9.33,0.0
3090,73.0,5.0,27.0,9.04,3.54,5.88,1.96,5.04,4.04,2.25,4.12,5.71,4.75,7.87,1.0
3091,78.0,2.0,14.0,6.75,5.25,9.17,2.58,3.79,0.5,5.75,3.25,2.79,3.33,3.29,1.0
3092,63.0,4.0,1.0,10.54,9.59,12.46,7.33,9.46,9.59,11.79,11.87,9.79,10.71,13.37,0.0
3093,76.0,12.0,21.0,8.87,9.59,8.75,2.37,10.58,4.58,6.5,7.04,4.25,2.92,9.46,1.0
3094,71.0,10.0,8.0,4.29,6.29,6.0,3.21,8.87,6.54,9.75,7.38,7.87,8.75,7.41,1.0
3095,61.0,2.0,16.0,16.79,20.17,12.67,13.25,15.29,15.12,3.42,14.29,14.79,13.79,21.92,0.0
3096,61.0,8.0,14.0,16.42,10.88,9.87,8.79,16.21,11.46,15.09,13.37,12.87,12.92,15.37,0.0
3097,72.0,8.0,25.0,7.62,2.33,17.83,3.29,3.63,5.09,5.88,3.17,6.34,3.29,8.17,1.0
3098,71.0,10.0,14.0,13.29,10.08,12.04,4.79,9.92,6.58,6.38,7.71,7.71,9.25,15.87,0.0
3099,73.0,10.0,31.0,14.5,13.13,13.5,5.75,11.46,7.54,8.87,9.0,7.62,8.58,9.5,1.0
3100,76.0,1.0,7.0,17.79,15.75,15.71,5.88,10.29,9.67,14.58,14.83,13.67,15.59,23.63,0.0
3101,78.0,10.0,8.0,21.67,17.12,16.25,13.08,14.67,11.67,7.62,12.5,14.21,14.21,14.58,0.0
3102,69.0,3.0,10.0,10.13,9.08,12.5,4.92,10.34,3.71,3.92,10.13,7.41,8.58,12.87,0.0
3103,64.0,12.0,4.0,9.04,5.5,10.29,4.75,4.79,4.29,9.54,3.17,5.46,7.08,8.25,0.0
3104,73.0,4.0,23.0,14.67,15.41,29.79,11.25,13.46,12.29,20.17,14.33,14.21,17.75,21.21,0.0
3105,67.0,3.0,8.0,9.0,8.58,11.12,4.67,8.63,6.17,9.25,7.33,8.42,9.87,8.33,0.0
3106,75.0,2.0,21.0,8.67,3.08,10.92,4.46,5.0,5.5,5.21,3.67,7.62,5.96,16.25,0.0
3107,75.0,12.0,8.0,6.29,2.29,10.04,2.04,2.21,0.13,6.04,0.67,2.08,3.25,4.58,1.0
3108,66.0,9.0,1.0,17.41,16.54,15.04,7.83,11.83,7.62,7.62,10.96,6.67,7.0,13.54,1.0
3109,75.0,8.0,28.0,4.58,2.75,3.33,1.5,2.75,0.75,3.17,2.75,2.75,2.25,7.62,1.0
3110,64.0,10.0,5.0,16.88,10.96,13.29,8.54,12.12,9.08,10.41,8.96,9.42,11.75,10.08,1.0
3111,64.0,2.0,21.0,25.25,21.84,22.79,12.21,21.59,16.54,18.29,18.12,9.38,16.33,18.38,1.0
3112,62.0,9.0,14.0,11.25,10.34,12.04,6.34,12.21,6.5,7.25,9.71,7.46,11.5,16.21,0.0
3113,74.0,6.0,8.0,14.96,10.0,8.17,5.88,13.7,5.66,7.21,9.38,7.41,9.71,12.0,1.0
3114,72.0,9.0,22.0,6.63,7.17,6.17,1.04,3.54,2.21,4.38,5.17,3.25,0.75,8.5,1.0
3115,77.0,11.0,26.0,9.83,11.63,5.33,0.25,3.92,2.46,4.04,5.46,1.87,3.54,6.92,1.0
3116,72.0,2.0,27.0,25.62,14.12,16.92,12.29,16.17,12.58,11.83,10.54,13.62,15.54,16.66,0.0
3117,61.0,1.0,10.0,13.37,11.12,19.5,8.33,9.71,6.54,11.42,7.79,8.54,9.0,8.58,1.0
3118,77.0,8.0,20.0,10.88,5.58,12.75,5.41,6.58,4.88,7.46,2.83,5.83,3.96,6.58,1.0
3119,65.0,1.0,1.0,9.54,11.92,9.0,4.38,6.08,5.21,10.25,6.08,5.71,8.63,12.04,0.0
3120,69.0,9.0,17.0,3.83,0.87,10.0,2.75,5.09,3.37,3.75,4.71,4.54,4.33,5.0,1.0
3121,69.0,11.0,23.0,20.04,19.46,28.21,9.04,16.96,12.04,14.96,13.67,12.62,9.79,17.67,0.0
3122,64.0,6.0,22.0,8.08,7.33,5.5,5.66,11.12,5.29,3.67,6.17,4.79,4.46,8.87,1.0
3123,63.0,2.0,20.0,11.75,1.92,14.71,7.54,8.33,4.33,9.92,7.21,7.33,6.04,6.87,1.0
3124,67.0,11.0,9.0,8.38,7.38,8.42,4.83,8.42,5.79,10.83,8.17,8.71,8.54,13.67,0.0
3125,72.0,6.0,19.0,14.67,12.92,8.75,7.0,12.79,9.33,11.63,9.59,9.29,9.29,14.79,1.0
3126,76.0,9.0,24.0,13.59,14.04,14.71,7.71,12.12,11.46,15.92,14.79,14.54,11.25,17.5,0.0
3127,66.0,10.0,26.0,14.54,13.59,11.21,6.29,9.59,5.54,11.08,7.71,9.46,10.13,18.54,0.0
3128,65.0,8.0,29.0,11.92,8.0,9.46,8.42,13.7,10.92,15.25,14.33,10.75,11.75,15.29,0.0
3129,76.0,1.0,27.0,13.13,12.04,9.13,4.04,9.96,6.04,9.25,7.08,8.08,6.87,11.21,1.0
3130,62.0,3.0,29.0,16.66,13.17,14.71,8.71,12.17,8.71,10.83,9.79,8.63,10.17,14.88,0.0
3131,71.0,10.0,14.0,13.29,10.08,12.04,4.79,9.92,6.58,6.38,7.71,7.71,9.25,15.87,0.0
3132,65.0,7.0,25.0,13.79,11.21,9.04,7.21,9.92,7.29,7.79,9.83,8.5,9.13,12.33,0.0
3133,72.0,3.0,17.0,9.04,11.08,8.67,5.0,11.46,6.87,6.5,8.12,7.83,5.66,8.58,1.0
3134,64.0,10.0,30.0,6.58,10.04,7.04,1.54,8.38,3.33,1.75,6.04,2.62,4.04,7.54,1.0
3135,65.0,3.0,6.0,4.58,4.46,3.88,1.83,4.5,3.13,8.46,3.25,2.42,4.92,7.17,1.0
3136,69.0,1.0,30.0,15.16,17.29,12.79,10.58,18.16,11.67,19.55,17.29,16.79,18.58,26.3,0.0
3137,62.0,2.0,12.0,29.17,22.63,21.34,22.88,30.0,20.58,29.54,21.92,25.29,22.37,25.84,0.0
3138,61.0,6.0,22.0,8.83,6.25,6.38,6.42,11.96,8.58,13.29,9.29,11.54,11.0,13.25,0.0
3139,68.0,9.0,18.0,13.29,15.0,9.83,5.09,12.54,6.63,5.13,9.67,5.75,7.04,13.04,1.0
3140,62.0,7.0,22.0,12.42,9.54,10.75,9.96,15.34,9.17,11.29,8.54,10.08,9.25,9.21,1.0
3141,77.0,4.0,25.0,17.96,14.96,16.79,9.04,14.21,12.92,14.5,15.87,13.21,16.04,25.21,0.0
3142,75.0,6.0,14.0,13.33,9.29,8.92,6.71,11.92,7.92,9.0,10.83,9.46,9.92,13.08,0.0
3143,67.0,6.0,17.0,5.41,5.96,7.29,2.42,6.5,2.13,3.04,5.17,1.79,3.04,6.0,1.0
3144,66.0,11.0,6.0,21.09,19.41,26.83,14.0,13.42,13.46,19.87,14.67,10.79,15.75,25.25,0.0
3145,63.0,4.0,18.0,5.66,5.21,9.42,4.67,9.29,7.75,9.92,9.13,8.79,8.29,11.29,1.0
3146,62.0,9.0,30.0,26.83,16.42,22.95,14.88,16.38,13.75,16.54,16.88,14.62,19.38,26.3,0.0
3147,66.0,11.0,13.0,11.5,8.58,11.96,5.63,7.92,7.5,11.42,7.83,7.33,11.67,16.33,0.0
3148,74.0,3.0,2.0,10.04,8.75,6.58,1.71,7.38,1.46,7.83,3.5,3.96,3.33,5.83,1.0
3149,69.0,8.0,10.0,9.46,13.42,7.67,5.33,10.0,5.58,5.5,5.54,5.5,4.0,9.67,1.0
3150,74.0,8.0,13.0,7.41,4.71,8.79,1.75,4.46,1.96,4.79,3.83,4.21,3.37,7.21,1.0
3151,71.0,4.0,27.0,5.46,6.87,8.17,2.92,5.41,2.5,3.83,6.58,5.83,6.54,10.88,0.0
3152,68.0,8.0,18.0,9.33,6.04,8.0,3.96,8.42,4.42,9.33,6.34,7.0,6.21,9.5,1.0
3153,76.0,4.0,25.0,8.96,3.67,17.71,4.71,4.79,5.0,11.25,5.75,8.38,7.54,11.54,1.0
3154,75.0,7.0,27.0,5.33,2.83,5.21,1.83,3.17,0.92,4.08,3.0,2.92,1.46,11.54,1.0
3155,73.0,10.0,22.0,12.67,7.38,9.62,3.83,8.42,5.46,7.12,6.87,7.83,7.67,11.46,0.0
3156,71.0,12.0,25.0,22.08,15.96,15.04,10.08,14.96,12.46,11.79,11.67,12.0,14.75,15.79,0.0
3157,76.0,10.0,26.0,12.79,12.58,7.25,2.17,10.04,5.21,2.58,6.04,5.37,3.88,9.59,1.0
3158,71.0,7.0,9.0,9.75,7.33,18.5,5.13,7.87,3.0,6.21,2.33,4.38,3.46,4.04,1.0
3159,62.0,9.0,19.0,6.46,4.71,12.42,1.67,4.42,0.83,2.88,1.04,2.13,1.75,3.17,1.0
3160,68.0,3.0,16.0,18.79,18.71,15.37,11.75,21.92,14.83,19.95,20.17,15.79,18.96,26.71,0.0
3161,71.0,11.0,21.0,23.58,20.62,21.5,15.63,18.84,14.5,20.33,12.96,16.54,16.92,24.58,0.0
3162,71.0,7.0,18.0,6.83,2.75,6.83,1.96,6.46,2.33,4.79,2.79,2.58,1.87,4.83,1.0
3163,69.0,4.0,27.0,13.83,13.83,9.42,8.12,15.5,6.38,10.25,10.34,13.17,10.25,15.92,1.0
3164,61.0,12.0,13.0,16.25,11.96,16.04,9.83,14.62,11.34,16.66,11.46,11.79,13.59,16.79,0.0
3165,68.0,12.0,10.0,5.91,6.71,9.83,2.71,7.21,2.75,6.71,6.17,5.91,5.91,7.83,1.0
3166,65.0,2.0,26.0,10.71,5.54,10.21,6.71,7.83,3.46,10.83,5.58,5.79,8.63,7.54,0.0
3167,68.0,3.0,6.0,20.38,15.25,19.12,14.21,14.04,9.38,16.92,13.7,11.0,15.04,14.25,0.0
3168,62.0,6.0,22.0,13.33,10.13,12.96,8.67,15.79,10.13,13.67,11.38,13.29,12.92,18.75,0.0
3169,67.0,10.0,31.0,21.59,14.21,18.71,13.5,16.62,11.04,14.46,9.08,12.42,11.54,15.29,0.0
3170,78.0,10.0,25.0,9.54,4.67,8.75,3.67,8.83,6.92,16.17,7.75,11.0,10.34,13.46,0.0
3171,67.0,11.0,26.0,9.62,8.54,8.38,4.42,7.25,3.71,9.29,5.21,7.62,6.34,12.87,1.0
3172,68.0,6.0,4.0,9.96,10.25,7.71,5.88,12.67,6.54,7.83,9.33,7.33,7.08,17.04,0.0
3173,69.0,9.0,9.0,16.5,15.63,12.67,8.63,14.83,10.04,10.04,9.29,10.41,13.0,18.12,0.0
3174,67.0,5.0,15.0,11.87,11.42,23.25,9.67,9.0,8.25,15.09,11.63,8.79,8.83,18.05,0.0
3175,66.0,3.0,5.0,9.0,11.67,10.34,3.96,11.21,6.71,10.29,13.42,7.92,14.29,21.59,0.0
3176,77.0,6.0,27.0,11.08,7.54,12.12,4.21,7.92,6.71,12.25,4.71,8.79,5.83,6.0,1.0
3177,70.0,4.0,22.0,26.83,23.16,23.0,12.21,18.25,14.71,19.55,18.66,15.59,18.0,25.29,0.0
3178,62.0,2.0,25.0,16.0,13.37,25.92,12.33,15.34,11.42,22.63,13.13,12.46,12.42,15.75,0.0
3179,62.0,7.0,9.0,12.58,8.46,6.75,6.0,10.25,5.04,4.63,9.67,9.33,9.79,11.58,1.0
3180,65.0,11.0,19.0,10.0,10.08,9.87,6.25,11.17,8.0,9.75,11.0,8.71,11.63,11.96,0.0
3181,74.0,6.0,7.0,8.12,5.29,10.41,4.38,8.04,4.83,10.21,9.79,8.17,7.71,11.54,0.0
3182,72.0,6.0,29.0,6.92,9.21,7.04,3.46,5.25,3.33,5.09,5.09,4.67,4.75,14.83,1.0
3183,73.0,9.0,23.0,8.79,7.17,10.92,4.75,6.38,2.54,6.25,2.54,4.67,4.58,7.79,1.0
3184,64.0,5.0,10.0,17.25,17.33,17.67,10.75,17.21,12.54,15.92,15.46,11.79,14.58,20.88,0.0
3185,65.0,12.0,3.0,24.87,23.33,15.37,13.21,19.25,11.5,15.96,12.38,13.42,11.42,17.12,1.0
3186,77.0,4.0,19.0,8.12,6.67,10.34,2.75,3.92,5.71,7.75,5.21,5.29,6.79,9.17,0.0
3187,63.0,1.0,13.0,10.0,9.0,7.25,1.87,2.5,0.75,5.21,2.79,2.37,2.5,3.0,1.0
3188,73.0,10.0,19.0,13.62,10.46,10.04,7.17,13.54,8.12,13.37,10.71,11.75,10.75,13.96,0.0
3189,61.0,12.0,4.0,22.83,17.0,19.79,10.37,13.54,12.75,13.79,15.29,9.83,14.5,21.79,0.0
3190,77.0,3.0,10.0,33.84,26.92,24.41,20.08,23.75,20.58,20.21,18.71,21.92,22.75,23.09,0.0
3191,71.0,1.0,17.0,18.25,11.29,17.16,11.34,12.21,10.54,12.42,8.42,10.83,13.33,13.88,0.0
3192,71.0,7.0,20.0,6.25,5.04,6.34,1.17,3.92,1.21,4.58,1.87,2.17,0.92,5.29,1.0
3193,72.0,1.0,1.0,9.29,3.63,14.54,4.25,6.75,4.42,13.0,5.33,10.04,8.54,8.71,0.0
3194,75.0,8.0,10.0,8.08,3.54,5.63,2.75,2.67,1.04,0.92,2.54,4.75,0.46,6.54,1.0
3195,62.0,6.0,15.0,1.0,5.09,6.46,1.21,5.25,4.04,2.79,8.08,6.21,7.12,13.5,1.0
3196,78.0,8.0,2.0,11.83,8.71,10.71,5.41,7.62,4.54,4.5,5.13,4.79,1.5,10.25,1.0
3197,68.0,4.0,28.0,9.79,5.79,9.38,5.79,10.13,6.38,9.29,6.0,5.17,7.29,7.0,1.0
3198,64.0,7.0,15.0,11.42,12.38,13.37,7.12,12.83,8.63,11.58,14.42,8.5,13.67,22.37,0.0
3199,63.0,5.0,14.0,13.29,10.75,10.25,7.04,12.62,8.58,13.42,11.87,11.46,12.04,15.75,0.0
3200,62.0,11.0,22.0,5.13,5.13,5.88,1.87,6.75,6.38,8.38,4.08,2.96,4.92,9.33,1.0
3201,74.0,2.0,26.0,6.42,5.96,6.71,0.63,3.75,0.58,2.29,1.46,1.54,2.13,2.13,1.0
3202,71.0,4.0,11.0,6.25,1.87,9.17,1.92,2.58,0.96,1.42,1.25,2.75,1.5,5.13,1.0
3203,63.0,4.0,9.0,16.46,11.79,15.21,7.29,9.96,12.21,11.67,13.7,12.33,12.5,12.92,0.0
3204,72.0,2.0,15.0,20.21,15.34,16.92,9.54,11.83,8.0,13.96,8.54,10.37,11.5,16.79,0.0
3205,74.0,4.0,27.0,10.67,4.92,17.96,4.63,7.33,5.29,9.5,7.41,6.46,6.25,9.83,1.0
3206,61.0,1.0,2.0,14.71,16.88,10.83,6.5,12.62,7.67,11.5,10.04,9.79,9.67,17.54,1.0
3207,65.0,4.0,9.0,15.09,17.46,14.54,7.21,14.25,11.0,12.17,12.87,10.08,12.62,19.04,0.0
3208,70.0,11.0,5.0,10.96,8.83,8.12,6.08,11.42,9.25,13.5,10.13,13.29,11.92,16.33,0.0
3209,70.0,1.0,15.0,6.71,5.0,6.38,3.0,3.75,3.37,6.0,1.71,3.54,2.37,5.58,1.0
3210,69.0,6.0,22.0,9.17,8.5,10.67,5.0,7.67,7.33,4.17,5.66,5.41,5.79,10.25,1.0
3211,73.0,1.0,31.0,15.25,14.46,8.21,5.13,11.46,7.41,11.08,8.38,8.46,7.12,12.96,1.0
3212,71.0,9.0,3.0,6.38,1.46,8.67,3.04,1.83,2.25,2.83,1.38,1.25,2.83,9.62,1.0
3213,61.0,10.0,21.0,10.46,7.83,10.71,6.83,9.54,6.83,7.5,6.08,7.38,11.08,10.88,1.0
3214,74.0,3.0,17.0,19.41,17.33,17.21,10.25,16.17,9.83,15.75,16.0,14.29,13.46,21.87,0.0
3215,61.0,1.0,21.0,14.33,10.25,11.92,6.13,10.04,7.67,8.04,9.17,7.04,7.87,6.75,1.0
3216,73.0,6.0,20.0,14.5,6.54,13.67,7.62,10.17,7.08,10.88,4.17,9.67,8.67,8.83,1.0
3217,74.0,2.0,3.0,13.88,13.37,11.08,5.54,12.17,8.12,10.29,9.54,10.5,9.79,14.37,0.0
3218,64.0,6.0,10.0,20.41,17.25,15.92,9.33,16.21,10.21,9.62,13.79,10.5,14.29,22.75,1.0
3219,76.0,5.0,10.0,12.33,11.34,10.21,6.38,10.71,6.29,11.25,8.0,9.46,8.58,16.17,0.0
3220,71.0,2.0,20.0,17.25,15.67,15.16,9.29,18.05,12.17,17.04,14.25,14.58,15.87,22.92,0.0
3221,68.0,8.0,25.0,9.62,1.83,16.92,4.96,6.54,5.83,7.25,6.75,6.34,3.46,7.46,1.0
3222,68.0,5.0,9.0,12.83,13.79,13.33,7.41,15.0,7.79,9.96,10.5,7.38,10.41,18.91,0.0
3223,61.0,1.0,1.0,15.04,14.96,13.17,9.29,13.96,9.87,13.67,10.25,10.83,12.58,18.5,1.0
3224,73.0,2.0,25.0,8.38,14.92,8.17,1.87,9.59,6.04,5.46,5.58,6.29,4.58,11.21,1.0
3225,70.0,9.0,11.0,9.79,9.38,8.29,4.17,8.0,5.17,8.54,4.79,7.58,5.41,9.0,1.0
3226,69.0,7.0,2.0,5.54,6.92,4.63,4.58,7.38,4.46,6.0,3.75,6.96,6.79,9.46,1.0
3227,72.0,8.0,4.0,13.62,11.08,10.75,8.12,13.62,10.21,17.54,11.54,13.17,10.79,13.08,0.0
3228,72.0,4.0,29.0,16.88,16.29,13.46,8.29,14.09,10.04,15.04,13.17,13.83,12.54,16.66,0.0
3229,76.0,6.0,11.0,19.04,16.79,16.38,9.38,11.79,11.5,10.63,13.25,14.04,12.5,20.67,0.0
3230,71.0,11.0,26.0,7.92,6.58,5.5,3.71,9.54,5.96,9.21,6.96,9.38,7.71,16.33,0.0
3231,63.0,2.0,13.0,18.91,20.12,16.54,10.75,18.0,13.7,12.83,14.79,12.96,16.42,19.58,0.0
3232,62.0,1.0,31.0,21.96,17.25,18.75,12.08,16.5,12.25,22.42,17.0,15.87,17.58,23.13,0.0
3233,61.0,5.0,25.0,7.67,11.17,13.13,5.5,9.13,6.04,6.79,7.96,7.33,10.46,13.88,0.0
3234,78.0,10.0,21.0,7.21,5.37,6.25,2.79,7.25,5.91,9.67,6.92,7.71,6.75,13.29,0.0
3235,74.0,8.0,5.0,10.41,15.83,9.67,6.21,11.46,8.04,4.17,10.41,9.0,7.75,13.83,1.0
3236,75.0,10.0,23.0,13.75,16.42,15.92,8.29,12.75,8.25,11.75,10.54,13.62,12.17,20.88,0.0
3237,63.0,9.0,24.0,18.84,15.37,13.25,10.34,16.83,11.04,14.67,12.0,11.58,13.88,16.58,0.0
3238,64.0,10.0,25.0,6.63,7.25,5.54,3.17,7.92,5.33,6.25,8.17,5.96,8.21,13.5,1.0
3239,64.0,7.0,12.0,8.25,5.5,7.79,3.63,7.08,4.92,6.54,6.08,6.38,5.37,8.71,1.0
3240,74.0,10.0,30.0,12.83,5.46,12.29,5.58,7.92,5.88,11.42,7.58,7.67,6.96,9.04,1.0
3241,73.0,6.0,21.0,6.38,6.96,6.54,1.67,4.75,2.54,3.04,5.71,3.21,2.54,14.67,1.0
3242,65.0,3.0,21.0,6.17,8.79,7.38,2.67,6.42,3.13,12.08,10.83,7.5,12.5,14.12,0.0
3243,65.0,2.0,2.0,16.88,15.04,12.92,6.87,11.5,9.83,8.83,7.58,4.88,8.12,7.92,1.0
3244,78.0,2.0,23.0,15.34,15.0,15.83,10.08,12.25,10.88,13.0,12.17,14.42,10.17,9.62,0.0
3245,66.0,5.0,24.0,14.92,14.58,12.71,7.08,12.12,9.96,10.75,8.79,9.92,10.29,16.58,1.0
3246,62.0,2.0,28.0,13.0,9.29,19.21,6.5,11.12,6.04,13.88,9.04,7.08,9.33,10.96,0.0
3247,68.0,5.0,21.0,5.58,4.25,5.75,2.54,4.71,0.54,3.92,2.54,2.0,2.75,6.46,1.0
3248,66.0,8.0,30.0,16.92,12.46,11.25,7.75,11.83,5.5,6.58,8.33,5.79,7.0,12.25,1.0
3249,62.0,12.0,1.0,18.38,15.41,11.75,6.79,12.21,8.04,8.42,10.83,5.66,9.08,11.5,1.0
3250,78.0,2.0,10.0,9.21,6.83,12.96,3.92,6.29,2.37,6.79,7.0,3.92,2.83,9.71,1.0
3251,68.0,1.0,30.0,22.67,21.92,18.75,14.29,14.88,9.67,16.92,11.83,12.42,13.92,15.09,1.0
3252,70.0,7.0,27.0,10.46,10.67,12.46,5.37,11.29,7.17,7.79,4.79,8.21,2.58,7.46,1.0
3253,72.0,7.0,3.0,14.5,13.92,13.25,6.04,13.92,6.42,8.75,4.29,7.83,3.79,6.87,1.0
3254,66.0,8.0,15.0,6.75,6.29,7.5,2.79,4.21,1.87,4.17,3.5,2.96,2.08,11.21,1.0
3255,70.0,8.0,5.0,10.17,4.29,12.17,2.83,5.17,5.66,5.37,4.54,8.42,3.5,11.29,1.0
3256,77.0,3.0,27.0,14.5,15.09,30.84,10.41,12.87,12.08,19.33,13.42,12.17,12.87,19.79,0.0
3257,70.0,3.0,15.0,12.54,8.42,8.92,5.46,7.21,5.41,8.33,6.34,8.04,7.29,9.87,1.0
3258,66.0,10.0,14.0,12.54,8.29,12.17,4.67,8.46,4.5,2.83,3.08,4.0,3.04,5.29,1.0
3259,62.0,8.0,24.0,15.12,14.29,11.5,11.71,17.25,12.96,21.09,15.75,15.96,14.54,19.79,0.0
3260,77.0,5.0,11.0,17.41,14.71,16.66,7.71,14.09,11.58,15.71,12.62,12.71,13.37,18.08,0.0
3261,78.0,11.0,8.0,10.88,8.12,9.46,4.96,9.17,6.75,8.87,7.62,8.38,9.62,17.33,0.0
3262,77.0,11.0,4.0,14.62,14.17,10.54,4.75,10.13,8.38,12.62,9.25,9.13,8.75,14.83,0.0
3263,78.0,3.0,27.0,22.88,20.3,19.67,13.67,20.79,15.75,20.17,19.21,18.46,15.16,22.42,0.0
3264,74.0,8.0,9.0,14.09,11.63,10.92,4.42,10.04,4.96,7.62,7.96,7.87,5.91,10.58,1.0
3265,65.0,11.0,10.0,9.83,11.08,11.34,4.29,10.08,5.33,6.96,6.38,5.46,6.54,10.25,1.0
3266,65.0,3.0,22.0,11.58,9.29,12.58,5.09,10.41,6.54,8.38,9.75,4.29,11.75,14.46,0.0
3267,68.0,2.0,24.0,8.42,5.88,8.75,3.25,7.21,2.04,8.29,5.54,3.42,8.96,10.17,1.0
3268,75.0,7.0,26.0,4.17,5.41,9.13,3.0,6.87,4.79,9.46,7.08,8.63,5.71,15.12,0.0
3269,75.0,2.0,5.0,12.38,7.12,11.38,3.25,7.87,3.5,8.12,6.34,8.29,5.29,7.67,1.0
3270,61.0,3.0,22.0,6.34,4.42,5.71,4.42,5.13,4.29,8.0,4.92,8.0,9.04,8.25,1.0
3271,64.0,8.0,28.0,12.25,10.71,9.08,6.0,11.46,6.87,11.34,6.87,7.33,8.38,9.54,1.0
3272,65.0,1.0,11.0,22.0,18.38,20.25,11.54,17.29,14.5,18.12,15.25,13.46,20.79,22.83,0.0
3273,67.0,12.0,16.0,6.63,1.92,9.08,3.13,5.46,0.75,6.13,2.33,1.87,2.13,5.79,1.0
3274,63.0,7.0,18.0,8.0,6.46,9.04,4.83,7.21,4.88,6.5,8.5,5.21,5.79,12.96,1.0
3275,77.0,3.0,23.0,9.33,3.96,8.67,2.88,6.54,5.46,12.08,5.13,8.17,7.33,7.92,0.0
3276,74.0,6.0,30.0,12.79,8.71,10.63,4.46,7.46,4.88,5.25,9.59,4.63,5.91,11.34,1.0
3277,78.0,3.0,31.0,9.04,5.63,13.0,6.34,6.75,8.0,12.54,10.21,11.25,11.12,9.71,0.0
3278,76.0,8.0,14.0,7.29,2.67,14.5,1.96,3.13,2.54,3.79,2.42,7.33,4.58,6.38,1.0
3279,62.0,3.0,31.0,18.21,15.46,11.42,11.75,17.88,10.96,16.42,10.83,12.83,11.38,17.79,0.0
3280,70.0,7.0,19.0,14.67,8.25,9.46,6.67,9.75,6.63,8.21,6.29,10.17,8.25,11.17,1.0
3281,71.0,10.0,2.0,10.04,6.96,5.5,3.58,8.46,5.75,4.79,3.79,4.25,3.08,7.17,1.0
3282,66.0,6.0,13.0,8.46,4.71,10.41,3.58,2.58,3.29,2.29,0.75,2.58,2.37,4.92,1.0
3283,78.0,10.0,28.0,7.33,8.87,5.0,2.13,6.5,5.13,2.42,4.17,3.58,5.83,14.5,1.0
3284,78.0,10.0,16.0,15.34,14.42,10.04,8.58,15.37,9.75,15.83,12.62,12.29,12.5,19.55,0.0
3285,62.0,7.0,13.0,10.54,11.75,7.92,6.04,11.04,6.5,5.54,8.83,5.54,6.13,8.96,1.0
3286,62.0,9.0,17.0,11.34,8.75,10.79,6.54,9.17,7.17,10.58,6.38,7.79,11.34,11.96,0.0
3287,70.0,2.0,11.0,10.79,6.83,7.08,1.96,6.0,2.67,6.5,3.46,3.71,3.04,4.29,1.0
3288,64.0,5.0,6.0,9.92,12.46,11.25,7.83,12.42,8.38,9.75,11.83,7.12,14.0,17.62,0.0
3289,74.0,12.0,21.0,25.0,20.67,22.21,11.67,15.37,11.38,16.25,17.37,16.0,15.16,24.41,0.0
3290,68.0,3.0,15.0,19.7,17.04,13.17,11.04,18.63,10.08,14.5,14.33,13.25,13.13,20.25,0.0
3291,62.0,3.0,16.0,7.0,4.46,18.38,6.38,10.0,7.41,12.58,5.83,8.42,12.46,8.71,0.0
3292,66.0,9.0,16.0,7.75,7.08,6.38,2.62,5.83,4.46,6.13,8.58,5.0,8.38,15.83,0.0
3293,66.0,1.0,12.0,19.21,18.96,17.25,8.17,15.37,9.21,16.46,9.87,9.04,10.37,12.79,1.0
3294,74.0,6.0,25.0,12.46,6.5,18.0,3.63,6.38,8.42,8.42,8.38,9.0,5.66,11.38,1.0
3295,67.0,3.0,3.0,13.59,13.21,13.96,8.42,11.17,10.67,18.71,14.29,12.17,14.25,21.34,0.0
3296,61.0,6.0,13.0,6.13,4.12,6.5,2.92,3.5,1.58,4.67,3.63,4.21,3.08,7.71,1.0
3297,61.0,12.0,20.0,11.46,9.79,8.63,2.54,7.5,3.37,3.63,3.46,1.25,5.41,5.29,1.0
3298,71.0,4.0,22.0,13.92,9.75,6.71,4.5,7.46,3.92,1.5,6.21,6.75,5.33,6.67,1.0
3299,69.0,1.0,19.0,9.59,13.37,6.75,3.08,8.71,2.58,8.42,4.67,6.34,6.54,10.5,0.0
3300,62.0,8.0,27.0,10.0,8.67,9.83,6.54,9.92,7.25,14.29,7.41,9.83,10.5,10.63,0.0
3301,72.0,10.0,23.0,10.0,12.83,8.79,6.63,9.83,7.08,14.0,10.54,10.67,9.79,13.83,0.0
3302,65.0,7.0,14.0,2.96,8.17,5.79,5.21,7.92,5.09,5.96,7.71,5.46,9.25,13.96,1.0
3303,77.0,12.0,7.0,14.71,11.54,16.58,6.83,11.92,12.58,15.75,17.12,13.7,14.0,16.04,0.0
3304,63.0,9.0,7.0,15.96,13.92,14.75,7.54,13.75,10.88,14.67,12.71,11.38,12.96,12.12,1.0
3305,78.0,7.0,25.0,12.25,12.33,15.29,7.58,10.17,8.5,8.42,8.79,9.87,9.08,16.92,0.0
3306,68.0,9.0,14.0,13.17,11.25,22.71,9.62,12.79,8.29,11.04,9.83,8.67,8.96,14.0,1.0
3307,65.0,1.0,28.0,13.37,15.63,19.0,7.67,10.75,4.63,10.29,8.58,7.17,7.96,5.75,1.0
3308,71.0,1.0,26.0,10.5,7.67,9.25,3.5,5.91,2.92,6.13,0.67,5.63,3.13,2.75,1.0
3309,74.0,5.0,13.0,21.71,17.92,17.16,10.17,16.46,10.63,12.92,16.21,13.17,15.79,18.5,0.0
3310,64.0,11.0,16.0,13.04,11.75,11.71,11.34,14.33,10.41,17.33,9.5,13.46,12.79,15.16,0.0
3311,74.0,7.0,21.0,7.25,9.04,9.29,5.29,12.87,8.25,16.29,12.12,11.87,11.25,17.92,0.0
3312,62.0,10.0,1.0,14.58,7.83,19.21,10.08,11.54,8.38,13.29,10.63,8.21,12.92,18.05,0.0
3313,62.0,5.0,2.0,9.83,11.17,5.46,4.33,9.75,4.42,4.0,5.09,3.54,4.79,6.79,1.0
3314,78.0,7.0,31.0,20.58,13.08,14.83,11.04,12.04,9.54,12.17,10.04,10.88,10.41,10.71,0.0
3315,78.0,4.0,1.0,3.42,7.58,2.71,1.38,3.46,2.08,2.67,4.75,4.83,1.67,7.33,1.0
3316,61.0,9.0,20.0,7.08,2.92,5.33,2.62,3.88,1.63,4.79,1.46,2.83,2.83,4.54,1.0
3317,75.0,2.0,16.0,14.42,14.0,16.96,10.5,11.96,11.42,12.38,11.83,13.92,13.59,19.25,0.0
3318,66.0,9.0,6.0,10.04,8.96,9.71,7.71,15.75,10.34,16.38,11.63,14.0,13.17,20.25,0.0
3319,69.0,3.0,3.0,10.79,6.83,20.54,7.29,6.34,2.54,6.83,2.5,4.08,3.17,4.92,1.0
3320,72.0,1.0,27.0,26.42,14.83,22.13,15.21,15.0,12.29,18.05,10.71,16.62,19.55,19.25,0.0
3321,67.0,10.0,10.0,7.71,8.58,7.62,2.71,7.41,2.75,4.42,5.5,2.92,5.37,14.0,1.0
3322,64.0,5.0,4.0,18.29,15.67,15.67,11.0,20.91,14.75,19.41,14.09,13.08,13.46,21.79,0.0
3323,71.0,3.0,15.0,9.92,6.25,7.29,2.21,9.42,3.37,4.33,2.13,1.79,0.71,7.17,1.0
3324,64.0,9.0,10.0,14.09,13.96,14.5,8.71,11.58,10.04,14.58,10.5,10.37,11.92,17.33,1.0
3325,61.0,12.0,31.0,9.87,7.83,7.67,3.75,5.66,3.5,10.04,3.08,5.04,3.79,8.04,1.0
3326,63.0,3.0,25.0,15.54,12.38,14.0,11.96,17.25,14.37,19.55,15.09,16.88,16.17,16.92,0.0
3327,71.0,10.0,21.0,26.2,20.54,21.67,12.0,17.54,14.92,16.79,18.16,14.79,19.12,32.63,0.0
3328,70.0,1.0,21.0,22.08,17.58,17.92,11.54,12.62,12.67,13.33,14.42,13.33,16.75,23.63,0.0
3329,64.0,9.0,9.0,8.46,10.29,10.88,6.04,10.0,8.42,13.29,12.79,9.0,10.21,16.5,0.0
3330,71.0,3.0,6.0,8.87,6.63,16.0,5.33,7.12,2.75,6.87,3.54,5.71,2.13,5.75,1.0
3331,76.0,2.0,20.0,17.25,21.84,14.42,9.59,15.25,10.41,12.25,13.54,13.29,10.0,17.54,0.0
3332,71.0,3.0,2.0,10.37,4.0,11.75,4.58,5.29,2.79,7.87,3.71,7.54,7.38,5.29,1.0
3333,76.0,2.0,1.0,9.04,6.13,12.04,3.04,3.83,1.58,11.58,5.54,5.66,6.17,8.0,1.0
3334,66.0,1.0,25.0,24.08,22.58,22.67,15.83,24.0,18.12,20.46,21.92,14.92,18.12,20.91,0.0
3335,68.0,12.0,27.0,12.21,3.96,15.71,5.83,6.67,3.42,9.87,5.46,7.21,8.29,12.12,0.0
3336,65.0,3.0,28.0,7.08,17.54,10.75,6.34,11.29,9.13,7.41,9.92,7.92,9.38,20.17,0.0
3337,64.0,11.0,5.0,9.46,6.71,18.46,6.54,9.42,3.04,8.0,5.88,4.88,3.88,1.5,1.0
3338,72.0,4.0,22.0,13.42,11.29,23.16,8.58,11.58,7.25,12.42,9.46,9.25,9.25,13.59,1.0
3339,72.0,2.0,1.0,12.87,11.0,15.83,6.79,9.04,9.04,17.29,6.83,10.41,13.5,11.63,0.0
3340,72.0,2.0,21.0,6.17,1.38,7.62,2.67,3.79,0.75,4.58,1.0,2.37,0.96,2.33,1.0
3341,61.0,10.0,12.0,7.92,8.71,4.67,3.67,9.08,6.54,5.58,6.38,4.0,5.37,12.46,1.0
3342,73.0,5.0,21.0,13.33,8.79,9.54,6.17,10.25,9.87,6.54,10.29,9.08,10.17,11.83,0.0
3343,62.0,10.0,16.0,3.08,2.75,1.96,0.67,1.96,0.92,4.38,3.88,0.5,3.83,11.71,1.0
3344,62.0,9.0,3.0,11.08,11.5,11.38,6.29,7.87,6.67,6.17,4.92,4.92,6.46,12.33,1.0
3345,75.0,5.0,30.0,9.42,4.42,12.75,2.96,6.46,4.08,5.33,7.79,7.17,3.33,19.08,1.0
3346,71.0,1.0,21.0,19.75,14.88,15.04,5.13,9.0,4.08,5.58,3.88,5.66,3.75,7.58,1.0
3347,61.0,7.0,12.0,19.46,16.88,12.29,10.08,15.04,8.83,9.08,11.75,10.5,10.71,17.21,1.0
3348,74.0,3.0,5.0,10.17,9.75,6.63,2.79,7.21,3.79,3.83,6.83,5.04,4.21,7.79,1.0
3349,63.0,10.0,30.0,13.88,3.71,18.66,11.04,12.42,11.0,15.92,10.04,11.04,14.37,10.58,0.0
3350,72.0,7.0,1.0,11.83,11.87,8.08,6.04,13.04,9.29,12.71,9.71,10.63,8.04,17.29,0.0
3351,67.0,1.0,19.0,16.33,12.5,18.29,10.34,11.79,8.17,13.67,7.96,8.46,11.63,12.71,0.0
3352,75.0,7.0,29.0,9.0,6.25,12.04,3.5,5.75,4.83,6.04,8.75,8.71,6.92,12.62,1.0
3353,62.0,3.0,17.0,12.71,10.67,11.67,5.75,11.71,8.21,7.71,7.75,6.58,7.67,7.79,1.0
3354,74.0,4.0,3.0,11.29,8.0,18.79,5.17,9.25,5.37,5.29,5.37,5.75,3.83,6.04,1.0
3355,71.0,5.0,23.0,16.71,11.54,10.63,6.75,11.12,5.17,4.67,10.13,8.04,9.96,15.54,0.0
3356,61.0,10.0,15.0,7.79,6.87,4.21,4.58,9.46,7.21,9.0,7.75,8.42,10.58,15.29,0.0
3357,75.0,10.0,4.0,16.25,15.46,15.46,8.12,20.67,12.46,18.46,14.67,16.04,14.0,26.71,0.0
3358,75.0,1.0,6.0,19.83,17.08,17.08,10.21,19.29,10.08,19.12,12.87,15.59,12.87,18.58,0.0
3359,76.0,8.0,15.0,4.21,1.46,8.54,1.13,0.92,1.75,3.42,1.46,3.46,4.21,1.87,1.0
3360,77.0,10.0,13.0,13.88,14.83,11.79,5.66,12.67,8.67,10.58,13.0,10.5,7.41,16.42,0.0
3361,63.0,8.0,28.0,11.54,9.46,8.83,5.37,10.37,6.75,7.41,8.33,6.58,7.12,12.83,1.0
3362,73.0,2.0,3.0,12.71,12.17,7.96,4.79,8.17,7.08,6.34,7.87,6.79,8.21,17.96,1.0
3363,61.0,6.0,28.0,7.75,9.71,9.21,5.83,11.12,6.25,8.79,12.83,7.38,11.58,19.92,0.0
3364,71.0,8.0,13.0,6.92,3.71,6.58,3.5,7.08,3.54,5.79,5.41,6.25,6.0,10.83,0.0
3365,61.0,8.0,5.0,13.37,12.46,12.79,6.54,15.5,9.0,10.54,11.29,10.5,11.92,15.41,0.0
3366,77.0,9.0,8.0,10.92,7.46,8.38,4.83,9.21,7.21,10.58,5.13,8.33,6.87,12.0,1.0
3367,64.0,3.0,25.0,17.16,11.75,16.92,11.92,14.75,8.83,15.37,9.46,12.71,15.67,12.04,0.0
3368,66.0,3.0,26.0,20.83,19.87,15.75,14.96,24.37,17.88,21.29,17.79,17.75,18.08,24.87,0.0
3369,70.0,9.0,30.0,15.0,12.75,11.38,7.79,15.79,8.29,12.08,12.33,13.04,12.62,18.71,0.0
3370,72.0,9.0,10.0,10.46,7.38,8.04,4.21,7.62,6.21,11.58,5.37,9.21,7.54,12.17,0.0
3371,78.0,4.0,12.0,14.12,13.04,9.25,8.33,10.79,8.25,8.58,7.75,8.29,8.25,11.21,1.0
3372,70.0,3.0,10.0,10.54,6.25,8.04,4.58,8.0,5.96,10.08,8.0,8.71,5.54,12.54,1.0
3373,66.0,2.0,1.0,17.21,22.83,14.17,9.38,19.17,12.21,13.75,15.04,10.75,11.08,18.0,0.0
3374,77.0,3.0,6.0,11.87,15.09,11.29,8.25,13.83,12.54,9.42,6.42,12.54,8.96,9.67,1.0
3375,78.0,10.0,11.0,15.41,10.25,12.83,10.96,11.29,12.17,11.29,11.17,14.62,15.37,14.25,0.0
3376,78.0,6.0,26.0,13.92,8.17,11.21,7.38,11.83,8.46,9.42,7.0,9.04,8.63,10.67,1.0
3377,64.0,12.0,13.0,17.54,14.88,13.79,9.67,15.54,10.41,15.71,10.25,12.12,11.79,18.38,0.0
3378,63.0,5.0,1.0,18.79,14.17,13.59,11.63,14.17,11.96,14.46,12.46,12.87,13.96,15.29,0.0
3379,67.0,8.0,4.0,13.13,10.21,8.04,7.71,10.37,7.67,11.71,9.29,10.5,11.38,12.5,0.0
3380,63.0,12.0,9.0,6.83,4.88,6.25,0.46,6.13,1.75,3.46,2.04,0.83,1.25,7.5,1.0
3381,61.0,10.0,17.0,28.62,19.46,19.67,19.38,22.46,16.42,22.17,20.17,18.0,23.13,24.71,0.0
3382,71.0,6.0,24.0,8.71,10.0,12.0,3.83,9.96,5.04,5.79,9.21,7.67,7.62,14.92,1.0
3383,75.0,11.0,21.0,2.67,2.17,1.5,0.58,2.71,0.37,0.63,2.04,0.42,1.21,5.79,1.0
3384,63.0,2.0,6.0,17.79,9.42,22.67,11.12,14.0,14.79,20.25,15.16,14.79,20.04,15.83,0.0
3385,63.0,5.0,19.0,10.5,9.33,9.71,6.5,11.17,8.29,11.38,8.71,9.42,8.83,11.79,1.0
3386,74.0,1.0,14.0,25.7,24.33,21.37,11.79,16.88,10.0,13.67,10.79,12.33,12.58,15.71,0.0
3387,67.0,10.0,20.0,16.5,11.96,15.16,8.79,15.46,10.83,14.42,14.33,11.25,14.67,24.33,0.0
3388,75.0,9.0,2.0,7.33,7.58,8.87,3.58,6.17,3.83,7.46,8.63,7.21,4.67,14.25,1.0
3389,61.0,8.0,24.0,7.67,6.87,9.67,5.46,7.46,4.25,5.66,4.5,3.96,7.46,5.75,1.0
3390,66.0,7.0,28.0,14.0,10.79,10.13,7.79,16.04,10.25,11.21,12.75,10.92,11.71,14.33,0.0
3391,70.0,3.0,25.0,6.38,3.37,6.46,1.87,5.13,3.46,4.25,5.66,4.75,5.0,12.29,0.0
3392,68.0,8.0,15.0,13.75,9.79,10.13,6.13,13.42,5.46,6.46,6.83,7.04,4.5,7.83,1.0
3393,71.0,2.0,11.0,9.25,8.08,10.37,2.79,6.46,4.92,5.0,8.87,6.87,8.79,17.12,0.0
3394,68.0,6.0,20.0,10.88,12.62,9.04,7.17,14.17,7.25,9.38,9.21,7.54,7.0,13.5,1.0
3395,71.0,6.0,22.0,7.38,4.5,6.75,2.79,5.96,2.54,6.04,1.92,5.29,5.29,4.42,1.0
3396,65.0,11.0,4.0,8.17,5.79,11.42,3.17,2.92,1.29,6.04,2.0,2.54,3.5,8.33,1.0
3397,72.0,1.0,28.0,11.29,7.25,23.29,7.0,8.42,3.13,14.04,3.37,8.38,6.79,7.25,1.0
3398,68.0,9.0,19.0,14.46,7.62,16.5,8.87,11.46,10.21,13.29,9.25,8.96,10.34,11.67,0.0
3399,61.0,7.0,13.0,16.75,13.79,12.92,12.33,19.95,13.17,16.83,16.17,15.37,14.92,20.25,0.0
3400,77.0,6.0,19.0,7.08,7.29,8.75,3.0,7.21,5.58,4.0,6.87,6.5,5.83,10.5,1.0
3401,76.0,8.0,17.0,7.17,6.21,6.21,2.0,4.92,3.17,2.0,3.0,4.96,1.96,4.63,1.0
3402,65.0,8.0,12.0,10.58,10.46,10.92,7.62,9.79,10.5,11.17,8.71,10.25,12.42,9.59,1.0
3403,61.0,2.0,12.0,16.0,16.92,17.25,8.38,11.75,10.37,11.71,14.37,10.37,14.62,25.41,0.0
3404,68.0,12.0,19.0,15.96,9.42,13.25,5.46,9.33,5.75,6.87,8.29,7.46,9.79,15.54,0.0
3405,75.0,5.0,12.0,13.54,10.04,11.87,5.21,11.63,7.75,7.33,8.25,11.0,7.0,11.58,1.0
3406,67.0,3.0,24.0,17.83,16.29,16.46,10.96,14.09,10.96,16.29,14.29,12.33,15.09,22.25,0.0
3407,73.0,11.0,3.0,11.92,12.62,10.25,4.54,9.92,7.04,5.54,6.75,5.41,6.75,5.71,1.0
3408,74.0,9.0,14.0,14.5,14.29,12.38,6.34,10.92,7.33,5.46,9.0,8.04,7.04,10.79,1.0
3409,74.0,6.0,11.0,15.0,5.37,9.29,7.0,11.87,7.96,14.12,12.5,9.62,11.63,12.71,0.0
3410,71.0,4.0,6.0,4.17,4.54,6.04,1.79,3.21,0.79,1.42,1.83,1.63,3.17,5.63,1.0
3411,62.0,8.0,8.0,8.87,6.96,9.25,3.42,5.75,4.08,7.12,4.71,5.41,4.88,9.29,1.0
3412,63.0,5.0,22.0,8.87,6.83,9.87,5.17,7.58,6.0,7.62,5.17,6.87,6.04,8.71,1.0
3413,71.0,5.0,10.0,12.92,13.04,14.21,7.75,11.58,8.83,10.04,15.25,10.88,12.75,24.37,0.0
3414,64.0,10.0,6.0,22.92,20.71,18.71,10.92,18.08,14.17,16.46,14.21,12.33,15.21,16.25,1.0
3415,73.0,7.0,17.0,15.34,13.21,10.92,7.83,11.92,7.71,7.54,10.25,9.38,10.79,15.12,1.0
3416,62.0,3.0,13.0,6.71,4.21,7.41,5.04,6.0,2.88,6.83,5.46,4.67,5.29,4.29,1.0
3417,67.0,11.0,19.0,9.08,2.96,6.58,1.29,4.25,1.67,2.71,3.58,3.75,3.83,3.75,1.0
3418,65.0,8.0,6.0,9.46,9.33,9.75,6.83,13.96,8.79,12.33,10.04,9.75,11.75,14.46,0.0
3419,70.0,7.0,21.0,6.54,4.12,8.83,4.83,8.42,6.46,9.17,7.04,9.54,7.71,10.37,1.0
3420,74.0,7.0,8.0,13.88,13.42,12.87,7.58,13.59,8.67,7.96,12.92,10.34,10.58,18.08,0.0
3421,71.0,5.0,16.0,15.92,11.0,7.21,5.71,13.33,5.75,9.46,10.34,9.67,6.38,17.33,0.0
3422,74.0,7.0,13.0,13.79,8.63,6.79,4.42,8.92,5.63,5.91,8.29,4.71,7.71,11.58,1.0
3423,62.0,11.0,11.0,12.04,6.42,16.58,5.58,9.0,5.46,14.75,9.13,7.71,8.87,8.58,1.0
3424,62.0,4.0,30.0,6.58,9.71,8.79,4.71,6.08,5.46,5.41,5.63,5.75,4.67,6.92,1.0
3425,65.0,3.0,18.0,9.62,4.21,7.12,5.54,11.63,7.67,12.96,8.29,9.67,10.13,11.29,1.0
3426,70.0,12.0,21.0,7.79,3.21,14.92,3.63,4.79,2.75,5.83,1.67,4.67,2.42,3.46,1.0
3427,77.0,7.0,31.0,8.42,3.88,7.08,4.33,3.63,3.5,7.21,2.0,4.08,4.67,6.87,1.0
3428,64.0,6.0,5.0,16.25,14.42,14.88,10.21,12.67,9.33,11.12,13.25,8.38,11.29,20.5,1.0
3429,75.0,2.0,6.0,19.0,17.79,15.92,5.54,11.71,6.46,8.46,11.63,9.42,8.08,15.96,0.0
3430,76.0,1.0,10.0,18.0,20.75,14.29,12.96,23.29,15.04,21.29,18.63,19.12,16.38,23.83,0.0
3431,66.0,7.0,31.0,8.54,7.25,5.88,3.13,6.25,1.75,3.33,1.42,3.63,2.21,4.33,1.0
3432,68.0,10.0,14.0,5.5,8.0,5.54,3.96,9.96,5.25,9.71,6.71,6.63,5.25,12.58,0.0
3433,65.0,9.0,4.0,21.0,18.54,14.09,11.87,17.29,10.37,13.54,14.25,11.5,14.83,22.17,0.0
3434,76.0,4.0,24.0,5.88,3.33,14.96,4.38,4.42,3.33,9.87,3.63,6.25,3.67,8.75,1.0
3435,65.0,3.0,16.0,18.84,16.38,16.58,11.12,20.79,14.75,20.3,15.34,15.83,19.04,23.71,0.0
3436,76.0,10.0,23.0,11.87,7.33,10.58,5.17,7.67,5.91,6.21,5.66,6.71,6.83,9.42,1.0
3437,72.0,4.0,2.0,19.95,17.21,17.08,11.34,17.04,12.08,17.33,15.25,14.67,13.46,19.29,0.0
3438,76.0,6.0,19.0,2.92,2.5,5.29,3.67,5.21,5.09,11.08,6.17,9.33,6.63,14.46,0.0
3439,68.0,4.0,5.0,13.79,7.38,8.75,6.63,9.13,6.42,10.08,9.21,7.21,8.38,10.41,0.0
3440,66.0,7.0,18.0,6.29,4.21,7.29,2.21,5.04,1.0,1.38,1.67,2.08,1.83,5.33,1.0
3441,76.0,7.0,8.0,9.04,8.75,6.54,4.67,7.5,5.09,4.29,3.42,6.21,4.67,5.37,1.0
3442,70.0,1.0,3.0,8.08,7.46,11.71,3.58,4.5,3.63,5.13,4.75,3.13,2.5,12.54,0.0
3443,66.0,5.0,22.0,23.13,19.12,18.08,17.16,22.04,17.5,24.41,19.08,20.25,21.37,25.88,0.0
3444,65.0,8.0,1.0,11.87,10.67,10.67,5.09,10.54,5.66,9.92,7.0,5.79,7.0,9.59,1.0
3445,62.0,6.0,18.0,22.13,21.04,22.54,16.5,23.5,14.12,21.5,21.92,18.96,21.79,29.79,0.0
3446,64.0,4.0,25.0,12.87,15.71,13.83,9.96,14.71,12.42,12.29,15.21,8.75,14.75,20.21,0.0
3447,75.0,2.0,11.0,14.0,11.63,13.46,4.88,10.41,7.79,5.66,9.29,7.54,3.88,10.96,1.0
3448,66.0,6.0,28.0,9.21,5.41,9.33,6.08,8.29,6.46,11.12,4.04,9.42,11.29,9.17,1.0
3449,65.0,10.0,26.0,10.21,11.42,11.34,6.38,10.08,8.42,6.08,9.79,7.33,12.58,18.84,0.0
3450,71.0,11.0,28.0,7.5,8.67,5.83,1.29,7.17,4.67,9.04,2.17,6.46,5.13,10.75,1.0
3451,74.0,10.0,12.0,9.67,3.33,10.54,2.67,5.75,2.17,8.33,5.46,4.21,3.42,9.08,1.0
3452,67.0,5.0,6.0,14.42,12.5,10.04,8.75,12.25,8.17,9.21,9.04,6.71,7.87,12.33,0.0
3453,67.0,1.0,4.0,10.75,13.29,8.21,1.33,8.63,0.79,5.63,0.71,1.87,2.88,3.37,1.0
3454,63.0,7.0,27.0,5.75,10.75,6.58,6.08,10.79,7.96,5.5,10.21,7.21,10.92,19.67,1.0
3455,66.0,6.0,21.0,6.5,6.38,9.33,2.46,4.63,2.46,4.71,2.0,4.29,3.25,9.08,1.0
3456,68.0,2.0,17.0,4.25,7.21,3.5,0.92,3.25,0.67,7.58,3.25,1.92,4.83,5.83,1.0
3457,61.0,7.0,31.0,7.67,6.71,9.38,4.17,5.25,2.79,3.75,2.25,3.17,5.54,6.17,1.0
3458,72.0,8.0,14.0,6.17,5.91,5.63,3.04,3.54,2.17,7.04,4.42,4.88,4.08,9.33,1.0
3459,69.0,10.0,9.0,9.75,11.12,7.41,5.04,9.71,5.88,4.25,7.46,6.75,7.67,6.79,1.0
3460,63.0,2.0,28.0,19.79,19.95,19.0,9.67,18.54,16.13,16.46,15.25,10.37,13.7,20.62,0.0
3461,63.0,7.0,11.0,6.67,5.0,7.12,3.13,7.87,2.58,4.46,4.12,2.79,3.21,3.71,1.0
3462,74.0,11.0,4.0,6.63,3.92,10.96,2.46,2.67,1.04,5.96,3.67,2.58,2.17,7.21,1.0
3463,67.0,6.0,22.0,12.62,9.38,11.46,6.38,9.33,4.0,8.33,6.25,5.83,7.38,11.21,1.0
3464,76.0,8.0,26.0,4.17,2.08,14.46,3.58,3.63,2.83,3.88,2.08,3.46,1.0,7.83,1.0
3465,61.0,3.0,11.0,14.79,16.96,15.5,8.46,10.0,10.92,10.34,15.67,10.58,13.54,22.71,0.0
3466,62.0,3.0,20.0,9.21,7.38,14.12,2.29,5.91,1.92,7.67,5.96,5.66,6.34,10.83,1.0
3467,63.0,10.0,12.0,11.04,10.58,13.0,3.83,10.58,7.38,9.42,9.21,7.25,9.08,17.83,1.0
3468,70.0,11.0,29.0,4.0,2.67,5.09,0.67,3.46,1.17,2.21,2.54,1.92,1.79,4.46,1.0
3469,71.0,5.0,18.0,8.87,4.58,6.71,3.92,6.21,3.04,4.25,5.17,7.71,6.04,8.0,1.0
3470,77.0,10.0,29.0,23.91,18.41,16.42,10.96,14.46,12.08,14.37,16.21,14.5,16.5,25.66,0.0
3471,75.0,4.0,15.0,13.08,9.13,7.75,3.54,6.96,2.62,4.46,3.96,5.88,4.08,8.38,1.0
3472,68.0,9.0,21.0,12.38,8.42,9.42,7.29,12.83,6.54,13.59,8.38,9.79,5.91,9.96,1.0
3473,62.0,3.0,4.0,10.29,5.33,13.5,6.13,6.46,2.71,5.33,3.79,4.46,4.04,2.71,1.0
3474,77.0,5.0,5.0,8.75,4.75,7.5,1.79,3.29,5.71,7.96,3.08,3.17,3.5,8.25,1.0
3475,76.0,8.0,10.0,5.5,2.71,4.46,1.42,2.58,1.75,2.67,2.62,3.42,3.58,8.96,1.0
3476,61.0,12.0,27.0,9.25,5.21,9.04,4.08,5.91,1.83,2.92,1.87,1.83,1.96,3.75,1.0
3477,63.0,4.0,10.0,4.75,4.42,13.59,5.25,7.83,6.79,7.25,8.0,6.34,8.54,11.38,1.0
3478,72.0,5.0,8.0,22.13,16.0,19.08,10.17,15.41,10.67,15.09,13.08,11.87,15.29,17.33,0.0
3479,62.0,2.0,27.0,18.91,13.33,26.92,13.0,15.63,11.0,26.87,17.04,14.33,14.29,21.59,0.0
3480,62.0,9.0,16.0,13.46,10.63,10.04,7.92,12.67,9.04,11.75,10.54,11.08,9.71,14.79,0.0
3481,63.0,5.0,16.0,8.08,9.13,9.59,6.58,11.0,8.83,14.42,10.08,10.67,12.29,13.7,1.0
3482,68.0,5.0,12.0,16.5,12.58,14.75,7.04,10.88,7.46,11.83,9.25,9.17,8.5,13.08,0.0
3483,70.0,12.0,5.0,13.96,12.58,12.12,6.08,14.12,9.67,13.75,12.92,12.87,13.08,20.17,0.0
3484,69.0,3.0,14.0,7.12,3.96,4.0,2.29,8.08,1.71,5.33,6.75,5.13,5.33,11.0,0.0
3485,75.0,4.0,5.0,9.92,7.33,13.54,4.79,5.29,2.0,7.0,4.92,7.12,4.88,10.41,1.0
3486,72.0,3.0,19.0,9.87,2.0,4.92,3.33,4.75,2.67,3.71,1.54,5.09,3.08,2.79,1.0
3487,70.0,3.0,22.0,10.21,8.87,8.67,2.62,7.5,5.58,5.25,5.37,4.08,3.25,9.83,1.0
3488,75.0,2.0,19.0,17.46,17.62,16.17,7.92,16.33,11.71,10.63,12.42,12.79,11.63,17.88,0.0
3489,72.0,7.0,19.0,3.37,0.96,9.92,2.79,3.63,2.42,4.08,2.13,4.79,1.83,9.71,1.0
3490,67.0,2.0,21.0,15.46,17.04,13.96,13.62,19.08,12.12,16.17,13.25,13.5,16.96,24.33,0.0
3491,71.0,5.0,9.0,16.42,15.46,14.54,9.17,12.0,10.83,11.46,12.38,12.75,13.92,20.71,0.0
3492,75.0,9.0,18.0,9.38,5.83,8.96,4.42,4.75,4.12,6.63,5.04,5.96,5.0,8.58,1.0
3493,70.0,3.0,29.0,14.96,13.67,13.29,8.87,15.67,10.17,16.38,14.5,15.37,11.54,19.38,0.0
3494,78.0,8.0,5.0,10.5,9.92,7.5,1.87,7.92,2.79,1.38,1.29,2.71,0.79,5.66,1.0
3495,73.0,12.0,1.0,16.29,12.29,17.29,3.96,11.92,9.54,9.13,9.0,5.58,7.41,11.08,0.0
3496,71.0,8.0,20.0,13.5,2.46,6.67,5.5,7.17,3.83,7.08,2.67,4.58,3.88,5.88,1.0
3497,72.0,1.0,14.0,23.96,20.62,19.5,9.17,18.05,12.5,16.08,10.54,13.08,13.21,15.04,0.0
3498,72.0,3.0,18.0,7.96,2.88,8.92,7.71,6.21,5.41,6.79,4.33,7.21,7.29,8.79,1.0
3499,66.0,9.0,18.0,8.63,6.21,8.42,1.79,4.67,1.5,1.71,0.63,1.29,1.75,4.92,1.0
3500,68.0,4.0,20.0,11.21,12.29,9.59,8.08,11.5,9.04,8.38,9.17,7.29,7.96,13.42,1.0
3501,64.0,9.0,16.0,16.79,12.79,12.25,7.41,13.37,9.29,8.08,7.96,8.83,9.5,12.87,0.0
3502,69.0,1.0,9.0,22.25,16.0,20.91,11.29,18.21,13.04,14.92,14.54,13.67,15.75,18.84,0.0
3503,72.0,5.0,3.0,18.88,12.17,11.42,8.21,9.79,5.79,9.62,9.0,8.63,8.12,12.87,1.0
3504,65.0,2.0,5.0,7.92,4.88,7.71,2.08,2.5,0.29,5.66,1.46,2.17,2.75,5.21,1.0
3505,65.0,8.0,27.0,8.54,9.67,12.67,6.29,10.29,7.21,8.58,7.92,6.08,8.42,14.71,1.0
3506,75.0,4.0,3.0,15.04,11.54,17.58,8.04,9.29,7.08,11.79,9.08,12.04,14.83,15.16,0.0
3507,61.0,6.0,9.0,9.71,7.79,8.29,4.29,7.75,4.38,8.29,4.38,8.08,8.83,7.79,1.0
3508,75.0,11.0,11.0,7.33,4.96,8.0,0.67,2.58,0.29,5.66,2.75,6.29,3.5,4.21,1.0
3509,77.0,12.0,22.0,19.7,14.37,17.0,9.83,11.42,10.25,10.71,9.42,10.83,11.29,13.83,0.0
3510,73.0,7.0,28.0,5.63,4.21,9.29,3.21,5.41,2.5,2.37,2.83,3.46,2.17,6.21,1.0
3511,66.0,9.0,11.0,10.34,5.41,12.58,5.04,6.0,3.54,3.96,6.21,3.54,4.17,15.16,1.0
3512,65.0,7.0,30.0,8.92,8.92,10.37,4.88,6.46,3.75,5.33,7.29,5.75,7.21,10.29,1.0
3513,68.0,11.0,25.0,19.29,19.95,18.29,12.5,18.71,10.88,14.09,17.12,13.13,18.25,28.46,0.0
3514,77.0,5.0,13.0,7.96,5.0,10.58,5.09,5.25,5.33,7.96,4.46,4.63,7.5,8.21,1.0
3515,70.0,10.0,16.0,7.5,9.25,6.79,2.96,7.38,5.21,4.12,5.71,3.63,4.0,7.79,1.0
3516,76.0,5.0,1.0,16.66,13.46,13.04,7.17,13.13,8.46,11.96,11.17,10.71,10.54,18.29,0.0
3517,69.0,2.0,14.0,15.71,10.58,12.92,6.46,10.54,4.75,7.08,5.66,8.04,10.25,18.75,0.0
3518,77.0,8.0,7.0,4.54,3.67,6.75,2.29,1.54,2.37,7.04,1.04,3.96,3.5,4.25,1.0
3519,74.0,7.0,20.0,11.79,6.75,7.25,6.21,10.46,6.83,11.71,10.88,8.33,9.21,12.79,0.0
3520,78.0,3.0,5.0,12.62,17.37,9.83,5.96,10.92,8.29,6.08,10.71,10.08,7.62,10.71,1.0
3521,71.0,9.0,30.0,10.29,13.04,9.21,4.38,10.0,7.83,7.41,5.66,7.12,4.5,13.75,0.0
3522,77.0,2.0,18.0,11.46,9.67,10.17,5.37,8.75,8.04,15.09,8.21,11.29,12.12,14.21,0.0
3523,67.0,5.0,9.0,5.09,4.75,7.17,4.42,4.75,3.63,6.46,2.88,4.38,4.38,6.38,1.0
3524,77.0,1.0,11.0,12.12,10.37,13.17,4.25,5.13,3.17,7.62,4.75,3.54,3.58,12.75,1.0
3525,68.0,6.0,24.0,9.0,9.96,8.83,5.88,9.5,5.79,8.0,7.04,5.33,6.75,10.17,1.0
3526,61.0,7.0,3.0,15.34,10.58,12.17,10.08,18.58,11.38,15.75,14.33,15.46,16.79,20.41,0.0
3527,72.0,8.0,15.0,7.83,5.63,7.92,3.0,4.58,1.67,6.67,2.25,4.25,2.54,7.21,1.0
3528,68.0,6.0,13.0,4.25,2.17,9.75,2.58,5.96,2.5,3.33,2.88,3.25,2.37,5.88,1.0
3529,63.0,11.0,14.0,13.62,13.08,13.67,4.42,14.37,7.62,12.08,6.54,7.46,9.13,18.0,1.0
3530,72.0,4.0,13.0,6.75,6.67,6.04,2.33,4.79,0.79,5.46,2.46,2.67,1.96,6.25,1.0
3531,69.0,3.0,16.0,21.12,17.62,18.66,11.25,14.88,9.21,16.17,18.75,16.29,15.71,18.05,0.0
3532,77.0,8.0,11.0,6.87,11.87,5.79,5.25,8.67,7.54,6.5,4.58,7.21,6.25,11.79,1.0
3533,78.0,7.0,6.0,18.21,10.71,13.08,9.83,10.54,10.17,11.79,11.25,11.54,13.92,12.54,0.0
3534,65.0,11.0,21.0,13.92,9.62,19.75,9.08,9.79,6.13,10.75,8.54,6.87,10.67,9.13,0.0
3535,74.0,5.0,16.0,10.04,10.96,10.04,4.83,7.83,4.12,7.54,7.17,8.0,9.54,9.59,0.0
3536,65.0,8.0,18.0,12.79,11.0,12.58,6.79,12.75,9.5,12.67,11.79,10.0,12.38,16.54,0.0
3537,71.0,10.0,1.0,11.08,11.54,11.38,8.17,9.38,7.29,5.71,7.46,7.96,8.54,14.58,0.0
3538,76.0,10.0,28.0,9.71,3.83,10.08,2.75,2.88,1.83,2.58,2.42,2.67,4.46,5.37,1.0
3539,73.0,9.0,30.0,18.16,12.62,17.16,8.54,10.04,6.17,10.17,7.33,8.71,9.42,11.12,0.0
3540,73.0,5.0,29.0,11.71,9.96,9.96,3.96,8.5,5.0,2.96,5.75,6.17,3.58,9.08,1.0
3541,74.0,10.0,29.0,16.38,12.71,19.12,8.92,10.67,7.33,13.13,8.67,9.54,9.25,12.33,0.0
3542,61.0,2.0,2.0,20.17,24.21,10.0,6.54,17.37,7.17,10.88,6.08,9.08,7.12,12.08,1.0
3543,74.0,6.0,6.0,17.5,17.46,13.42,10.17,19.58,12.25,17.5,17.29,13.62,13.29,18.96,0.0
3544,70.0,4.0,28.0,12.75,10.17,8.63,7.41,13.59,9.5,13.83,11.25,14.04,10.92,12.75,0.0
3545,76.0,6.0,6.0,6.96,10.88,11.46,4.04,4.96,5.21,7.87,9.79,8.83,8.21,17.79,1.0
3546,77.0,12.0,30.0,21.75,13.96,12.12,10.88,17.29,11.21,16.83,14.58,13.0,12.0,16.33,0.0
3547,67.0,9.0,29.0,16.54,15.0,13.75,7.62,12.17,9.0,7.21,12.62,8.38,10.75,21.59,0.0
3548,63.0,5.0,18.0,17.79,12.96,13.0,11.42,17.75,14.33,19.33,16.79,17.04,18.12,18.63,0.0
3549,76.0,9.0,1.0,11.87,11.0,7.38,6.87,7.75,8.33,10.34,6.46,10.17,9.29,12.75,0.0
3550,78.0,6.0,4.0,16.83,13.54,9.96,7.62,12.96,10.0,5.63,9.54,9.79,10.0,9.71,0.0
3551,74.0,11.0,22.0,6.67,3.79,8.08,2.67,5.91,1.5,4.83,3.13,4.29,2.21,3.25,1.0
3552,67.0,2.0,8.0,8.29,5.09,10.13,3.29,4.46,0.13,6.25,0.67,3.21,5.83,2.04,1.0
3553,75.0,5.0,29.0,6.92,5.17,16.21,3.33,4.29,3.21,3.92,5.83,4.88,2.21,12.67,1.0
3554,74.0,3.0,16.0,16.08,17.08,15.0,11.54,17.96,12.62,18.96,17.79,14.96,14.75,22.67,0.0
3555,77.0,4.0,23.0,16.96,18.12,14.5,10.63,16.88,12.38,20.25,11.46,12.83,12.0,17.5,0.0
3556,70.0,5.0,10.0,11.71,7.96,17.0,6.79,8.79,10.58,10.21,10.67,10.75,9.54,12.79,0.0
3557,73.0,3.0,29.0,14.29,16.0,13.88,7.58,11.67,10.67,12.17,16.08,11.83,13.59,23.0,0.0
3558,76.0,9.0,23.0,17.04,16.0,13.88,6.17,15.04,9.62,6.34,10.96,10.71,6.46,11.67,0.0
3559,61.0,8.0,28.0,13.37,22.0,12.75,12.42,17.62,13.08,9.08,14.58,13.5,12.92,20.75,0.0
3560,77.0,11.0,21.0,20.38,16.25,18.46,10.0,10.88,9.92,14.17,11.58,12.08,11.63,20.75,0.0
3561,67.0,3.0,6.0,20.41,18.58,19.38,13.29,16.83,14.79,19.17,15.96,16.0,18.05,26.46,0.0
3562,65.0,6.0,16.0,11.12,8.79,9.13,5.88,13.17,8.0,11.17,9.08,7.58,9.87,12.42,0.0
3563,69.0,8.0,8.0,8.33,9.92,8.17,5.71,8.42,5.79,5.58,7.54,6.13,4.92,13.33,1.0
3564,71.0,1.0,7.0,22.83,20.96,20.38,12.71,16.04,14.21,19.21,19.21,14.46,19.83,25.75,0.0
3565,75.0,8.0,31.0,8.08,3.46,9.13,3.96,2.46,1.75,6.42,2.88,4.79,1.46,8.67,1.0
3566,77.0,8.0,22.0,6.79,6.21,15.21,3.63,3.5,4.29,9.21,1.54,4.67,3.92,4.71,1.0
3567,62.0,2.0,4.0,20.3,16.96,17.83,11.08,19.46,13.25,18.88,11.29,15.34,13.83,17.08,0.0
3568,70.0,12.0,11.0,16.71,13.75,15.25,7.79,14.62,10.67,9.21,9.5,7.83,6.34,8.75,1.0
3569,65.0,6.0,24.0,18.84,17.41,19.41,10.34,17.21,11.87,16.92,12.92,11.38,13.59,14.5,1.0
3570,61.0,12.0,24.0,20.54,13.5,18.25,9.17,15.5,9.46,8.5,8.63,8.33,11.87,14.92,1.0
3571,74.0,3.0,21.0,12.12,15.0,9.96,6.71,11.08,7.25,4.38,11.58,9.54,8.42,17.12,0.0
3572,61.0,9.0,11.0,9.87,8.42,7.29,5.46,12.12,7.92,8.63,8.75,8.75,9.67,13.92,1.0
3573,69.0,12.0,24.0,7.67,5.75,5.5,2.04,4.71,4.25,4.96,4.96,3.25,2.83,6.79,1.0
3574,76.0,12.0,18.0,14.0,8.58,14.67,4.21,6.71,4.58,9.92,4.88,6.83,7.58,7.0,1.0
3575,70.0,8.0,30.0,13.62,16.46,15.96,7.38,12.54,9.29,9.42,12.04,9.87,12.12,21.25,0.0
3576,77.0,6.0,25.0,16.25,7.04,9.38,6.5,10.17,9.04,8.79,6.0,7.62,8.63,9.13,1.0
3577,69.0,8.0,27.0,18.63,9.33,11.0,8.46,13.08,8.67,13.0,8.46,12.21,13.88,11.79,0.0
3578,69.0,11.0,18.0,9.25,7.83,10.41,7.5,10.29,9.5,16.25,13.54,12.33,10.21,17.04,0.0
3579,70.0,4.0,24.0,11.71,13.29,8.83,4.08,9.79,6.38,6.92,7.58,8.0,6.21,8.17,1.0
3580,74.0,6.0,3.0,8.54,6.5,6.42,4.5,9.83,4.75,9.21,10.29,7.21,8.83,13.88,0.0
3581,66.0,3.0,31.0,9.87,7.58,10.34,6.5,10.04,8.12,12.08,6.79,9.87,9.96,13.17,1.0
3582,67.0,4.0,27.0,8.25,6.83,13.59,6.54,6.96,4.29,7.38,5.96,5.13,6.13,5.88,1.0
3583,69.0,4.0,25.0,14.62,13.29,15.75,7.58,15.96,8.12,14.29,11.54,13.62,13.29,15.21,1.0
3584,67.0,4.0,18.0,9.08,6.71,10.54,5.37,5.46,4.29,7.08,3.96,4.92,7.04,8.71,1.0
3585,72.0,8.0,21.0,5.83,3.75,7.79,1.63,2.04,0.75,4.29,1.13,2.62,2.67,3.17,1.0
3586,61.0,12.0,22.0,16.21,11.87,15.0,7.62,14.12,9.75,13.59,10.04,8.25,9.17,12.83,1.0
3587,76.0,8.0,12.0,6.63,6.25,5.83,3.04,4.29,3.42,1.46,2.62,4.21,3.17,5.91,1.0
3588,72.0,9.0,19.0,6.79,4.42,12.42,3.08,1.87,1.17,5.83,2.83,2.79,1.38,2.83,1.0
3589,67.0,12.0,29.0,18.29,12.58,15.96,8.92,10.71,5.17,10.63,8.67,10.08,10.13,15.29,0.0
3590,63.0,7.0,13.0,10.37,7.96,7.54,5.17,7.21,3.83,5.54,6.42,4.0,4.71,9.04,1.0
3591,71.0,2.0,10.0,11.25,1.38,12.75,6.34,4.21,4.04,5.71,3.71,6.75,7.96,6.5,1.0
3592,66.0,4.0,7.0,11.25,7.87,8.04,4.67,9.08,5.17,9.33,10.46,9.87,9.08,12.12,0.0
3593,62.0,12.0,6.0,13.17,11.67,11.25,7.46,9.92,7.87,4.17,8.38,6.13,8.58,17.21,0.0
3594,78.0,6.0,15.0,11.54,10.13,7.46,5.33,10.21,6.79,4.08,7.83,6.71,6.67,9.54,1.0
3595,71.0,1.0,5.0,15.21,13.5,21.92,8.08,15.0,12.79,17.96,12.33,13.88,10.21,16.58,0.0
3596,67.0,8.0,22.0,3.83,6.79,5.46,2.37,6.29,3.17,3.54,3.75,2.71,3.29,7.75,1.0
3597,68.0,3.0,26.0,18.96,19.67,16.92,12.29,18.58,15.34,20.5,19.04,14.0,18.0,28.21,0.0
3598,67.0,7.0,11.0,4.79,3.75,3.96,1.87,6.21,2.21,4.25,3.0,3.04,1.08,5.58,1.0
3599,64.0,3.0,9.0,9.75,6.25,19.04,6.34,8.83,5.79,10.29,6.96,5.33,7.96,10.71,1.0
3600,61.0,11.0,30.0,23.75,18.71,19.92,14.46,19.92,11.04,16.5,8.63,12.58,10.29,12.54,1.0
3601,72.0,7.0,13.0,3.25,7.12,6.46,3.08,4.38,3.0,3.79,4.67,4.12,3.96,7.71,1.0
3602,64.0,8.0,1.0,16.88,10.34,13.04,11.54,17.75,13.5,16.54,15.04,14.21,14.42,15.41,0.0
3603,78.0,12.0,1.0,21.29,16.29,24.04,12.79,18.21,19.29,21.54,17.21,16.71,17.83,17.75,0.0
3604,72.0,8.0,19.0,4.92,2.13,6.29,1.75,5.54,3.92,8.58,3.79,6.79,4.0,12.79,1.0
3605,69.0,5.0,15.0,7.0,7.92,7.71,3.88,7.25,3.75,4.21,6.08,2.58,3.63,9.13,1.0
3606,64.0,4.0,22.0,9.21,9.42,10.29,4.25,8.71,4.38,9.04,6.08,4.04,6.25,7.67,1.0
3607,76.0,6.0,27.0,4.46,3.83,4.92,1.96,3.21,2.67,3.42,7.08,5.37,4.88,16.5,0.0
3608,77.0,1.0,1.0,20.04,11.92,20.25,9.13,9.29,8.04,10.75,5.88,9.0,9.0,14.88,0.0
3609,77.0,10.0,17.0,12.5,14.79,12.54,5.79,12.46,13.29,13.33,9.08,10.21,6.63,12.54,0.0
3610,65.0,3.0,17.0,13.25,10.88,12.96,4.21,9.04,3.63,6.63,5.0,4.12,6.75,7.67,1.0
3611,77.0,12.0,9.0,15.63,15.63,15.67,6.79,12.42,11.04,14.17,10.54,11.38,10.71,12.96,0.0
3612,63.0,11.0,19.0,9.29,6.54,8.63,5.17,9.0,5.75,10.08,7.08,6.08,7.33,16.79,0.0
3613,76.0,10.0,27.0,7.87,6.34,7.08,2.46,7.38,5.96,6.54,9.13,6.83,6.38,13.08,0.0
3614,63.0,8.0,16.0,22.37,16.38,19.75,12.33,14.83,8.79,17.67,12.96,12.08,13.5,16.38,0.0
3615,75.0,3.0,1.0,12.79,11.46,14.62,5.09,10.0,6.83,10.13,7.54,8.25,3.75,8.04,1.0
3616,77.0,1.0,27.0,8.75,6.5,11.83,7.41,11.25,11.38,12.17,12.71,12.17,10.71,13.92,0.0
3617,75.0,11.0,27.0,19.0,18.41,16.46,9.71,19.46,10.5,18.66,12.29,14.92,14.58,20.17,0.0
3618,61.0,1.0,14.0,9.04,5.66,7.08,0.67,2.71,1.38,3.08,2.58,0.5,2.67,7.17,1.0
3619,77.0,10.0,4.0,13.33,14.33,9.62,5.63,12.79,8.63,11.21,9.59,9.92,7.71,14.79,0.0
3620,64.0,3.0,16.0,21.25,20.12,19.95,11.5,23.16,12.33,17.41,16.75,11.67,16.0,18.0,0.0
3621,66.0,2.0,25.0,32.38,29.33,25.0,21.59,25.41,19.5,21.84,24.37,16.66,24.25,35.08,0.0
3622,70.0,12.0,1.0,9.71,8.0,7.04,4.83,8.96,6.46,9.33,4.5,8.75,7.17,12.54,0.0
3623,65.0,12.0,12.0,18.05,16.13,11.79,6.17,13.04,8.87,8.92,9.96,7.96,7.54,9.96,1.0
3624,66.0,8.0,28.0,15.46,12.12,11.08,6.79,13.96,8.96,8.96,9.62,9.46,10.34,12.0,0.0
3625,77.0,1.0,26.0,8.5,11.83,7.71,2.5,6.38,5.66,4.96,2.96,4.75,4.75,6.13,1.0
3626,70.0,11.0,8.0,12.67,11.38,10.75,6.04,13.21,10.83,14.42,14.46,16.04,14.75,20.25,0.0
3627,74.0,7.0,6.0,6.17,6.08,8.46,2.04,6.25,2.46,7.41,4.58,5.17,5.83,7.5,1.0
3628,71.0,5.0,31.0,5.09,4.46,5.71,1.87,3.75,1.0,4.04,1.87,2.25,1.67,2.67,1.0
3629,74.0,2.0,17.0,10.0,7.96,9.33,4.29,4.75,2.71,7.08,4.21,4.88,5.58,5.58,1.0
3630,70.0,8.0,29.0,5.09,7.92,6.04,2.46,3.54,2.5,4.67,3.21,1.63,2.71,9.25,1.0
3631,75.0,3.0,14.0,12.38,6.42,15.54,5.54,6.63,2.88,6.46,4.38,6.87,7.0,4.54,1.0
3632,75.0,4.0,1.0,16.5,11.54,10.5,7.71,9.25,8.08,11.71,8.92,11.04,12.17,13.79,0.0
3633,75.0,2.0,22.0,16.46,14.42,14.37,8.17,12.92,9.96,7.92,12.75,12.79,12.92,21.0,0.0
3634,62.0,1.0,2.0,6.08,3.13,5.09,0.87,0.42,0.33,8.46,0.0,0.54,4.54,1.96,1.0
3635,77.0,7.0,5.0,5.79,1.13,7.33,2.37,1.58,2.62,4.21,2.08,6.17,4.21,10.0,1.0
3636,70.0,2.0,8.0,16.92,20.54,10.34,8.33,17.46,8.83,15.5,12.62,13.37,10.41,22.04,0.0
3637,72.0,5.0,18.0,10.79,9.29,10.37,5.63,8.79,3.71,3.21,3.92,4.0,2.71,6.83,1.0
3638,66.0,1.0,4.0,16.54,16.75,16.42,9.62,13.96,13.7,15.46,13.79,11.04,14.58,18.66,0.0
3639,75.0,10.0,16.0,12.12,10.08,7.62,3.5,8.5,4.63,5.09,5.66,6.67,5.71,10.58,1.0
3640,78.0,3.0,2.0,5.66,6.96,10.92,4.04,3.88,3.13,6.38,4.79,6.58,4.92,4.17,1.0
3641,65.0,9.0,19.0,13.96,15.83,11.46,7.21,12.71,9.38,9.25,12.0,7.5,11.0,24.71,0.0
3642,69.0,2.0,7.0,20.71,19.0,19.92,13.83,14.04,8.5,16.08,12.25,12.38,12.46,24.62,0.0
3643,75.0,3.0,2.0,11.67,11.42,13.46,5.71,10.17,7.21,10.0,7.96,9.71,5.79,10.37,1.0
3644,76.0,10.0,24.0,6.08,3.04,5.5,1.21,3.92,4.5,1.92,0.63,3.29,4.12,8.25,1.0
3645,63.0,2.0,7.0,11.87,7.75,10.54,7.21,7.92,7.83,11.83,5.54,6.58,7.5,8.71,0.0
3646,69.0,10.0,6.0,11.75,14.09,10.92,7.79,13.88,9.13,8.04,11.29,9.67,9.83,21.29,0.0
3647,69.0,3.0,7.0,2.92,3.04,4.46,1.67,4.21,0.25,1.08,1.87,0.75,2.46,3.92,1.0
3648,75.0,5.0,21.0,6.79,2.75,13.42,3.92,5.0,4.17,3.71,5.41,6.42,5.37,15.75,0.0
3649,75.0,12.0,29.0,12.42,13.62,12.04,5.25,8.46,6.42,9.46,8.75,9.42,8.71,14.58,0.0
3650,78.0,11.0,4.0,18.75,19.04,16.58,9.96,10.96,11.75,14.58,13.92,11.67,13.5,20.46,0.0
3651,70.0,8.0,16.0,26.38,14.96,18.5,17.33,21.59,18.12,20.75,14.96,22.71,23.71,19.87,0.0
3652,75.0,9.0,10.0,10.37,9.59,9.42,3.37,9.79,5.79,9.33,6.96,8.75,6.42,12.21,1.0
3653,75.0,9.0,12.0,16.88,10.67,12.54,8.33,12.92,8.5,12.87,8.63,10.58,10.21,13.21,0.0
3654,67.0,3.0,30.0,12.38,5.04,7.75,7.21,7.79,4.67,11.5,3.71,8.12,7.21,10.79,1.0
3655,69.0,10.0,15.0,24.46,23.58,20.62,14.75,19.58,16.42,16.13,19.08,15.63,20.38,31.88,0.0
3656,72.0,11.0,4.0,12.25,11.67,12.96,4.17,4.92,3.25,3.79,5.63,5.41,3.17,7.67,1.0
3657,66.0,12.0,28.0,15.25,12.71,11.79,4.58,12.0,8.54,9.62,7.5,8.38,11.63,12.75,0.0
3658,61.0,3.0,18.0,16.88,15.25,12.29,11.04,13.67,10.54,13.17,10.46,13.5,14.67,19.38,0.0
3659,72.0,7.0,8.0,6.79,7.17,5.71,2.33,7.5,3.88,4.17,5.04,6.38,4.0,12.17,1.0
3660,64.0,1.0,24.0,8.29,4.21,9.71,4.33,4.04,1.0,6.34,0.75,2.0,5.04,3.88,1.0
3661,75.0,2.0,23.0,10.67,9.42,11.34,5.63,8.04,5.13,6.96,5.37,7.21,3.96,5.79,1.0
3662,76.0,8.0,19.0,7.17,4.5,9.71,2.0,3.21,2.58,3.0,4.12,8.38,5.96,7.12,1.0
3663,73.0,10.0,11.0,16.25,18.96,18.58,5.79,11.38,8.25,9.92,12.08,9.0,6.63,12.17,1.0
3664,72.0,3.0,16.0,6.17,6.96,6.58,2.37,7.41,1.58,2.29,4.88,3.25,2.96,3.83,1.0
3665,68.0,3.0,9.0,8.63,7.54,5.54,6.0,6.87,4.25,8.12,5.91,5.88,9.96,8.42,1.0
3666,71.0,3.0,1.0,13.5,11.83,14.21,4.83,7.79,4.54,6.71,8.08,8.75,10.54,15.37,0.0
3667,69.0,12.0,20.0,10.5,13.92,10.0,3.58,9.38,9.38,8.75,9.25,7.38,5.83,13.62,0.0
3668,66.0,1.0,26.0,18.84,15.71,15.96,11.58,16.46,11.96,19.08,10.79,9.46,14.88,10.96,0.0
3669,75.0,3.0,11.0,18.84,13.92,28.33,11.25,14.29,12.92,19.29,11.83,16.0,15.34,15.59,0.0
3670,76.0,10.0,15.0,15.59,10.41,12.83,10.25,10.96,10.67,14.83,8.42,11.58,13.62,12.79,0.0
3671,71.0,7.0,3.0,4.79,6.34,6.29,4.42,6.42,3.33,5.17,4.12,5.13,3.04,4.33,1.0
3672,69.0,2.0,2.0,17.08,10.58,14.96,8.46,8.79,4.67,11.5,7.0,9.71,8.83,18.91,0.0
3673,65.0,5.0,17.0,12.04,13.92,8.29,5.83,12.21,7.71,6.83,10.63,6.75,8.42,19.0,0.0
3674,78.0,11.0,30.0,15.34,4.54,14.75,3.5,4.54,4.96,7.5,2.42,4.96,3.75,4.92,1.0
3675,68.0,7.0,7.0,7.58,8.5,11.08,2.46,8.92,4.21,4.12,7.62,3.08,2.25,13.7,1.0
3676,71.0,3.0,13.0,10.83,1.71,11.12,1.42,6.08,2.58,4.71,3.67,5.33,4.88,11.34,1.0
3677,76.0,4.0,12.0,12.75,9.46,15.46,6.04,5.88,2.54,8.29,4.17,8.04,6.75,12.79,1.0
3678,65.0,1.0,23.0,16.79,12.83,13.29,7.38,14.37,9.59,9.92,10.21,8.79,11.67,12.75,0.0
3679,64.0,2.0,22.0,16.66,17.25,24.25,14.04,18.16,16.83,19.25,17.04,13.13,18.96,16.62,0.0
3680,65.0,11.0,2.0,11.71,11.71,12.67,6.96,9.42,6.54,12.04,5.21,8.33,9.13,12.71,0.0
3681,78.0,2.0,16.0,19.55,23.29,15.46,5.54,12.29,9.42,14.46,15.5,11.63,9.25,14.37,0.0
3682,77.0,12.0,27.0,22.08,18.16,15.16,11.04,13.75,10.67,16.08,12.54,11.12,10.54,19.46,0.0
3683,65.0,3.0,11.0,18.96,14.83,19.12,9.83,17.67,13.75,12.42,12.38,10.5,11.34,17.71,0.0
3684,76.0,11.0,19.0,6.21,3.92,5.5,0.54,1.92,0.96,2.17,0.87,0.17,1.21,2.96,1.0
3685,61.0,3.0,10.0,10.63,10.17,9.04,5.13,10.5,7.92,8.79,7.92,8.87,10.5,12.29,1.0
3686,65.0,12.0,19.0,4.96,4.12,6.71,3.63,7.12,4.79,11.71,4.5,6.96,9.92,14.29,0.0
3687,65.0,8.0,11.0,10.83,15.0,11.63,10.54,13.29,9.08,11.08,11.08,9.79,12.38,16.92,0.0
3688,65.0,2.0,21.0,12.38,10.88,17.58,7.0,10.17,5.88,11.83,8.83,7.58,9.59,7.71,1.0
3689,73.0,4.0,4.0,19.62,18.84,20.41,11.67,18.34,14.79,21.54,15.67,18.91,16.83,22.42,0.0
3690,64.0,7.0,9.0,14.58,12.83,10.54,8.29,15.79,10.5,14.5,12.21,13.21,14.46,15.92,0.0
3691,72.0,8.0,30.0,5.37,4.08,9.62,2.67,3.13,0.08,4.88,2.13,2.83,1.25,3.79,1.0
3692,61.0,4.0,21.0,15.34,14.04,15.87,9.79,11.71,8.79,9.5,12.25,9.0,9.87,17.54,1.0
3693,71.0,3.0,3.0,5.04,6.75,8.33,2.67,4.92,1.42,6.38,3.04,4.08,4.58,9.38,1.0
3694,62.0,4.0,25.0,4.04,8.29,4.08,2.04,4.54,3.79,5.83,9.17,4.0,6.25,19.0,1.0
3695,74.0,1.0,24.0,12.79,10.96,9.79,5.79,10.08,7.12,12.04,9.17,10.13,10.21,16.46,0.0
3696,75.0,2.0,10.0,14.25,17.54,10.04,5.33,11.63,7.0,7.0,8.92,8.46,3.5,10.67,1.0
3697,68.0,3.0,25.0,13.83,11.79,12.17,8.46,17.0,11.75,13.67,14.62,12.29,16.62,21.67,0.0
3698,67.0,10.0,1.0,20.08,18.05,18.63,9.38,14.37,11.71,15.34,14.37,11.75,15.92,22.79,0.0
3699,75.0,5.0,14.0,6.87,4.67,9.54,2.71,8.08,4.5,6.21,7.62,6.17,7.46,14.5,1.0
3700,62.0,5.0,10.0,14.92,11.79,9.21,4.08,10.92,5.88,5.96,4.58,3.42,4.04,5.71,1.0
3701,64.0,4.0,5.0,9.62,6.58,10.58,7.25,9.04,3.17,6.58,6.75,4.71,6.87,6.92,1.0
3702,70.0,9.0,5.0,3.37,6.67,7.62,4.83,9.46,7.33,10.34,7.62,9.87,8.58,12.5,0.0
3703,63.0,6.0,10.0,7.58,4.58,8.87,3.58,6.54,4.08,5.75,7.58,7.79,7.21,7.87,1.0
3704,76.0,3.0,25.0,18.46,17.75,18.88,8.96,19.83,10.34,15.29,11.54,15.96,10.96,17.58,0.0
3705,72.0,2.0,19.0,6.58,5.25,7.38,1.5,7.0,0.58,4.33,3.92,3.83,4.12,9.13,1.0
3706,70.0,5.0,13.0,5.37,3.67,6.58,2.92,3.21,3.21,2.54,6.21,2.58,1.75,12.12,1.0
3707,64.0,10.0,17.0,6.83,7.08,4.58,3.04,9.04,5.29,5.58,5.25,3.04,5.54,10.04,1.0
3708,62.0,12.0,19.0,11.25,9.75,8.25,4.79,11.04,8.21,9.87,7.67,8.79,10.58,14.17,0.0
3709,64.0,5.0,18.0,13.5,12.04,14.71,8.79,15.0,9.17,13.46,10.34,10.29,10.34,13.21,1.0
3710,72.0,2.0,14.0,12.46,10.79,9.17,4.21,10.92,6.87,9.21,5.54,7.54,6.63,10.13,1.0
3711,63.0,1.0,20.0,19.0,14.25,20.91,11.0,18.5,15.63,19.62,18.88,15.87,14.5,23.04,0.0
3712,67.0,5.0,5.0,13.21,15.25,16.04,12.0,15.29,11.46,15.29,12.71,14.17,16.5,18.63,0.0
3713,66.0,12.0,24.0,15.92,13.54,11.67,10.17,15.75,9.67,10.67,8.87,10.92,7.38,11.63,0.0
3714,64.0,3.0,11.0,23.63,20.33,19.21,12.67,23.54,15.92,15.16,16.17,12.29,14.5,16.58,0.0
3715,65.0,12.0,21.0,8.92,9.13,7.79,1.29,8.63,5.46,9.42,5.88,5.0,7.33,10.67,1.0
3716,72.0,3.0,14.0,9.79,8.58,9.87,6.17,9.71,8.79,7.75,6.0,8.5,8.5,11.42,1.0
3717,63.0,8.0,27.0,16.71,11.54,10.88,10.37,15.92,12.25,14.62,14.25,13.79,9.92,16.42,1.0
3718,75.0,2.0,12.0,7.46,6.04,9.0,2.62,4.5,2.67,4.67,3.04,3.79,0.92,6.08,1.0
3719,68.0,8.0,31.0,10.41,9.04,9.17,5.41,12.96,6.54,8.42,8.12,8.25,8.54,13.83,0.0
3720,68.0,12.0,11.0,1.96,5.83,6.29,0.75,4.17,1.87,2.29,2.42,0.75,1.33,9.08,1.0
3721,67.0,11.0,1.0,23.42,22.79,15.34,8.79,17.0,12.33,11.29,10.96,10.17,8.87,15.46,0.0
3722,70.0,6.0,2.0,5.37,7.12,5.5,2.75,6.71,4.58,6.5,7.54,4.92,6.08,10.96,1.0
3723,76.0,11.0,3.0,9.21,8.12,6.17,2.96,7.46,7.5,7.54,6.0,8.17,7.92,15.16,0.0
3724,66.0,4.0,3.0,15.63,15.63,11.29,6.21,14.75,7.87,10.58,9.29,8.75,6.96,12.79,1.0
3725,62.0,5.0,22.0,16.96,15.04,12.42,11.67,18.66,13.13,16.0,13.59,13.5,15.83,18.91,0.0
3726,65.0,8.0,14.0,10.41,7.33,9.5,5.46,8.46,5.41,7.12,5.63,5.58,7.5,8.63,1.0
3727,62.0,1.0,25.0,12.92,13.29,12.96,7.75,13.04,10.92,18.29,9.59,13.04,11.54,16.38,1.0
3728,74.0,4.0,13.0,11.34,9.96,20.83,5.09,10.79,4.25,8.0,6.42,7.04,5.83,7.96,1.0
3729,68.0,3.0,11.0,14.25,7.29,9.25,8.67,7.96,6.71,11.34,6.75,9.54,12.62,7.46,1.0
3730,77.0,5.0,9.0,13.54,9.75,9.21,4.83,9.13,6.83,6.58,4.96,5.09,3.71,8.21,1.0
3731,77.0,2.0,23.0,12.54,15.21,20.62,10.25,14.37,14.37,17.92,13.5,14.75,15.37,17.12,0.0
3732,78.0,9.0,5.0,5.83,7.33,4.96,1.5,3.67,6.58,3.25,3.71,6.04,3.13,7.17,1.0
3733,67.0,5.0,13.0,10.79,14.04,18.05,6.42,11.46,9.08,12.67,9.38,8.25,6.63,17.04,1.0
3734,71.0,7.0,10.0,5.71,2.75,6.96,1.83,5.41,1.75,3.83,4.5,4.0,4.04,11.29,1.0
3735,78.0,11.0,23.0,23.16,13.96,18.25,9.83,8.87,7.33,12.25,5.21,9.29,5.58,7.54,1.0
3736,75.0,6.0,28.0,10.54,5.54,13.62,3.71,5.75,5.58,6.04,7.0,9.0,4.33,8.58,1.0
3737,69.0,5.0,7.0,5.83,5.79,9.71,2.71,7.29,1.33,4.71,4.5,2.13,4.08,10.0,1.0
3738,63.0,8.0,11.0,14.0,10.79,7.29,7.54,13.25,8.87,11.25,10.58,11.34,9.25,12.12,1.0
3739,63.0,2.0,23.0,18.58,16.66,14.46,7.04,13.79,10.83,9.33,11.5,6.42,7.67,10.92,1.0
3740,69.0,8.0,18.0,8.38,8.46,9.21,3.71,7.92,5.09,4.92,7.46,6.92,8.21,16.08,1.0
3741,67.0,2.0,7.0,7.12,8.5,16.71,5.71,9.17,4.75,7.96,5.17,4.75,8.58,9.46,1.0
3742,72.0,6.0,22.0,15.75,12.75,11.21,10.5,15.83,12.04,15.29,15.21,15.54,15.04,18.63,0.0
3743,72.0,5.0,19.0,9.79,9.83,13.33,8.42,10.63,8.63,8.87,8.75,9.04,10.37,11.38,1.0
3744,75.0,12.0,7.0,8.33,3.58,6.79,3.25,4.83,2.5,8.87,4.38,6.83,5.96,9.79,0.0
3745,72.0,11.0,9.0,26.83,23.0,21.84,13.29,15.92,13.5,18.29,16.75,15.71,16.33,26.75,0.0
3746,67.0,12.0,17.0,3.71,6.67,3.63,0.42,8.54,1.29,1.63,3.04,0.63,0.71,5.5,1.0
3747,65.0,3.0,8.0,13.0,14.75,7.75,4.58,10.21,6.79,8.46,7.25,5.54,8.83,11.29,1.0
3748,78.0,10.0,1.0,9.5,6.83,10.5,3.88,6.13,4.58,4.21,6.5,6.38,6.54,10.63,1.0
3749,66.0,7.0,1.0,9.42,5.91,7.41,3.54,7.12,4.17,3.71,5.29,5.33,6.87,13.33,0.0
3750,75.0,10.0,31.0,15.25,10.34,15.16,7.41,10.79,7.92,12.46,9.83,11.92,11.34,12.0,0.0
3751,68.0,7.0,30.0,2.79,5.63,8.08,1.63,5.71,0.75,2.96,1.13,2.08,1.04,8.08,1.0
3752,64.0,8.0,22.0,9.33,10.08,10.67,3.96,11.67,8.04,9.42,10.5,8.5,11.67,18.34,0.0
3753,69.0,5.0,3.0,8.08,4.67,5.58,3.79,6.5,2.0,5.71,3.29,3.46,6.5,5.33,0.0
3754,68.0,12.0,21.0,17.12,17.37,13.83,8.63,12.96,9.21,9.42,10.67,9.54,10.71,14.09,0.0
3755,66.0,11.0,9.0,9.0,7.67,6.96,3.17,7.79,4.33,8.71,3.71,7.83,7.38,12.04,0.0
3756,63.0,7.0,23.0,12.29,10.67,12.79,8.83,9.96,7.12,7.87,7.62,7.58,9.46,8.46,1.0
3757,69.0,9.0,26.0,15.83,15.75,14.46,9.0,20.3,11.08,17.12,11.71,14.88,14.04,19.95,0.0
3758,68.0,8.0,4.0,3.63,0.71,11.38,2.62,3.67,1.96,2.71,1.79,2.88,1.58,4.42,1.0
3759,62.0,6.0,8.0,2.54,4.29,5.71,2.92,4.67,3.46,5.41,5.83,4.63,5.5,8.79,1.0
3760,61.0,11.0,5.0,13.33,12.29,11.04,7.33,10.04,8.58,10.79,11.12,9.04,13.29,18.05,0.0
3761,61.0,7.0,28.0,16.08,9.13,10.29,7.33,10.54,7.33,9.67,8.67,9.33,8.87,9.38,1.0
3762,68.0,2.0,16.0,3.92,2.67,4.79,0.79,2.96,1.04,6.17,1.87,2.92,1.13,2.67,1.0
3763,76.0,12.0,2.0,13.08,13.46,9.54,3.33,7.41,6.13,10.0,3.75,4.88,5.04,10.58,1.0
3764,69.0,10.0,5.0,8.79,7.96,11.08,6.5,10.29,5.25,7.25,8.46,7.87,7.62,12.38,1.0
3765,78.0,4.0,29.0,9.96,9.38,16.17,3.67,8.29,3.88,7.25,6.25,6.71,5.25,9.62,0.0
3766,72.0,4.0,7.0,18.34,15.92,15.54,8.96,15.54,10.04,11.67,11.83,12.38,7.79,14.37,1.0
3767,75.0,9.0,15.0,10.37,7.21,10.25,3.25,5.33,2.92,7.75,5.91,6.5,6.46,12.62,0.0
3768,77.0,2.0,10.0,11.75,8.46,10.08,6.34,11.96,9.92,12.25,8.87,10.21,3.58,12.12,0.0
3769,62.0,7.0,20.0,7.92,11.0,10.29,8.33,10.0,6.83,9.17,13.67,6.42,12.33,20.38,0.0
3770,64.0,12.0,21.0,13.29,13.21,27.5,8.12,12.25,5.79,14.37,7.75,8.0,10.88,12.38,0.0
3771,78.0,9.0,7.0,9.79,9.29,7.83,5.25,10.21,11.12,9.21,9.46,9.79,7.08,15.41,1.0
3772,62.0,6.0,1.0,5.88,6.29,8.67,5.21,5.0,4.25,5.91,5.41,4.79,9.25,5.25,1.0
3773,68.0,7.0,13.0,11.79,10.79,9.67,6.83,11.96,6.34,8.08,7.21,7.62,4.63,13.59,1.0
3774,69.0,9.0,5.0,5.96,3.33,6.08,3.0,6.63,1.87,4.92,2.17,3.0,4.42,5.63,1.0
3775,66.0,10.0,5.0,11.79,9.25,11.12,4.12,9.33,4.83,7.58,7.58,6.04,10.0,12.96,0.0
3776,75.0,12.0,30.0,19.17,15.54,18.34,9.04,13.17,11.25,17.79,14.71,16.25,15.71,21.92,0.0
3777,67.0,4.0,25.0,8.71,6.17,6.71,4.75,6.54,3.88,6.83,2.17,5.88,4.92,10.21,1.0
3778,73.0,3.0,16.0,5.21,5.63,8.58,3.58,4.25,1.33,3.17,0.75,3.88,3.46,3.0,1.0
3779,69.0,6.0,2.0,12.83,12.71,11.92,6.34,12.29,10.0,9.62,9.25,9.42,7.46,14.83,1.0
3780,71.0,11.0,27.0,11.63,10.13,8.83,4.5,9.38,7.46,9.62,5.71,8.92,8.33,13.46,0.0
3781,67.0,1.0,25.0,15.54,13.75,14.58,9.29,13.46,8.92,11.79,10.0,9.67,12.25,17.25,0.0
3782,76.0,3.0,1.0,6.13,4.79,3.42,3.21,7.5,2.5,6.5,3.67,5.54,4.04,7.75,1.0
3783,76.0,3.0,7.0,20.25,21.17,17.37,8.33,19.08,10.83,14.33,13.04,12.17,12.71,15.09,0.0
3784,64.0,4.0,4.0,14.12,12.92,24.17,9.87,10.5,7.62,12.75,9.87,6.42,9.25,10.21,1.0
3785,75.0,7.0,3.0,10.83,5.17,6.21,3.58,5.41,2.83,3.96,4.67,6.42,3.37,7.67,1.0
3786,64.0,9.0,24.0,22.67,15.75,20.12,12.67,18.5,13.21,15.04,14.88,13.04,14.62,15.34,1.0
3787,63.0,1.0,26.0,7.67,3.75,7.17,1.38,0.92,0.25,8.38,2.08,2.29,4.79,0.13,1.0
3788,65.0,4.0,18.0,23.42,16.04,11.83,14.58,21.12,15.37,21.87,17.33,19.5,20.33,20.62,0.0
3789,69.0,12.0,7.0,23.04,12.12,13.67,8.58,14.79,9.87,15.54,14.79,16.58,12.33,17.96,0.0
3790,64.0,12.0,20.0,15.87,11.87,26.2,8.46,6.58,3.63,10.21,7.08,5.83,9.96,13.62,0.0
3791,67.0,4.0,2.0,13.08,12.46,9.59,9.71,14.96,9.96,15.09,11.25,12.46,9.87,16.42,0.0
3792,66.0,2.0,20.0,15.21,13.17,15.04,9.79,12.33,8.67,11.92,9.83,7.87,11.75,12.46,0.0
3793,69.0,3.0,26.0,6.21,3.0,14.46,4.88,4.88,2.33,5.37,2.67,4.08,2.92,4.29,1.0
3794,61.0,2.0,20.0,11.04,11.08,10.63,8.33,10.92,8.29,7.25,7.75,8.83,11.08,15.09,1.0
3795,63.0,6.0,15.0,8.92,8.08,8.04,4.5,9.13,6.58,7.17,11.46,7.67,10.54,14.17,1.0
3796,77.0,7.0,8.0,18.08,12.25,13.88,7.04,10.37,7.58,8.42,7.92,8.12,9.0,12.71,1.0
3797,67.0,1.0,31.0,11.38,11.92,12.79,6.17,14.71,10.41,16.17,9.75,12.04,16.17,18.58,0.0
3798,64.0,6.0,16.0,10.63,8.42,11.17,6.54,13.79,8.29,13.21,10.21,10.46,11.25,15.34,1.0
3799,69.0,4.0,12.0,24.75,20.75,16.5,15.0,22.13,12.08,19.04,14.83,17.37,14.29,20.33,0.0
3800,67.0,8.0,18.0,13.88,9.83,13.96,8.29,12.25,7.83,9.83,8.67,8.04,5.37,12.71,1.0
3801,66.0,11.0,19.0,7.46,4.33,9.54,2.29,4.46,0.17,2.92,1.21,2.79,4.08,6.54,1.0
3802,65.0,7.0,28.0,16.21,14.17,14.12,8.5,17.08,9.46,14.09,13.42,11.34,12.79,16.0,0.0
3803,77.0,1.0,20.0,22.37,15.09,22.5,13.88,15.83,16.62,17.12,14.37,16.54,18.5,15.46,0.0
3804,66.0,6.0,4.0,21.21,18.29,19.79,11.08,17.21,12.67,16.54,15.75,13.08,16.88,22.21,0.0
3805,72.0,11.0,22.0,8.71,8.83,7.87,3.88,6.0,3.79,9.96,5.79,7.83,5.66,12.42,0.0
3806,77.0,6.0,18.0,6.21,7.0,13.79,3.25,7.38,6.0,5.54,6.0,4.92,4.29,13.5,1.0
3807,78.0,5.0,25.0,3.92,3.37,5.04,1.08,5.88,3.04,3.92,6.71,3.46,4.46,11.83,1.0
3808,69.0,12.0,20.0,10.5,13.92,10.0,3.58,9.38,9.38,8.75,9.25,7.38,5.83,13.62,0.0
3809,67.0,1.0,26.0,7.08,10.13,8.0,3.29,9.59,7.08,7.75,6.5,5.71,8.04,12.67,1.0
3810,68.0,7.0,16.0,14.0,9.54,8.46,7.17,10.79,6.87,10.04,8.38,8.21,9.87,13.67,0.0
3811,65.0,3.0,30.0,20.71,17.37,11.25,7.87,14.88,12.38,10.83,12.25,9.79,14.5,14.12,0.0
3812,77.0,6.0,3.0,9.62,5.13,6.17,5.71,8.17,5.5,8.5,4.79,4.0,5.71,7.83,1.0
3813,71.0,10.0,31.0,8.63,7.87,9.29,2.92,8.83,7.0,6.21,8.21,6.21,9.08,19.17,0.0
3814,69.0,2.0,25.0,0.67,3.58,4.17,0.67,4.88,0.21,1.08,2.79,1.54,5.21,2.54,1.0
3815,62.0,5.0,31.0,10.88,8.46,20.12,6.58,7.92,5.33,7.83,8.12,6.79,9.83,9.17,1.0
3816,66.0,12.0,8.0,22.54,21.42,14.12,13.42,21.84,16.38,25.12,17.08,19.62,18.25,28.16,0.0
3817,61.0,8.0,21.0,18.16,14.58,14.62,11.67,21.04,15.34,19.0,17.79,17.5,15.46,20.21,0.0
3818,62.0,10.0,21.0,12.0,7.62,11.58,3.13,8.08,5.09,6.34,7.71,4.12,7.83,9.13,1.0
3819,72.0,7.0,11.0,9.5,8.42,9.08,3.58,7.75,4.63,8.04,5.71,7.21,4.63,11.58,1.0
3820,78.0,12.0,15.0,13.13,8.92,16.54,6.92,6.0,4.0,12.67,5.88,7.67,6.08,5.5,0.0
3821,68.0,4.0,7.0,7.17,4.38,14.21,4.17,6.92,3.71,5.71,2.92,2.46,3.75,4.12,1.0
3822,64.0,4.0,14.0,16.88,15.75,15.09,10.08,18.71,12.83,19.04,16.33,14.79,16.54,21.96,0.0
3823,73.0,9.0,8.0,8.5,3.83,6.87,1.04,5.37,1.83,1.83,1.25,2.83,1.79,9.5,1.0
3824,72.0,12.0,31.0,13.83,14.46,15.87,9.75,8.71,11.0,10.67,11.54,11.5,10.75,18.0,0.0
3825,61.0,2.0,6.0,24.5,20.75,20.62,15.37,25.33,17.62,19.17,18.79,18.96,14.46,26.38,0.0
3826,64.0,12.0,13.0,17.54,14.88,13.79,9.67,15.54,10.41,15.71,10.25,12.12,11.79,18.38,0.0
3827,73.0,2.0,8.0,13.7,10.37,9.54,5.21,9.75,5.79,8.79,6.5,8.92,7.41,11.08,1.0
3828,72.0,3.0,1.0,6.21,7.5,6.67,1.96,7.46,3.13,7.38,1.67,4.21,2.37,7.83,1.0
3829,68.0,6.0,19.0,9.75,9.13,8.33,5.04,12.38,4.38,5.41,6.87,4.46,3.88,12.0,1.0
3830,67.0,11.0,8.0,6.58,5.21,9.0,3.67,4.67,1.71,4.46,5.46,3.33,3.46,11.75,1.0
3831,64.0,1.0,22.0,10.37,9.96,8.46,2.67,8.17,3.13,3.0,3.25,2.37,4.71,7.62,1.0
3832,74.0,2.0,14.0,22.21,19.46,18.71,8.33,15.37,11.21,11.96,11.58,14.09,13.04,14.46,0.0
3833,77.0,10.0,31.0,13.25,15.83,9.13,5.79,11.21,8.21,11.75,8.42,9.87,8.42,16.71,0.0
3834,70.0,2.0,10.0,10.88,7.79,8.33,4.96,8.42,6.04,10.83,5.83,7.92,4.92,9.92,1.0
3835,64.0,6.0,1.0,18.5,16.08,26.12,10.46,16.33,13.29,17.37,15.96,13.46,13.42,19.29,0.0
3836,66.0,8.0,17.0,8.38,9.92,10.79,4.71,6.34,4.29,7.0,3.67,5.21,4.0,9.08,1.0
3837,68.0,1.0,9.0,17.67,16.62,20.17,10.13,14.71,7.92,14.88,10.37,10.96,8.54,11.42,0.0
3838,76.0,6.0,1.0,13.04,8.83,10.79,7.21,10.83,6.96,12.92,8.25,9.96,10.92,11.34,1.0
3839,72.0,2.0,4.0,13.04,9.67,12.79,3.58,8.08,6.25,6.04,4.54,6.5,4.96,10.17,1.0
3840,68.0,2.0,19.0,11.96,7.08,13.88,2.83,7.62,1.79,3.0,4.04,1.63,4.92,3.92,1.0
3841,66.0,5.0,6.0,27.25,19.7,19.12,15.75,20.79,13.75,16.0,14.42,12.92,15.92,19.7,0.0
3842,66.0,11.0,27.0,17.33,15.92,12.46,8.42,14.12,10.5,16.75,11.42,12.17,14.09,20.38,0.0
3843,68.0,7.0,23.0,8.83,6.87,13.59,6.71,8.83,5.25,7.04,7.46,6.21,8.58,11.92,1.0
3844,77.0,11.0,15.0,23.21,17.83,13.54,12.5,16.13,11.83,18.79,14.54,13.54,14.21,22.21,0.0
3845,68.0,4.0,15.0,16.08,14.25,10.63,8.75,14.37,9.71,11.17,12.96,9.96,10.29,13.67,0.0
3846,73.0,6.0,1.0,14.92,11.34,10.54,5.25,11.21,7.79,8.12,9.54,8.71,9.67,16.46,0.0
3847,62.0,9.0,13.0,7.96,8.42,6.29,4.21,9.46,4.96,6.13,4.83,3.17,5.29,6.92,1.0
3848,63.0,3.0,10.0,13.13,9.59,13.21,9.42,13.7,11.46,17.33,11.92,14.29,11.67,12.71,1.0
3849,61.0,5.0,27.0,10.92,6.79,6.46,5.41,10.0,5.25,4.92,7.04,7.29,8.25,10.46,1.0
3850,74.0,5.0,25.0,6.21,6.96,10.37,3.54,7.71,2.29,1.58,8.63,5.04,6.96,10.17,1.0
3851,73.0,10.0,4.0,11.42,7.67,12.42,4.29,7.33,4.79,3.88,6.96,5.63,5.13,7.62,1.0
3852,63.0,12.0,17.0,9.59,9.71,9.13,3.42,6.04,4.75,6.42,5.54,3.21,3.25,6.38,1.0
3853,66.0,8.0,23.0,4.96,4.25,8.71,1.87,4.75,0.71,3.21,2.0,1.67,3.67,4.08,1.0
3854,66.0,1.0,20.0,9.71,3.96,16.58,4.46,5.5,5.33,12.33,5.96,9.13,9.13,7.83,0.0
3855,78.0,4.0,14.0,10.04,4.42,9.71,5.46,5.71,4.96,9.46,5.54,6.83,8.71,5.58,1.0
3856,69.0,3.0,1.0,9.0,6.75,13.33,4.42,8.92,4.04,8.67,6.5,7.17,5.66,6.34,1.0
3857,76.0,7.0,11.0,11.92,9.29,9.21,6.83,11.0,8.46,9.33,5.54,10.41,9.08,10.37,0.0
3858,63.0,7.0,25.0,15.12,10.75,8.96,7.71,11.71,8.42,11.0,10.75,10.37,11.0,13.88,1.0
3859,61.0,1.0,20.0,9.59,11.83,7.96,1.58,7.92,5.0,3.17,4.92,3.13,3.37,6.5,1.0
3860,78.0,5.0,6.0,10.46,5.75,8.33,3.83,4.46,3.29,5.41,2.92,3.96,3.79,3.29,1.0
3861,73.0,12.0,29.0,21.12,18.58,20.12,12.08,16.0,14.0,16.33,15.96,16.13,18.34,24.54,0.0
3862,75.0,3.0,19.0,11.58,8.92,18.34,5.41,8.58,4.46,9.62,5.91,6.58,6.5,8.25,1.0
3863,62.0,2.0,24.0,13.92,8.58,21.37,8.79,11.75,9.29,18.12,10.13,11.0,9.33,11.46,1.0
3864,61.0,2.0,11.0,16.79,14.0,13.7,9.54,15.83,13.29,17.5,15.5,15.83,14.33,21.17,0.0
3865,62.0,11.0,28.0,6.17,1.5,6.04,1.63,2.46,0.33,4.88,1.0,1.58,3.04,6.34,1.0
3866,66.0,7.0,4.0,2.58,4.08,6.25,1.42,4.12,1.08,1.46,0.96,3.37,3.0,7.67,1.0
3867,77.0,11.0,22.0,16.29,10.63,12.21,6.08,8.42,8.0,13.46,9.17,9.83,10.63,14.92,0.0
3868,67.0,1.0,29.0,26.54,23.79,20.71,17.92,21.59,15.04,13.13,18.38,15.54,20.54,25.92,0.0
3869,70.0,2.0,2.0,19.33,18.12,9.83,8.75,14.92,9.38,13.96,11.87,13.08,13.62,22.83,0.0
3870,72.0,5.0,24.0,22.67,21.46,18.08,10.04,20.54,12.12,13.33,17.88,15.21,15.92,27.16,0.0
3871,66.0,1.0,9.0,13.42,17.46,16.46,10.58,13.7,10.83,13.37,12.12,9.5,13.25,15.21,0.0
3872,77.0,8.0,24.0,13.62,9.25,17.0,6.54,8.83,11.0,16.29,6.04,10.83,12.58,8.83,0.0
3873,63.0,5.0,28.0,3.63,5.91,13.83,4.63,7.75,3.71,5.63,5.17,3.67,4.21,5.04,1.0
3874,70.0,3.0,30.0,18.88,18.79,13.54,9.71,16.92,11.58,19.0,14.29,15.59,12.17,18.75,0.0
3875,61.0,4.0,14.0,10.5,6.17,4.5,5.0,8.67,5.0,4.29,4.5,5.71,7.79,8.5,1.0
3876,73.0,12.0,19.0,17.29,14.5,23.29,9.5,11.71,10.88,18.25,9.83,13.96,14.25,7.87,0.0
3877,76.0,5.0,20.0,14.17,8.63,8.25,6.79,10.71,6.25,8.38,6.17,8.42,7.04,12.54,1.0
3878,67.0,2.0,24.0,24.41,19.17,20.96,14.79,18.63,13.54,15.09,14.67,13.83,18.84,21.71,0.0
3879,74.0,2.0,18.0,10.17,14.71,5.17,2.29,8.54,4.46,3.58,3.79,5.25,4.08,9.54,1.0
3880,61.0,10.0,22.0,25.04,18.88,21.0,16.08,22.25,14.92,17.58,14.42,15.87,15.59,17.29,0.0
3881,78.0,12.0,26.0,13.83,11.87,10.34,2.37,6.96,4.29,1.96,3.79,3.04,3.08,4.79,1.0
3882,69.0,3.0,12.0,9.29,8.92,12.04,7.83,11.21,6.04,11.58,14.79,12.0,13.46,17.04,0.0
3883,68.0,2.0,3.0,13.33,12.21,9.59,6.13,8.33,4.42,9.29,6.0,7.25,5.54,13.46,1.0
3884,78.0,6.0,30.0,9.83,7.71,9.42,5.91,10.0,7.87,9.17,8.71,9.04,7.58,12.46,1.0
3885,61.0,4.0,7.0,8.21,7.04,13.75,3.75,6.0,5.0,5.33,4.0,5.66,3.67,7.62,1.0
3886,62.0,9.0,22.0,4.88,5.25,6.29,2.21,5.88,4.33,6.58,6.08,4.29,7.5,14.29,0.0
3887,77.0,11.0,13.0,15.25,13.96,11.54,8.75,14.29,10.96,16.21,13.25,13.54,13.21,18.75,0.0
3888,74.0,2.0,15.0,16.58,10.71,17.04,8.04,11.12,8.08,11.83,8.04,11.34,12.0,5.13,0.0
3889,69.0,8.0,21.0,16.42,9.79,9.46,9.04,11.0,8.54,10.21,6.38,10.41,12.17,11.42,0.0
3890,71.0,10.0,25.0,10.21,10.0,10.63,2.08,8.33,5.79,7.12,4.63,6.63,3.88,8.75,1.0
3891,69.0,5.0,17.0,12.67,12.75,9.75,6.75,11.58,6.87,6.71,6.17,6.25,8.71,12.08,1.0
3892,69.0,1.0,2.0,2.62,0.54,6.71,2.88,5.63,1.13,7.75,1.87,5.83,5.41,8.17,1.0
3893,70.0,3.0,11.0,19.12,17.96,10.71,9.08,17.79,11.17,16.88,14.37,16.33,14.96,21.12,0.0
3894,74.0,3.0,20.0,11.29,9.92,5.63,5.17,8.21,3.54,4.92,6.54,5.25,4.88,6.25,1.0
3895,65.0,7.0,13.0,9.42,5.88,10.21,3.88,5.83,3.92,4.5,7.67,5.33,7.25,11.29,0.0
3896,72.0,8.0,2.0,14.88,10.46,8.25,7.25,10.08,5.13,11.5,8.33,10.71,10.17,13.08,0.0
3897,70.0,12.0,28.0,12.46,6.54,13.5,6.29,7.0,2.58,7.21,4.33,6.87,5.0,3.0,1.0
3898,68.0,10.0,2.0,14.83,14.75,15.75,7.25,10.79,7.62,14.0,10.71,10.79,9.0,13.29,0.0
3899,69.0,4.0,6.0,18.66,5.37,18.38,6.21,9.42,7.41,13.75,10.67,13.62,8.92,11.29,1.0
3900,73.0,3.0,10.0,12.83,15.71,6.87,3.17,10.21,4.08,3.79,4.96,4.17,2.42,4.42,1.0
3901,67.0,4.0,28.0,5.66,5.29,8.87,6.92,7.87,5.37,6.46,5.75,5.71,5.71,5.04,1.0
3902,65.0,12.0,10.0,21.87,21.34,11.38,11.21,16.17,8.63,14.29,8.71,10.71,9.0,12.04,0.0
3903,66.0,11.0,13.0,11.5,8.58,11.96,5.63,7.92,7.5,11.42,7.83,7.33,11.67,16.33,0.0
3904,61.0,10.0,18.0,28.33,18.29,22.63,17.83,18.08,11.96,21.84,17.33,16.17,26.38,24.21,0.0
3905,63.0,5.0,25.0,8.38,8.12,12.33,7.29,8.63,8.04,8.38,8.04,6.71,7.58,14.54,1.0
3906,77.0,1.0,16.0,8.04,5.5,6.46,1.29,3.63,1.67,7.17,1.75,2.79,4.0,3.54,1.0
3907,64.0,5.0,21.0,14.75,13.75,14.58,6.96,13.08,8.87,6.96,12.5,7.79,12.42,20.33,1.0
3908,73.0,8.0,30.0,12.5,11.21,9.25,6.42,11.04,7.21,10.41,7.54,8.87,8.33,14.21,0.0
3909,75.0,8.0,21.0,13.42,9.87,8.25,4.33,10.0,5.71,8.42,7.5,8.5,7.21,12.29,0.0
3910,64.0,9.0,17.0,12.0,10.41,7.96,6.42,12.62,7.75,9.29,7.21,8.38,9.67,12.42,0.0
3911,77.0,7.0,14.0,4.79,2.46,8.46,2.75,4.42,2.67,6.17,0.37,3.79,2.5,4.5,1.0
3912,72.0,2.0,23.0,15.29,8.67,17.54,5.83,8.87,7.87,14.12,8.21,11.34,7.33,8.63,1.0
3913,62.0,7.0,14.0,5.88,6.42,9.59,4.25,7.25,5.71,8.0,9.71,9.33,8.46,11.12,1.0
3914,77.0,6.0,5.0,17.79,11.75,11.17,7.75,15.92,10.41,13.04,9.17,10.54,11.46,14.09,0.0
3915,66.0,8.0,25.0,10.58,12.96,7.33,4.12,10.21,3.79,6.38,7.29,7.21,8.0,12.92,1.0
3916,66.0,11.0,10.0,4.29,5.09,4.42,0.63,5.54,3.54,6.75,1.54,3.33,4.71,6.83,1.0
3917,61.0,5.0,16.0,15.04,10.17,15.25,5.17,12.92,6.79,8.38,11.12,9.46,9.17,12.0,1.0
3918,61.0,4.0,13.0,15.5,9.29,15.79,9.71,7.29,7.17,8.0,4.75,7.87,7.58,7.17,1.0
3919,78.0,7.0,22.0,19.58,17.88,17.08,10.29,15.37,13.88,13.83,17.12,14.09,14.04,24.17,0.0
3920,62.0,6.0,30.0,6.5,5.13,4.33,5.13,5.54,3.71,7.12,7.33,6.63,8.71,5.5,1.0
3921,73.0,6.0,23.0,10.29,5.04,7.92,4.58,5.71,3.04,4.5,3.04,4.29,3.37,6.5,1.0
3922,74.0,1.0,5.0,24.46,13.5,20.25,13.33,13.13,11.79,12.62,10.29,16.46,17.92,17.46,0.0
3923,74.0,9.0,23.0,27.0,25.08,19.7,10.54,16.62,9.59,11.17,12.92,11.0,10.04,18.46,0.0
3924,70.0,11.0,23.0,25.12,14.0,23.58,12.96,10.54,11.08,12.0,11.08,13.25,10.29,13.92,0.0
3925,78.0,10.0,11.0,15.41,10.25,12.83,10.96,11.29,12.17,11.29,11.17,14.62,15.37,14.25,0.0
3926,63.0,8.0,23.0,18.21,15.54,16.33,8.54,17.92,12.54,13.13,12.58,12.17,14.88,17.16,0.0
3927,69.0,4.0,28.0,16.75,13.62,8.0,7.58,13.7,6.25,6.17,8.25,7.75,7.75,12.5,1.0
3928,70.0,12.0,22.0,10.41,4.12,11.42,2.33,6.17,0.75,5.96,3.13,4.54,6.08,6.13,1.0
3929,72.0,2.0,9.0,10.71,8.75,9.13,3.5,9.87,6.79,7.83,7.5,7.92,11.34,17.88,0.0
3930,64.0,11.0,13.0,20.54,19.92,18.12,10.34,15.87,12.04,16.13,15.21,11.71,15.92,24.04,0.0
3931,75.0,6.0,22.0,5.75,3.21,6.13,2.25,4.71,1.63,2.5,6.38,2.67,3.63,7.0,1.0
3932,62.0,5.0,26.0,5.91,8.79,17.04,5.83,8.08,4.42,7.46,8.5,4.67,6.92,14.42,1.0
3933,72.0,8.0,26.0,8.04,1.42,9.54,1.25,2.17,1.38,6.71,2.54,6.0,3.54,5.79,1.0
3934,77.0,4.0,10.0,17.33,12.83,9.96,9.13,11.67,10.21,13.83,8.33,9.83,10.0,12.46,0.0
3935,67.0,8.0,9.0,10.25,9.0,8.38,5.54,9.67,6.42,4.5,8.79,7.54,5.79,12.04,1.0
3936,61.0,10.0,13.0,10.25,10.34,7.92,6.58,11.29,8.67,9.92,5.96,6.46,7.38,12.5,1.0
3937,66.0,2.0,14.0,21.67,20.41,16.88,10.67,22.29,13.37,12.42,17.29,11.0,13.0,20.96,0.0
3938,73.0,4.0,5.0,12.17,14.21,10.79,8.54,13.67,11.71,17.0,17.62,16.66,15.29,22.25,0.0
3939,73.0,3.0,8.0,14.29,18.16,8.79,4.67,10.96,6.63,5.21,8.83,7.41,7.87,12.75,1.0
3940,75.0,4.0,29.0,14.17,16.5,10.34,8.17,16.42,9.83,12.96,11.96,12.83,13.25,19.33,0.0
3941,68.0,9.0,1.0,5.41,3.46,7.46,3.08,6.42,2.17,4.0,3.96,2.04,3.04,7.41,1.0
3942,72.0,2.0,7.0,5.09,5.66,7.08,0.5,5.13,2.5,3.33,0.46,2.37,0.67,5.09,1.0
3943,68.0,8.0,24.0,9.04,7.04,18.75,7.17,7.46,4.12,8.46,6.08,6.38,4.75,9.13,1.0
3944,78.0,2.0,27.0,16.29,13.88,13.21,5.5,10.25,6.79,6.29,10.25,7.92,6.38,6.83,1.0
3945,72.0,2.0,26.0,11.17,11.25,10.58,5.46,9.96,6.92,8.29,7.17,7.29,8.33,11.42,1.0
3946,78.0,8.0,29.0,12.0,6.17,9.59,4.25,5.25,5.5,6.92,3.17,7.75,5.54,9.29,1.0
3947,74.0,10.0,4.0,16.46,13.17,15.87,7.75,10.0,7.33,10.17,9.75,8.08,11.0,15.71,0.0
3948,72.0,7.0,14.0,2.75,3.96,4.5,1.21,3.17,1.0,2.5,2.92,2.88,0.67,9.08,1.0
3949,77.0,3.0,28.0,12.17,8.38,21.34,5.91,6.38,5.37,10.13,5.04,6.34,9.33,6.58,1.0
3950,71.0,11.0,10.0,7.75,2.92,10.5,1.42,4.92,1.87,6.21,1.63,4.67,3.25,8.33,1.0
3951,70.0,5.0,14.0,3.33,5.63,5.17,1.21,4.25,1.71,3.25,6.42,4.54,4.25,9.71,1.0
3952,74.0,2.0,9.0,21.67,20.3,16.38,9.08,15.12,9.67,14.17,10.96,13.33,12.17,18.5,0.0
3953,67.0,8.0,23.0,4.33,5.21,4.25,1.42,4.04,1.33,3.92,4.75,1.87,1.25,10.08,1.0
3954,78.0,12.0,24.0,8.67,5.63,12.12,4.79,5.09,5.91,12.25,9.25,10.83,11.71,11.92,0.0
3955,72.0,7.0,20.0,2.13,3.08,10.25,2.33,5.46,1.63,3.67,5.21,3.79,1.71,12.0,1.0
3956,77.0,11.0,7.0,21.17,17.16,19.33,10.21,14.88,12.21,19.33,9.04,12.83,11.21,16.71,0.0
3957,65.0,11.0,23.0,14.83,13.5,13.04,10.25,14.46,11.46,20.0,11.92,13.25,16.75,18.96,0.0
3958,73.0,5.0,26.0,6.04,7.79,8.08,4.79,7.33,5.88,5.09,6.58,6.67,5.54,9.25,1.0
3959,70.0,10.0,17.0,3.63,4.12,4.21,2.04,5.41,4.67,5.88,7.33,5.75,6.04,13.75,0.0
3960,74.0,5.0,18.0,9.87,7.25,8.33,2.79,6.34,3.04,2.67,7.0,5.09,3.58,10.96,1.0
3961,72.0,6.0,12.0,10.04,13.92,3.63,2.37,8.21,5.46,4.71,7.83,5.21,6.83,10.83,1.0
3962,71.0,2.0,6.0,3.58,1.17,5.25,0.37,2.83,0.42,2.83,0.83,0.83,1.96,6.38,1.0
3963,65.0,5.0,8.0,18.63,16.58,20.5,12.58,18.91,15.0,17.46,15.83,15.87,18.16,24.46,0.0
3964,71.0,5.0,26.0,8.29,7.29,8.75,4.79,9.71,5.58,7.46,6.96,8.04,7.83,12.96,0.0
3965,62.0,1.0,7.0,12.62,11.04,11.34,3.54,11.75,8.04,14.29,8.42,8.63,13.75,18.88,0.0
3966,69.0,6.0,11.0,5.04,4.25,11.21,3.88,5.25,5.41,3.29,1.29,4.63,2.04,3.83,1.0
3967,78.0,11.0,12.0,20.41,18.88,14.17,10.41,15.5,10.08,14.96,13.5,14.25,15.59,22.63,0.0
3968,66.0,4.0,17.0,15.71,14.29,12.58,5.54,11.58,9.5,10.71,13.67,11.0,10.0,16.92,0.0
3969,78.0,2.0,24.0,18.71,17.08,16.71,12.17,13.88,12.71,14.92,15.5,13.92,13.42,19.04,0.0
3970,75.0,5.0,9.0,16.66,15.41,13.67,7.0,14.09,8.08,7.41,12.96,11.25,13.17,13.92,0.0
3971,61.0,5.0,3.0,11.0,10.92,12.87,8.67,10.58,8.42,9.5,10.04,9.62,9.42,15.46,1.0
3972,73.0,1.0,5.0,6.42,6.79,6.25,1.33,3.29,1.0,2.71,1.79,3.13,0.58,3.67,1.0
3973,77.0,1.0,4.0,20.12,15.92,18.91,6.75,10.25,11.83,15.41,14.09,12.83,14.71,20.5,0.0
3974,74.0,5.0,26.0,6.67,6.54,3.21,3.42,6.08,1.92,2.37,5.37,4.25,5.09,6.54,1.0
3975,70.0,4.0,21.0,20.5,20.91,17.67,10.17,20.83,14.5,14.58,9.96,14.75,9.13,13.42,1.0
3976,78.0,7.0,6.0,18.21,10.71,13.08,9.83,10.54,10.17,11.79,11.25,11.54,13.92,12.54,0.0
3977,73.0,12.0,14.0,19.12,11.71,15.16,10.58,13.79,8.67,14.29,8.17,12.04,14.83,12.33,0.0
3978,72.0,1.0,31.0,22.5,22.29,19.08,8.0,20.96,14.5,12.5,14.33,11.5,10.25,20.41,0.0
3979,63.0,8.0,21.0,9.38,10.67,10.58,7.04,9.59,7.38,9.46,8.21,9.79,8.38,10.37,1.0
3980,64.0,2.0,12.0,20.96,15.63,14.09,9.0,15.63,11.12,9.67,14.42,8.92,10.04,17.46,0.0
3981,68.0,11.0,3.0,11.42,6.63,18.21,6.5,6.04,1.0,9.59,4.54,4.83,4.63,8.08,1.0
3982,76.0,7.0,28.0,7.58,6.38,8.25,4.38,7.62,4.42,5.5,6.08,7.08,6.71,10.79,1.0
3983,77.0,3.0,3.0,11.12,12.5,12.92,7.29,11.21,10.25,16.71,11.96,14.79,14.29,18.25,0.0
3984,69.0,4.0,21.0,13.33,12.04,15.34,7.71,13.0,7.71,12.83,13.13,10.08,13.17,19.62,0.0
3985,69.0,9.0,27.0,7.41,6.42,6.83,2.04,7.08,4.0,6.46,5.75,6.17,5.09,14.29,0.0
3986,62.0,5.0,16.0,20.17,16.42,16.08,14.62,23.5,16.0,23.25,19.95,20.0,20.04,23.42,0.0
3987,72.0,3.0,6.0,23.38,13.83,23.16,12.92,18.58,15.16,18.41,13.88,14.46,14.0,16.92,0.0
3988,61.0,10.0,2.0,14.09,8.67,13.54,8.54,9.62,9.42,8.71,9.0,10.58,12.12,7.58,0.0
3989,76.0,12.0,22.0,12.25,9.04,12.0,4.88,9.92,8.63,9.71,8.79,8.21,10.08,10.67,0.0
3990,75.0,11.0,12.0,17.04,14.12,16.04,5.79,11.96,8.58,9.71,8.67,7.58,5.79,7.92,1.0
3991,64.0,6.0,26.0,6.21,7.5,6.17,3.29,8.58,5.41,8.0,12.08,7.92,11.5,19.62,1.0
3992,63.0,9.0,17.0,4.67,7.96,5.46,2.33,5.79,2.5,7.83,8.25,4.54,7.29,13.62,1.0
3993,70.0,6.0,10.0,6.54,2.46,5.96,1.58,6.13,1.33,1.63,2.33,1.5,1.79,4.04,1.0
3994,65.0,2.0,1.0,15.83,9.71,15.29,5.0,9.29,6.96,8.63,7.96,6.79,5.17,9.5,1.0
3995,72.0,6.0,15.0,10.71,8.75,5.46,5.09,7.71,4.33,6.92,6.38,5.5,6.25,8.42,1.0
3996,65.0,8.0,2.0,11.29,7.92,11.75,4.58,8.38,5.17,7.71,5.75,4.58,6.92,11.46,1.0
3997,75.0,7.0,11.0,7.83,7.58,8.79,4.33,7.75,5.0,9.13,6.67,7.96,4.58,6.67,1.0
3998,65.0,4.0,7.0,9.04,6.34,8.63,3.5,7.62,5.21,8.08,7.96,6.67,8.63,12.08,1.0
3999,66.0,1.0,11.0,18.34,15.29,21.67,10.21,17.25,12.54,19.55,14.96,12.17,14.88,19.67,0.0
4000,77.0,8.0,27.0,19.38,11.08,17.83,8.0,9.13,8.38,10.54,5.66,7.17,7.08,10.0,1.0
4001,70.0,11.0,9.0,14.83,9.62,9.59,6.63,12.25,9.08,15.75,10.34,14.5,13.17,15.83,0.0
4002,76.0,8.0,16.0,5.46,3.75,5.96,1.38,2.75,2.42,1.87,0.67,2.79,1.25,3.08,1.0
4003,74.0,4.0,14.0,9.38,5.5,18.46,4.21,8.29,5.0,6.75,7.58,7.17,3.5,8.17,1.0
4004,71.0,6.0,13.0,10.88,8.63,9.83,3.33,7.71,3.17,3.88,5.75,4.0,4.63,11.34,0.0
4005,70.0,10.0,2.0,25.29,17.54,15.09,15.25,22.13,14.88,20.62,17.79,20.33,19.12,25.41,0.0
4006,72.0,4.0,15.0,7.83,5.88,8.46,4.92,8.5,3.96,9.5,4.88,8.21,6.08,10.34,1.0
4007,63.0,6.0,6.0,4.04,3.08,4.0,3.71,4.54,2.54,6.29,6.08,7.0,9.21,6.79,1.0
4008,64.0,4.0,16.0,10.37,7.12,10.67,5.88,9.92,6.58,9.17,7.5,4.96,8.42,11.75,1.0
4009,67.0,12.0,9.0,17.83,13.75,19.04,8.42,9.25,5.04,12.29,9.54,8.92,5.83,19.75,0.0
4010,73.0,5.0,13.0,13.17,11.12,12.33,5.91,9.38,6.96,7.96,7.0,8.21,9.04,8.96,1.0
4011,76.0,4.0,8.0,7.54,3.54,7.87,2.62,4.5,2.04,7.21,4.25,5.79,5.58,8.54,1.0
4012,62.0,6.0,13.0,9.46,13.96,11.71,7.29,10.5,7.96,9.62,14.04,7.92,11.63,23.29,0.0
4013,65.0,9.0,6.0,5.75,5.04,2.79,1.25,5.33,0.92,3.96,2.62,1.0,3.21,6.67,1.0
4014,67.0,1.0,6.0,11.08,8.67,7.33,3.63,8.92,6.25,10.63,4.42,7.75,8.0,9.92,1.0
4015,71.0,5.0,19.0,8.5,3.08,5.71,2.42,3.25,1.38,1.54,2.88,3.0,2.33,6.67,1.0
4016,66.0,9.0,23.0,8.54,9.92,5.91,1.42,7.5,2.33,3.63,3.71,4.5,5.25,7.79,1.0
4017,71.0,9.0,23.0,4.92,5.04,4.46,1.04,3.92,2.04,6.0,4.21,4.63,4.58,10.75,1.0
4018,67.0,9.0,5.0,27.63,22.79,20.04,16.46,23.71,17.33,22.34,18.16,19.12,18.71,23.79,0.0
4019,69.0,1.0,26.0,20.54,17.41,16.71,13.21,16.17,9.38,12.33,11.58,11.75,14.88,14.92,0.0
4020,75.0,3.0,10.0,15.29,13.83,19.0,7.04,10.83,8.33,12.96,11.08,10.46,11.92,16.92,0.0
4021,75.0,5.0,28.0,12.25,6.67,24.54,4.83,9.92,7.83,6.87,9.59,9.67,5.79,11.58,1.0
4022,76.0,12.0,31.0,8.67,8.83,9.38,3.67,5.37,4.58,7.92,1.79,4.46,4.38,6.38,0.0
4023,61.0,4.0,23.0,12.21,7.87,7.96,9.67,11.17,10.0,10.71,10.41,11.87,10.63,10.83,1.0
4024,62.0,6.0,24.0,19.67,13.67,14.09,12.21,17.71,14.88,25.29,19.0,19.62,20.41,20.3,0.0
4025,73.0,7.0,12.0,5.96,5.91,6.75,2.88,8.25,4.58,5.54,6.25,6.34,4.63,12.92,1.0
4026,72.0,4.0,28.0,14.79,10.92,12.92,6.75,12.33,8.29,13.0,11.96,11.38,12.46,19.08,0.0
4027,61.0,6.0,23.0,5.71,4.21,7.79,5.29,11.58,7.33,14.21,7.38,11.46,11.63,14.96,0.0
4028,77.0,9.0,22.0,8.92,11.42,7.0,1.87,7.54,3.29,5.0,3.67,4.83,4.08,8.63,1.0
4029,71.0,11.0,3.0,14.04,12.38,14.71,6.34,9.92,8.08,9.0,11.54,7.83,10.37,22.42,0.0
4030,62.0,8.0,25.0,13.25,11.54,10.88,8.33,12.17,8.63,15.5,11.04,10.67,11.12,16.5,0.0
4031,67.0,9.0,14.0,3.71,5.17,7.33,1.29,3.37,1.13,1.83,2.54,2.54,3.17,6.71,1.0
4032,61.0,6.0,26.0,13.13,11.42,7.62,7.08,12.42,5.96,8.38,7.75,9.67,10.04,10.83,1.0
4033,72.0,9.0,27.0,4.63,5.63,3.42,1.0,2.25,1.17,3.5,2.17,1.71,0.46,4.71,1.0
4034,64.0,9.0,11.0,10.21,5.66,9.42,6.87,8.96,7.5,10.75,9.33,9.54,12.12,12.67,0.0
4035,66.0,7.0,29.0,17.92,12.29,9.13,9.46,15.67,10.71,10.71,11.46,13.25,10.88,15.67,0.0
4036,72.0,4.0,10.0,21.54,22.29,15.12,14.33,26.58,15.59,18.16,21.04,17.96,12.83,25.5,0.0
4037,65.0,5.0,29.0,8.21,6.67,20.79,5.79,7.58,5.37,8.5,8.12,4.17,8.33,14.37,1.0
4038,74.0,10.0,7.0,25.08,18.12,17.96,10.25,13.88,8.87,12.67,12.92,9.33,9.87,20.0,0.0
4039,68.0,12.0,21.0,17.12,17.37,13.83,8.63,12.96,9.21,9.42,10.67,9.54,10.71,14.09,0.0
4040,71.0,12.0,6.0,5.29,4.04,4.46,1.04,4.67,2.79,5.96,3.75,3.75,5.75,10.63,0.0
4041,73.0,7.0,25.0,9.5,8.71,7.29,3.83,7.0,4.08,4.79,3.42,5.75,6.08,8.25,1.0
4042,73.0,10.0,5.0,8.75,3.46,11.42,3.71,6.17,4.67,6.38,5.41,7.17,5.33,5.09,1.0
4043,73.0,3.0,21.0,7.5,11.96,6.96,5.21,9.08,6.71,7.12,7.5,7.17,6.42,18.75,1.0
4044,71.0,12.0,18.0,26.5,20.25,20.0,15.09,17.58,14.21,14.62,14.21,16.29,17.29,28.04,0.0
4045,61.0,6.0,8.0,12.17,8.87,8.17,6.92,11.92,7.46,9.54,9.59,10.58,10.37,11.21,0.0
4046,72.0,3.0,10.0,10.25,6.5,18.29,6.63,6.58,5.5,11.17,4.75,9.13,7.67,7.38,1.0
4047,76.0,3.0,30.0,14.29,12.83,12.21,9.17,16.71,8.5,15.63,13.54,15.12,13.79,17.41,0.0
4048,74.0,7.0,25.0,9.92,8.92,9.67,4.33,9.46,6.17,7.87,9.33,6.75,5.79,11.92,1.0
4049,78.0,12.0,14.0,17.21,19.75,12.71,5.83,13.79,7.33,8.83,5.71,7.96,3.37,5.21,1.0
4050,69.0,11.0,16.0,19.87,20.71,20.83,9.13,12.12,9.67,11.96,12.33,10.92,9.92,21.0,0.0
4051,73.0,11.0,7.0,12.33,13.92,11.83,5.96,13.42,9.46,10.46,10.96,12.17,11.58,18.38,0.0
4052,68.0,2.0,9.0,6.29,3.04,9.75,1.79,5.0,1.46,3.88,3.71,2.5,2.79,8.63,1.0
4053,66.0,9.0,30.0,5.13,4.92,2.25,2.17,6.08,2.04,2.33,3.0,2.08,5.5,8.83,1.0
4054,74.0,5.0,4.0,8.87,3.37,17.58,5.41,7.46,7.41,12.92,10.88,8.63,9.33,11.87,1.0
4055,66.0,5.0,27.0,11.67,5.09,10.67,4.58,4.83,4.63,8.17,5.25,7.25,6.71,7.0,1.0
4056,71.0,12.0,24.0,18.46,15.25,16.38,7.83,12.29,11.96,16.42,14.92,13.62,15.67,27.84,0.0
4057,68.0,11.0,9.0,19.5,18.5,14.62,7.62,17.71,14.88,9.87,15.63,10.63,11.0,18.88,0.0
4058,62.0,3.0,12.0,6.54,4.42,14.62,4.75,8.0,5.29,7.71,6.58,6.38,6.17,8.67,1.0
4059,73.0,2.0,2.0,4.0,3.54,4.29,1.63,2.62,0.37,4.25,2.58,3.92,2.96,6.21,1.0
4060,68.0,12.0,24.0,13.59,18.0,9.83,3.42,13.46,5.91,9.42,8.79,8.08,7.29,13.0,0.0
4061,68.0,3.0,10.0,16.46,7.92,10.46,9.17,9.62,8.71,11.08,9.0,11.71,14.21,11.17,0.0
4062,77.0,1.0,13.0,26.92,19.12,24.96,14.09,18.46,13.59,17.04,12.62,12.58,14.17,13.79,0.0
4063,76.0,5.0,14.0,21.0,16.54,17.83,11.0,13.92,11.12,13.37,11.29,15.63,16.29,23.33,0.0
4064,64.0,11.0,4.0,11.42,11.92,19.87,6.38,9.62,5.46,9.67,7.29,6.25,6.17,4.88,1.0
4065,76.0,1.0,2.0,29.2,25.29,20.25,15.46,23.58,14.88,18.96,17.25,17.62,18.29,24.71,0.0
4066,67.0,6.0,25.0,13.04,6.54,14.46,6.79,13.08,8.58,6.21,9.59,5.66,6.71,13.62,1.0
4067,78.0,7.0,8.0,11.5,10.71,9.29,6.63,13.5,9.38,11.67,8.58,9.71,6.92,11.38,1.0
4068,72.0,5.0,13.0,13.33,11.67,25.62,8.96,9.96,6.75,10.88,11.79,8.58,12.25,17.71,0.0
4069,65.0,3.0,25.0,21.04,19.46,15.29,11.0,20.0,12.54,17.12,12.62,13.04,14.09,14.79,1.0
4070,69.0,6.0,16.0,21.96,16.83,10.88,9.33,16.5,13.42,10.37,10.46,9.75,9.92,12.87,1.0
4071,78.0,4.0,28.0,6.29,7.62,3.58,2.21,6.71,2.25,3.33,4.5,3.17,2.25,6.17,1.0
4072,67.0,2.0,5.0,5.58,7.0,6.54,2.71,8.58,6.13,9.96,7.67,6.75,11.12,16.88,0.0
4073,72.0,11.0,7.0,9.79,8.46,10.79,3.13,3.96,2.25,6.5,3.46,5.79,3.37,10.83,0.0
4074,72.0,9.0,26.0,8.79,9.79,6.25,1.5,3.08,1.71,3.54,3.71,2.0,2.29,6.17,1.0
4075,62.0,11.0,21.0,7.67,5.0,13.21,3.88,3.25,4.08,8.42,1.0,4.58,4.96,2.5,1.0
4076,70.0,5.0,2.0,16.75,18.91,16.0,10.71,17.67,13.62,16.66,16.88,14.0,15.09,27.5,0.0
4077,73.0,8.0,15.0,6.54,1.54,6.54,1.67,3.29,1.83,2.54,1.92,4.38,4.25,3.58,1.0
4078,74.0,2.0,10.0,28.84,27.04,23.71,17.29,21.59,16.71,19.79,20.62,19.5,22.58,27.63,0.0
4079,66.0,8.0,4.0,14.46,7.5,9.04,7.96,11.79,7.12,10.63,9.21,10.63,9.04,11.54,1.0
4080,68.0,7.0,8.0,4.75,6.54,8.75,3.42,7.0,1.63,3.79,4.04,3.25,2.33,6.13,1.0
4081,69.0,8.0,9.0,4.54,8.96,5.17,2.37,3.08,1.29,1.54,3.46,2.58,1.42,10.46,1.0
4082,61.0,4.0,18.0,10.83,12.42,6.04,5.5,11.92,7.08,5.66,9.96,7.46,9.46,12.92,1.0
4083,71.0,4.0,14.0,7.41,1.79,7.96,1.42,2.46,2.04,2.13,2.08,4.71,1.38,6.67,1.0
4084,66.0,8.0,3.0,10.0,8.42,9.46,6.46,8.38,4.29,7.08,7.04,7.25,7.67,7.96,1.0
4085,76.0,2.0,28.0,8.54,10.54,9.46,4.92,7.5,5.29,6.71,8.04,10.58,9.96,14.75,0.0
4086,63.0,1.0,31.0,12.83,8.67,21.96,9.87,7.79,6.79,11.83,7.75,6.08,9.17,8.87,0.0
4087,66.0,8.0,16.0,9.04,14.96,12.42,5.25,9.92,6.96,8.87,11.83,7.25,9.29,21.46,0.0
4088,70.0,9.0,7.0,10.5,14.5,9.96,7.29,12.0,8.04,5.71,8.83,9.96,10.25,13.88,0.0
4089,77.0,5.0,16.0,12.17,11.79,23.16,7.62,7.79,5.46,9.62,8.96,5.91,7.29,12.29,1.0
4090,61.0,3.0,15.0,11.12,15.54,13.96,8.42,10.88,8.83,11.54,13.54,8.46,13.92,22.13,1.0
4091,65.0,3.0,14.0,9.92,12.25,11.54,7.5,10.83,8.79,9.21,10.63,6.13,11.08,15.46,1.0
4092,77.0,4.0,30.0,15.5,10.96,7.04,5.63,11.04,8.67,10.58,7.96,8.29,8.79,17.12,0.0
4093,77.0,7.0,11.0,7.25,4.17,15.71,3.46,2.83,5.66,6.79,2.79,5.71,4.92,8.42,1.0
4094,74.0,4.0,2.0,18.21,11.38,15.09,10.13,15.29,9.13,9.17,11.83,10.04,7.17,10.29,1.0
4095,62.0,12.0,15.0,29.38,18.46,17.58,24.33,29.46,22.83,28.91,26.67,25.8,28.21,29.25,0.0
4096,76.0,10.0,4.0,10.21,9.33,5.17,2.96,9.59,6.13,5.41,5.41,6.38,2.5,11.87,1.0
4097,66.0,12.0,16.0,10.79,10.75,6.79,4.0,10.67,7.33,14.25,7.96,8.29,10.08,17.88,0.0
4098,65.0,1.0,14.0,16.92,22.67,15.41,11.5,21.46,12.62,20.12,12.38,14.29,16.66,24.71,0.0
4099,64.0,5.0,29.0,10.83,12.54,6.96,5.75,12.58,6.08,8.17,7.75,6.42,8.12,8.38,1.0
4100,77.0,2.0,17.0,17.71,15.12,15.59,7.62,14.29,11.75,11.04,10.04,9.5,8.83,11.71,0.0
4101,75.0,6.0,21.0,5.79,3.96,9.33,1.92,4.17,2.29,3.54,3.67,6.5,4.12,5.0,0.0
4102,73.0,11.0,8.0,17.12,15.75,17.33,6.13,17.71,13.62,16.66,19.04,17.29,20.04,24.25,0.0
4103,61.0,9.0,10.0,5.0,8.79,8.46,4.17,8.29,4.21,4.83,6.38,4.88,6.96,12.21,1.0
4104,69.0,11.0,26.0,6.54,3.54,9.04,1.71,4.63,3.29,8.21,4.29,4.75,3.75,8.75,1.0
4105,65.0,10.0,27.0,22.5,19.83,21.25,12.46,16.13,13.33,17.0,18.54,12.46,19.55,25.17,0.0
4106,61.0,4.0,11.0,10.5,12.25,12.58,6.96,8.71,8.58,5.66,9.92,9.0,9.67,16.17,1.0
4107,66.0,3.0,9.0,11.63,8.54,8.63,5.88,14.83,8.87,16.13,8.79,10.41,11.92,15.29,0.0
4108,77.0,4.0,18.0,9.79,9.62,9.17,3.67,8.92,9.13,8.21,6.87,8.0,7.17,7.33,1.0
4109,77.0,2.0,13.0,8.12,5.58,9.83,2.17,7.71,6.38,5.46,4.96,6.96,7.75,8.46,1.0
4110,65.0,8.0,3.0,7.46,5.58,5.83,3.13,3.33,1.5,5.63,1.92,2.17,4.08,9.87,1.0
4111,68.0,5.0,7.0,14.09,10.88,11.21,6.54,9.75,4.29,7.33,5.37,4.96,3.63,11.42,1.0
4112,74.0,12.0,24.0,10.41,12.75,8.79,3.79,11.87,5.29,11.12,7.21,10.34,8.04,13.33,0.0
4113,68.0,12.0,15.0,11.54,12.21,9.59,5.83,10.83,6.34,10.29,5.54,7.83,12.46,12.42,0.0
4114,64.0,1.0,6.0,6.87,10.75,7.0,4.21,9.25,5.29,2.54,6.21,2.46,5.79,17.08,1.0
4115,64.0,1.0,27.0,15.46,13.13,14.33,6.58,12.79,9.33,11.08,13.21,8.12,12.29,21.29,1.0
4116,64.0,10.0,18.0,7.67,11.38,9.83,3.21,6.25,5.96,4.17,9.54,4.21,9.0,12.21,1.0
4117,65.0,9.0,2.0,3.37,1.38,7.92,2.04,3.92,0.71,3.29,2.33,0.87,1.17,7.25,1.0
4118,68.0,4.0,27.0,10.58,6.75,9.75,7.87,10.75,8.79,8.17,6.87,8.63,11.08,7.46,0.0
4119,71.0,7.0,29.0,11.29,13.5,7.79,7.08,12.92,7.67,3.63,8.71,8.08,8.25,18.25,1.0
4120,67.0,9.0,21.0,11.67,4.0,8.75,4.25,5.66,2.37,7.83,6.54,4.38,5.37,8.87,1.0
4121,72.0,9.0,30.0,23.04,16.62,15.63,11.63,12.42,11.34,11.5,15.09,13.29,14.46,21.25,0.0
4122,78.0,11.0,2.0,9.33,10.88,9.92,5.37,10.04,7.87,10.0,10.04,10.63,10.08,17.58,0.0
4123,63.0,2.0,14.0,17.41,14.58,19.04,14.5,16.17,12.71,19.17,13.7,14.17,19.33,16.25,0.0
4124,70.0,6.0,12.0,4.12,1.71,5.91,2.58,3.04,2.37,2.25,4.04,3.88,2.13,7.58,1.0
4125,63.0,2.0,21.0,5.58,2.92,4.67,3.58,4.58,2.17,8.5,1.5,1.42,3.17,5.46,1.0
4126,66.0,4.0,8.0,15.37,15.71,10.92,7.58,16.66,10.88,11.42,11.92,11.12,10.54,17.62,0.0
4127,66.0,10.0,4.0,20.17,17.33,29.54,12.87,14.37,11.0,17.79,11.79,11.38,13.67,18.5,0.0
4128,69.0,12.0,14.0,18.29,22.54,14.96,9.67,17.0,10.79,14.92,12.87,13.13,12.17,18.66,0.0
4129,67.0,6.0,9.0,7.79,4.25,6.54,2.83,6.0,3.21,8.17,3.79,5.09,3.92,9.21,1.0
4130,67.0,10.0,12.0,16.13,12.25,12.21,5.29,13.33,7.87,8.38,9.83,7.54,11.87,16.17,0.0
4131,67.0,4.0,19.0,12.58,10.88,14.17,9.67,14.83,11.17,17.71,12.83,14.58,14.71,20.5,0.0
4132,77.0,5.0,30.0,7.96,2.88,13.5,3.79,4.12,7.38,12.5,4.79,7.5,4.38,7.21,1.0
4133,62.0,3.0,25.0,17.67,14.62,14.88,10.58,17.92,13.37,19.41,17.83,16.25,18.46,22.46,0.0
4134,70.0,9.0,22.0,11.04,12.42,9.38,5.5,9.87,9.33,6.54,5.5,7.54,5.04,10.71,1.0
4135,77.0,1.0,15.0,17.75,11.79,14.42,10.41,11.04,9.79,11.75,6.34,8.63,9.92,12.04,0.0
4136,65.0,2.0,28.0,8.17,6.38,7.21,5.33,6.17,3.29,11.0,5.66,5.66,7.38,8.46,0.0
4137,73.0,5.0,12.0,16.58,15.75,14.67,8.46,15.12,11.71,14.0,14.42,12.96,13.92,20.54,0.0
4138,61.0,6.0,15.0,9.96,8.17,10.54,5.88,10.25,6.92,8.25,9.29,9.5,9.25,14.58,1.0
4139,78.0,5.0,22.0,7.54,6.54,6.17,2.79,2.42,2.46,2.92,2.96,3.04,2.88,8.0,1.0
4140,68.0,6.0,2.0,15.54,7.79,7.29,6.46,9.62,3.75,4.54,6.29,3.71,4.29,4.58,1.0
4141,64.0,11.0,12.0,12.21,12.46,9.42,6.58,13.92,8.54,14.04,9.25,8.42,11.38,18.38,0.0
4142,70.0,12.0,16.0,18.21,16.21,15.67,9.08,15.79,11.58,10.96,11.96,11.79,12.5,21.17,0.0
4143,69.0,9.0,10.0,12.17,4.96,11.58,5.21,6.75,2.62,5.25,3.33,3.04,3.46,6.54,1.0
4144,76.0,5.0,18.0,7.62,6.21,8.46,3.25,4.29,2.29,7.04,4.0,6.0,4.25,7.04,1.0
4145,69.0,7.0,27.0,6.0,10.46,8.0,4.25,8.21,5.5,4.71,5.88,4.54,7.21,15.25,1.0
4146,71.0,6.0,20.0,16.42,9.75,11.63,9.04,14.04,8.71,11.25,8.71,11.63,8.87,12.33,1.0
4147,75.0,5.0,27.0,12.83,8.21,23.58,7.38,9.5,8.75,9.92,9.59,9.25,7.67,11.42,1.0
4148,61.0,10.0,31.0,13.62,10.75,13.0,8.33,11.5,9.71,15.25,11.96,11.54,11.92,17.75,1.0
4149,75.0,8.0,22.0,12.12,8.25,10.0,7.0,9.13,5.66,9.42,7.08,8.46,7.87,9.13,0.0
4150,61.0,3.0,26.0,15.0,11.63,12.58,8.83,13.33,10.21,13.75,10.54,14.37,13.88,15.37,0.0
4151,77.0,5.0,14.0,8.42,9.83,6.29,3.83,6.13,4.83,6.67,3.75,4.46,3.13,7.75,1.0
4152,71.0,8.0,5.0,5.21,5.29,8.79,2.42,5.91,4.25,5.37,4.58,5.75,3.83,10.17,1.0
4153,64.0,1.0,14.0,15.96,18.91,12.46,3.0,12.67,6.42,8.71,11.29,3.67,9.25,14.5,0.0
4154,67.0,7.0,19.0,7.17,5.88,10.17,3.96,10.37,6.63,6.63,7.75,7.33,9.71,12.33,0.0
4155,66.0,11.0,6.0,21.09,19.41,26.83,14.0,13.42,13.46,19.87,14.67,10.79,15.75,25.25,0.0
4156,73.0,10.0,6.0,13.67,4.67,9.33,4.29,7.54,3.04,4.25,3.29,2.96,3.75,4.54,1.0
4157,68.0,6.0,11.0,4.54,6.63,5.04,3.71,3.08,1.92,4.67,2.71,4.0,5.0,4.58,1.0
4158,71.0,12.0,2.0,12.5,10.29,12.96,3.46,6.17,1.96,5.13,1.46,3.58,2.17,6.04,1.0
4159,75.0,11.0,13.0,11.38,9.0,11.71,3.67,11.67,5.63,6.96,6.83,5.54,4.83,6.46,1.0
4160,74.0,4.0,22.0,3.63,4.96,7.62,4.5,6.5,2.79,2.21,5.75,4.12,4.46,3.88,1.0
4161,78.0,9.0,20.0,0.79,6.79,5.88,0.75,1.79,0.96,3.04,0.83,4.46,1.58,6.21,1.0
4162,73.0,5.0,10.0,21.5,16.38,13.59,12.21,19.29,12.96,17.16,13.54,16.92,15.83,19.04,0.0
4163,78.0,6.0,17.0,12.83,11.34,28.58,10.37,8.0,7.87,12.42,8.92,7.12,7.17,15.25,1.0
4164,68.0,8.0,10.0,5.91,2.83,9.71,4.33,5.41,1.67,2.83,4.12,2.92,1.54,6.75,1.0
4165,65.0,9.0,16.0,9.54,8.12,9.83,4.04,11.58,6.58,9.54,8.71,7.41,11.21,14.96,0.0
4166,71.0,5.0,14.0,7.87,3.29,5.33,3.58,3.37,2.62,4.42,3.37,6.0,5.09,7.21,1.0
4167,65.0,10.0,25.0,11.29,10.21,9.62,6.5,9.46,8.42,7.17,6.75,5.37,6.96,10.29,1.0
4168,64.0,4.0,12.0,14.37,9.83,12.33,7.96,16.5,11.83,14.37,13.25,11.75,13.42,14.58,0.0
4169,75.0,1.0,7.0,11.58,10.79,8.75,6.0,12.62,6.38,10.88,10.29,9.46,5.09,11.46,1.0
4170,66.0,4.0,14.0,28.25,26.96,23.13,14.42,22.54,15.46,21.79,22.37,16.17,18.12,25.84,0.0
4171,78.0,4.0,7.0,6.04,5.46,13.88,3.67,5.46,4.29,6.5,4.21,4.42,2.33,6.42,1.0
4172,64.0,3.0,1.0,13.67,14.92,11.0,6.46,15.37,10.21,8.87,12.25,5.13,9.29,13.46,1.0
4173,61.0,8.0,1.0,9.59,5.09,5.54,4.63,8.29,5.25,4.21,5.25,5.37,5.41,8.38,1.0
4174,78.0,3.0,12.0,16.08,12.87,13.04,7.33,12.25,10.0,13.13,11.54,11.63,10.17,11.96,0.0
4175,74.0,11.0,7.0,10.41,11.46,7.83,3.42,8.83,5.33,5.33,10.46,7.5,6.0,14.37,0.0
4176,69.0,11.0,14.0,9.54,3.29,11.38,4.04,4.58,3.25,4.29,0.96,2.37,0.33,6.34,1.0
4177,64.0,5.0,17.0,12.12,11.83,7.54,6.54,11.67,8.5,7.08,9.29,6.04,8.54,7.54,1.0
4178,74.0,9.0,17.0,12.87,10.63,11.34,5.46,7.87,4.5,7.67,6.38,6.13,6.96,10.46,0.0
4179,66.0,12.0,15.0,20.83,16.88,14.62,9.92,14.58,10.63,11.29,12.58,11.17,12.92,19.55,0.0
4180,64.0,11.0,2.0,8.58,5.0,13.7,3.46,5.63,2.62,6.17,3.25,3.42,3.0,7.29,1.0
4181,69.0,3.0,30.0,12.87,13.5,10.54,9.92,15.83,8.54,14.54,11.83,13.54,11.63,12.38,1.0
4182,71.0,10.0,9.0,5.13,6.0,6.08,2.75,9.59,5.91,9.92,5.96,8.17,7.38,14.42,0.0
4183,70.0,1.0,20.0,22.63,23.67,14.71,11.75,18.16,14.25,9.96,17.71,15.71,17.92,28.12,0.0
4184,73.0,5.0,10.0,21.5,16.38,13.59,12.21,19.29,12.96,17.16,13.54,16.92,15.83,19.04,0.0
4185,69.0,12.0,15.0,17.16,20.12,12.25,7.71,12.79,7.08,12.92,6.79,11.96,5.75,15.87,1.0
4186,74.0,6.0,5.0,17.04,14.62,11.46,7.58,15.12,9.04,11.75,13.75,10.79,8.96,18.46,0.0
4187,73.0,12.0,6.0,13.29,11.92,7.79,4.12,9.04,4.79,10.34,6.08,8.12,9.04,8.79,0.0
4188,67.0,8.0,17.0,13.88,10.71,12.29,6.79,11.96,6.08,8.75,7.04,5.96,6.5,10.25,1.0
4189,63.0,9.0,6.0,10.58,10.25,7.5,6.0,10.54,7.04,10.34,8.46,7.54,8.04,12.25,1.0
4190,75.0,8.0,11.0,6.13,5.41,5.79,3.92,5.58,2.29,2.75,1.38,5.41,2.96,4.79,1.0
4191,66.0,4.0,29.0,14.17,16.54,15.37,11.17,14.33,12.42,13.29,13.17,8.33,15.09,26.12,0.0
4192,74.0,1.0,21.0,11.17,10.54,11.04,4.42,8.29,5.13,5.75,5.79,7.17,5.33,4.67,1.0
4193,66.0,3.0,13.0,10.83,6.21,7.5,7.0,10.54,5.41,11.21,4.92,7.62,8.12,8.08,1.0
4194,67.0,6.0,20.0,18.34,12.25,13.21,11.5,18.46,13.59,15.16,16.25,13.21,13.5,18.46,0.0
4195,65.0,1.0,6.0,16.79,16.62,14.88,5.33,11.83,9.13,14.79,13.33,7.41,14.42,21.92,0.0
4196,73.0,5.0,5.0,12.0,13.59,11.63,6.25,11.08,8.54,10.92,8.29,10.21,8.5,12.08,1.0
4197,71.0,1.0,27.0,13.62,12.83,7.79,4.25,9.08,2.54,5.83,0.42,4.58,1.63,4.33,1.0
4198,72.0,5.0,14.0,14.12,14.04,22.17,8.83,10.58,9.04,10.41,12.12,9.62,12.87,17.41,0.0
4199,64.0,7.0,30.0,6.92,6.21,10.5,4.92,10.63,7.08,10.13,9.67,8.46,9.75,13.75,0.0
4200,78.0,6.0,16.0,15.16,15.41,25.7,11.25,11.04,10.75,16.5,11.79,11.63,11.29,16.0,0.0
4201,66.0,5.0,5.0,20.5,18.91,15.09,10.25,18.84,10.21,11.34,10.0,8.75,8.42,15.29,1.0
4202,71.0,4.0,25.0,12.08,13.33,11.79,5.75,15.29,7.67,8.46,12.12,10.25,8.54,14.75,0.0
4203,66.0,9.0,15.0,17.96,14.96,13.13,11.17,13.88,9.75,16.29,11.67,11.17,15.04,16.25,0.0
4204,74.0,5.0,1.0,17.21,11.17,12.21,10.21,14.29,8.75,13.7,12.17,10.75,13.13,12.12,0.0
4205,64.0,2.0,4.0,9.21,7.83,8.58,6.63,11.34,9.17,15.5,11.79,10.21,17.04,16.62,0.0
4206,62.0,11.0,14.0,13.62,11.29,11.04,7.96,13.79,10.25,13.7,11.54,11.29,13.62,17.46,0.0
4207,72.0,8.0,28.0,8.17,5.09,11.42,2.25,4.0,2.04,6.83,2.92,6.13,3.92,4.42,1.0
4208,68.0,10.0,5.0,6.25,8.96,8.38,3.83,6.67,3.42,2.04,4.75,4.83,3.75,9.79,1.0
4209,72.0,10.0,13.0,7.17,5.83,13.17,3.71,2.79,3.33,5.91,3.13,4.46,1.79,3.88,1.0
4210,75.0,6.0,3.0,9.62,4.92,10.37,3.88,5.58,3.33,5.91,4.79,6.46,6.58,6.29,1.0
4211,76.0,3.0,31.0,14.96,14.21,13.13,9.92,16.71,10.41,17.0,12.67,16.21,16.96,20.54,0.0
4212,61.0,11.0,22.0,6.46,4.33,8.96,4.83,7.62,5.5,9.17,3.42,4.67,7.38,7.08,1.0
4213,70.0,10.0,17.0,3.63,4.12,4.21,2.04,5.41,4.67,5.88,7.33,5.75,6.04,13.75,0.0
4214,70.0,8.0,17.0,7.5,5.71,8.21,6.25,7.46,7.33,10.41,5.75,10.17,12.17,9.04,0.0
4215,70.0,2.0,16.0,7.46,9.71,7.12,1.54,8.63,6.96,7.67,4.63,6.87,4.21,9.33,0.0
4216,72.0,4.0,9.0,18.05,13.29,13.67,8.5,12.5,9.59,11.54,11.5,11.17,10.83,17.88,0.0
4217,65.0,9.0,3.0,13.08,11.92,12.0,8.12,10.96,6.29,10.63,8.29,7.12,8.5,11.12,0.0
4218,72.0,7.0,7.0,12.46,8.71,12.25,5.91,11.63,7.54,10.92,6.04,10.83,7.83,11.67,1.0
4219,68.0,7.0,5.0,2.71,2.75,3.92,1.92,4.46,0.5,3.13,1.63,1.29,1.63,4.75,1.0
4220,78.0,5.0,7.0,7.33,8.54,5.58,3.42,6.5,4.21,3.67,5.13,4.96,4.63,6.58,1.0
4221,66.0,12.0,14.0,7.08,11.46,6.63,1.04,10.08,5.46,9.87,5.63,4.83,4.67,13.33,1.0
4222,73.0,5.0,1.0,11.92,6.38,8.46,4.04,8.0,5.71,10.58,4.88,8.79,6.42,8.17,1.0
4223,69.0,11.0,6.0,14.42,10.13,11.5,2.21,7.12,4.46,2.88,3.67,3.42,3.88,6.54,1.0
4224,74.0,4.0,30.0,18.41,16.92,12.08,6.21,15.25,6.63,7.41,11.5,10.29,7.83,15.34,1.0
4225,77.0,4.0,26.0,13.7,15.34,9.42,7.83,15.92,10.41,14.37,11.21,11.79,10.75,19.5,0.0
4226,63.0,9.0,20.0,7.08,7.79,5.13,4.17,9.46,4.42,5.5,5.21,3.96,5.91,7.25,1.0
4227,62.0,4.0,8.0,32.58,23.21,17.88,16.92,24.54,14.17,18.25,15.71,15.41,13.04,22.46,1.0
4228,78.0,11.0,6.0,14.92,18.79,14.75,10.29,15.79,9.59,12.21,10.34,12.79,12.46,19.95,0.0
4229,66.0,6.0,3.0,6.67,10.58,10.83,5.33,4.71,6.63,8.58,8.21,5.75,8.58,13.83,1.0
4230,73.0,11.0,23.0,5.41,4.92,6.25,3.25,7.75,4.46,8.38,6.63,8.58,8.58,11.63,0.0
4231,76.0,5.0,5.0,8.96,7.41,6.54,2.46,4.12,2.75,5.54,4.0,6.08,3.88,13.29,1.0
4232,74.0,7.0,7.0,7.62,11.54,9.5,4.29,8.29,5.88,7.0,10.63,6.96,7.12,18.16,1.0
4233,72.0,6.0,30.0,14.83,13.29,13.21,7.12,12.83,9.38,9.79,11.96,10.96,12.0,21.84,0.0
4234,77.0,10.0,14.0,13.21,14.04,13.08,7.46,13.62,10.37,12.54,12.12,12.79,7.92,15.21,0.0
4235,67.0,2.0,9.0,2.79,4.12,4.79,1.71,6.79,1.79,5.66,3.79,4.12,6.67,10.79,1.0
4236,62.0,4.0,4.0,29.04,23.75,15.63,15.71,26.04,16.75,17.83,20.54,16.08,14.62,23.91,1.0
4237,61.0,7.0,29.0,7.21,4.83,6.67,3.42,5.96,3.67,5.79,6.67,5.09,6.54,11.17,1.0
4238,69.0,3.0,19.0,2.92,7.83,5.79,4.42,6.79,3.0,7.33,8.0,7.0,6.5,10.34,0.0
4239,70.0,12.0,15.0,6.04,7.25,9.21,3.58,8.08,5.63,5.04,6.25,6.46,7.83,9.42,0.0
4240,64.0,2.0,24.0,24.87,19.87,19.0,17.25,20.46,16.29,15.04,18.08,13.88,18.41,18.05,1.0
4241,73.0,7.0,10.0,5.91,4.96,6.79,4.5,9.5,6.71,10.0,4.63,9.25,5.83,13.0,1.0
4242,66.0,4.0,15.0,16.33,16.0,16.54,12.08,16.04,11.0,20.62,20.25,15.12,14.5,25.37,0.0
4243,71.0,3.0,16.0,8.08,9.54,7.5,3.58,9.5,5.91,8.21,4.29,6.96,4.25,7.62,1.0
4244,70.0,6.0,24.0,15.12,14.71,15.0,9.0,18.75,11.38,14.5,11.63,13.67,11.21,19.83,0.0
4245,66.0,5.0,30.0,10.92,9.21,7.96,3.37,6.29,4.92,2.62,3.92,4.75,4.79,5.37,1.0
4246,63.0,1.0,19.0,22.21,15.12,32.25,12.04,19.62,13.42,23.79,17.46,15.5,15.59,14.17,0.0
4247,66.0,4.0,24.0,13.62,11.21,10.41,7.41,13.79,7.75,11.08,8.42,9.0,9.42,11.83,1.0
4248,66.0,4.0,22.0,22.08,21.62,18.41,12.42,15.63,12.75,15.29,16.25,11.63,16.0,23.96,0.0
4249,67.0,3.0,21.0,9.71,8.04,9.5,6.13,10.21,10.25,20.38,12.25,14.83,13.04,19.41,0.0
4250,64.0,5.0,16.0,6.54,12.08,8.46,6.58,11.63,8.83,5.66,9.21,5.96,9.62,15.34,1.0
4251,69.0,11.0,5.0,5.5,6.17,6.38,2.0,7.46,7.0,9.67,6.04,8.33,7.62,14.42,0.0
4252,63.0,10.0,20.0,19.21,18.05,14.58,9.13,15.71,12.71,13.42,15.83,10.75,15.67,26.38,0.0
4253,73.0,12.0,23.0,11.83,8.17,8.21,3.08,5.58,0.54,3.04,4.17,4.04,4.96,6.17,0.0
4254,69.0,10.0,29.0,8.83,6.38,11.17,3.13,6.04,3.63,7.46,6.08,5.29,7.25,11.42,0.0
4255,71.0,6.0,9.0,13.21,11.38,24.08,8.96,10.5,7.38,10.13,7.92,7.67,6.25,15.34,1.0
4256,66.0,8.0,5.0,8.5,6.5,9.13,5.96,9.46,6.92,9.5,8.33,8.0,7.29,9.54,1.0
4257,67.0,7.0,25.0,11.34,11.17,10.63,4.71,11.17,6.42,7.12,10.54,7.33,9.25,16.25,0.0
4258,78.0,4.0,11.0,14.21,13.04,10.46,7.04,11.46,7.79,9.5,8.58,9.38,7.0,14.33,1.0
4259,75.0,12.0,6.0,7.79,3.67,7.92,2.58,2.92,0.96,6.29,2.29,5.58,4.67,5.58,1.0
4260,76.0,5.0,11.0,16.04,13.75,12.83,8.17,14.92,9.62,14.17,11.58,14.09,11.42,18.91,1.0
4261,71.0,9.0,27.0,10.54,3.58,9.0,4.92,8.21,5.04,8.38,3.04,6.08,3.75,4.42,1.0
4262,70.0,8.0,31.0,14.54,16.29,11.08,9.21,18.71,12.58,14.04,14.17,15.96,13.75,22.34,0.0
4263,72.0,12.0,7.0,11.38,14.46,11.46,6.83,11.75,9.83,15.29,8.87,10.17,8.21,12.38,1.0
4264,70.0,3.0,26.0,14.83,11.58,12.0,8.0,11.63,8.33,11.58,9.92,12.79,11.21,15.46,0.0
4265,71.0,4.0,2.0,17.29,16.13,20.79,9.67,15.34,13.37,14.79,15.63,14.79,10.21,17.33,0.0
4266,70.0,7.0,11.0,13.5,11.38,12.25,7.38,16.17,11.12,15.87,10.63,13.25,13.5,20.17,0.0
4267,77.0,4.0,11.0,11.96,10.96,11.04,6.04,11.34,10.08,13.04,10.17,10.67,9.17,14.71,1.0
4268,78.0,6.0,7.0,10.37,9.87,8.96,5.58,11.79,8.12,7.12,9.38,7.46,7.0,11.54,0.0
4269,75.0,1.0,27.0,18.66,19.46,11.21,6.46,12.5,5.29,6.67,7.62,7.41,5.66,13.59,0.0
4270,66.0,11.0,26.0,8.83,9.59,8.71,6.25,11.17,8.67,14.79,9.42,11.46,10.75,16.42,0.0
4271,62.0,3.0,1.0,8.21,4.83,9.0,4.83,6.0,2.21,7.96,1.87,4.08,3.92,4.08,1.0
4272,73.0,10.0,10.0,10.34,11.08,15.79,5.17,10.46,7.79,6.96,9.0,7.33,7.75,13.04,0.0
4273,78.0,5.0,30.0,6.87,6.71,3.54,2.54,7.25,4.12,4.88,5.0,4.63,4.83,6.58,1.0
4274,68.0,8.0,11.0,7.54,4.46,6.5,2.21,3.08,1.75,5.29,1.96,2.42,1.17,6.21,1.0
4275,67.0,2.0,14.0,18.46,17.58,16.96,8.08,20.58,11.87,14.62,11.79,9.38,13.21,17.54,0.0
4276,66.0,1.0,5.0,20.5,16.88,18.79,13.17,14.17,12.38,12.83,14.29,11.63,15.92,23.91,0.0
4277,72.0,4.0,26.0,12.17,7.58,8.54,4.54,6.71,3.71,8.0,5.66,6.38,7.87,7.67,1.0
4278,61.0,6.0,7.0,11.92,9.42,8.96,6.34,13.13,8.63,8.17,9.71,9.59,9.87,13.25,0.0
4279,75.0,11.0,26.0,14.83,11.38,7.92,4.42,10.79,6.0,12.0,7.21,9.54,8.21,15.79,0.0
4280,77.0,1.0,22.0,3.92,6.83,5.96,0.58,4.0,4.88,4.63,5.5,4.79,7.38,10.13,0.0
4281,75.0,10.0,12.0,5.37,7.12,4.92,0.96,4.96,2.13,1.46,3.5,4.17,2.42,10.58,1.0
4282,65.0,9.0,18.0,14.25,9.17,10.75,8.5,12.04,9.13,13.04,8.67,9.92,11.75,11.54,0.0
4283,66.0,2.0,24.0,20.08,16.58,17.12,11.12,15.25,10.5,12.0,11.5,9.13,14.42,16.75,0.0
4284,66.0,7.0,24.0,22.34,14.12,14.25,10.46,18.66,10.04,12.46,9.79,11.5,11.92,14.83,0.0
4285,61.0,4.0,29.0,9.62,9.59,6.96,3.83,6.83,3.88,4.04,6.46,4.17,4.12,13.04,1.0
4286,75.0,5.0,25.0,11.75,5.75,16.5,4.79,6.54,5.88,7.96,6.63,8.21,7.12,10.5,1.0
4287,78.0,4.0,30.0,14.09,13.75,21.54,7.46,13.04,11.83,17.16,12.83,13.7,13.79,14.58,0.0
4288,70.0,10.0,12.0,13.33,18.91,10.0,7.41,12.0,8.42,6.13,8.92,9.38,7.29,8.71,1.0
4289,67.0,2.0,23.0,18.16,13.96,13.13,10.71,14.17,9.46,16.33,11.04,11.21,14.79,19.0,0.0
4290,76.0,9.0,7.0,4.75,4.75,3.96,1.29,1.58,2.13,4.38,0.54,0.58,1.13,4.67,1.0
4291,78.0,8.0,31.0,11.54,5.54,7.41,4.67,7.62,6.17,8.87,5.25,7.83,6.17,11.58,0.0
4292,67.0,10.0,15.0,13.7,13.17,12.25,6.08,12.79,6.92,13.25,8.67,8.42,9.62,14.79,0.0
4293,72.0,6.0,28.0,4.63,7.83,9.54,4.96,9.17,6.63,7.87,6.79,7.92,6.38,12.67,1.0
4294,78.0,12.0,1.0,21.29,16.29,24.04,12.79,18.21,19.29,21.54,17.21,16.71,17.83,17.75,0.0
4295,69.0,4.0,3.0,4.17,3.21,3.04,1.63,4.33,0.29,4.96,3.46,1.17,3.17,12.29,1.0
4296,70.0,7.0,28.0,10.21,9.96,8.58,4.67,10.96,7.87,7.41,6.75,9.0,7.38,10.0,1.0
4297,63.0,12.0,3.0,22.79,18.5,27.67,16.17,19.41,19.87,21.29,20.75,18.88,17.33,21.29,0.0
4298,61.0,1.0,8.0,10.96,9.75,7.62,5.91,9.62,7.29,14.29,7.62,9.25,10.46,16.62,0.0
4299,66.0,12.0,31.0,13.0,11.46,10.13,6.34,11.87,7.5,13.5,8.46,11.0,10.04,17.29,0.0
4300,72.0,9.0,16.0,6.96,3.33,7.0,2.75,3.25,2.0,7.58,2.88,6.0,1.63,6.58,1.0
4301,78.0,1.0,7.0,6.0,3.04,7.08,2.04,4.71,3.75,8.08,6.87,5.46,6.17,12.08,0.0
4302,61.0,12.0,8.0,16.62,12.08,20.54,9.21,12.96,14.54,19.83,10.0,11.92,15.5,16.33,0.0
4303,72.0,3.0,6.0,23.38,13.83,23.16,12.92,18.58,15.16,18.41,13.88,14.46,14.0,16.92,0.0
4304,65.0,10.0,14.0,10.58,10.29,6.13,2.88,8.38,5.29,6.75,6.46,5.54,6.54,12.92,1.0
4305,66.0,2.0,5.0,23.45,18.34,20.75,12.79,16.66,13.0,19.33,15.21,13.25,16.66,22.0,0.0
4306,66.0,4.0,13.0,23.13,22.17,20.3,13.62,20.88,13.59,24.71,21.71,17.5,15.25,23.16,0.0
4307,66.0,3.0,24.0,25.08,19.12,19.21,17.41,21.12,16.54,20.83,16.13,16.79,19.79,25.75,0.0
4308,64.0,10.0,21.0,5.09,5.17,9.79,3.71,5.71,3.04,5.25,5.58,3.96,4.29,9.29,1.0
4309,63.0,9.0,15.0,3.83,7.21,6.71,2.25,4.38,4.46,5.91,12.67,6.08,10.54,20.0,1.0
4310,72.0,12.0,12.0,20.25,18.63,17.33,10.17,16.42,14.62,16.92,16.46,14.04,16.17,27.21,0.0
4311,61.0,5.0,11.0,3.54,7.54,5.33,2.08,5.25,1.58,3.67,3.71,2.62,3.04,9.25,1.0
4312,66.0,9.0,17.0,6.13,7.38,7.08,3.33,8.04,4.92,2.04,5.71,3.71,6.46,10.83,1.0
4313,76.0,2.0,23.0,14.46,7.79,14.37,7.12,6.54,3.79,11.29,6.29,8.17,6.5,10.34,1.0
4314,63.0,1.0,3.0,14.09,8.25,20.12,9.0,9.96,9.67,13.83,10.17,9.0,13.7,11.67,0.0
4315,76.0,1.0,29.0,26.0,18.71,27.12,15.87,21.75,20.21,23.13,21.87,22.21,20.12,21.87,0.0
4316,70.0,1.0,4.0,11.21,7.38,11.58,2.13,3.29,1.13,8.92,4.92,5.54,5.71,7.58,1.0
4317,62.0,12.0,13.0,17.16,11.12,15.09,8.42,10.63,8.46,14.0,9.5,10.41,13.7,14.75,0.0
4318,61.0,2.0,19.0,16.17,15.59,13.7,10.79,13.5,10.96,9.62,11.83,11.58,13.67,29.63,0.0
4319,62.0,10.0,26.0,14.04,8.54,18.79,8.29,8.38,7.62,11.04,6.25,7.5,9.83,12.25,0.0
4320,63.0,9.0,30.0,11.38,7.92,7.67,7.38,12.21,8.0,12.5,8.42,10.54,9.38,11.63,0.0
4321,77.0,10.0,27.0,11.79,13.96,8.54,6.04,12.17,8.5,13.25,12.29,11.25,11.17,24.67,0.0
4322,74.0,10.0,31.0,9.25,6.79,7.67,3.88,6.54,4.21,8.54,6.29,6.29,4.67,8.38,1.0
4323,66.0,12.0,17.0,18.29,18.88,19.5,11.87,20.67,17.75,26.0,19.7,19.83,21.75,29.17,0.0
4324,77.0,4.0,13.0,19.29,13.42,12.54,10.25,15.29,12.87,18.54,10.83,12.21,16.5,16.46,0.0
4325,69.0,4.0,21.0,13.33,12.04,15.34,7.71,13.0,7.71,12.83,13.13,10.08,13.17,19.62,0.0
4326,72.0,8.0,3.0,12.29,8.63,11.29,4.04,5.33,2.46,8.63,5.37,6.34,4.71,12.42,1.0
4327,74.0,12.0,4.0,12.96,16.83,10.04,7.5,17.37,8.58,17.41,14.29,13.75,13.08,21.62,0.0
4328,75.0,1.0,24.0,16.25,14.37,12.5,6.75,11.38,7.29,10.92,10.0,11.46,9.54,16.58,0.0
4329,68.0,10.0,18.0,15.63,17.5,16.08,9.54,17.88,12.83,15.59,15.87,11.96,14.54,21.5,0.0
4330,69.0,11.0,1.0,10.63,9.21,11.83,4.75,12.5,9.04,13.37,11.63,12.33,13.62,20.25,0.0
4331,70.0,1.0,9.0,16.17,8.87,18.25,7.41,8.92,9.08,13.54,10.37,10.67,7.5,9.13,0.0
4332,68.0,11.0,21.0,19.58,8.75,18.66,12.21,11.83,11.21,10.88,7.29,14.0,15.16,17.67,0.0
4333,74.0,12.0,14.0,12.0,13.88,10.92,7.87,13.13,8.04,14.88,13.96,11.71,9.62,16.29,0.0
4334,74.0,4.0,19.0,10.75,8.58,6.96,2.62,8.83,2.75,2.96,5.91,4.12,3.08,7.41,1.0
4335,75.0,1.0,22.0,26.5,29.5,21.29,14.67,26.16,15.5,20.91,21.34,20.58,19.55,32.3,0.0
4336,61.0,1.0,30.0,12.21,11.42,10.92,7.92,13.08,9.62,14.5,10.21,9.92,11.96,18.88,0.0
4337,72.0,3.0,11.0,15.21,12.54,32.75,11.12,12.83,11.46,18.96,6.71,12.33,10.63,10.46,1.0
4338,70.0,9.0,4.0,6.96,8.63,9.92,6.08,13.79,9.08,12.92,11.25,12.21,8.25,15.16,0.0
4339,77.0,7.0,27.0,13.17,7.87,6.46,5.25,9.38,6.71,9.42,4.83,7.12,6.08,9.83,1.0
4340,75.0,1.0,14.0,19.12,12.54,19.92,10.13,11.92,7.96,13.96,12.29,12.5,13.83,20.33,0.0
4341,67.0,10.0,14.0,24.5,21.62,22.08,12.12,22.04,14.17,19.33,15.87,15.21,16.79,26.42,0.0
4342,61.0,3.0,8.0,7.54,8.33,9.29,8.12,11.0,10.58,1.71,8.5,8.71,9.71,17.58,1.0
4343,61.0,9.0,3.0,11.63,7.29,7.0,5.75,5.58,5.37,5.88,5.88,5.25,7.96,6.79,1.0
4344,62.0,11.0,14.0,13.62,11.29,11.04,7.96,13.79,10.25,13.7,11.54,11.29,13.62,17.46,0.0
4345,64.0,8.0,3.0,7.92,7.08,5.96,4.21,8.5,5.5,8.71,7.46,6.71,8.75,9.25,0.0
4346,67.0,7.0,28.0,9.54,8.58,7.83,4.38,10.0,5.66,7.58,8.08,7.67,8.12,13.83,0.0
4347,73.0,5.0,14.0,5.17,9.54,9.38,3.92,5.58,4.5,3.29,4.17,5.88,6.29,5.66,1.0
4348,70.0,7.0,7.0,4.5,5.5,4.67,2.67,2.25,3.25,3.21,6.46,3.46,5.0,14.5,1.0
4349,68.0,3.0,28.0,7.12,8.08,6.42,4.88,10.08,7.87,6.04,7.33,6.0,10.21,17.25,1.0
4350,78.0,9.0,17.0,5.25,3.46,6.38,2.54,6.04,6.83,8.25,5.37,6.87,7.54,11.04,0.0
4351,68.0,8.0,12.0,14.5,10.34,11.87,6.42,12.58,6.75,5.96,7.41,5.66,4.42,10.21,1.0
4352,69.0,2.0,23.0,11.12,13.67,9.87,6.34,11.58,8.0,8.25,10.41,8.96,10.5,12.25,0.0
4353,73.0,4.0,6.0,20.21,15.92,14.5,11.12,17.67,13.88,18.08,14.54,17.96,16.92,21.17,0.0
4354,68.0,3.0,22.0,17.25,17.16,12.25,8.17,16.08,10.71,13.29,12.0,9.83,11.08,20.0,0.0
4355,78.0,12.0,20.0,9.92,3.63,12.38,3.08,3.5,0.42,4.54,2.5,2.13,4.71,3.21,1.0
4356,63.0,6.0,24.0,14.04,11.54,16.38,8.0,16.96,11.67,12.04,10.13,10.79,11.92,13.46,1.0
4357,75.0,10.0,3.0,13.29,13.25,11.17,5.79,14.71,9.04,13.88,11.38,12.38,11.63,22.79,0.0
4358,61.0,4.0,6.0,4.5,8.21,9.29,3.21,5.96,4.33,5.0,7.33,6.13,6.54,10.25,1.0
4359,70.0,10.0,2.0,25.29,17.54,15.09,15.25,22.13,14.88,20.62,17.79,20.33,19.12,25.41,0.0
4360,66.0,2.0,28.0,14.21,11.71,11.92,9.67,14.12,9.67,14.79,10.37,13.67,12.71,14.92,0.0
4361,67.0,11.0,3.0,5.58,4.17,5.75,5.09,5.96,4.0,10.67,3.13,6.04,7.71,8.21,0.0
4362,77.0,4.0,1.0,21.67,16.0,17.33,13.59,20.83,15.96,25.62,17.62,19.41,20.67,24.37,0.0
4363,70.0,12.0,9.0,5.66,1.42,13.0,0.54,0.13,0.0,1.79,0.92,2.58,0.13,4.38,1.0
4364,64.0,6.0,30.0,13.08,7.5,7.12,6.63,13.17,8.21,14.88,11.38,11.04,13.17,12.0,0.0
4365,74.0,3.0,6.0,18.96,19.83,18.63,8.5,13.0,11.34,12.54,9.54,12.79,11.58,12.92,0.0
4366,76.0,2.0,26.0,4.42,7.29,5.88,2.0,3.88,1.83,8.46,7.0,7.12,6.08,14.25,1.0
4367,65.0,8.0,26.0,8.33,8.21,8.21,3.54,5.58,4.29,7.79,4.58,4.04,5.37,7.62,1.0
4368,64.0,5.0,31.0,12.29,8.75,19.33,7.92,12.62,11.0,13.54,13.37,12.17,13.7,16.21,0.0
4369,75.0,1.0,26.0,22.21,14.88,17.88,7.96,11.83,8.12,10.25,11.54,11.29,10.13,18.5,0.0
4370,70.0,3.0,3.0,15.29,10.34,13.62,5.63,10.13,7.12,10.25,8.21,8.58,6.87,15.54,0.0
4371,65.0,10.0,5.0,7.17,0.75,4.75,1.79,2.25,0.87,2.13,0.13,1.38,1.71,2.42,1.0
4372,76.0,12.0,23.0,12.38,11.38,12.92,3.58,9.75,8.38,6.63,8.63,7.5,6.67,8.29,0.0
4373,74.0,4.0,24.0,5.41,2.5,11.0,1.67,3.58,0.63,3.29,3.96,2.58,1.79,8.25,1.0
4374,76.0,3.0,18.0,16.88,16.62,13.46,5.58,13.62,6.38,11.12,11.42,10.67,7.54,12.08,1.0
4375,75.0,11.0,7.0,3.33,2.46,8.38,0.37,3.08,0.08,5.5,0.63,0.37,0.75,5.88,1.0
4376,65.0,4.0,26.0,26.63,18.08,18.46,16.25,23.25,16.21,21.5,17.08,17.83,19.62,23.5,0.0
4377,62.0,12.0,14.0,13.96,13.37,11.08,13.46,20.3,16.33,20.0,18.12,17.33,16.79,21.12,0.0
4378,66.0,3.0,11.0,23.71,16.42,15.63,14.88,21.34,13.67,20.62,16.79,15.87,17.29,24.08,0.0
4379,65.0,4.0,19.0,23.54,18.21,19.7,14.92,17.16,13.17,20.38,14.12,13.92,20.41,16.88,0.0
4380,67.0,3.0,24.0,17.83,16.29,16.46,10.96,14.09,10.96,16.29,14.29,12.33,15.09,22.25,0.0
4381,64.0,8.0,14.0,5.25,2.0,11.46,2.71,3.08,2.75,3.04,1.63,2.58,3.79,7.79,1.0
4382,67.0,2.0,26.0,11.25,12.96,8.71,7.33,13.88,8.46,13.75,9.87,9.87,11.38,14.75,0.0
4383,72.0,12.0,13.0,14.88,14.17,16.29,7.62,8.75,9.5,11.46,11.29,9.38,11.54,22.92,0.0
4384,70.0,3.0,14.0,11.08,7.25,17.29,6.71,7.71,3.08,7.29,5.13,5.46,4.42,4.21,1.0
4385,69.0,7.0,21.0,10.63,12.62,13.21,5.91,8.42,8.5,8.0,11.67,9.13,10.34,19.62,0.0
4386,70.0,7.0,12.0,13.42,10.08,13.7,7.96,16.46,12.42,17.5,13.96,16.42,13.29,21.34,0.0
4387,65.0,8.0,28.0,12.29,10.63,10.75,8.04,16.25,10.83,16.92,12.87,12.46,12.0,18.05,0.0
4388,67.0,7.0,2.0,11.75,11.29,9.62,6.75,14.46,8.58,11.58,11.21,10.5,9.87,18.63,0.0
4389,64.0,10.0,23.0,25.17,21.67,15.54,12.71,18.5,12.29,14.71,14.21,13.29,14.88,22.34,0.0
4390,62.0,6.0,3.0,5.58,10.37,4.96,2.29,7.17,3.08,3.0,5.41,3.46,4.17,7.67,1.0
4391,61.0,10.0,28.0,6.5,3.29,4.79,2.21,4.58,2.62,9.75,3.71,5.79,6.67,8.5,1.0
4392,69.0,12.0,26.0,12.71,6.67,10.75,3.21,2.71,1.25,5.25,2.37,3.25,2.79,5.13,1.0
4393,69.0,7.0,31.0,11.08,14.54,7.92,7.08,12.79,9.25,7.04,9.38,9.13,10.83,12.83,1.0
4394,63.0,12.0,8.0,7.29,1.08,7.38,0.42,6.54,1.46,1.83,1.29,1.13,1.29,6.29,1.0
4395,70.0,9.0,6.0,6.92,12.38,8.08,4.04,8.92,6.17,5.17,7.38,6.25,2.25,13.21,1.0
4396,70.0,5.0,29.0,10.0,9.25,8.25,4.63,11.04,7.12,6.04,8.92,7.62,8.54,14.83,0.0
4397,68.0,12.0,16.0,14.5,9.87,9.54,3.75,11.42,5.88,4.5,7.17,6.38,5.41,11.75,1.0
4398,73.0,7.0,19.0,13.62,11.67,9.75,8.63,14.83,9.5,12.12,10.41,11.71,9.13,15.25,0.0
4399,74.0,2.0,22.0,15.16,11.63,11.79,8.12,13.0,7.21,12.71,11.08,10.13,9.83,14.29,0.0
4400,75.0,3.0,28.0,15.87,12.67,12.17,6.0,10.21,7.62,9.42,9.29,10.75,10.0,16.17,0.0
4401,69.0,9.0,21.0,18.54,16.62,17.54,9.5,17.67,10.67,16.17,15.75,12.83,13.54,22.04,0.0
4402,67.0,1.0,14.0,10.13,10.13,5.13,3.21,8.17,4.21,6.21,6.63,3.96,7.46,14.62,1.0
4403,66.0,3.0,4.0,11.87,6.71,7.92,4.96,10.79,6.21,9.71,7.0,8.63,10.25,11.54,0.0
4404,71.0,6.0,21.0,13.54,11.29,11.75,7.21,13.21,8.58,9.83,11.29,12.12,11.71,16.08,0.0
4405,69.0,12.0,12.0,3.46,6.21,4.38,0.21,6.71,5.0,2.88,4.75,1.38,0.5,12.87,1.0
4406,67.0,2.0,17.0,3.13,7.12,4.67,1.58,7.38,2.88,4.54,4.38,2.5,3.25,11.12,1.0
4407,62.0,8.0,18.0,6.87,10.79,9.21,5.0,7.17,5.63,7.54,5.58,5.17,5.91,12.25,1.0
4408,73.0,10.0,13.0,17.04,12.62,17.62,6.83,11.38,5.88,9.42,12.83,9.38,9.67,14.33,0.0
4409,67.0,5.0,2.0,16.58,9.54,10.0,7.17,11.67,7.54,8.75,7.0,6.71,8.12,11.21,1.0
4410,62.0,4.0,16.0,10.17,8.92,27.04,10.88,9.75,8.92,15.34,8.38,8.75,12.42,10.17,1.0
4411,77.0,11.0,21.0,20.38,16.25,18.46,10.0,10.88,9.92,14.17,11.58,12.08,11.63,20.75,0.0
4412,78.0,7.0,7.0,11.87,6.92,9.59,5.46,11.83,8.08,11.92,9.33,10.41,8.42,11.75,0.0
4413,70.0,1.0,25.0,5.0,4.29,7.58,1.13,4.04,3.42,2.25,4.67,2.62,2.08,10.21,1.0
4414,62.0,6.0,17.0,13.83,15.59,10.21,8.63,14.54,9.59,10.37,10.67,10.63,9.29,14.04,1.0
4415,67.0,3.0,22.0,13.83,10.92,9.46,7.83,13.59,11.83,17.04,12.46,14.37,12.0,16.62,0.0
4416,71.0,12.0,5.0,11.5,6.79,6.08,2.46,8.58,4.08,4.96,7.04,4.33,7.62,16.75,0.0
4417,76.0,3.0,19.0,13.46,10.96,18.29,8.5,11.79,10.88,14.58,11.42,13.92,13.21,13.04,0.0
4418,65.0,8.0,20.0,17.41,15.21,13.42,8.21,15.12,10.29,14.17,12.75,10.37,13.96,19.29,0.0
4419,74.0,2.0,8.0,19.55,20.25,17.92,8.46,15.12,11.46,13.62,13.88,14.96,11.5,19.7,0.0
4420,67.0,12.0,19.0,8.17,4.08,17.46,2.96,8.38,6.34,10.34,8.0,7.41,5.54,10.46,1.0
4421,66.0,12.0,19.0,15.59,16.38,15.29,12.04,22.58,15.59,23.04,13.7,19.0,13.5,23.25,0.0
4422,75.0,3.0,12.0,10.63,9.04,15.21,4.79,7.5,5.91,10.75,7.12,9.75,8.25,6.63,0.0
4423,70.0,3.0,12.0,24.17,17.21,25.41,13.5,14.79,12.54,14.37,15.09,13.92,16.54,21.42,0.0
4424,70.0,5.0,3.0,13.67,14.83,15.37,9.62,17.21,12.71,9.71,11.21,13.7,15.46,17.67,0.0
4425,61.0,11.0,14.0,10.67,10.67,26.63,9.71,8.08,8.42,15.71,4.92,7.5,9.13,5.5,1.0
4426,76.0,12.0,5.0,16.88,13.37,14.42,5.33,11.5,9.04,11.83,6.83,8.83,7.67,12.75,1.0
4427,71.0,3.0,31.0,3.83,1.96,5.29,2.0,3.25,0.96,3.42,1.21,3.96,3.13,6.04,1.0
4428,78.0,9.0,24.0,11.63,10.13,13.59,4.08,10.5,7.12,12.87,7.83,8.87,8.58,15.12,0.0
4429,71.0,4.0,17.0,11.42,7.33,11.46,5.91,13.75,9.29,13.75,10.29,12.21,11.63,17.67,0.0
4430,74.0,4.0,29.0,10.08,7.41,8.12,3.37,5.17,1.08,4.33,5.25,4.5,5.21,6.71,1.0
4431,63.0,4.0,26.0,5.09,8.87,8.38,5.88,6.79,6.96,5.71,8.29,5.83,6.21,15.09,1.0
4432,65.0,6.0,25.0,17.58,15.29,15.54,11.42,17.71,13.08,15.12,13.62,13.17,14.33,19.55,0.0
4433,70.0,11.0,27.0,14.21,12.0,14.17,7.92,12.58,8.5,9.54,7.38,8.83,6.29,8.71,0.0
4434,77.0,8.0,10.0,5.04,10.25,5.41,3.79,6.63,5.37,5.83,3.75,5.75,5.88,11.96,1.0
4435,64.0,5.0,11.0,18.91,16.92,20.46,10.34,14.0,12.33,15.04,15.34,10.21,16.13,20.62,1.0
4436,66.0,9.0,5.0,17.04,16.66,16.38,9.75,16.54,11.63,15.67,15.46,12.83,15.5,24.17,0.0
4437,74.0,7.0,18.0,5.83,4.54,7.29,1.42,5.04,3.04,7.5,4.38,3.83,3.92,10.37,1.0
4438,77.0,12.0,21.0,17.62,17.88,18.71,8.67,14.17,14.54,14.17,13.88,11.87,10.5,13.83,0.0
4439,71.0,12.0,16.0,17.0,16.96,14.46,7.12,11.83,11.17,12.29,10.75,10.79,12.75,20.96,0.0
4440,70.0,8.0,7.0,5.63,2.79,4.33,1.67,6.04,2.37,1.29,2.29,0.58,2.17,9.92,1.0
4441,65.0,6.0,13.0,5.21,10.71,6.83,2.83,3.46,3.75,8.5,7.92,3.71,4.63,14.83,1.0
4442,78.0,12.0,12.0,23.13,18.63,18.05,8.29,14.33,11.04,10.54,10.13,11.42,10.5,11.25,1.0
4443,63.0,2.0,17.0,12.46,14.67,12.46,5.33,11.12,6.96,7.83,8.33,6.63,7.33,11.63,1.0
4444,63.0,8.0,4.0,7.0,6.5,4.79,2.37,5.91,1.87,3.13,3.5,3.67,4.29,8.71,1.0
4445,64.0,3.0,3.0,7.46,8.21,7.46,2.37,9.54,1.21,4.83,3.67,2.46,3.29,5.09,1.0
4446,62.0,6.0,10.0,8.87,5.25,9.08,4.58,4.54,5.29,6.5,5.04,5.33,8.79,6.96,1.0
4447,74.0,4.0,23.0,5.04,5.29,11.79,3.08,3.83,2.17,3.33,5.88,3.5,4.25,8.0,1.0
4448,72.0,1.0,15.0,9.17,10.71,15.16,6.34,10.37,7.54,15.34,7.58,10.21,10.46,11.0,0.0
4449,78.0,6.0,3.0,10.71,8.83,6.63,3.79,9.59,5.83,4.54,6.25,6.79,6.29,6.79,1.0
4450,71.0,1.0,15.0,7.75,7.83,5.17,0.17,6.71,2.46,2.0,3.63,1.96,1.67,6.21,1.0
4451,65.0,5.0,1.0,7.71,4.25,10.17,5.71,9.75,7.87,12.12,8.79,8.0,11.87,10.67,0.0
4452,69.0,11.0,17.0,11.29,9.38,13.67,5.63,6.38,6.46,10.25,6.42,8.92,7.46,11.5,1.0
4453,72.0,12.0,4.0,20.21,22.79,16.83,11.0,12.0,10.79,19.38,10.71,13.04,11.54,14.25,0.0
4454,65.0,2.0,19.0,9.5,6.87,19.33,8.33,8.04,7.83,13.46,8.79,8.29,11.92,10.58,0.0
4455,63.0,11.0,25.0,26.58,26.54,19.46,14.75,23.09,15.54,18.41,18.54,17.62,17.04,24.13,0.0
4456,72.0,7.0,9.0,11.79,12.96,9.08,5.58,12.38,8.25,9.92,8.92,10.21,7.25,15.71,0.0
4457,73.0,4.0,7.0,16.71,10.92,14.83,7.79,8.87,8.92,11.46,7.83,10.08,10.54,14.21,0.0
4458,76.0,6.0,9.0,14.17,13.92,14.21,7.71,13.62,9.59,10.83,10.25,12.42,10.17,17.88,0.0
4459,71.0,6.0,14.0,15.25,12.71,25.62,8.58,11.12,5.79,9.67,11.87,8.08,8.0,17.21,0.0
4460,68.0,7.0,9.0,4.92,3.29,3.92,1.87,3.96,0.29,3.46,3.71,1.29,0.87,10.67,1.0
4461,77.0,3.0,13.0,12.92,11.92,15.29,5.88,9.79,8.63,13.33,8.79,10.46,9.92,11.12,0.0
4462,66.0,4.0,12.0,14.96,12.38,14.71,9.71,15.96,12.75,17.71,16.66,13.62,10.92,17.08,0.0
4463,66.0,7.0,17.0,12.71,10.08,9.04,6.29,7.5,4.75,4.75,6.38,6.29,7.38,9.62,1.0
4464,69.0,10.0,2.0,15.09,15.16,13.42,7.0,15.34,10.79,16.42,11.5,13.42,11.25,21.42,0.0
4465,77.0,8.0,13.0,12.0,16.33,4.88,3.88,10.63,7.54,6.54,6.29,7.08,6.75,12.96,0.0
4466,72.0,5.0,29.0,21.84,19.55,17.83,12.46,23.58,13.13,20.08,17.92,17.33,17.5,26.38,0.0
4467,71.0,7.0,30.0,7.38,8.87,6.71,5.0,9.92,3.17,5.58,5.88,6.04,5.0,8.08,1.0
4468,66.0,10.0,12.0,22.54,18.91,15.59,11.63,18.96,12.42,13.17,13.17,11.58,13.92,17.46,0.0
4469,74.0,9.0,27.0,14.12,9.13,12.42,4.46,6.79,3.17,6.46,6.46,4.42,2.96,10.37,1.0
4470,69.0,3.0,16.0,21.12,17.62,18.66,11.25,14.88,9.21,16.17,18.75,16.29,15.71,18.05,0.0
4471,65.0,10.0,19.0,14.33,11.71,13.29,5.75,9.87,7.58,9.21,6.83,5.91,8.58,12.17,1.0
4472,63.0,10.0,2.0,15.16,12.42,11.25,8.42,13.5,7.79,10.54,10.0,9.0,10.21,15.54,1.0
4473,73.0,6.0,9.0,12.0,10.54,7.75,8.08,14.88,10.46,14.79,11.75,12.04,10.75,15.25,0.0
4474,73.0,11.0,5.0,14.42,14.83,11.67,8.17,11.17,7.08,10.41,7.33,9.54,9.17,14.25,0.0
4475,68.0,1.0,24.0,17.41,9.83,7.83,9.08,10.08,6.0,13.04,9.17,10.41,11.0,13.7,0.0
4476,68.0,7.0,10.0,5.83,8.25,17.58,7.04,9.29,5.63,10.17,8.46,6.75,5.75,13.92,1.0
4477,71.0,3.0,23.0,10.63,8.83,11.25,6.13,11.79,8.71,12.21,10.34,12.75,10.96,15.0,0.0
4478,61.0,2.0,8.0,24.54,21.42,21.34,11.63,17.04,14.21,16.5,17.33,14.67,17.79,23.79,0.0
4479,77.0,3.0,16.0,24.75,18.84,17.25,11.63,15.21,13.21,15.34,14.79,14.88,16.29,22.92,0.0
4480,71.0,6.0,2.0,13.46,10.58,12.29,4.75,7.04,5.29,6.13,7.58,8.33,6.25,9.21,1.0
4481,74.0,1.0,12.0,27.58,22.75,21.21,15.54,22.42,17.67,20.83,18.54,20.08,21.09,26.04,0.0
4482,69.0,6.0,25.0,9.29,8.08,10.08,4.38,6.71,6.0,5.71,4.21,5.17,3.46,8.17,1.0
4483,76.0,1.0,12.0,12.58,12.12,11.67,6.92,14.25,8.29,16.42,10.88,14.33,10.88,17.41,0.0
4484,62.0,8.0,11.0,16.92,15.16,16.46,13.0,18.12,12.96,18.5,17.25,17.92,17.37,24.08,0.0
4485,74.0,1.0,3.0,20.46,10.92,21.62,10.75,11.92,13.04,15.0,11.67,17.79,17.58,11.42,0.0
4486,69.0,4.0,19.0,16.33,14.21,8.71,5.88,14.33,6.25,6.92,8.75,8.54,10.5,11.63,0.0
4487,73.0,2.0,9.0,17.92,16.38,12.29,10.13,11.17,9.04,14.09,9.96,13.13,9.25,18.25,0.0
4488,69.0,6.0,6.0,2.5,4.21,3.67,0.71,2.25,2.67,0.21,4.08,0.5,1.83,13.54,1.0
4489,76.0,9.0,19.0,12.83,14.21,13.37,7.0,11.25,10.0,9.75,7.58,12.71,8.25,12.79,0.0
4490,68.0,12.0,14.0,13.37,13.04,6.5,3.13,9.29,3.75,1.96,7.58,4.25,5.5,11.42,0.0
4491,72.0,4.0,25.0,7.0,4.67,9.29,2.58,4.21,1.83,5.21,3.96,4.42,2.17,5.5,1.0
4492,74.0,6.0,17.0,14.67,10.21,8.21,5.21,12.12,5.37,6.17,9.21,6.13,6.87,10.25,1.0
4493,70.0,8.0,11.0,4.08,3.83,5.66,3.21,3.13,2.79,3.17,4.04,3.92,3.67,7.62,1.0
4494,70.0,3.0,18.0,22.95,16.96,14.71,13.88,19.04,12.58,19.7,17.12,17.83,17.79,22.34,0.0
4495,62.0,6.0,28.0,12.54,6.5,9.25,8.21,11.71,8.71,12.79,10.5,11.87,10.67,11.0,1.0
4496,78.0,3.0,11.0,11.67,12.21,12.5,5.75,10.13,7.41,3.63,9.04,9.08,6.29,13.04,1.0
4497,64.0,11.0,30.0,13.42,14.96,9.33,4.96,10.5,7.41,11.12,7.75,8.92,8.12,16.08,0.0
4498,78.0,12.0,22.0,6.21,7.38,13.08,2.54,7.58,5.33,2.46,8.38,5.09,5.04,9.92,1.0
4499,67.0,1.0,20.0,10.96,8.75,14.42,7.21,9.92,6.46,10.21,7.17,6.63,10.04,10.37,0.0
4500,75.0,4.0,9.0,15.63,9.08,13.13,7.54,8.71,8.04,10.54,6.38,9.46,10.41,13.5,0.0
4501,77.0,7.0,13.0,4.63,3.08,14.33,4.58,5.0,5.79,6.79,3.92,4.67,3.08,12.0,1.0
4502,71.0,4.0,7.0,7.46,5.83,13.17,4.38,7.12,2.25,2.92,4.5,3.75,2.92,5.96,1.0
4503,74.0,10.0,23.0,10.08,8.08,13.33,4.88,5.71,3.5,8.87,5.41,6.04,7.29,8.75,0.0
4504,65.0,3.0,26.0,14.75,17.0,13.75,7.75,16.62,10.37,14.04,12.5,9.96,11.67,16.46,1.0
4505,63.0,4.0,23.0,9.87,11.67,7.25,5.63,11.87,8.42,6.0,8.71,8.25,10.0,9.67,1.0
4506,75.0,12.0,25.0,18.71,12.33,12.58,9.33,12.71,8.75,13.96,11.0,12.87,13.59,15.79,0.0
4507,71.0,11.0,7.0,14.33,12.83,12.17,5.96,14.79,10.79,13.92,10.17,13.59,11.5,19.41,0.0
4508,69.0,9.0,22.0,7.87,6.29,8.25,3.25,9.42,4.71,7.38,7.29,6.21,6.87,13.88,0.0
4509,66.0,3.0,30.0,8.71,6.42,9.17,7.38,11.42,8.46,13.59,6.75,9.42,9.62,13.0,0.0
4510,74.0,6.0,19.0,10.92,12.62,11.75,4.17,7.71,5.04,5.75,11.17,6.79,5.33,15.63,1.0
4511,74.0,5.0,7.0,8.58,12.17,6.58,4.0,8.21,5.04,6.58,8.46,5.58,6.38,15.96,1.0
4512,61.0,6.0,19.0,8.92,6.38,7.67,6.42,11.34,7.75,10.37,9.38,10.29,10.17,12.92,0.0
4513,78.0,6.0,10.0,12.54,9.17,10.04,6.17,9.96,8.46,8.71,7.41,9.67,10.13,10.29,0.0
4514,72.0,10.0,4.0,10.54,5.17,8.71,1.29,1.79,0.46,4.04,3.33,4.17,1.67,3.46,1.0
4515,63.0,12.0,20.0,11.83,5.75,11.5,3.21,4.71,0.79,8.38,5.21,3.0,1.92,4.17,1.0
4516,69.0,8.0,22.0,15.54,10.75,10.75,8.33,11.96,8.12,10.79,6.92,11.08,10.96,14.5,0.0
4517,74.0,9.0,2.0,22.75,17.88,19.95,11.04,14.58,10.54,12.92,9.83,11.12,9.0,6.83,1.0
4518,70.0,6.0,3.0,11.92,18.58,8.0,6.96,13.83,8.17,6.75,9.71,8.71,9.13,14.12,1.0
4519,66.0,11.0,22.0,11.58,3.92,13.46,5.88,6.08,0.67,8.17,1.13,4.21,3.13,5.83,1.0
4520,69.0,3.0,18.0,9.38,4.5,15.12,11.12,11.67,10.88,14.67,20.0,16.33,14.62,17.0,0.0
4521,65.0,4.0,22.0,8.25,10.75,7.54,4.54,8.83,6.5,4.79,7.62,4.38,5.71,9.83,1.0
4522,70.0,7.0,14.0,21.54,15.29,14.29,9.38,14.79,9.87,12.87,10.5,14.09,11.34,15.96,0.0
4523,68.0,4.0,6.0,6.46,4.71,6.5,3.71,7.29,3.92,9.33,6.42,5.21,8.21,9.0,0.0
4524,66.0,1.0,13.0,21.0,17.54,16.79,8.0,20.21,9.83,12.29,9.71,7.54,8.54,12.29,1.0
4525,61.0,2.0,1.0,14.25,15.12,9.04,5.88,12.08,7.17,10.17,3.63,6.5,5.5,9.17,1.0
4526,76.0,4.0,29.0,6.04,3.79,5.75,1.87,3.46,0.29,3.54,1.42,1.25,3.17,7.58,1.0
4527,77.0,2.0,22.0,10.17,15.09,10.96,4.58,11.46,9.87,10.96,11.83,9.75,11.34,16.83,0.0
4528,67.0,9.0,3.0,23.38,23.54,17.96,14.67,25.04,16.46,19.67,17.0,16.62,14.79,26.46,0.0
4529,70.0,4.0,20.0,15.75,16.25,12.87,8.33,15.0,10.41,15.41,8.63,11.38,10.75,14.42,0.0
4530,65.0,6.0,2.0,6.38,2.75,6.0,1.67,3.42,1.71,1.83,3.17,1.0,3.5,3.42,1.0
4531,65.0,6.0,12.0,10.92,9.71,9.54,4.75,10.34,7.67,5.46,6.67,6.54,6.38,10.46,1.0
4532,66.0,2.0,18.0,15.87,15.29,21.46,9.96,18.79,13.5,13.59,17.83,11.12,13.7,19.29,0.0
4533,75.0,3.0,13.0,9.0,5.0,16.0,5.04,6.29,2.79,7.62,4.33,6.83,6.25,5.17,1.0
4534,66.0,6.0,16.0,16.17,13.54,12.38,10.25,14.21,10.67,10.34,10.41,10.92,12.96,12.79,0.0
4535,72.0,4.0,14.0,19.29,9.29,13.46,9.17,13.46,8.67,13.92,11.71,13.42,12.38,15.83,0.0
4536,68.0,10.0,10.0,18.46,15.96,16.42,9.79,14.75,9.42,12.58,11.83,10.88,11.04,19.92,0.0
4537,75.0,1.0,2.0,9.17,11.46,9.13,2.54,8.71,4.58,8.58,13.75,10.67,10.54,17.79,0.0
4538,76.0,7.0,30.0,13.04,9.54,8.12,6.25,10.96,6.83,9.87,6.63,9.42,8.25,13.7,0.0
4539,70.0,2.0,13.0,17.79,15.83,21.25,7.17,11.83,8.21,8.75,11.04,10.04,7.25,14.71,0.0
4540,77.0,3.0,9.0,21.17,15.96,15.16,9.83,17.46,13.62,16.88,13.75,14.42,15.5,16.38,0.0
4541,76.0,3.0,17.0,7.5,5.29,9.25,2.62,3.0,0.83,8.04,2.21,4.54,6.08,5.63,1.0
4542,62.0,2.0,3.0,14.92,11.54,11.67,6.71,13.5,10.04,15.96,11.46,12.42,12.12,18.58,0.0
4543,70.0,3.0,1.0,13.13,6.04,8.96,4.63,10.58,7.67,14.62,10.5,11.83,10.17,14.46,0.0
4544,65.0,9.0,27.0,12.42,11.87,7.96,5.17,11.34,6.79,5.37,7.96,6.04,8.63,11.34,1.0
4545,77.0,8.0,19.0,6.5,3.42,11.75,3.42,4.46,4.17,7.12,1.33,4.29,3.29,5.04,1.0
4546,72.0,5.0,10.0,13.62,11.5,8.79,5.41,12.12,7.58,8.67,9.08,7.96,5.41,14.54,1.0
4547,61.0,9.0,18.0,9.75,4.21,9.5,2.71,5.79,4.46,4.17,4.79,4.33,6.21,7.21,1.0
4548,65.0,1.0,25.0,7.0,3.21,17.08,3.5,4.21,4.42,5.5,5.21,4.38,5.37,7.17,1.0
4549,69.0,10.0,30.0,7.04,3.88,6.75,4.58,10.46,4.58,11.58,10.46,9.59,8.5,16.21,0.0
4550,67.0,8.0,29.0,10.83,7.33,7.17,5.0,11.46,7.17,10.54,8.29,8.46,8.79,14.37,0.0
4551,69.0,9.0,3.0,8.04,4.25,14.09,4.33,6.13,2.5,3.83,2.29,3.46,3.71,2.96,1.0
4552,75.0,10.0,25.0,17.75,21.04,14.42,12.62,18.84,12.71,9.96,16.04,17.08,15.34,26.71,0.0
4553,64.0,5.0,2.0,17.54,17.62,16.46,9.75,13.92,10.54,9.79,14.67,8.38,13.79,21.17,1.0
4554,70.0,8.0,27.0,4.08,2.25,7.58,1.21,2.54,2.13,1.25,1.33,2.83,2.67,2.67,1.0
4555,67.0,7.0,15.0,8.83,12.96,8.29,4.67,10.58,4.42,5.5,7.87,4.71,7.87,12.0,1.0
4556,74.0,12.0,15.0,9.71,11.12,8.12,4.25,9.38,5.17,10.58,8.83,9.5,8.71,12.79,0.0
4557,78.0,2.0,7.0,3.42,0.79,6.08,1.29,3.46,0.58,5.5,1.83,2.67,1.46,2.17,1.0
4558,78.0,8.0,28.0,3.5,1.92,6.25,2.25,1.25,2.0,2.42,1.33,3.63,3.54,5.0,1.0
4559,66.0,9.0,24.0,6.5,9.54,4.79,2.54,8.12,1.92,2.33,2.92,2.5,1.92,4.5,1.0
4560,77.0,10.0,28.0,14.25,12.83,11.12,4.79,12.83,9.33,14.92,14.54,13.37,10.37,22.67,0.0
4561,76.0,2.0,25.0,10.08,11.46,14.33,5.04,8.58,6.21,14.17,13.33,13.7,13.79,19.79,0.0
4562,64.0,12.0,15.0,16.0,12.08,11.34,5.58,11.71,10.54,7.83,12.54,8.38,13.33,18.0,0.0
4563,73.0,3.0,7.0,5.58,9.13,6.71,1.21,4.33,3.46,6.58,6.25,5.29,5.29,10.46,1.0
4564,68.0,10.0,10.0,18.46,15.96,16.42,9.79,14.75,9.42,12.58,11.83,10.88,11.04,19.92,0.0
4565,77.0,5.0,10.0,5.41,8.17,7.62,3.67,4.42,6.21,7.67,4.04,4.58,5.04,12.33,1.0
4566,68.0,8.0,14.0,18.66,11.42,13.62,11.21,16.83,10.46,10.37,10.83,11.12,8.83,10.58,1.0
4567,68.0,8.0,7.0,9.5,4.25,20.83,7.54,8.54,4.33,7.87,5.5,5.29,3.58,10.0,1.0
4568,75.0,10.0,7.0,7.21,7.12,4.08,1.25,3.63,1.46,2.08,3.21,3.63,1.25,5.21,1.0
4569,64.0,11.0,20.0,5.66,8.96,10.21,3.13,4.83,2.75,9.25,13.17,4.79,10.21,16.71,1.0
4570,71.0,6.0,6.0,3.96,3.25,15.12,3.83,4.67,2.67,4.71,5.33,3.29,2.08,12.04,1.0
4571,71.0,11.0,25.0,5.91,4.17,6.87,2.71,8.42,5.79,12.42,3.54,8.83,6.25,10.46,1.0
4572,64.0,6.0,29.0,10.29,6.42,8.12,5.21,9.38,5.37,8.92,6.63,8.29,10.63,12.42,0.0
4573,63.0,1.0,1.0,15.59,13.62,19.79,8.38,12.25,10.0,23.45,15.71,13.59,14.37,17.58,0.0
4574,62.0,10.0,18.0,4.88,2.42,5.25,3.29,5.75,5.83,11.63,7.83,7.21,8.29,14.83,0.0
4575,66.0,11.0,1.0,22.71,21.25,25.75,15.34,18.0,11.92,18.58,15.34,12.75,16.13,27.04,0.0
4576,71.0,2.0,27.0,9.42,8.42,7.33,3.88,7.08,3.88,2.62,5.37,6.5,4.88,11.83,0.0
4577,74.0,2.0,1.0,21.59,16.54,21.09,13.04,13.96,12.33,15.92,12.46,16.04,16.5,9.46,0.0
4578,70.0,9.0,10.0,19.0,18.58,16.13,10.41,18.96,11.79,15.71,11.87,14.5,11.58,17.37,0.0
4579,75.0,9.0,17.0,9.04,5.71,14.5,4.21,4.63,3.79,6.29,6.04,7.25,5.04,10.71,1.0
4580,76.0,1.0,31.0,11.46,9.5,17.67,4.88,6.96,4.67,18.21,8.92,11.63,7.96,8.54,0.0
4581,74.0,1.0,6.0,21.09,16.66,15.21,7.54,13.7,8.71,9.04,9.71,10.92,11.96,19.17,0.0
4582,70.0,1.0,28.0,17.5,17.67,17.83,8.58,17.37,14.62,13.75,14.88,11.42,12.5,18.79,0.0
4583,69.0,8.0,11.0,10.67,9.08,7.96,5.37,12.25,7.67,6.17,10.92,9.25,10.83,22.13,0.0
4584,73.0,5.0,2.0,12.58,11.04,10.17,4.38,7.29,5.66,7.62,5.54,6.58,3.71,8.83,1.0
4585,73.0,7.0,22.0,7.17,3.33,9.83,4.33,7.54,5.71,8.33,5.71,8.42,6.63,10.17,1.0
4586,69.0,2.0,11.0,24.75,15.34,14.71,16.25,21.59,11.46,17.58,18.63,18.21,19.33,24.25,0.0
4587,63.0,2.0,26.0,22.83,22.21,20.67,14.17,22.63,16.88,19.25,19.7,15.04,15.12,27.42,0.0
4588,66.0,4.0,5.0,13.92,12.42,20.0,10.88,16.21,13.42,17.37,15.63,12.54,16.08,17.41,0.0
4589,76.0,5.0,12.0,25.17,15.63,15.67,12.67,19.41,13.04,16.29,13.37,14.96,14.04,19.41,0.0
4590,63.0,3.0,20.0,11.29,8.63,11.21,6.34,9.54,5.46,7.54,7.58,5.79,8.21,6.21,1.0
4591,73.0,3.0,9.0,12.62,15.67,7.87,5.04,10.58,8.67,6.46,7.25,5.75,4.33,8.42,1.0
4592,65.0,9.0,14.0,10.04,13.17,12.0,6.83,11.21,7.58,4.25,9.59,7.29,11.42,13.0,1.0
4593,76.0,12.0,4.0,10.29,9.62,9.21,1.5,3.5,2.67,11.0,0.63,3.63,4.67,4.04,1.0
4594,65.0,7.0,22.0,5.33,2.79,4.67,2.0,2.79,0.83,4.79,2.37,2.17,2.75,6.0,1.0
4595,62.0,5.0,14.0,17.58,9.46,11.04,10.0,13.25,9.21,13.79,11.08,10.17,10.46,10.63,1.0
4596,74.0,5.0,19.0,9.96,15.5,8.71,5.33,9.79,4.92,5.91,10.08,5.91,6.04,18.75,1.0
4597,66.0,10.0,27.0,19.75,17.16,22.54,12.62,12.87,9.29,14.79,9.67,9.79,14.21,19.62,0.0
4598,74.0,1.0,9.0,6.5,10.63,6.83,1.21,10.21,5.0,7.29,6.04,7.71,7.29,13.88,0.0
4599,73.0,11.0,6.0,6.83,6.67,6.46,3.46,5.58,3.75,6.08,4.79,6.5,5.71,9.5,0.0
4600,69.0,7.0,23.0,4.5,5.66,6.46,2.37,6.75,4.33,3.5,5.5,5.37,6.63,10.41,1.0
4601,68.0,1.0,23.0,8.0,7.21,6.42,3.92,4.75,2.62,8.75,4.58,5.83,6.21,11.96,0.0
4602,61.0,7.0,18.0,4.38,6.79,5.29,4.63,7.33,3.88,4.96,7.79,6.5,7.75,9.79,1.0
4603,63.0,3.0,28.0,11.5,8.38,11.58,5.41,11.34,8.04,9.83,8.5,7.46,10.17,11.83,1.0
4604,74.0,5.0,31.0,8.71,7.96,9.83,3.92,7.12,2.54,6.04,9.87,5.29,6.71,13.46,1.0
4605,63.0,4.0,11.0,16.21,13.37,9.29,8.46,13.75,10.29,9.54,12.83,11.25,9.29,16.83,0.0
4606,78.0,10.0,9.0,13.54,11.17,12.71,7.08,8.75,8.25,7.62,9.59,8.63,10.58,18.25,0.0
4607,78.0,9.0,3.0,4.17,5.04,3.88,0.83,1.25,4.5,4.12,1.42,4.42,3.63,5.46,1.0
4608,61.0,7.0,1.0,7.21,6.83,7.71,4.42,8.46,4.79,6.71,6.0,5.79,7.96,6.96,1.0
4609,65.0,4.0,8.0,5.54,5.29,7.54,4.83,8.92,6.71,9.92,7.29,6.58,7.58,9.04,1.0
4610,75.0,11.0,9.0,12.42,8.92,16.13,4.25,6.21,3.71,11.67,7.04,5.54,5.79,7.96,1.0
4611,63.0,2.0,16.0,12.38,7.71,13.88,7.71,14.21,7.58,13.54,14.29,11.63,12.38,15.5,0.0
4612,64.0,8.0,12.0,7.54,2.25,11.38,1.79,5.71,3.67,2.46,4.67,4.21,4.75,8.58,1.0
4613,70.0,3.0,21.0,7.58,6.63,5.5,2.71,8.29,6.08,7.38,7.38,5.88,5.96,11.67,1.0
4614,63.0,9.0,25.0,18.25,15.87,14.42,8.46,13.88,9.87,13.37,11.38,10.08,12.46,19.33,0.0
4615,70.0,1.0,19.0,19.08,22.37,20.91,13.17,18.34,14.96,16.79,15.16,15.37,15.63,23.67,0.0
4616,77.0,3.0,14.0,17.46,17.79,14.71,7.75,16.38,11.38,16.33,12.29,13.29,12.87,21.04,0.0
4617,62.0,4.0,5.0,28.33,16.38,18.08,17.88,21.21,15.16,22.42,18.05,20.83,18.34,21.42,0.0
4618,67.0,1.0,18.0,13.79,11.5,12.08,6.42,12.33,8.96,9.0,7.67,7.08,7.54,11.54,0.0
4619,65.0,5.0,30.0,12.25,9.92,8.75,6.67,9.5,7.17,9.17,10.29,6.79,11.54,15.12,0.0
4620,63.0,11.0,6.0,4.0,1.92,4.83,0.96,4.17,0.37,3.0,2.58,0.87,0.87,7.25,1.0
4621,70.0,2.0,27.0,12.21,10.83,17.88,5.0,5.91,4.92,7.67,8.0,7.12,6.08,9.0,1.0
4622,75.0,1.0,31.0,18.34,18.66,14.25,9.04,13.83,9.17,14.58,14.09,13.75,10.83,23.75,0.0
4623,64.0,12.0,22.0,14.67,9.62,20.71,6.63,11.0,4.63,15.04,9.79,7.54,9.83,8.08,1.0
4624,76.0,3.0,22.0,12.33,5.37,11.46,5.13,3.83,1.79,5.71,2.5,6.92,4.71,9.83,1.0
4625,64.0,5.0,12.0,17.88,14.83,17.54,11.25,17.67,13.29,14.37,16.33,13.13,16.33,24.54,0.0
4626,64.0,5.0,27.0,12.17,16.42,6.67,5.79,13.83,6.46,8.87,10.34,8.75,10.54,11.92,0.0
4627,66.0,9.0,25.0,10.96,9.83,5.71,1.83,7.87,2.96,3.88,4.71,4.29,5.13,6.67,1.0
4628,77.0,6.0,8.0,9.0,6.87,7.08,3.17,6.87,4.71,6.71,5.58,5.63,5.63,11.08,1.0
4629,70.0,10.0,5.0,16.54,14.21,13.62,7.96,14.5,8.92,14.88,12.12,12.38,13.54,23.45,0.0
4630,71.0,9.0,6.0,11.67,11.21,6.34,5.25,10.29,8.92,6.83,4.92,6.29,5.33,7.17,1.0
4631,76.0,2.0,5.0,11.46,11.87,14.0,4.33,7.21,3.08,12.79,7.87,11.12,10.75,9.04,0.0
4632,70.0,10.0,24.0,14.67,13.33,12.54,6.75,13.17,11.17,15.87,13.25,13.21,11.71,13.79,1.0
4633,78.0,3.0,31.0,9.04,5.63,13.0,6.34,6.75,8.0,12.54,10.21,11.25,11.12,9.71,0.0
4634,65.0,6.0,29.0,5.63,6.38,9.38,4.17,6.17,3.29,4.12,4.08,3.79,5.88,6.0,1.0
4635,69.0,8.0,26.0,19.58,12.83,13.08,9.83,16.08,10.46,15.79,12.04,14.71,14.0,15.0,0.0
4636,65.0,12.0,31.0,13.62,13.88,12.29,6.08,12.33,7.41,9.59,10.21,7.46,12.17,15.71,0.0
4637,62.0,10.0,7.0,12.12,14.25,8.79,8.5,14.0,9.25,8.04,9.79,8.46,10.88,15.87,1.0
4638,78.0,11.0,22.0,17.58,16.38,16.17,7.0,13.37,11.5,16.71,12.17,15.04,14.29,19.08,0.0
4639,68.0,3.0,5.0,16.54,9.25,10.04,10.37,13.33,9.0,16.92,11.46,14.25,17.25,16.66,0.0
4640,76.0,12.0,20.0,7.54,1.58,6.5,1.96,2.46,0.96,6.21,0.33,2.67,2.37,1.08,1.0
4641,76.0,7.0,25.0,9.25,9.54,7.0,3.92,4.75,4.5,5.58,3.67,7.17,6.46,10.25,1.0
4642,75.0,1.0,16.0,8.29,8.0,8.67,1.75,9.42,2.92,5.88,6.92,7.62,4.29,10.13,1.0
4643,63.0,6.0,2.0,17.62,8.79,20.62,8.63,11.38,10.75,14.46,13.7,13.7,11.79,12.83,0.0
4644,69.0,1.0,5.0,10.5,8.38,7.71,3.5,5.41,2.42,7.67,5.37,4.17,5.63,12.17,0.0
4645,63.0,12.0,10.0,20.12,20.33,18.66,10.63,18.05,13.17,12.17,15.29,9.25,13.29,18.75,1.0
4646,71.0,10.0,21.0,26.2,20.54,21.67,12.0,17.54,14.92,16.79,18.16,14.79,19.12,32.63,0.0
4647,63.0,9.0,29.0,17.5,10.5,13.7,10.46,14.71,11.87,17.88,14.37,14.58,14.58,16.88,0.0
4648,75.0,3.0,24.0,17.16,7.67,12.08,8.0,9.71,6.75,11.67,8.12,10.21,12.42,9.04,0.0
4649,67.0,1.0,5.0,10.92,4.33,12.67,5.41,6.25,2.62,6.87,1.67,4.88,6.5,4.54,1.0
4650,62.0,10.0,17.0,2.04,3.79,3.67,1.21,3.17,2.37,6.29,6.87,3.67,8.33,15.5,1.0
4651,67.0,4.0,1.0,22.25,17.92,16.54,11.42,16.96,12.71,11.87,11.87,12.75,14.5,21.04,0.0
4652,69.0,3.0,15.0,13.08,12.92,9.92,5.04,9.0,4.96,5.75,7.83,7.38,6.04,8.08,0.0
4653,75.0,12.0,23.0,16.17,14.04,14.29,7.17,8.71,6.87,12.5,9.33,12.08,10.5,13.7,0.0
4654,73.0,8.0,4.0,16.38,14.88,13.75,7.29,14.12,10.0,11.83,9.04,10.92,9.71,15.34,0.0
4655,65.0,3.0,28.0,7.08,17.54,10.75,6.34,11.29,9.13,7.41,9.92,7.92,9.38,20.17,0.0
4656,67.0,12.0,31.0,16.88,13.75,11.34,9.08,13.54,7.71,11.75,11.83,11.83,11.75,17.25,0.0
4657,72.0,1.0,3.0,6.83,0.67,9.25,2.29,2.46,0.17,3.88,0.21,2.88,1.25,2.21,1.0
4658,74.0,10.0,26.0,16.04,11.34,9.33,8.29,14.83,8.58,15.59,12.08,12.21,10.29,15.5,0.0
4659,65.0,10.0,20.0,16.88,15.41,15.96,8.12,15.25,12.38,10.46,9.25,5.58,7.67,14.79,0.0
4660,74.0,6.0,28.0,4.17,3.17,6.38,2.79,3.37,1.38,4.17,3.63,4.29,5.63,5.37,1.0
4661,68.0,9.0,7.0,13.92,14.96,8.42,5.96,14.92,7.62,7.38,11.17,7.79,9.71,15.67,0.0
4662,71.0,5.0,2.0,6.0,7.54,6.0,2.25,3.46,3.58,3.5,6.25,3.71,4.21,15.67,1.0
4663,63.0,6.0,13.0,10.0,3.13,4.17,5.54,5.91,3.67,4.92,3.96,4.67,8.38,5.71,1.0
4664,65.0,10.0,13.0,7.33,7.96,6.75,3.58,6.13,5.09,3.29,3.92,3.21,7.33,14.37,1.0
4665,69.0,5.0,14.0,9.04,11.54,11.67,6.92,9.79,5.04,7.54,8.54,5.75,6.42,16.08,1.0
4666,67.0,12.0,23.0,18.12,16.54,16.58,11.34,18.96,11.42,18.88,13.0,16.38,14.12,20.79,0.0
4667,71.0,4.0,12.0,14.04,9.79,10.79,4.38,7.0,5.33,5.79,6.96,8.21,5.58,9.46,1.0
4668,69.0,6.0,17.0,15.79,16.17,13.37,10.37,15.79,14.09,11.29,11.0,11.58,13.46,11.42,0.0
4669,61.0,8.0,29.0,14.46,16.04,12.75,9.17,19.21,12.12,14.12,16.54,12.0,16.13,24.71,0.0
4670,64.0,3.0,7.0,12.83,9.79,20.83,7.21,9.75,5.33,10.08,5.21,6.08,6.42,4.38,1.0
4671,68.0,1.0,15.0,15.41,15.63,12.79,11.58,16.42,10.71,19.41,13.83,15.5,14.25,19.7,0.0
4672,73.0,3.0,4.0,13.08,8.75,13.25,6.5,8.08,6.54,8.71,6.67,8.79,8.42,12.04,0.0
4673,71.0,6.0,8.0,9.08,8.42,7.08,3.42,10.04,4.88,4.38,10.13,6.17,5.41,16.83,1.0
4674,61.0,11.0,24.0,11.5,11.79,10.96,7.96,12.75,9.83,16.17,10.0,10.04,14.12,17.37,0.0
4675,75.0,8.0,12.0,11.92,7.58,9.59,5.41,9.04,4.63,5.88,4.96,7.83,1.92,6.75,1.0
4676,75.0,6.0,2.0,23.21,16.58,18.79,13.13,15.92,12.08,17.21,15.46,14.58,20.0,20.25,0.0
4677,72.0,1.0,16.0,23.67,20.62,20.17,8.79,16.83,12.75,16.58,12.5,12.33,12.71,15.16,0.0
4678,64.0,8.0,22.0,9.33,10.08,10.67,3.96,11.67,8.04,9.42,10.5,8.5,11.67,18.34,0.0
4679,68.0,7.0,25.0,3.46,2.42,3.42,2.54,4.0,1.54,2.25,1.75,1.04,1.33,6.96,1.0
4680,61.0,5.0,29.0,12.04,6.67,15.96,9.87,8.04,8.46,11.71,9.21,11.17,12.04,11.54,0.0
4681,71.0,1.0,19.0,13.88,11.96,11.5,6.38,13.04,8.33,15.96,7.92,10.54,10.92,15.96,0.0
4682,62.0,12.0,20.0,14.58,14.46,12.21,8.96,16.0,11.96,16.08,9.75,12.12,13.62,15.96,0.0
4683,78.0,3.0,14.0,23.63,24.3,18.54,15.79,23.71,18.5,21.87,21.34,19.79,16.13,21.29,0.0
4684,64.0,4.0,11.0,10.08,7.83,11.38,4.5,10.13,7.96,10.04,12.42,7.29,11.21,14.21,1.0
4685,65.0,4.0,5.0,9.62,10.25,6.46,3.29,7.21,2.62,4.88,2.75,2.88,4.75,4.08,1.0
4686,76.0,8.0,21.0,11.42,12.12,9.92,2.96,4.54,5.33,6.87,4.58,7.12,5.63,7.29,1.0
4687,61.0,6.0,10.0,14.42,9.96,11.58,6.79,11.54,4.67,9.71,4.25,7.58,6.87,5.83,1.0
4688,75.0,5.0,17.0,6.29,2.83,11.58,1.87,3.75,0.83,2.21,1.92,2.04,2.04,4.33,1.0
4689,75.0,3.0,9.0,17.04,13.08,12.21,6.13,10.54,6.25,10.08,8.08,9.38,9.04,15.12,0.0
4690,76.0,10.0,2.0,12.38,7.58,7.5,3.92,6.34,4.04,2.67,3.5,4.79,3.17,7.38,1.0
4691,72.0,1.0,5.0,10.88,9.17,5.88,0.87,2.04,0.13,2.75,1.38,1.08,1.13,4.83,1.0
4692,75.0,7.0,28.0,6.34,6.04,6.04,1.96,4.88,3.33,5.83,10.17,7.38,7.92,17.62,1.0
4693,70.0,5.0,24.0,13.46,13.59,12.87,6.42,14.25,8.42,10.08,10.79,10.63,11.04,20.96,0.0
4694,66.0,12.0,11.0,11.67,15.12,10.13,5.5,13.96,9.5,11.21,9.17,8.38,8.96,16.13,1.0
4695,62.0,1.0,8.0,21.09,16.62,20.08,12.92,17.41,11.71,17.71,13.5,12.17,16.38,26.12,0.0
4696,73.0,8.0,20.0,2.42,2.0,6.87,2.62,5.88,3.58,7.17,3.13,5.21,5.88,9.71,1.0
4697,76.0,2.0,18.0,5.29,11.25,5.13,1.17,6.17,2.21,2.92,5.58,4.88,2.37,11.34,1.0
4698,70.0,12.0,12.0,17.88,12.08,13.17,9.59,15.92,10.79,8.17,11.92,11.34,8.5,15.16,0.0
4699,77.0,3.0,30.0,25.04,19.5,20.38,13.13,18.79,16.75,14.12,15.92,16.71,19.17,28.42,0.0
4700,61.0,12.0,25.0,19.58,10.29,18.34,6.5,11.34,8.12,11.92,11.92,10.37,9.54,13.21,1.0
4701,73.0,4.0,30.0,12.5,13.5,8.63,6.25,10.08,8.08,8.12,8.38,8.12,6.87,16.62,0.0
4702,67.0,11.0,29.0,11.83,14.04,10.96,7.46,14.29,7.04,13.88,9.13,9.54,8.46,17.16,0.0
4703,65.0,6.0,7.0,5.0,3.13,4.46,2.04,3.17,1.5,2.5,4.33,2.46,3.83,10.46,1.0
4704,77.0,8.0,15.0,3.17,2.92,7.08,2.75,1.13,3.71,7.67,1.0,5.63,5.33,5.63,1.0
4705,73.0,3.0,19.0,5.88,3.13,8.33,3.17,4.75,2.29,3.67,2.5,4.67,0.37,4.12,1.0
4706,74.0,1.0,19.0,18.16,15.87,13.33,7.12,11.04,8.46,15.46,15.09,14.21,15.79,24.17,0.0
4707,62.0,6.0,2.0,4.96,4.63,5.75,2.58,3.92,1.08,3.17,2.79,2.42,1.29,4.12,1.0
4708,73.0,8.0,24.0,3.88,6.13,3.54,1.33,4.67,1.08,1.38,1.38,1.96,2.17,5.71,1.0
4709,68.0,6.0,8.0,4.71,6.63,4.17,3.67,8.67,4.04,3.54,6.08,3.13,4.38,9.83,1.0
4710,65.0,5.0,7.0,14.96,17.41,15.04,7.75,14.54,11.17,11.58,12.67,10.21,12.25,19.79,1.0
4711,68.0,10.0,13.0,15.16,11.79,12.08,7.92,16.29,9.17,16.46,11.54,11.87,10.75,19.87,0.0
4712,71.0,7.0,4.0,4.54,4.25,6.25,2.37,5.17,2.67,2.37,4.75,4.63,3.79,7.75,1.0
4713,68.0,12.0,23.0,8.17,7.71,6.17,3.21,7.0,2.88,9.25,4.38,6.87,7.0,9.62,0.0
4714,64.0,8.0,18.0,21.92,19.12,14.17,11.25,18.5,10.37,15.09,15.79,13.13,16.5,24.83,0.0
4715,61.0,7.0,10.0,8.63,7.87,9.33,5.58,9.46,3.46,2.67,2.96,2.92,4.25,5.04,1.0
4716,68.0,9.0,20.0,22.88,19.67,17.25,13.42,17.79,10.83,18.75,12.54,13.04,9.29,13.96,0.0
4717,61.0,11.0,10.0,9.13,6.63,6.92,2.5,3.37,2.04,7.71,2.0,1.33,2.62,6.13,1.0
4718,75.0,6.0,29.0,8.17,4.71,11.54,2.5,4.25,0.25,1.83,4.63,3.37,1.17,5.21,1.0
4719,72.0,10.0,2.0,9.59,6.5,10.25,3.96,2.46,2.29,9.13,7.0,7.71,4.63,7.67,1.0
4720,64.0,12.0,12.0,28.88,16.42,25.29,7.83,10.96,7.29,12.75,7.46,7.46,10.96,13.29,0.0
4721,69.0,10.0,26.0,2.62,2.88,6.67,4.08,9.0,5.09,9.29,8.63,9.25,6.04,12.17,1.0
4722,62.0,9.0,28.0,11.42,9.54,10.46,7.29,13.75,8.87,11.29,9.0,9.25,10.71,13.83,1.0
4723,76.0,1.0,3.0,11.25,9.59,7.62,5.46,9.46,4.0,13.29,6.38,10.13,9.0,12.12,0.0
4724,70.0,1.0,24.0,13.88,14.33,13.37,5.54,10.21,9.71,11.08,11.04,9.17,10.63,15.29,0.0
4725,75.0,6.0,7.0,6.63,9.5,5.04,3.04,4.96,3.83,2.88,8.17,6.04,5.79,14.54,1.0
4726,74.0,3.0,25.0,7.04,5.46,9.5,2.5,5.66,1.71,4.83,7.58,6.04,4.12,6.34,1.0
4727,77.0,10.0,23.0,22.29,20.08,16.0,7.87,14.0,12.5,16.5,14.46,13.7,12.71,21.25,0.0
4728,70.0,8.0,9.0,11.17,8.38,9.54,7.17,14.62,9.59,13.13,8.58,13.29,9.46,15.71,0.0
4729,68.0,11.0,22.0,12.83,11.54,13.5,5.75,9.29,6.54,10.08,8.0,8.79,10.37,15.37,1.0
4730,71.0,2.0,17.0,16.04,17.58,12.67,7.87,17.37,10.79,13.21,13.54,15.34,10.79,18.29,1.0
4731,62.0,3.0,15.0,15.79,10.83,21.37,10.13,15.75,14.67,16.54,12.87,12.38,15.34,17.92,0.0
4732,67.0,9.0,4.0,22.58,19.92,16.46,12.08,16.62,12.38,14.54,13.7,12.38,13.21,19.25,0.0
4733,78.0,11.0,14.0,30.21,27.63,25.46,16.96,19.21,14.04,17.54,16.29,13.96,13.62,20.58,0.0
4734,67.0,1.0,10.0,11.34,5.09,7.29,3.33,6.0,4.96,11.0,7.29,7.87,7.79,12.33,1.0
4735,71.0,8.0,16.0,5.29,2.92,6.13,1.46,4.38,0.46,4.5,1.33,2.0,1.42,3.96,1.0
4736,68.0,3.0,31.0,14.12,13.04,11.71,9.54,17.67,11.58,16.71,13.21,14.54,13.17,20.17,1.0
4737,75.0,2.0,18.0,3.71,5.29,4.33,0.67,3.13,0.63,4.0,3.04,2.46,1.5,8.0,1.0
4738,63.0,12.0,22.0,9.5,12.08,6.42,0.5,10.54,6.29,6.63,9.79,2.92,8.38,19.38,1.0
4739,70.0,6.0,11.0,6.92,2.58,7.54,1.71,4.54,1.63,2.42,1.63,2.37,0.71,3.21,1.0
4740,67.0,6.0,14.0,6.13,3.75,4.96,2.29,4.29,2.04,4.67,2.92,1.71,1.46,7.87,1.0
4741,72.0,4.0,11.0,29.79,19.33,20.08,16.29,21.59,13.59,18.12,16.66,16.92,18.66,17.71,0.0
4742,65.0,10.0,2.0,9.59,9.13,8.67,3.92,7.92,5.91,4.67,5.09,5.41,7.92,8.21,1.0
4743,63.0,12.0,6.0,11.17,7.46,12.62,4.0,7.83,4.12,13.21,6.96,4.75,6.67,8.29,1.0
4744,74.0,8.0,31.0,5.37,7.54,5.79,2.25,4.75,3.54,3.33,5.63,5.83,4.21,4.04,1.0
4745,70.0,12.0,10.0,14.0,6.75,13.88,2.5,7.71,3.63,6.58,5.37,6.92,4.12,7.25,1.0
4746,61.0,8.0,14.0,16.42,10.88,9.87,8.79,16.21,11.46,15.09,13.37,12.87,12.92,15.37,0.0
4747,70.0,7.0,13.0,12.38,9.62,10.88,6.21,14.96,11.21,14.58,9.83,13.37,9.92,16.25,0.0
4748,63.0,1.0,30.0,21.42,21.84,25.21,15.46,17.29,13.54,19.62,17.0,14.04,17.83,21.87,0.0
4749,63.0,6.0,14.0,7.62,3.21,3.75,2.62,5.13,2.42,4.83,2.79,4.54,2.88,5.79,1.0
4750,75.0,9.0,4.0,9.17,7.83,9.17,5.04,8.29,5.29,9.71,6.79,8.46,6.63,15.37,0.0
4751,72.0,10.0,27.0,11.92,14.09,13.0,5.09,7.38,4.08,8.33,8.33,5.33,5.04,15.83,1.0
4752,71.0,12.0,19.0,25.0,23.54,19.7,14.58,23.91,16.71,19.33,16.96,17.08,17.46,29.2,0.0
4753,78.0,9.0,18.0,4.58,1.96,5.54,1.96,4.0,5.71,5.71,3.63,4.96,5.29,11.04,0.0
4754,64.0,1.0,19.0,2.92,9.62,7.83,1.0,6.29,2.75,2.62,6.71,1.38,5.79,16.66,1.0
4755,73.0,12.0,10.0,23.91,16.17,18.75,10.46,13.13,12.92,15.92,12.38,14.17,16.71,17.71,0.0
4756,77.0,6.0,11.0,13.75,10.58,21.0,8.08,9.46,10.17,14.79,8.63,9.83,10.96,18.34,0.0
4757,75.0,3.0,27.0,15.63,11.87,17.79,8.42,9.25,5.21,10.17,8.38,10.96,10.58,13.67,0.0
4758,77.0,4.0,29.0,17.33,13.7,11.04,7.58,14.37,10.17,13.79,8.33,10.83,12.79,16.88,0.0
4759,78.0,6.0,25.0,11.83,11.08,9.08,6.08,9.87,7.71,9.33,8.92,9.67,8.33,13.54,0.0
4760,61.0,4.0,19.0,16.71,13.96,14.67,11.42,14.37,11.63,12.96,13.25,13.29,14.37,19.21,0.0
4761,61.0,1.0,28.0,17.67,13.54,13.33,8.87,15.04,11.63,12.25,10.58,11.92,11.04,20.3,0.0
4762,76.0,5.0,27.0,6.79,11.54,8.0,2.5,5.83,2.42,3.29,2.58,4.75,2.67,13.33,1.0
4763,61.0,4.0,9.0,13.37,11.12,13.08,8.83,11.75,10.21,9.96,9.59,10.54,10.5,10.13,1.0
4764,71.0,4.0,23.0,18.34,9.0,15.87,9.46,9.46,7.83,11.25,6.34,14.21,12.92,5.66,1.0
4765,64.0,5.0,20.0,10.96,12.46,10.83,5.33,9.46,6.0,7.54,10.08,5.75,8.5,14.88,1.0
4766,67.0,12.0,25.0,26.5,18.96,18.96,16.0,21.21,13.7,19.25,17.96,18.79,17.79,23.13,0.0
4767,68.0,5.0,4.0,10.13,13.33,6.21,3.83,9.62,2.0,3.63,8.17,2.67,4.29,17.96,1.0
4768,61.0,3.0,1.0,12.67,13.13,11.79,6.42,9.79,8.54,10.25,13.29,9.0,12.21,20.62,1.0
4769,76.0,5.0,26.0,7.38,7.08,5.88,1.92,2.17,0.83,7.12,2.37,5.0,3.88,9.67,1.0
4770,76.0,2.0,9.0,16.46,19.08,16.83,8.71,15.79,11.29,16.17,16.83,16.58,15.71,27.58,0.0
4771,67.0,11.0,22.0,9.21,7.0,9.83,2.88,7.83,3.37,4.25,7.12,5.13,4.0,7.0,1.0
4772,64.0,1.0,23.0,7.83,3.13,9.08,4.63,7.17,5.71,9.92,5.71,5.33,8.67,9.75,1.0
4773,63.0,4.0,12.0,11.12,10.13,11.79,8.38,13.13,11.0,16.0,12.08,12.71,16.0,19.62,0.0
4774,61.0,1.0,11.0,10.58,9.87,8.42,2.79,8.71,7.25,7.54,8.33,5.71,8.67,20.71,0.0
4775,61.0,12.0,29.0,14.33,13.83,23.21,11.25,9.83,7.25,15.0,8.42,8.25,10.79,10.54,1.0
4776,72.0,7.0,17.0,11.54,5.37,19.04,5.46,6.63,6.29,6.58,5.58,7.92,5.13,9.33,1.0
4777,64.0,9.0,25.0,14.96,10.92,15.29,7.96,12.92,7.58,10.58,14.21,9.33,14.33,25.0,0.0
4778,66.0,7.0,21.0,10.96,8.17,17.33,8.08,8.38,6.38,7.17,8.75,7.41,8.96,13.25,1.0
4779,75.0,7.0,9.0,10.34,6.92,9.67,5.04,10.41,6.87,8.29,9.62,8.83,6.13,9.29,0.0
4780,71.0,10.0,11.0,9.46,6.25,9.67,4.17,10.08,6.87,8.33,4.83,8.25,5.96,14.96,0.0
4781,64.0,7.0,21.0,8.0,7.62,3.67,3.83,8.33,4.04,1.96,5.04,3.08,4.54,6.29,1.0
4782,61.0,11.0,26.0,6.25,10.04,4.42,2.04,8.83,6.29,6.34,6.96,3.71,6.92,10.58,1.0
4783,64.0,5.0,3.0,22.17,21.84,20.54,12.67,25.66,17.04,20.08,21.12,15.67,20.25,28.33,0.0
4784,73.0,8.0,6.0,17.67,13.62,16.83,9.17,15.21,8.5,11.79,8.33,10.29,10.13,15.29,0.0
4785,68.0,9.0,28.0,18.05,19.38,17.58,11.5,18.84,10.92,17.33,14.58,15.41,13.37,21.29,0.0
4786,72.0,2.0,6.0,2.79,2.29,3.21,0.96,3.21,0.0,1.92,0.21,0.87,0.5,2.08,1.0
4787,73.0,4.0,24.0,16.0,14.0,20.62,8.83,13.5,12.17,15.54,12.42,13.04,12.29,14.88,0.0
4788,66.0,2.0,2.0,16.42,14.83,15.46,10.58,15.21,11.34,13.54,12.62,10.54,15.71,21.04,0.0
4789,76.0,6.0,18.0,14.09,9.62,11.79,6.21,10.75,8.63,11.67,9.21,10.37,10.5,15.34,0.0
4790,65.0,11.0,6.0,21.12,12.29,22.42,10.41,13.08,10.54,16.0,12.38,12.58,12.17,12.71,1.0
4791,65.0,2.0,13.0,18.75,14.42,17.71,12.75,14.67,11.75,18.63,13.37,14.54,19.04,19.25,0.0
4792,72.0,7.0,29.0,7.62,6.29,7.5,4.17,4.33,3.21,6.17,1.71,5.75,3.25,7.79,1.0
4793,64.0,5.0,22.0,12.71,11.75,12.83,8.58,11.21,8.92,10.71,10.79,9.13,11.04,12.54,1.0
4794,78.0,7.0,7.0,11.87,6.92,9.59,5.46,11.83,8.08,11.92,9.33,10.41,8.42,11.75,0.0
4795,74.0,12.0,8.0,16.83,17.75,14.88,9.29,15.59,10.46,14.92,13.83,14.71,13.96,20.04,0.0
4796,78.0,6.0,5.0,21.54,12.12,13.83,10.71,16.13,11.54,11.75,12.29,13.54,13.96,12.38,0.0
4797,77.0,3.0,11.0,14.33,12.42,13.13,7.41,14.92,12.12,14.29,11.12,13.42,13.5,14.62,0.0
4798,65.0,6.0,27.0,8.12,6.08,5.79,4.21,8.5,6.08,8.83,6.79,7.29,8.58,13.0,0.0
4799,73.0,12.0,13.0,27.29,20.83,11.71,15.41,23.29,13.7,19.25,18.21,16.42,20.75,17.92,0.0
4800,65.0,11.0,9.0,13.79,8.08,10.88,8.04,7.92,5.75,9.38,4.63,7.17,9.17,5.79,1.0
4801,74.0,3.0,27.0,3.96,2.67,13.67,4.21,4.54,0.25,2.42,0.96,1.17,2.17,5.21,1.0
4802,78.0,10.0,17.0,18.91,15.63,13.29,10.25,13.29,10.08,12.62,10.17,9.08,12.58,15.67,0.0
4803,75.0,2.0,2.0,11.96,21.46,8.87,6.34,12.46,6.08,4.42,9.75,10.29,7.79,18.91,1.0
4804,70.0,5.0,5.0,12.87,11.34,9.59,8.21,9.79,9.59,6.79,7.33,11.17,12.12,11.75,0.0
4805,72.0,1.0,22.0,12.79,13.42,11.42,4.92,10.0,8.75,13.7,8.08,10.71,10.54,12.58,1.0
4806,77.0,12.0,18.0,4.92,2.21,5.09,1.13,2.37,2.33,2.71,1.71,3.46,2.5,2.37,1.0
4807,72.0,12.0,9.0,11.75,12.67,10.04,3.71,8.67,8.08,13.37,10.0,8.5,8.46,17.25,0.0
4808,67.0,8.0,12.0,18.71,11.67,10.46,10.41,15.87,11.08,15.71,12.54,13.29,16.13,15.0,0.0
4809,70.0,5.0,27.0,6.34,8.25,7.58,3.46,6.17,4.75,6.46,10.88,5.58,5.09,17.67,1.0
4810,67.0,2.0,18.0,18.79,17.46,16.92,8.67,15.67,10.13,10.5,10.04,9.79,13.92,16.17,0.0
4811,70.0,1.0,6.0,7.92,3.5,8.12,3.79,2.5,4.29,10.34,4.0,6.63,6.08,7.04,0.0
4812,68.0,9.0,15.0,14.62,12.29,31.63,10.21,10.29,6.34,14.96,10.08,9.13,9.59,13.7,0.0
4813,67.0,10.0,9.0,18.58,16.13,18.66,9.59,13.25,9.87,14.58,13.04,11.46,13.17,18.05,0.0
4814,75.0,3.0,3.0,4.33,5.04,7.87,2.29,3.96,2.92,7.38,4.88,6.67,3.88,9.75,1.0
4815,73.0,9.0,2.0,12.08,13.67,11.25,4.92,10.17,5.79,5.04,3.58,5.58,5.13,10.54,0.0
4816,67.0,4.0,21.0,18.05,12.25,14.29,10.13,13.92,8.75,12.33,7.71,11.5,12.0,12.96,0.0
4817,62.0,12.0,2.0,17.41,18.38,14.71,10.41,16.21,10.17,12.96,9.62,10.0,10.34,14.96,0.0
4818,73.0,7.0,5.0,6.96,10.04,5.29,4.67,8.96,8.0,5.91,9.29,7.21,9.08,18.84,0.0
4819,77.0,11.0,6.0,20.38,19.67,15.63,9.17,14.5,12.12,17.46,17.04,13.88,15.25,24.37,0.0
4820,62.0,6.0,26.0,15.34,10.63,10.92,8.75,10.96,9.38,14.33,11.08,11.08,13.79,11.38,0.0
4821,65.0,4.0,13.0,10.37,7.5,10.67,5.71,10.5,7.25,10.37,7.67,8.33,8.5,12.38,1.0
4822,76.0,4.0,17.0,4.92,3.96,5.13,1.54,5.46,3.33,9.42,4.96,8.5,6.83,12.79,0.0
4823,76.0,12.0,10.0,4.46,2.17,4.54,0.58,1.87,2.5,9.0,0.37,2.04,4.17,4.79,1.0
4824,61.0,9.0,7.0,9.21,3.92,7.58,5.83,7.54,5.96,7.87,4.88,7.04,7.41,5.66,1.0
4825,76.0,4.0,1.0,7.58,9.21,7.33,3.96,7.96,3.37,6.87,4.0,7.75,7.58,10.37,1.0
4826,70.0,1.0,2.0,9.0,4.29,6.75,4.58,5.79,6.58,8.58,6.21,9.59,6.04,10.17,0.0
4827,66.0,12.0,20.0,14.29,11.38,13.29,8.87,9.46,7.96,12.58,7.12,8.96,8.71,12.92,0.0
4828,63.0,2.0,9.0,14.83,9.75,23.33,12.33,13.25,13.67,16.88,14.58,12.67,13.21,13.75,1.0
4829,78.0,12.0,31.0,20.33,17.41,27.29,9.59,12.08,10.13,19.25,11.63,11.58,11.38,12.08,0.0
4830,70.0,5.0,23.0,7.92,13.92,8.04,4.88,11.54,6.87,8.75,7.12,6.08,8.21,20.33,1.0
4831,64.0,8.0,2.0,13.08,7.0,10.92,7.58,11.96,9.25,14.04,12.5,10.5,13.08,12.96,0.0
4832,73.0,9.0,20.0,5.13,6.79,9.42,3.75,5.71,2.54,2.96,3.92,3.63,2.96,6.17,1.0
4833,77.0,12.0,31.0,15.09,7.62,8.79,7.08,10.63,7.58,15.59,11.54,12.25,9.08,14.12,0.0
4834,66.0,11.0,28.0,17.25,13.29,11.96,10.54,11.12,9.25,15.37,8.04,13.08,13.33,19.92,0.0
4835,76.0,4.0,21.0,17.71,11.0,13.37,5.83,9.25,9.59,8.83,11.21,11.04,8.42,11.96,1.0
4836,62.0,11.0,12.0,7.29,5.29,10.58,3.33,4.25,2.62,5.5,2.75,2.67,5.17,4.0,1.0
4837,74.0,7.0,9.0,11.87,10.04,10.37,5.41,12.58,6.71,10.41,9.54,8.87,8.38,16.46,0.0
4838,74.0,11.0,28.0,20.04,16.33,13.5,13.21,19.41,10.96,20.67,13.33,14.67,15.25,18.63,0.0
4839,74.0,10.0,11.0,15.16,9.17,13.96,5.04,7.54,6.08,9.75,6.5,6.87,9.25,11.29,0.0
4840,61.0,8.0,27.0,11.25,13.59,13.21,6.08,13.29,10.13,12.12,16.83,9.71,15.96,23.38,0.0
4841,66.0,1.0,19.0,22.42,17.08,20.91,10.41,18.88,12.08,14.33,13.83,10.13,8.75,14.96,0.0
4842,73.0,8.0,14.0,7.38,4.04,8.17,1.33,3.92,2.17,2.42,2.13,4.63,3.5,2.42,1.0
4843,74.0,6.0,13.0,6.5,7.04,7.25,4.88,6.87,4.96,5.33,7.41,7.17,6.25,9.38,1.0
4844,67.0,10.0,22.0,7.67,6.5,6.63,2.92,7.21,3.96,7.25,7.71,4.21,7.67,14.54,1.0
4845,69.0,6.0,29.0,6.04,7.12,8.29,4.0,5.58,4.46,5.96,10.29,5.83,8.38,19.29,1.0
4846,70.0,2.0,19.0,19.38,19.83,15.59,10.0,18.21,12.92,16.54,12.58,14.33,12.0,15.04,0.0
4847,70.0,10.0,23.0,10.5,11.08,9.92,3.83,10.96,9.0,12.25,12.54,11.71,11.21,17.5,0.0
4848,65.0,10.0,8.0,16.5,8.96,14.62,6.04,7.62,8.0,10.71,9.96,11.17,9.33,11.04,1.0
4849,69.0,3.0,4.0,12.58,9.08,22.25,7.62,10.67,6.08,11.21,8.54,8.83,6.92,7.71,1.0
4850,69.0,10.0,20.0,2.42,3.08,2.83,0.29,7.5,2.25,1.38,2.25,2.58,1.71,4.83,1.0
4851,62.0,12.0,30.0,22.0,19.7,33.84,19.83,20.08,18.46,28.79,21.59,18.75,18.05,21.87,0.0
4852,66.0,10.0,22.0,4.75,3.0,3.96,0.71,4.88,2.62,5.91,0.67,1.96,6.04,8.12,1.0
4853,78.0,1.0,1.0,8.33,7.12,7.71,3.54,8.5,7.5,14.71,10.0,11.83,10.0,15.09,0.0
4854,70.0,5.0,21.0,21.84,13.42,13.46,10.92,18.96,13.25,17.37,12.75,16.92,16.29,16.25,0.0
4855,64.0,7.0,19.0,11.92,7.25,8.67,5.41,6.58,4.67,7.79,5.04,6.38,6.54,6.67,1.0
4856,77.0,8.0,28.0,10.88,11.25,10.29,2.71,6.79,7.79,9.08,12.0,9.13,8.75,22.29,0.0
4857,68.0,4.0,24.0,5.96,11.25,6.34,4.12,8.46,4.04,6.17,5.79,2.75,4.96,13.42,1.0
4858,73.0,6.0,18.0,10.96,12.71,11.92,5.88,9.92,8.38,7.79,13.08,8.38,9.29,20.25,0.0
4859,70.0,12.0,14.0,16.46,17.25,7.87,3.88,14.17,8.71,2.42,8.46,5.58,7.5,12.67,0.0
4860,72.0,6.0,4.0,6.29,7.54,4.75,2.62,6.42,4.54,4.58,7.67,4.71,7.71,16.04,1.0
4861,67.0,9.0,25.0,16.92,13.67,15.21,9.75,11.58,9.46,11.75,10.83,10.29,12.58,15.21,0.0
4862,65.0,2.0,23.0,6.87,4.88,8.79,3.71,5.5,2.29,7.41,4.88,3.71,7.54,8.54,1.0
4863,66.0,5.0,12.0,7.29,6.46,5.63,2.5,6.67,3.46,5.79,1.96,4.04,4.83,7.62,1.0
4864,73.0,8.0,3.0,12.17,8.08,8.75,6.13,11.46,7.96,7.79,7.5,8.5,9.0,13.33,0.0
4865,76.0,3.0,2.0,7.96,7.75,7.5,4.0,8.92,5.37,6.96,5.25,7.79,5.79,8.87,1.0
4866,78.0,3.0,1.0,15.04,6.21,16.04,7.87,6.42,6.67,12.29,8.0,10.58,9.33,5.41,0.0
4867,67.0,12.0,18.0,8.33,8.92,7.79,2.08,9.21,5.5,8.04,6.34,4.96,4.0,6.54,1.0
4868,61.0,4.0,4.0,13.92,13.67,13.88,6.75,9.79,6.38,6.0,8.54,7.67,8.08,14.5,1.0
4869,65.0,6.0,21.0,7.08,9.46,10.67,5.33,5.96,3.29,5.17,4.29,3.63,5.41,9.0,1.0
4870,78.0,5.0,31.0,9.17,12.38,4.25,4.38,9.62,8.17,4.83,9.04,7.96,9.5,11.38,1.0
4871,77.0,2.0,14.0,11.34,9.59,7.46,2.08,7.25,2.92,8.21,1.96,4.29,4.08,7.54,1.0
4872,77.0,3.0,1.0,8.63,14.83,10.29,3.75,6.63,8.79,5.0,8.12,7.87,6.42,13.54,1.0
4873,75.0,6.0,1.0,10.96,8.79,9.5,4.75,9.62,5.58,8.38,9.75,9.29,8.75,11.75,0.0
4874,64.0,11.0,22.0,14.67,11.71,12.54,5.46,7.41,6.5,11.63,10.5,6.0,9.46,14.58,1.0
4875,77.0,12.0,4.0,25.17,23.91,22.04,11.54,22.0,21.34,22.46,21.84,16.21,18.16,22.54,0.0
4876,70.0,6.0,27.0,6.38,7.08,8.67,3.75,11.04,6.79,4.79,7.29,6.63,7.83,10.21,1.0
4877,71.0,4.0,3.0,12.92,13.17,24.04,7.62,11.79,8.08,12.96,8.04,10.75,7.5,11.96,1.0
4878,71.0,8.0,1.0,7.71,6.0,9.54,2.75,8.75,5.09,6.25,2.21,5.71,3.88,5.25,1.0
4879,74.0,3.0,4.0,10.29,3.17,12.21,5.58,5.29,1.63,9.33,5.04,7.04,5.66,2.37,0.0
4880,77.0,11.0,17.0,22.29,15.63,16.42,8.25,10.92,8.83,13.59,10.04,10.17,10.29,17.37,0.0
4881,75.0,11.0,2.0,15.54,15.29,13.75,6.46,14.62,9.13,9.71,12.21,11.08,10.29,22.88,0.0
4882,61.0,10.0,1.0,14.25,12.87,7.87,8.0,13.0,7.75,5.83,9.0,7.08,5.29,11.79,1.0
4883,73.0,11.0,10.0,16.88,12.83,11.42,6.67,11.71,5.88,8.83,7.62,10.0,7.33,13.79,0.0
4884,64.0,1.0,3.0,22.63,9.92,19.67,18.12,11.92,12.12,16.13,9.67,12.58,15.29,14.5,1.0
4885,61.0,5.0,31.0,7.0,9.79,12.25,4.83,8.25,5.37,6.58,9.29,6.58,7.12,11.87,1.0
4886,69.0,10.0,28.0,9.04,9.17,9.62,5.09,11.0,6.13,8.25,9.67,7.92,9.96,16.54,0.0
4887,71.0,10.0,15.0,19.41,12.21,18.46,8.42,14.33,10.88,11.92,9.71,11.75,13.79,20.58,0.0
4888,77.0,6.0,2.0,4.75,5.75,14.67,3.42,3.17,3.46,6.87,2.17,3.42,2.75,4.71,1.0
4889,69.0,6.0,10.0,12.58,5.33,16.58,5.58,7.29,9.04,6.5,4.75,6.96,3.04,7.58,1.0
4890,68.0,12.0,5.0,10.63,13.54,16.33,7.29,8.46,5.29,8.29,6.17,7.5,7.29,8.83,1.0
4891,73.0,10.0,18.0,10.54,6.75,9.42,4.42,9.96,7.33,10.46,8.92,8.04,8.5,15.34,0.0
4892,66.0,4.0,1.0,19.08,12.67,18.88,10.63,13.62,13.04,14.42,12.79,10.92,9.62,17.58,0.0
4893,77.0,12.0,17.0,5.41,4.83,7.38,1.21,4.0,1.71,2.67,1.25,1.33,0.67,2.29,1.0
4894,68.0,4.0,12.0,13.29,14.04,10.63,7.33,14.88,8.5,8.5,10.25,6.79,9.83,14.58,1.0
4895,70.0,11.0,1.0,10.58,10.29,9.0,4.08,9.21,7.54,11.46,9.71,9.54,10.37,15.92,0.0
4896,61.0,8.0,15.0,15.34,8.75,10.54,6.83,12.96,7.54,9.42,8.92,8.79,9.13,9.59,1.0
4897,75.0,7.0,15.0,15.04,11.58,13.54,6.96,13.75,9.29,14.37,9.62,12.21,10.17,12.38,0.0
4898,75.0,6.0,10.0,7.0,7.54,3.67,1.25,6.42,1.0,1.58,4.33,2.75,0.54,5.75,1.0
4899,75.0,12.0,11.0,2.21,3.0,3.08,0.58,4.79,2.37,5.33,5.25,5.63,4.42,13.21,0.0
4900,69.0,2.0,15.0,12.71,8.04,14.17,6.34,6.42,0.87,6.34,4.5,3.63,2.92,6.25,1.0
4901,61.0,5.0,4.0,9.87,10.29,8.42,7.5,9.42,7.33,5.96,6.25,7.79,8.92,4.79,1.0
4902,76.0,6.0,10.0,12.33,14.21,12.87,7.33,12.33,9.75,10.83,10.46,11.42,9.62,19.08,0.0
4903,66.0,9.0,15.0,17.96,14.96,13.13,11.17,13.88,9.75,16.29,11.67,11.17,15.04,16.25,0.0
4904,72.0,9.0,12.0,9.96,6.79,6.92,5.0,6.17,4.08,10.67,5.37,9.17,6.17,10.63,0.0
4905,68.0,8.0,19.0,18.34,18.84,16.79,9.21,14.29,9.33,10.46,12.25,9.33,8.42,18.46,0.0
4906,77.0,4.0,5.0,8.63,7.25,7.25,4.33,7.21,7.17,11.17,5.96,7.83,9.46,10.79,0.0
4907,74.0,7.0,16.0,21.0,14.71,14.62,10.37,14.37,10.58,11.17,14.58,10.54,13.13,20.5,0.0
4908,69.0,10.0,7.0,10.67,11.04,14.12,5.88,12.67,9.08,10.79,12.54,10.29,12.75,21.75,0.0
4909,70.0,12.0,29.0,16.75,14.17,28.29,9.54,14.0,9.71,17.88,10.34,12.83,11.29,13.37,0.0
4910,72.0,6.0,18.0,16.66,12.38,12.08,9.71,15.12,10.41,13.0,12.87,11.58,11.25,17.25,0.0
4911,77.0,4.0,21.0,21.59,19.75,19.7,12.33,15.37,13.17,18.46,16.62,15.34,15.59,22.79,0.0
4912,78.0,1.0,16.0,14.79,11.92,12.83,5.37,8.5,5.04,7.87,6.38,7.04,5.46,8.75,1.0
4913,69.0,5.0,16.0,12.67,7.67,9.38,7.67,11.38,7.96,10.29,7.5,9.75,7.04,9.75,1.0
4914,73.0,11.0,4.0,12.83,10.58,12.21,6.92,8.54,3.96,6.5,6.58,4.92,5.66,13.21,0.0
4915,78.0,8.0,13.0,11.83,12.12,10.58,4.0,8.04,7.12,6.25,9.92,9.21,6.67,16.54,1.0
4916,63.0,6.0,18.0,20.75,14.46,15.34,12.96,20.83,15.29,17.83,17.54,17.5,16.92,21.17,0.0
4917,78.0,2.0,26.0,2.67,6.29,3.5,1.04,3.17,0.42,3.54,2.79,1.17,0.75,2.92,1.0
4918,68.0,2.0,11.0,24.25,30.96,21.25,12.5,22.67,13.88,14.71,16.33,14.58,11.75,16.38,0.0
4919,65.0,11.0,16.0,27.21,16.79,33.25,14.92,23.42,18.58,27.58,23.5,19.75,19.7,22.83,0.0
4920,63.0,1.0,2.0,13.0,13.92,21.5,6.63,10.67,8.54,20.75,11.46,10.75,14.09,12.83,0.0
4921,74.0,5.0,6.0,4.83,3.96,7.67,2.96,3.33,1.17,5.91,2.71,3.79,4.88,4.71,1.0
4922,67.0,10.0,23.0,13.25,9.33,11.42,6.13,12.83,8.79,11.71,8.92,9.13,10.46,20.58,0.0
4923,78.0,5.0,20.0,2.83,2.08,4.29,1.54,2.83,1.13,2.29,3.17,2.79,3.46,4.12,1.0
4924,70.0,5.0,6.0,11.71,7.08,5.58,5.71,9.79,6.71,3.37,5.46,7.67,5.54,9.46,1.0
4925,64.0,8.0,16.0,15.59,10.21,11.25,7.71,13.08,10.13,7.08,8.5,7.5,8.71,10.17,1.0
4926,67.0,7.0,14.0,12.29,10.37,10.58,4.42,11.12,3.79,5.0,5.37,4.0,6.17,5.17,0.0
4927,75.0,3.0,25.0,8.5,6.29,8.75,3.75,7.08,5.66,10.88,7.71,10.5,8.79,11.04,1.0
4928,68.0,10.0,17.0,9.62,11.08,7.46,3.67,9.92,5.54,7.62,6.96,6.38,3.13,8.96,1.0
4929,67.0,8.0,14.0,15.29,10.54,11.12,9.42,16.46,10.5,15.5,13.33,11.87,11.25,13.67,0.0
4930,67.0,1.0,13.0,4.58,3.79,5.17,2.21,5.41,2.88,9.96,1.25,5.41,6.0,10.21,0.0
4931,68.0,3.0,14.0,14.96,13.54,10.71,9.67,15.67,9.46,13.04,12.71,10.58,14.21,18.71,0.0
4932,69.0,11.0,28.0,15.21,10.41,13.7,8.08,8.21,7.67,12.38,10.13,8.92,9.13,18.96,0.0
4933,78.0,8.0,21.0,14.92,14.42,15.0,7.96,13.0,10.79,12.38,11.42,13.46,9.96,9.29,1.0
4934,62.0,2.0,20.0,5.66,6.67,4.29,1.46,7.21,3.29,1.46,2.04,1.63,2.08,6.25,1.0
4935,63.0,3.0,4.0,20.08,18.96,18.34,14.58,18.79,15.67,14.42,17.67,14.54,17.41,21.54,0.0
4936,74.0,6.0,14.0,4.46,4.5,4.79,3.25,5.91,2.58,4.25,7.62,2.58,3.92,9.83,1.0
4937,70.0,7.0,17.0,7.62,4.42,7.71,3.92,8.25,5.96,8.71,4.63,9.08,4.75,13.59,0.0
4938,78.0,2.0,9.0,13.33,10.25,20.3,7.0,10.41,5.96,15.71,9.13,9.33,6.54,5.37,1.0
4939,74.0,1.0,2.0,26.63,22.34,25.62,15.37,21.59,16.83,15.34,17.83,19.83,19.79,22.29,0.0
4940,67.0,11.0,14.0,10.63,13.92,9.46,6.29,12.75,7.08,14.92,10.79,9.5,12.08,22.37,0.0
4941,70.0,2.0,6.0,7.25,7.29,7.54,3.08,5.96,5.29,7.17,5.75,5.75,6.42,12.5,0.0
4942,77.0,9.0,28.0,19.83,18.05,15.46,12.54,21.34,15.34,21.09,18.05,16.42,16.46,23.75,0.0
4943,71.0,11.0,4.0,18.71,15.16,17.08,9.17,14.37,12.42,15.12,14.25,12.29,16.13,10.71,1.0
4944,74.0,12.0,28.0,25.84,22.83,20.88,14.96,25.92,16.62,25.33,20.04,22.63,16.88,15.75,0.0
4945,69.0,7.0,1.0,7.67,5.21,12.33,4.54,9.08,6.71,7.92,9.25,9.87,7.79,16.54,1.0
4946,74.0,9.0,9.0,10.21,9.08,8.92,3.42,7.83,5.04,6.92,5.91,7.29,4.38,9.29,1.0
4947,75.0,6.0,27.0,10.54,9.54,14.79,4.29,7.21,3.67,6.87,9.0,8.83,3.92,13.33,1.0
4948,77.0,5.0,24.0,11.92,7.0,20.17,4.5,7.33,8.83,11.58,7.17,9.62,7.33,11.17,1.0
4949,77.0,11.0,24.0,18.46,13.0,14.0,9.87,9.5,9.54,17.08,10.63,10.34,14.79,14.25,0.0
4950,66.0,7.0,1.0,9.42,5.91,7.41,3.54,7.12,4.17,3.71,5.29,5.33,6.87,13.33,0.0
4951,72.0,10.0,10.0,13.75,13.33,10.83,5.46,7.92,4.38,9.38,10.17,7.75,7.33,18.71,0.0
4952,74.0,1.0,28.0,19.92,17.5,18.58,12.58,18.91,12.58,20.41,15.54,19.04,23.75,25.96,0.0
4953,70.0,1.0,11.0,5.0,3.71,6.34,3.0,4.0,3.21,5.5,4.83,7.67,6.13,9.21,1.0
4954,64.0,6.0,27.0,8.54,9.75,7.17,5.91,12.5,7.21,10.41,7.0,9.08,7.46,9.29,1.0
4955,65.0,12.0,30.0,14.42,20.67,11.63,10.29,18.08,10.96,17.41,14.04,12.83,14.33,22.63,0.0
4956,72.0,7.0,26.0,4.54,2.58,9.87,2.25,3.46,1.21,4.04,1.33,4.38,1.29,6.5,1.0
4957,78.0,9.0,19.0,2.67,1.21,4.38,0.79,4.42,4.0,1.21,1.21,3.04,0.71,4.71,1.0
4958,75.0,2.0,26.0,18.08,19.17,15.83,6.42,16.38,10.5,9.25,10.46,10.46,7.96,15.5,0.0
4959,66.0,4.0,11.0,12.21,9.96,10.21,7.25,15.09,9.83,14.21,15.25,10.71,11.25,16.88,0.0
4960,71.0,12.0,16.0,17.0,16.96,14.46,7.12,11.83,11.17,12.29,10.75,10.79,12.75,20.96,0.0
4961,75.0,4.0,16.0,8.25,11.87,8.17,3.58,7.58,5.54,5.54,8.12,9.54,6.5,14.92,1.0
4962,70.0,8.0,21.0,24.3,13.83,14.54,10.34,12.46,10.79,10.88,10.34,12.42,12.38,15.83,0.0
4963,73.0,11.0,20.0,6.46,6.08,6.92,0.46,7.33,2.46,0.63,2.42,1.92,2.46,3.08,1.0
4964,73.0,5.0,30.0,11.04,12.08,9.38,6.25,11.12,7.41,9.21,9.17,9.71,8.0,14.37,1.0
4965,61.0,4.0,24.0,9.54,8.04,9.13,4.79,7.54,5.75,5.25,7.08,6.0,7.62,9.87,1.0
4966,75.0,5.0,16.0,6.71,7.08,14.92,3.54,5.0,0.79,3.13,4.5,2.29,2.29,6.46,1.0
4967,71.0,8.0,4.0,9.92,7.75,11.92,4.71,7.08,3.63,6.92,4.08,5.63,2.75,4.83,1.0
4968,78.0,12.0,18.0,9.83,10.88,8.5,1.0,9.08,6.0,2.42,8.25,4.42,5.88,19.79,0.0
4969,68.0,12.0,22.0,28.71,29.38,22.67,17.46,28.04,16.21,24.62,21.09,20.54,22.34,30.84,0.0
4970,74.0,4.0,7.0,15.09,5.54,15.04,4.33,6.83,5.5,5.17,9.38,8.0,7.08,8.0,1.0
4971,64.0,11.0,10.0,7.33,10.96,6.96,1.58,8.12,4.0,2.96,4.25,3.67,4.96,9.5,1.0
4972,65.0,7.0,9.0,7.62,6.0,8.67,5.13,9.38,6.58,7.04,6.58,7.29,7.46,7.87,1.0
4973,76.0,7.0,16.0,7.17,7.79,7.46,2.37,9.87,4.58,6.54,6.83,7.5,5.13,14.58,1.0
4974,63.0,1.0,6.0,19.7,13.75,19.33,10.46,16.96,12.12,20.91,15.67,13.17,12.71,19.08,0.0
4975,76.0,3.0,10.0,23.96,18.71,18.46,12.04,18.75,11.75,12.71,13.67,16.46,15.92,17.83,0.0
4976,77.0,8.0,23.0,11.83,12.42,10.04,6.63,12.67,8.67,8.54,6.83,7.96,7.21,10.63,1.0
4977,76.0,8.0,3.0,5.54,5.0,5.79,4.79,5.13,3.58,5.91,2.71,6.79,6.29,7.38,1.0
4978,78.0,5.0,15.0,6.34,4.63,4.83,1.04,4.96,1.17,2.37,2.92,2.42,2.08,7.58,1.0
4979,71.0,10.0,7.0,7.46,6.92,8.75,3.58,8.0,6.5,8.67,10.08,8.58,11.25,15.0,1.0
4980,61.0,12.0,3.0,13.75,10.13,11.79,3.29,7.83,6.79,7.67,6.25,5.46,4.0,8.25,1.0
4981,66.0,8.0,7.0,10.29,6.5,6.54,5.71,7.96,3.92,5.83,4.17,5.71,2.54,9.33,1.0
4982,68.0,1.0,26.0,14.17,9.96,9.0,8.08,11.12,7.79,14.5,10.17,11.25,10.21,16.38,0.0
4983,75.0,2.0,27.0,15.46,17.04,11.54,3.96,15.16,7.29,7.87,8.79,8.79,4.71,11.42,1.0
4984,63.0,8.0,15.0,9.67,8.5,9.08,4.12,9.71,5.37,9.21,7.21,7.46,7.29,10.13,1.0
4985,66.0,7.0,12.0,10.25,10.17,10.34,8.87,16.04,10.29,13.79,10.63,12.29,10.83,17.21,0.0
4986,76.0,2.0,2.0,10.96,10.96,14.33,3.88,6.46,4.08,11.21,8.58,7.33,7.46,10.54,0.0
4987,72.0,6.0,10.0,16.79,14.04,11.08,8.71,12.04,7.25,9.0,10.92,10.5,14.37,15.09,0.0
4988,76.0,4.0,3.0,14.96,12.17,12.83,6.67,13.13,8.08,12.87,10.96,13.5,14.33,17.79,0.0
4989,73.0,7.0,24.0,1.25,6.0,3.42,0.96,2.33,0.13,1.42,1.13,2.67,1.29,4.33,1.0
4990,61.0,4.0,16.0,4.71,7.0,5.09,2.33,5.21,2.96,2.88,5.17,3.37,4.46,12.67,1.0
4991,65.0,7.0,11.0,12.87,8.58,13.37,6.38,10.5,7.25,10.08,9.29,8.71,9.59,14.04,1.0
4992,70.0,1.0,12.0,7.96,7.5,6.08,2.79,4.46,4.75,6.13,3.42,4.63,2.62,6.63,1.0
4993,72.0,2.0,10.0,17.12,11.25,13.17,7.17,12.92,9.59,10.21,6.29,10.88,10.46,16.71,0.0
4994,66.0,6.0,20.0,7.5,9.42,7.17,2.58,5.66,3.46,4.21,2.37,3.79,5.25,8.21,1.0
4995,74.0,12.0,31.0,16.04,16.29,15.21,8.42,13.67,9.75,15.25,16.13,15.04,13.46,18.54,0.0
4996,74.0,1.0,16.0,31.75,22.67,23.21,12.96,19.17,13.13,16.96,12.71,13.7,14.29,18.08,0.0
4997,61.0,7.0,26.0,11.46,7.5,10.46,9.92,17.5,13.5,18.79,15.16,15.59,15.75,19.38,0.0
4998,78.0,8.0,30.0,13.25,7.79,10.54,6.0,6.71,7.17,7.58,4.5,7.25,5.71,8.96,1.0
4999,63.0,7.0,5.0,2.67,2.08,7.46,1.92,3.04,2.88,5.17,5.41,4.67,6.04,7.33,1.0
5000,66.0,2.0,24.0,20.08,16.58,17.12,11.12,15.25,10.5,12.0,11.5,9.13,14.42,16.75,0.0
5001,62.0,3.0,24.0,6.83,3.21,8.25,3.71,5.96,1.0,3.5,3.63,1.46,3.13,6.17,1.0
5002,78.0,5.0,3.0,10.37,9.46,9.08,4.04,9.46,6.04,3.96,6.04,7.5,5.75,10.08,1.0
5003,67.0,8.0,13.0,10.79,10.04,9.29,5.96,9.46,6.5,9.21,6.67,5.96,6.29,7.54,1.0
5004,77.0,12.0,13.0,11.38,13.04,12.38,3.58,8.63,8.75,13.42,13.17,10.37,10.13,16.66,1.0
5005,64.0,7.0,14.0,15.09,15.21,18.05,10.58,14.67,11.34,13.54,14.79,11.5,15.79,23.58,0.0
5006,70.0,8.0,15.0,18.46,16.17,16.38,8.46,15.54,10.13,10.37,9.5,9.87,10.83,11.71,0.0
5007,63.0,6.0,21.0,14.54,10.0,15.34,6.5,11.71,8.79,10.34,10.41,10.96,10.96,13.7,0.0
5008,69.0,10.0,16.0,19.46,18.79,18.91,13.46,17.0,14.54,9.87,16.29,13.37,16.62,25.58,0.0
5009,72.0,12.0,1.0,20.58,17.92,18.46,9.62,16.75,13.21,18.29,12.75,13.83,13.83,22.42,0.0
5010,66.0,11.0,30.0,21.29,19.58,13.75,14.54,18.71,13.13,21.75,13.25,15.5,14.88,22.29,0.0
5011,66.0,8.0,2.0,15.46,11.5,13.29,6.04,10.79,6.0,5.41,6.42,5.66,4.96,10.25,1.0
5012,65.0,5.0,25.0,9.13,6.87,10.37,4.38,8.58,4.29,7.87,5.09,4.04,6.34,9.29,1.0
5013,69.0,8.0,3.0,14.37,14.83,11.5,5.29,12.33,8.04,8.0,6.96,8.42,8.17,13.7,1.0
5014,67.0,7.0,29.0,14.04,12.83,14.88,6.34,9.5,7.46,8.08,11.5,7.79,9.29,17.54,1.0
5015,74.0,3.0,26.0,2.79,2.08,11.25,4.17,2.75,0.25,2.88,1.71,3.0,1.87,2.5,1.0
5016,69.0,3.0,25.0,7.41,4.38,15.29,5.46,5.63,1.75,6.5,3.83,3.33,2.75,7.12,1.0
5017,70.0,11.0,13.0,7.67,11.17,6.75,1.33,9.46,5.41,8.75,5.25,7.33,6.67,11.75,0.0
5018,63.0,7.0,29.0,7.75,12.33,5.54,6.75,11.75,8.29,8.21,11.34,7.75,10.79,19.7,1.0
5019,64.0,12.0,26.0,8.87,11.12,5.96,2.75,8.17,5.79,8.71,5.25,5.63,8.83,11.92,1.0
5020,62.0,6.0,14.0,14.71,13.21,16.17,8.25,17.33,11.38,14.0,16.62,13.67,17.5,24.41,0.0
5021,72.0,1.0,23.0,20.41,17.0,18.46,8.92,13.92,11.29,13.0,12.08,12.46,14.5,22.29,0.0
5022,76.0,5.0,4.0,7.41,2.25,8.54,2.79,3.29,1.83,7.08,3.63,4.46,4.38,9.33,1.0
5023,76.0,10.0,30.0,10.71,3.25,13.79,4.5,4.79,2.33,4.46,2.92,4.29,5.83,3.5,1.0
5024,77.0,5.0,1.0,6.42,7.12,8.67,3.58,4.58,4.0,6.75,6.13,3.33,4.5,19.21,1.0
5025,69.0,12.0,17.0,6.17,4.46,21.37,6.0,3.29,7.04,17.67,7.58,8.87,10.5,12.75,0.0
5026,75.0,9.0,14.0,20.5,12.83,16.46,8.21,10.41,8.17,12.92,9.38,10.13,11.08,18.12,0.0
5027,64.0,3.0,19.0,17.29,14.62,19.87,11.17,16.83,11.34,15.37,15.92,11.34,16.33,18.79,0.0
5028,69.0,5.0,29.0,5.83,5.13,11.92,6.21,8.12,8.87,8.29,9.38,9.33,6.75,11.67,1.0
5029,64.0,1.0,25.0,3.63,3.04,6.0,0.67,4.12,1.21,9.08,5.0,2.75,7.08,9.5,1.0
5030,66.0,11.0,30.0,21.29,19.58,13.75,14.54,18.71,13.13,21.75,13.25,15.5,14.88,22.29,0.0
5031,73.0,1.0,28.0,16.08,7.67,7.96,6.75,9.71,7.75,13.08,10.41,11.58,7.62,13.04,1.0
5032,75.0,12.0,1.0,20.3,20.04,18.16,8.54,18.91,9.71,13.96,11.0,14.17,10.17,17.71,0.0
5033,72.0,11.0,8.0,7.38,7.79,5.71,1.42,5.83,4.38,7.67,7.41,6.21,6.5,15.54,0.0
5034,62.0,6.0,6.0,7.67,10.83,4.5,5.37,10.63,6.79,6.08,10.29,5.96,7.54,15.34,1.0
5035,78.0,10.0,16.0,15.34,14.42,10.04,8.58,15.37,9.75,15.83,12.62,12.29,12.5,19.55,0.0
5036,75.0,1.0,26.0,22.21,14.88,17.88,7.96,11.83,8.12,10.25,11.54,11.29,10.13,18.5,0.0
5037,77.0,4.0,12.0,17.21,15.71,13.62,10.5,18.34,15.54,21.62,16.38,16.62,15.41,18.25,0.0
5038,69.0,7.0,4.0,10.13,9.83,10.41,5.37,12.38,9.96,12.96,11.79,12.42,12.87,19.08,0.0
5039,74.0,12.0,4.0,12.96,16.83,10.04,7.5,17.37,8.58,17.41,14.29,13.75,13.08,21.62,0.0
5040,65.0,12.0,22.0,17.12,13.0,16.58,7.12,13.88,9.13,9.38,8.79,7.58,8.67,9.13,1.0
5041,77.0,6.0,20.0,4.83,4.54,12.54,1.96,4.88,2.83,4.0,1.0,3.37,1.46,9.29,1.0
5042,75.0,3.0,6.0,14.62,14.71,14.0,7.46,14.5,9.83,14.46,11.71,13.54,13.17,19.7,0.0
5043,76.0,1.0,28.0,20.3,11.34,20.79,12.21,12.29,11.08,16.71,7.41,16.5,18.08,6.54,0.0
5044,77.0,1.0,14.0,25.84,15.79,24.54,15.0,16.66,13.5,22.08,9.67,14.58,21.04,18.38,0.0
5045,76.0,3.0,5.0,15.5,19.38,9.83,9.38,18.0,13.83,11.54,15.12,16.25,15.83,17.75,0.0
5046,63.0,5.0,10.0,30.91,18.21,21.12,19.62,26.2,18.38,23.09,17.37,20.08,17.37,20.25,0.0
5047,63.0,1.0,11.0,18.84,10.58,16.79,4.25,10.75,6.42,9.79,8.79,5.41,7.46,8.17,1.0
5048,78.0,11.0,3.0,15.46,14.75,13.08,6.79,10.92,9.08,13.21,13.59,12.12,13.0,20.41,0.0
5049,64.0,1.0,21.0,1.87,4.75,4.29,0.5,5.04,0.71,1.92,0.96,0.46,0.46,7.21,1.0
5050,63.0,10.0,17.0,13.08,12.46,11.08,5.5,12.38,8.67,10.37,11.38,8.46,10.75,19.62,0.0
5051,69.0,5.0,2.0,13.08,3.75,16.75,5.88,6.04,4.88,11.38,7.96,9.54,9.25,7.92,0.0
5052,77.0,3.0,17.0,27.5,18.75,20.21,14.46,17.0,14.88,18.34,17.5,15.96,17.54,20.88,0.0
5053,66.0,10.0,28.0,12.38,9.21,18.54,8.17,6.58,2.33,7.75,2.58,4.29,5.09,6.71,1.0
5054,69.0,8.0,23.0,16.79,9.96,11.17,8.92,10.41,7.33,9.54,5.29,8.71,10.21,9.17,0.0
5055,73.0,1.0,2.0,15.75,12.12,15.04,8.0,8.79,10.41,13.25,9.67,9.04,10.17,12.29,1.0
5056,66.0,10.0,3.0,16.96,24.17,12.33,12.46,23.38,13.13,21.29,15.79,14.62,17.41,25.25,0.0
5057,62.0,7.0,23.0,3.08,6.17,6.38,1.96,4.42,2.0,5.88,2.96,2.58,4.92,7.54,1.0
5058,70.0,12.0,15.0,6.04,7.25,9.21,3.58,8.08,5.63,5.04,6.25,6.46,7.83,9.42,0.0
5059,62.0,5.0,1.0,9.62,9.54,3.58,3.33,8.75,3.75,2.25,2.58,1.67,2.37,7.29,1.0
5060,65.0,3.0,13.0,6.21,5.5,10.79,4.38,4.29,2.96,8.58,4.12,4.92,8.04,8.21,1.0
5061,65.0,7.0,6.0,5.13,6.92,5.88,2.21,3.63,2.33,4.88,2.46,5.37,4.92,4.83,1.0
5062,62.0,5.0,8.0,12.75,11.04,13.08,8.17,9.96,6.71,11.34,9.13,6.29,8.87,14.83,1.0
5063,72.0,9.0,3.0,8.71,6.08,19.5,5.66,7.38,4.46,6.38,6.58,6.71,5.0,11.46,1.0
5064,67.0,7.0,22.0,6.0,7.54,15.04,2.67,5.71,2.67,3.21,5.25,3.33,4.46,7.21,1.0
5065,66.0,7.0,8.0,7.92,8.5,7.79,3.79,8.0,4.63,5.83,5.63,6.5,7.33,11.5,1.0
5066,64.0,1.0,13.0,14.25,11.71,18.5,7.41,12.29,6.25,15.04,12.21,8.75,14.33,14.21,0.0
5067,77.0,3.0,2.0,12.62,15.34,15.59,7.33,13.04,12.87,13.25,12.21,13.29,13.04,22.46,0.0
5068,68.0,4.0,16.0,16.29,14.46,11.96,9.42,14.54,10.41,11.0,13.37,9.29,10.54,14.46,0.0
5069,72.0,6.0,26.0,5.63,6.87,9.75,5.58,7.0,4.67,5.91,7.29,5.37,6.5,14.12,1.0
5070,69.0,9.0,25.0,10.41,10.58,9.54,4.42,13.88,8.17,9.96,11.83,10.0,10.13,22.13,0.0
5071,71.0,11.0,11.0,4.25,4.42,7.17,0.92,4.79,0.96,2.88,0.87,1.79,1.29,5.71,1.0
5072,76.0,9.0,9.0,24.54,20.0,20.5,15.09,16.08,13.17,21.25,12.96,16.21,17.37,21.54,0.0
5073,78.0,5.0,23.0,11.87,15.5,7.92,5.17,8.96,4.58,8.5,7.0,7.67,8.04,14.62,1.0
5074,78.0,8.0,23.0,3.04,2.13,6.42,1.42,2.58,1.21,1.25,1.38,5.0,3.5,6.67,1.0
5075,63.0,7.0,16.0,8.87,9.17,7.21,6.04,10.29,7.0,10.29,9.5,8.75,8.67,12.5,1.0
5076,71.0,2.0,23.0,11.96,12.04,9.62,3.29,8.83,4.12,6.58,6.83,6.54,8.17,16.46,0.0
5077,66.0,12.0,29.0,19.79,17.62,16.33,10.79,18.5,10.75,16.5,7.83,11.12,7.75,10.79,1.0
5078,73.0,9.0,13.0,14.92,10.34,15.96,6.21,8.67,6.71,10.17,9.67,7.75,4.71,9.67,1.0
5079,64.0,9.0,6.0,10.58,4.63,5.83,6.04,10.29,6.75,8.58,7.54,7.87,9.42,11.08,1.0
5080,72.0,10.0,25.0,11.83,11.34,8.87,4.21,9.21,5.83,9.17,10.25,8.71,9.25,19.38,0.0
5081,77.0,3.0,12.0,9.79,9.29,10.54,4.12,8.92,7.75,9.67,6.0,8.21,5.63,8.08,1.0
5082,71.0,12.0,28.0,13.25,9.67,19.12,7.5,11.34,7.33,13.25,9.21,9.46,7.75,9.04,1.0
5083,64.0,12.0,6.0,21.75,16.96,20.12,10.83,16.75,13.17,19.38,14.33,13.08,16.92,21.25,0.0
5084,76.0,3.0,29.0,16.17,14.54,13.83,9.92,17.16,11.12,17.0,14.0,16.04,15.67,20.3,0.0
5085,68.0,9.0,16.0,14.79,8.83,22.54,8.83,8.54,3.88,10.79,6.5,7.54,7.12,10.0,1.0
5086,69.0,3.0,20.0,6.87,11.04,7.71,4.96,8.96,5.5,4.08,6.38,5.58,7.79,10.54,0.0
5087,71.0,9.0,17.0,12.25,9.0,8.17,5.21,11.08,7.29,7.33,4.54,5.75,5.63,13.21,1.0
5088,74.0,9.0,4.0,16.21,15.37,14.58,7.17,16.17,9.59,12.79,9.38,12.25,6.63,12.46,1.0
5089,71.0,3.0,25.0,14.5,13.25,11.12,9.67,13.7,9.04,14.83,10.25,15.46,11.12,15.87,0.0
5090,75.0,10.0,11.0,8.42,3.79,13.42,3.92,4.42,1.87,6.0,2.88,5.09,1.67,6.08,1.0
5091,70.0,5.0,11.0,6.08,6.96,3.54,2.42,4.38,5.25,5.75,4.58,4.79,6.87,8.58,0.0
5092,61.0,5.0,13.0,11.0,11.54,11.71,8.83,12.83,9.92,5.21,8.71,7.92,8.63,9.17,1.0
5093,75.0,6.0,25.0,6.17,6.25,9.62,2.37,5.71,1.04,1.79,4.5,3.42,3.37,5.63,1.0
5094,71.0,12.0,4.0,4.08,6.67,7.12,2.08,5.09,5.25,9.67,4.54,6.58,7.0,13.04,0.0
5095,66.0,12.0,21.0,16.38,11.25,8.17,7.21,15.0,8.29,17.16,12.25,12.83,11.08,17.54,0.0
5096,65.0,2.0,12.0,14.71,14.46,14.33,10.29,17.46,13.21,21.04,14.21,16.42,16.33,20.21,0.0
5097,76.0,1.0,5.0,12.79,11.67,12.58,4.96,9.71,6.08,15.63,10.13,13.04,10.63,15.16,0.0
5098,70.0,11.0,11.0,12.58,15.29,10.79,7.08,12.08,8.75,11.92,8.71,10.41,9.92,18.71,0.0
5099,75.0,10.0,21.0,23.83,25.84,18.88,9.59,22.79,14.37,16.66,16.71,14.75,12.5,20.67,0.0
5100,73.0,8.0,27.0,16.33,9.67,9.79,5.88,10.37,5.5,2.92,4.04,6.08,5.41,10.75,1.0
5101,63.0,10.0,21.0,19.5,11.12,18.63,9.92,12.46,10.71,13.88,10.41,10.17,12.21,15.09,0.0
5102,78.0,8.0,27.0,4.21,1.75,6.21,2.21,1.42,2.58,1.54,1.58,2.88,3.79,8.75,1.0
5103,76.0,8.0,2.0,8.83,7.21,7.83,4.92,9.75,6.96,10.58,7.29,9.29,9.59,11.71,0.0
5104,67.0,1.0,1.0,6.46,4.46,6.5,3.21,6.67,3.79,11.38,3.83,7.71,9.08,10.67,0.0
5105,78.0,9.0,9.0,15.21,16.21,17.04,8.58,15.63,15.37,15.29,14.33,15.29,13.33,22.58,0.0
5106,74.0,6.0,16.0,8.5,5.54,6.25,2.13,4.96,2.37,2.37,5.54,3.46,3.04,10.54,1.0
5107,75.0,3.0,18.0,12.83,11.12,13.21,4.54,7.96,4.21,10.5,7.0,6.29,7.04,7.92,1.0
5108,69.0,5.0,13.0,6.34,5.71,8.87,4.71,6.58,3.96,5.46,5.41,4.21,7.17,11.12,1.0
5109,69.0,2.0,1.0,18.58,19.79,12.75,10.54,18.05,7.62,15.29,10.21,13.17,12.0,21.84,0.0
5110,78.0,6.0,23.0,17.58,15.25,11.17,9.29,13.29,11.5,10.34,11.21,10.13,12.21,19.29,0.0
5111,66.0,2.0,8.0,17.16,12.0,15.0,6.83,10.34,3.33,4.58,2.54,2.96,10.13,7.12,0.0
5112,70.0,2.0,24.0,17.16,15.87,9.17,7.62,14.67,8.29,15.29,10.75,12.33,9.79,19.25,0.0
5113,61.0,9.0,27.0,11.34,6.96,9.38,6.0,11.25,6.34,8.08,6.25,7.0,10.13,14.29,1.0
5114,77.0,9.0,25.0,13.83,12.46,12.46,4.46,11.12,8.42,11.08,10.29,8.92,9.0,15.16,0.0
5115,64.0,9.0,4.0,6.71,3.21,4.29,2.42,5.25,1.17,2.46,2.17,2.37,4.08,4.5,1.0
5116,78.0,1.0,17.0,12.83,5.83,7.87,2.75,6.54,3.46,8.33,5.09,4.96,4.88,9.33,1.0
5117,61.0,1.0,5.0,13.33,13.25,11.42,6.17,10.71,8.21,11.92,6.54,10.92,10.34,12.92,1.0
5118,74.0,10.0,2.0,19.95,14.21,15.96,9.08,12.83,8.08,13.92,11.38,10.75,11.21,17.16,0.0
5119,77.0,8.0,16.0,11.71,7.79,18.0,6.21,7.71,9.25,15.37,7.54,10.75,8.38,10.21,0.0
5120,68.0,9.0,11.0,5.21,7.54,6.83,1.67,6.17,2.33,3.46,4.63,2.37,2.62,11.12,1.0
5121,67.0,9.0,10.0,8.75,3.0,7.29,3.5,6.21,4.5,3.5,6.17,5.29,5.79,6.17,1.0
5122,63.0,11.0,21.0,26.38,24.67,22.67,17.41,26.42,18.91,24.71,20.38,20.5,21.34,30.0,0.0
5123,74.0,4.0,6.0,13.13,2.71,13.25,4.12,8.29,5.13,6.87,9.96,8.0,7.0,8.63,1.0
5124,77.0,6.0,16.0,8.5,2.58,18.0,2.21,6.34,9.46,10.0,5.83,9.87,7.46,12.29,1.0
5125,65.0,6.0,30.0,11.96,9.0,10.25,8.5,8.25,4.79,8.5,7.62,7.12,9.62,8.42,1.0
5126,69.0,12.0,8.0,11.58,7.25,9.83,6.08,6.67,4.71,7.25,7.62,6.58,6.29,10.96,1.0
5127,73.0,4.0,25.0,10.54,9.25,10.58,3.08,6.87,6.83,5.04,6.34,7.41,4.38,10.41,1.0
5128,74.0,12.0,7.0,14.88,13.79,10.96,10.13,22.0,10.37,21.67,16.08,17.62,12.25,19.58,0.0
5129,75.0,8.0,23.0,9.5,6.92,8.63,4.88,8.58,5.09,6.29,7.96,8.08,7.21,11.63,1.0
5130,77.0,8.0,21.0,11.83,5.37,8.63,4.58,4.12,2.79,7.96,2.83,4.38,1.5,6.5,1.0
5131,71.0,6.0,3.0,13.54,9.04,25.5,6.04,9.75,10.0,8.63,9.67,12.04,9.0,10.92,1.0
5132,72.0,8.0,10.0,5.75,7.12,6.67,2.58,7.41,4.79,7.17,5.54,6.46,4.42,7.96,1.0
5133,73.0,4.0,29.0,14.75,12.96,13.13,5.71,10.63,6.0,6.63,8.33,6.92,4.42,9.59,1.0
5134,73.0,11.0,27.0,8.96,8.71,9.0,3.21,8.46,3.0,4.46,3.79,5.17,4.79,9.08,1.0
5135,63.0,8.0,22.0,12.08,10.75,10.41,4.5,11.96,7.58,7.62,9.71,8.08,9.59,15.46,1.0
5136,73.0,10.0,24.0,10.46,11.79,8.17,2.46,7.41,4.75,4.5,8.63,4.54,8.92,17.54,0.0
5137,75.0,5.0,1.0,22.54,16.04,17.16,7.75,13.92,8.75,13.88,11.04,13.42,11.46,15.25,0.0
5138,69.0,12.0,18.0,11.71,8.42,12.21,4.58,8.46,7.38,10.13,9.54,10.21,10.41,9.54,0.0
5139,75.0,8.0,26.0,3.13,5.66,7.21,1.46,1.46,1.13,2.46,6.96,5.37,4.33,12.58,1.0
5140,76.0,3.0,21.0,9.54,10.21,7.58,3.67,8.33,3.88,6.83,6.21,7.75,8.54,9.38,1.0
5141,71.0,7.0,17.0,6.34,5.83,9.79,3.67,5.71,0.83,6.5,2.62,3.71,2.0,3.25,1.0
5142,77.0,3.0,29.0,8.58,5.5,5.54,2.04,3.58,4.71,7.79,4.54,4.58,5.54,13.67,1.0
5143,73.0,9.0,6.0,8.96,10.88,10.58,4.42,8.29,6.71,5.63,10.79,7.21,8.04,19.58,0.0
5144,76.0,7.0,14.0,11.46,11.17,10.88,6.42,10.41,7.87,10.34,7.58,9.96,8.87,16.58,1.0
5145,67.0,6.0,7.0,14.25,9.54,8.04,6.71,13.75,6.34,8.67,10.25,9.08,10.92,12.71,0.0
5146,72.0,7.0,5.0,7.58,9.04,8.46,5.04,9.71,6.13,8.42,6.46,8.96,5.75,13.37,0.0
5147,76.0,5.0,17.0,19.17,11.5,20.08,10.79,9.25,4.83,13.88,8.5,10.79,8.71,12.21,1.0
5148,69.0,9.0,16.0,10.71,9.21,10.54,4.29,11.83,6.29,7.71,10.29,8.67,6.04,11.25,0.0
5149,64.0,4.0,17.0,15.0,11.58,14.25,9.87,14.09,10.79,12.79,11.75,8.79,11.25,13.25,1.0
5150,63.0,9.0,23.0,8.54,14.96,5.25,5.04,12.0,6.83,5.09,11.21,6.87,10.75,23.75,0.0
5151,78.0,5.0,21.0,2.42,3.54,7.46,1.46,2.75,0.54,3.04,1.67,3.42,4.5,4.33,1.0
5152,74.0,3.0,30.0,4.33,12.87,3.5,1.63,10.37,2.83,2.21,8.38,4.0,4.54,13.42,1.0
5153,62.0,5.0,11.0,14.96,14.25,12.67,8.75,11.79,7.67,11.04,11.54,8.42,9.83,12.08,1.0
5154,72.0,7.0,4.0,14.58,10.04,16.58,5.17,10.34,6.0,7.62,4.92,7.92,4.33,11.71,1.0
5155,68.0,10.0,4.0,13.33,15.34,9.79,7.87,12.62,6.79,4.79,9.87,8.17,8.38,11.08,1.0
5156,76.0,5.0,25.0,13.46,10.71,7.87,6.34,11.54,7.41,10.0,9.21,10.46,9.83,17.12,0.0
5157,67.0,9.0,7.0,5.66,4.63,4.54,2.75,5.09,2.96,5.41,3.71,4.67,3.58,8.0,1.0
5158,71.0,1.0,29.0,7.04,6.92,6.92,3.25,4.25,1.42,7.08,2.96,6.13,4.33,9.08,1.0
5159,72.0,6.0,14.0,8.0,6.75,9.25,5.37,6.42,3.04,3.08,5.46,5.37,4.88,7.17,1.0
5160,62.0,2.0,6.0,21.84,18.29,20.25,12.12,18.79,12.29,18.75,18.41,14.21,17.75,28.12,0.0
5161,72.0,5.0,30.0,19.08,15.59,13.37,12.25,20.04,12.83,19.55,16.33,16.62,16.42,20.04,0.0
5162,72.0,1.0,12.0,19.83,14.42,18.16,7.58,13.42,10.25,11.87,9.38,11.38,13.59,18.08,0.0
5163,75.0,9.0,14.0,20.5,12.83,16.46,8.21,10.41,8.17,12.92,9.38,10.13,11.08,18.12,0.0
5164,63.0,1.0,28.0,7.5,6.34,3.37,0.92,5.25,1.08,1.33,1.71,0.29,1.38,1.96,1.0
5165,71.0,4.0,1.0,15.96,9.42,11.79,8.54,14.37,11.54,9.29,10.63,10.92,10.63,16.79,0.0
5166,72.0,7.0,28.0,7.96,5.5,5.5,3.46,5.75,2.62,3.75,3.54,6.0,1.87,8.71,1.0
5167,71.0,2.0,13.0,18.84,22.46,14.33,12.67,22.79,13.46,19.62,17.04,19.7,15.34,26.79,0.0
5168,73.0,7.0,11.0,13.29,8.04,9.5,5.83,10.58,7.62,10.92,7.5,11.04,9.17,11.0,1.0
5169,65.0,8.0,23.0,10.71,6.58,9.92,5.5,8.96,6.13,11.87,5.66,6.87,9.87,10.37,1.0
5170,72.0,10.0,5.0,18.88,16.66,11.92,5.21,9.42,5.41,7.04,10.0,9.5,7.04,13.0,1.0
5171,69.0,2.0,3.0,10.92,9.83,11.21,3.25,7.54,1.38,8.92,5.46,3.83,4.42,14.79,1.0
5172,71.0,5.0,24.0,8.08,7.54,7.33,2.33,4.29,2.58,2.54,5.0,5.46,4.88,12.67,0.0
5173,69.0,11.0,2.0,24.04,24.87,21.37,13.54,22.08,15.21,19.41,17.58,18.41,17.75,23.42,0.0
5174,65.0,12.0,17.0,26.3,20.75,23.09,11.67,16.42,11.34,17.92,14.5,11.29,16.96,18.21,0.0
5175,61.0,2.0,12.0,16.0,16.92,17.25,8.38,11.75,10.37,11.71,14.37,10.37,14.62,25.41,0.0
5176,66.0,5.0,7.0,15.71,12.08,14.21,8.71,10.75,7.58,9.38,7.58,8.67,10.41,14.37,1.0
5177,71.0,2.0,12.0,25.33,22.46,22.67,15.79,24.67,18.34,21.71,18.25,20.71,19.21,27.16,0.0
5178,68.0,5.0,15.0,13.0,8.42,11.08,9.62,14.0,10.63,16.58,13.33,12.83,11.29,14.71,0.0
5179,63.0,11.0,3.0,12.87,10.08,11.25,4.25,8.12,5.66,7.33,9.96,6.5,8.58,11.5,1.0
5180,64.0,6.0,20.0,11.5,6.04,11.58,6.63,10.13,6.08,10.25,7.38,9.17,11.63,8.75,0.0
5181,73.0,9.0,28.0,16.21,23.21,13.21,9.79,17.71,9.08,16.42,11.0,11.21,11.63,17.79,0.0
5182,75.0,8.0,5.0,12.46,15.12,10.96,9.33,14.96,8.63,7.75,9.5,11.63,8.92,8.29,0.0
5183,64.0,4.0,8.0,11.83,13.04,12.17,6.34,10.37,8.33,11.63,14.17,6.54,11.83,20.3,0.0
5184,74.0,1.0,27.0,23.04,21.96,19.04,12.83,19.29,14.33,15.96,17.25,14.96,16.21,19.41,0.0
5185,71.0,12.0,18.0,26.5,20.25,20.0,15.09,17.58,14.21,14.62,14.21,16.29,17.29,28.04,0.0
5186,71.0,2.0,2.0,6.29,2.75,7.12,1.42,7.08,4.0,11.67,6.92,8.33,8.21,14.92,0.0
5187,65.0,3.0,12.0,14.46,13.46,15.5,9.38,14.88,12.17,13.17,12.75,11.71,11.87,12.54,0.0
5188,62.0,9.0,11.0,18.96,10.92,15.59,6.29,9.87,6.0,8.38,8.04,5.25,7.58,15.63,1.0
5189,67.0,3.0,25.0,20.79,15.37,17.75,12.71,15.16,12.67,17.12,14.25,13.59,14.92,20.5,0.0
5190,62.0,3.0,11.0,5.46,2.88,6.54,3.58,6.0,5.71,10.92,9.67,9.83,7.75,7.87,1.0
5191,72.0,8.0,8.0,14.79,12.58,11.0,8.25,13.21,8.04,14.12,9.71,11.96,10.54,12.67,1.0
5192,71.0,1.0,19.0,13.88,11.96,11.5,6.38,13.04,8.33,15.96,7.92,10.54,10.92,15.96,0.0
5193,61.0,10.0,23.0,19.25,15.41,15.59,10.79,17.67,12.17,16.21,13.25,14.12,17.75,22.29,0.0
5194,71.0,5.0,12.0,10.08,1.83,14.5,3.33,3.67,3.33,5.17,2.37,4.96,2.29,6.71,1.0
5195,73.0,4.0,8.0,19.0,14.58,18.54,9.46,9.29,9.67,12.04,9.33,10.21,11.12,14.88,0.0
5196,72.0,3.0,13.0,15.83,11.08,15.67,7.04,11.46,8.29,11.46,6.21,10.37,8.12,11.21,1.0
5197,68.0,7.0,29.0,5.58,3.75,10.34,2.92,3.92,2.21,5.96,4.0,5.58,3.08,3.46,1.0
5198,71.0,7.0,5.0,8.04,4.29,6.29,2.58,4.25,1.0,3.88,2.54,3.54,1.87,7.25,1.0
5199,62.0,9.0,24.0,8.54,9.13,8.5,4.12,9.0,4.79,4.88,4.5,4.29,5.21,6.25,1.0
5200,64.0,11.0,21.0,3.25,9.21,6.13,0.75,5.33,2.5,6.46,7.29,3.54,7.33,14.96,1.0
5201,62.0,4.0,7.0,19.29,16.29,17.67,11.96,19.29,12.79,22.5,12.75,16.83,14.33,16.88,0.0
5202,64.0,10.0,2.0,8.67,4.21,10.96,2.75,5.17,3.08,6.96,5.54,6.21,8.12,6.13,1.0
5203,68.0,2.0,12.0,8.5,7.75,10.54,2.54,8.46,5.41,6.42,4.17,2.46,3.17,7.25,1.0
5204,76.0,7.0,29.0,10.34,6.04,5.96,4.88,7.5,4.38,9.25,6.63,8.08,7.71,11.17,0.0
5205,77.0,8.0,31.0,7.62,7.29,10.75,3.5,4.79,4.75,7.46,4.83,4.58,3.96,11.75,1.0
5206,70.0,5.0,20.0,11.63,12.42,11.0,8.12,17.25,12.21,15.83,12.04,16.42,12.25,19.5,0.0
5207,69.0,1.0,31.0,10.5,11.67,9.25,7.33,11.0,4.17,12.29,6.5,11.38,9.0,15.71,0.0
5208,65.0,7.0,28.0,16.21,14.17,14.12,8.5,17.08,9.46,14.09,13.42,11.34,12.79,16.0,0.0
5209,77.0,12.0,6.0,10.63,4.38,15.09,5.75,7.96,8.75,18.34,13.46,12.29,11.04,12.62,0.0
5210,65.0,7.0,31.0,11.08,7.04,9.67,6.54,11.58,9.13,13.29,11.92,9.5,12.0,13.96,0.0
5211,73.0,12.0,30.0,7.62,6.42,6.04,2.13,6.5,3.25,8.71,3.67,5.63,7.54,10.58,0.0
5212,69.0,11.0,8.0,18.25,21.96,12.25,10.63,19.41,11.21,18.16,16.25,16.33,14.0,23.87,0.0
5213,62.0,8.0,10.0,13.25,13.5,13.88,9.29,12.54,9.75,14.29,13.88,11.54,13.21,18.79,0.0
5214,75.0,12.0,28.0,16.29,15.04,14.37,8.0,9.87,8.33,13.04,11.67,13.21,12.71,14.71,0.0
5215,71.0,11.0,23.0,20.54,19.04,16.62,9.96,15.09,9.59,12.5,10.41,12.29,10.54,17.37,0.0
5216,75.0,10.0,21.0,23.83,25.84,18.88,9.59,22.79,14.37,16.66,16.71,14.75,12.5,20.67,0.0
5217,72.0,4.0,1.0,14.83,14.12,15.63,8.5,15.83,11.87,17.04,15.25,14.46,11.83,18.66,0.0
5218,69.0,4.0,4.0,5.75,2.88,12.29,3.21,4.63,1.17,3.42,1.5,1.58,1.54,5.63,1.0
5219,66.0,1.0,7.0,18.88,16.5,13.5,11.71,14.83,10.37,10.5,13.04,10.34,15.29,21.04,0.0
5220,70.0,10.0,15.0,9.13,7.87,6.34,4.17,9.13,6.92,6.13,4.5,6.21,3.63,6.46,1.0
5221,77.0,9.0,25.0,13.83,12.46,12.46,4.46,11.12,8.42,11.08,10.29,8.92,9.0,15.16,0.0
5222,66.0,7.0,13.0,18.91,15.0,12.21,10.88,17.83,11.63,14.83,12.58,13.75,14.58,18.25,0.0
5223,75.0,9.0,9.0,16.62,13.17,13.0,5.54,13.62,7.87,11.5,9.92,12.08,9.29,15.34,0.0
5224,76.0,11.0,1.0,13.96,15.67,10.29,6.46,12.79,9.08,10.0,9.67,10.21,11.63,23.09,0.0
5225,69.0,12.0,23.0,12.83,13.37,9.79,5.41,11.0,9.25,10.5,11.63,11.0,9.5,16.62,1.0
5226,68.0,7.0,6.0,3.33,1.17,3.54,1.29,3.88,1.04,2.42,3.29,2.92,1.71,6.92,1.0
5227,73.0,12.0,16.0,17.83,13.67,11.96,6.71,13.33,8.71,16.79,10.63,13.08,13.83,18.54,0.0
5228,66.0,6.0,7.0,7.04,5.13,8.17,2.42,3.25,1.33,2.5,1.54,2.04,4.0,6.92,1.0
5229,73.0,8.0,23.0,2.54,2.25,5.13,1.75,4.29,0.87,2.25,1.04,1.5,1.21,5.33,1.0
5230,69.0,2.0,17.0,8.04,4.25,6.83,1.33,3.17,0.04,4.08,0.25,0.96,1.96,6.67,1.0
5231,62.0,10.0,20.0,8.38,5.63,9.46,2.46,4.42,2.71,3.79,3.88,4.46,4.96,6.38,1.0
5232,64.0,9.0,1.0,17.71,16.0,12.71,8.21,15.37,11.17,11.29,11.17,9.0,11.46,15.59,1.0
5233,67.0,2.0,20.0,13.92,12.12,13.0,9.29,15.21,9.59,14.83,13.5,11.83,14.62,24.04,0.0
5234,65.0,5.0,13.0,8.17,13.92,11.34,8.33,10.79,8.67,7.41,9.79,7.21,9.79,12.25,1.0
5235,63.0,6.0,1.0,13.37,6.87,12.0,8.5,10.04,9.42,10.92,12.96,11.79,11.04,10.92,1.0
5236,70.0,12.0,6.0,21.62,18.21,15.96,12.42,19.95,12.87,17.33,14.79,16.88,15.16,22.5,0.0
5237,77.0,10.0,8.0,8.0,4.25,8.08,2.83,5.37,6.54,10.41,10.08,9.96,10.04,16.38,0.0
5238,75.0,7.0,13.0,13.37,8.92,12.87,7.12,9.92,7.0,6.58,5.17,10.08,6.34,9.13,1.0
5239,75.0,10.0,8.0,4.21,5.75,6.58,0.33,1.75,0.17,1.08,1.13,0.29,0.21,5.17,1.0
5240,70.0,10.0,6.0,10.79,10.79,8.08,4.71,9.87,6.08,11.63,9.67,10.67,9.38,15.09,0.0
5241,69.0,12.0,27.0,6.71,6.21,5.29,0.42,5.96,4.17,3.04,5.25,2.17,3.75,12.46,1.0
5242,74.0,9.0,20.0,12.79,10.29,12.96,5.41,10.75,7.04,9.67,12.0,9.87,9.38,18.54,0.0
5243,67.0,5.0,28.0,10.17,6.08,7.83,3.88,5.96,2.42,4.25,5.41,2.62,2.75,5.83,1.0
5244,68.0,4.0,23.0,9.42,6.58,11.46,7.12,12.04,7.38,7.58,9.08,5.75,8.71,9.0,1.0
5245,76.0,8.0,8.0,4.33,1.17,8.83,2.25,3.25,1.5,1.67,1.17,1.54,1.17,4.54,1.0
5246,69.0,1.0,20.0,18.12,16.21,19.21,8.46,11.96,9.87,12.54,11.92,9.38,11.12,16.62,0.0
5247,67.0,7.0,23.0,12.17,9.92,9.13,3.67,10.29,5.04,3.54,11.12,5.09,7.71,14.17,1.0
5248,69.0,4.0,24.0,20.08,16.71,16.5,9.5,14.96,7.96,9.25,8.96,8.5,5.75,10.25,1.0
5249,73.0,8.0,10.0,6.71,2.88,8.58,3.08,3.54,1.83,3.83,0.71,2.75,1.58,5.46,1.0
5250,65.0,7.0,3.0,9.33,9.67,14.37,8.08,7.41,5.54,9.38,8.67,6.96,10.34,11.0,0.0
5251,62.0,4.0,14.0,11.67,10.37,13.33,4.54,7.96,6.04,11.42,9.21,9.21,9.21,9.59,0.0
5252,61.0,10.0,19.0,17.12,12.67,16.5,9.59,10.25,8.29,13.21,10.63,12.0,13.13,13.96,0.0
5253,61.0,8.0,22.0,13.33,8.58,9.5,7.67,13.83,9.5,12.08,9.83,10.75,9.96,12.87,1.0
5254,69.0,2.0,18.0,20.08,14.92,19.41,7.33,12.58,6.21,10.88,8.75,8.42,8.17,10.21,0.0
5255,63.0,9.0,4.0,10.63,10.71,7.12,4.83,8.42,4.42,5.96,6.08,4.58,6.83,7.08,1.0
5256,64.0,11.0,11.0,13.83,14.79,13.08,6.08,12.46,9.42,8.96,12.71,7.87,11.67,16.21,0.0
5257,65.0,12.0,27.0,12.58,6.71,17.67,5.13,8.08,3.37,6.38,2.88,3.54,2.5,5.13,1.0
5258,78.0,10.0,29.0,9.67,10.13,10.88,5.09,8.25,6.04,3.42,5.33,7.67,8.96,18.38,0.0
5259,70.0,3.0,24.0,11.17,10.92,22.58,6.34,9.46,5.25,8.17,6.5,6.79,5.46,5.41,1.0
5260,71.0,9.0,24.0,10.75,2.17,18.41,2.79,7.29,6.92,6.17,4.83,6.38,2.71,8.46,1.0
5261,73.0,6.0,18.0,10.96,12.71,11.92,5.88,9.92,8.38,7.79,13.08,8.38,9.29,20.25,0.0
5262,74.0,3.0,10.0,11.58,6.87,22.5,7.17,7.92,5.88,12.79,8.38,9.04,8.83,8.04,0.0
5263,69.0,3.0,8.0,2.29,7.21,6.17,1.54,5.04,1.42,7.96,4.71,4.25,5.91,9.79,0.0
5264,65.0,9.0,23.0,9.54,4.67,10.92,4.58,6.5,3.63,4.21,4.75,3.67,7.38,9.59,1.0
5265,77.0,1.0,12.0,7.79,1.75,7.54,1.21,5.54,1.42,4.96,2.88,1.87,1.67,7.17,1.0
5266,74.0,10.0,5.0,10.54,8.42,11.42,4.88,6.29,4.79,9.62,6.38,4.88,6.96,11.87,0.0
5267,67.0,6.0,2.0,5.5,6.42,8.04,4.67,5.66,4.0,5.09,11.34,5.17,8.29,14.42,1.0
5268,76.0,2.0,19.0,16.04,19.33,12.0,4.92,12.71,7.38,10.08,10.13,10.34,5.58,13.92,0.0
5269,65.0,8.0,5.0,13.67,10.79,15.25,8.0,17.96,14.92,17.54,17.0,15.71,17.96,21.34,0.0
5270,67.0,6.0,8.0,7.17,6.0,7.04,4.21,7.29,3.54,6.13,6.54,4.92,6.29,6.96,1.0
5271,62.0,12.0,26.0,12.87,5.66,10.08,5.0,8.38,6.5,12.38,6.5,7.25,9.67,11.08,0.0
5272,71.0,9.0,19.0,8.5,2.37,5.09,2.25,6.0,4.04,6.96,3.33,4.38,3.13,7.41,1.0
5273,71.0,9.0,1.0,11.08,8.54,10.08,7.17,13.7,11.5,13.25,10.29,12.75,12.83,17.33,0.0
5274,70.0,3.0,27.0,13.7,9.83,12.58,7.87,8.96,8.33,11.92,7.71,10.58,10.71,13.33,0.0
5275,62.0,11.0,17.0,24.96,21.59,19.83,16.04,16.66,13.08,18.0,15.37,14.79,19.12,21.0,0.0
5276,71.0,12.0,21.0,10.46,8.08,10.34,6.5,11.42,8.42,15.41,11.08,13.92,13.25,23.13,0.0
5277,72.0,4.0,27.0,13.04,8.63,10.21,5.91,6.29,3.92,9.17,5.88,8.12,8.92,9.21,1.0
5278,73.0,9.0,24.0,12.33,13.25,10.0,3.79,9.25,5.17,4.12,7.29,5.13,4.33,12.67,0.0
5279,78.0,8.0,14.0,14.09,11.54,12.79,5.17,7.79,6.25,7.5,7.21,8.21,5.83,11.67,1.0
5280,65.0,1.0,4.0,4.04,4.21,6.46,1.21,2.75,2.08,7.71,3.13,2.04,6.0,12.08,0.0
5281,64.0,10.0,29.0,4.88,8.79,2.37,1.46,7.67,2.54,1.92,4.75,2.75,5.5,10.75,1.0
5282,62.0,11.0,15.0,10.46,8.54,9.13,6.54,6.92,5.29,9.42,4.54,4.83,6.92,12.29,1.0
5283,71.0,4.0,29.0,6.42,3.79,3.71,1.63,4.08,2.33,2.75,2.33,1.75,0.67,7.79,1.0
5284,71.0,3.0,30.0,3.92,4.08,5.75,1.08,5.29,1.67,2.04,3.71,4.92,3.5,6.87,1.0
5285,75.0,4.0,24.0,4.58,1.96,12.96,2.21,4.17,1.87,1.21,1.46,4.17,1.92,6.13,1.0
5286,76.0,10.0,18.0,8.63,4.0,7.71,2.04,5.46,4.08,1.54,2.46,4.38,3.63,4.58,0.0
5287,70.0,11.0,20.0,12.54,6.83,13.17,7.25,8.33,6.67,7.92,6.79,9.33,6.17,11.42,1.0
5288,74.0,1.0,26.0,22.25,17.83,18.91,12.08,16.42,11.79,15.46,12.38,16.04,16.58,18.71,0.0
5289,74.0,9.0,25.0,24.04,20.21,17.29,12.0,18.58,11.12,13.0,13.75,12.92,9.87,19.92,0.0
5290,62.0,5.0,13.0,12.42,10.21,6.67,6.83,9.5,6.46,8.75,7.33,7.83,10.0,9.38,1.0
5291,72.0,2.0,5.0,6.13,6.96,10.04,4.04,8.25,4.63,10.46,5.96,7.79,6.87,9.75,0.0
5292,67.0,3.0,23.0,12.46,9.59,8.17,7.92,12.38,8.83,15.04,9.83,10.96,11.92,17.37,0.0
5293,78.0,7.0,29.0,8.0,7.87,6.58,5.75,7.38,7.12,4.08,5.79,6.13,6.17,11.63,1.0
5294,76.0,4.0,26.0,11.38,5.21,17.25,5.13,5.91,6.0,8.25,5.54,8.33,6.25,11.75,1.0
5295,61.0,2.0,15.0,6.04,12.08,6.13,4.21,9.87,6.92,5.17,7.41,8.17,9.21,17.12,1.0
5296,69.0,8.0,24.0,8.96,9.29,8.46,4.42,9.59,6.42,7.87,6.13,7.25,7.71,13.7,1.0
5297,75.0,9.0,23.0,12.33,10.54,11.87,6.83,12.42,7.92,12.25,10.0,10.67,10.46,19.33,0.0
5298,70.0,11.0,25.0,21.79,23.0,16.96,10.71,17.67,11.12,11.21,10.75,11.04,6.34,14.04,1.0
5299,63.0,9.0,8.0,15.63,13.88,12.83,7.92,16.42,10.0,13.13,10.88,10.71,11.71,19.17,0.0
5300,63.0,7.0,26.0,4.75,6.13,4.0,3.0,7.29,2.92,6.5,5.91,4.58,5.63,11.58,1.0
5301,72.0,8.0,11.0,11.46,14.17,7.87,5.66,8.67,6.38,6.92,9.21,8.08,6.75,21.37,0.0
5302,64.0,6.0,9.0,15.09,14.29,15.0,10.25,11.5,9.96,8.58,10.75,10.21,12.5,16.92,1.0
5303,69.0,8.0,25.0,20.08,10.5,12.21,6.87,12.58,8.58,12.17,8.75,11.71,11.12,14.62,0.0
5304,61.0,2.0,27.0,11.0,13.37,11.17,6.87,13.21,8.75,12.75,10.83,10.88,12.67,20.0,0.0
5305,78.0,11.0,1.0,13.59,16.75,11.25,7.08,11.04,8.33,8.17,11.29,10.75,11.25,23.13,0.0
5306,74.0,10.0,20.0,23.79,17.75,13.92,11.75,17.62,10.25,15.59,14.09,11.67,8.5,20.5,0.0
5307,74.0,12.0,2.0,11.38,10.37,12.83,5.04,9.46,5.04,9.87,6.87,9.25,8.83,11.25,0.0
5308,62.0,8.0,5.0,5.88,4.5,7.83,4.25,8.92,6.54,10.75,7.71,7.87,9.59,9.92,0.0
5309,67.0,3.0,10.0,19.58,23.25,17.46,13.0,23.09,15.25,22.83,16.25,15.37,17.92,28.21,0.0
5310,75.0,3.0,30.0,16.08,16.96,15.12,7.17,9.75,6.54,8.58,8.42,9.5,9.71,15.87,1.0
5311,64.0,3.0,2.0,10.63,9.92,7.87,3.08,10.0,2.5,6.04,6.46,3.37,6.29,7.21,1.0
5312,62.0,10.0,8.0,7.71,7.54,9.0,6.29,8.92,6.0,8.46,6.13,6.13,7.79,7.08,1.0
5313,61.0,8.0,4.0,11.0,9.21,10.58,7.54,13.17,9.62,13.54,11.79,11.67,10.21,16.04,0.0
5314,73.0,1.0,24.0,13.37,16.96,10.67,4.29,10.04,7.54,9.54,12.5,9.17,10.21,21.0,0.0
5315,74.0,3.0,17.0,19.41,17.33,17.21,10.25,16.17,9.83,15.75,16.0,14.29,13.46,21.87,0.0
5316,65.0,9.0,12.0,6.63,7.5,8.75,3.42,7.5,4.29,3.42,4.88,3.5,3.96,8.17,1.0
5317,63.0,3.0,1.0,16.75,19.67,17.67,8.87,19.08,15.37,16.21,14.29,11.29,9.21,19.92,0.0
5318,67.0,9.0,20.0,9.08,8.33,8.08,5.91,9.04,5.17,9.33,6.75,8.21,6.25,10.34,1.0
5319,68.0,1.0,17.0,15.54,15.5,11.5,12.21,17.37,10.63,20.12,13.17,15.59,13.33,17.71,0.0
5320,75.0,4.0,6.0,12.5,7.75,13.83,6.92,6.34,3.71,8.33,6.29,8.29,5.88,8.04,1.0
5321,75.0,9.0,24.0,23.54,20.08,19.04,9.38,15.37,12.96,15.67,18.25,15.37,14.62,25.5,0.0
5322,69.0,6.0,24.0,6.29,6.29,7.17,3.08,6.71,7.0,7.0,4.67,5.33,4.38,10.34,1.0
5323,61.0,6.0,8.0,12.17,8.87,8.17,6.92,11.92,7.46,9.54,9.59,10.58,10.37,11.21,0.0
5324,78.0,10.0,15.0,10.83,8.33,6.42,3.75,8.38,6.04,7.41,6.5,7.79,7.96,11.92,0.0
5325,71.0,8.0,9.0,7.41,5.41,6.5,3.71,7.54,3.46,8.17,4.88,7.0,5.17,10.21,1.0
5326,70.0,6.0,6.0,10.21,6.38,19.17,4.46,5.25,6.83,5.91,5.71,7.67,5.58,8.46,1.0
5327,78.0,7.0,15.0,5.09,3.46,6.21,3.08,6.04,4.21,2.79,4.92,4.54,5.5,8.29,1.0
5328,74.0,4.0,28.0,11.87,6.04,20.46,7.41,7.96,4.29,11.75,9.0,7.41,7.46,9.25,1.0
5329,70.0,1.0,13.0,21.67,18.79,18.41,9.21,15.67,11.54,11.29,14.09,11.38,9.13,13.42,0.0
5330,67.0,10.0,4.0,20.91,13.96,15.21,11.54,16.04,11.04,15.09,14.25,14.0,13.83,18.21,0.0
5331,69.0,7.0,17.0,10.37,9.59,9.0,4.75,7.67,4.83,7.87,5.88,8.17,5.71,12.0,0.0
5332,66.0,5.0,15.0,6.21,9.29,5.09,2.92,6.96,4.29,6.25,8.21,4.42,8.12,17.33,1.0
5333,65.0,7.0,12.0,7.41,6.63,9.87,2.83,6.46,1.96,5.71,5.83,4.83,5.0,7.54,1.0
5334,73.0,12.0,26.0,6.96,8.25,6.54,4.04,9.21,6.29,11.96,7.38,9.33,8.79,12.92,0.0
5335,70.0,9.0,15.0,11.5,8.54,5.88,4.0,9.04,4.04,5.96,3.63,6.58,3.46,9.54,1.0
5336,68.0,1.0,21.0,4.96,5.25,3.0,0.08,4.63,0.04,0.46,0.58,0.46,1.33,1.87,1.0
5337,73.0,9.0,4.0,6.34,12.38,8.54,5.58,9.38,7.21,6.13,10.46,7.71,9.54,12.29,1.0
5338,78.0,12.0,17.0,9.87,3.21,8.04,2.21,3.04,0.54,2.46,1.46,1.29,2.67,5.0,1.0
5339,67.0,6.0,15.0,6.13,3.0,6.29,2.71,4.63,1.75,1.79,5.09,2.71,2.37,9.17,1.0
5340,73.0,6.0,15.0,10.37,12.58,11.54,7.46,11.17,8.75,8.17,8.58,10.0,10.41,12.83,1.0
5341,76.0,7.0,7.0,3.04,2.0,5.58,1.67,1.29,0.29,5.5,0.92,5.58,2.88,4.12,1.0
5342,70.0,5.0,18.0,5.71,4.33,8.54,2.83,6.42,5.33,8.54,8.96,8.04,7.04,16.88,0.0
5343,69.0,7.0,8.0,12.62,6.42,8.33,6.83,10.17,7.5,8.17,6.29,8.96,9.75,10.37,0.0
5344,72.0,5.0,31.0,10.04,6.92,8.46,5.63,9.92,5.83,7.96,7.21,9.33,7.83,10.13,1.0
5345,61.0,9.0,14.0,18.0,16.88,15.54,9.71,15.21,11.12,12.75,13.79,12.21,13.54,23.91,0.0
5346,63.0,10.0,8.0,17.29,13.13,13.42,9.96,14.5,11.21,14.33,15.96,12.25,13.59,20.41,0.0
5347,71.0,1.0,3.0,7.41,5.41,7.17,0.63,1.79,0.21,2.5,0.33,0.71,0.13,4.83,1.0
5348,70.0,10.0,21.0,15.16,10.13,17.25,7.58,9.08,6.21,10.96,8.04,9.13,8.54,13.21,0.0
5349,62.0,11.0,26.0,4.0,2.21,3.21,0.21,2.33,1.0,5.96,0.0,0.83,0.92,2.75,1.0
5350,77.0,10.0,8.0,8.0,4.25,8.08,2.83,5.37,6.54,10.41,10.08,9.96,10.04,16.38,0.0
5351,62.0,1.0,28.0,0.67,4.5,2.96,0.87,1.38,1.21,3.63,1.54,1.71,1.42,8.67,1.0
5352,76.0,11.0,6.0,15.37,12.29,10.29,4.46,12.21,10.46,5.17,9.33,9.75,10.5,12.46,0.0
5353,77.0,3.0,5.0,8.29,8.08,10.67,2.92,5.91,7.04,11.04,6.83,7.08,8.58,10.67,0.0
5354,72.0,6.0,30.0,14.83,13.29,13.21,7.12,12.83,9.38,9.79,11.96,10.96,12.0,21.84,0.0
5355,62.0,9.0,29.0,21.37,16.75,18.38,11.5,17.67,12.5,13.79,14.0,13.13,14.58,19.92,0.0
5356,77.0,1.0,6.0,5.09,0.96,6.87,0.37,1.79,2.0,8.04,1.54,4.12,5.58,10.08,0.0
5357,78.0,12.0,10.0,24.92,22.54,16.54,14.62,15.59,13.0,13.21,14.12,16.21,16.17,26.08,0.0
5358,67.0,2.0,19.0,23.63,24.21,18.75,13.5,21.29,14.25,19.08,14.17,13.92,17.67,24.21,0.0
5359,74.0,3.0,18.0,17.16,17.29,14.71,6.87,12.96,8.58,11.29,13.79,12.04,11.63,19.75,0.0
5360,75.0,8.0,3.0,5.83,2.46,5.54,2.62,2.0,1.25,4.38,0.46,4.08,1.96,3.71,1.0
5361,71.0,5.0,7.0,17.54,15.96,13.59,10.29,14.71,10.71,8.63,10.67,12.29,11.17,10.75,0.0
5362,66.0,3.0,23.0,19.46,13.17,13.42,14.09,19.87,12.71,20.54,13.59,16.5,16.75,21.59,0.0
5363,65.0,5.0,4.0,14.29,12.67,10.25,6.92,14.09,10.21,11.0,9.71,9.25,9.29,12.04,1.0
5364,77.0,12.0,16.0,8.25,9.17,6.79,3.33,7.08,5.46,6.54,3.75,7.21,5.09,7.46,1.0
5365,68.0,11.0,14.0,21.17,21.34,20.21,10.34,20.79,12.46,14.12,14.37,12.58,12.33,15.83,0.0
5366,73.0,12.0,18.0,13.59,14.58,12.08,3.17,9.75,6.13,7.41,6.38,7.5,6.04,8.63,0.0
5367,62.0,4.0,6.0,14.37,12.87,12.29,10.29,14.79,9.79,17.08,10.79,13.21,11.92,16.96,0.0
5368,72.0,12.0,11.0,24.13,22.04,20.62,13.08,17.37,14.88,15.92,16.13,13.29,16.38,29.08,0.0
5369,73.0,7.0,18.0,12.08,9.08,10.75,4.67,9.96,6.42,6.58,6.96,7.04,5.75,11.38,1.0
5370,63.0,10.0,18.0,16.29,15.34,15.09,9.17,12.33,10.67,12.96,13.92,8.92,13.67,20.96,0.0
5371,68.0,5.0,10.0,17.41,17.25,13.96,9.96,19.67,11.42,16.25,13.96,13.54,10.34,17.16,1.0
5372,62.0,7.0,27.0,4.75,2.67,5.75,2.5,2.62,0.25,3.67,2.96,0.46,2.04,4.67,1.0
5373,65.0,4.0,27.0,17.46,16.04,12.67,10.13,13.96,9.59,12.21,12.08,11.0,13.62,14.12,0.0
5374,65.0,11.0,30.0,14.5,13.33,18.38,12.46,10.5,9.67,19.38,9.5,12.75,15.0,16.33,0.0
5375,75.0,6.0,11.0,7.96,1.96,2.88,1.63,4.0,1.25,1.58,3.54,2.0,2.0,10.67,1.0
5376,76.0,8.0,9.0,5.04,2.71,7.04,2.04,4.08,1.38,1.67,0.63,2.42,0.96,3.04,1.0
5377,78.0,9.0,13.0,13.08,11.87,13.59,6.46,11.21,12.0,12.62,10.92,12.67,9.83,15.5,0.0
5378,64.0,3.0,31.0,13.96,11.83,13.04,6.08,14.29,7.29,10.58,12.33,6.75,8.92,13.54,1.0
5379,76.0,5.0,28.0,9.13,8.67,5.13,2.62,9.33,3.5,4.63,5.0,8.04,6.04,10.21,1.0
5380,74.0,7.0,28.0,12.83,9.46,10.29,6.42,12.08,7.62,11.29,9.04,10.34,7.87,12.08,1.0
5381,61.0,9.0,8.0,5.75,9.71,3.63,2.75,7.67,2.67,3.17,4.42,2.5,4.21,8.25,1.0
5382,61.0,11.0,3.0,9.75,4.83,10.25,6.63,7.29,6.92,11.21,5.75,7.83,8.92,10.96,0.0
5383,66.0,4.0,10.0,9.79,11.42,9.54,6.46,11.0,6.25,10.41,8.63,7.21,9.33,11.21,0.0
5384,73.0,1.0,10.0,14.46,14.37,11.58,3.58,9.08,6.42,8.29,7.54,6.21,5.37,10.71,1.0
5385,77.0,7.0,16.0,11.0,6.87,7.54,3.46,6.58,4.29,9.08,5.66,5.5,5.09,12.46,1.0
5386,70.0,1.0,14.0,8.46,11.58,9.38,4.33,10.0,8.12,9.62,11.34,7.71,7.46,14.33,0.0
5387,62.0,3.0,18.0,14.71,11.08,11.83,4.5,11.0,5.33,5.79,7.67,6.04,5.96,7.83,1.0
5388,64.0,5.0,24.0,9.0,9.71,23.29,9.54,11.54,6.75,11.08,11.63,7.08,6.96,15.96,1.0
5389,64.0,8.0,27.0,8.67,8.29,10.5,4.96,7.46,5.0,7.12,4.04,4.67,5.66,7.04,1.0
5390,78.0,11.0,24.0,14.83,9.92,10.34,4.21,7.41,3.75,7.17,4.12,5.66,5.71,12.87,1.0
5391,74.0,5.0,2.0,17.04,14.09,10.83,4.71,9.75,4.29,8.71,5.66,4.67,5.0,6.5,1.0
5392,73.0,10.0,15.0,10.63,10.88,14.0,4.25,8.75,6.04,10.25,10.83,8.33,9.71,11.96,0.0
5393,69.0,8.0,6.0,10.04,17.21,6.54,5.66,11.71,7.33,5.63,7.33,6.92,7.54,13.37,1.0
5394,68.0,6.0,5.0,6.58,8.92,6.21,4.38,11.0,6.13,6.13,7.5,6.87,6.63,17.67,0.0
5395,71.0,10.0,30.0,15.75,8.29,14.09,6.42,10.96,9.54,10.71,10.29,9.96,11.54,21.37,0.0
5396,62.0,9.0,15.0,10.29,8.08,7.17,5.21,10.25,4.79,7.92,6.29,7.46,7.33,11.63,1.0
5397,69.0,12.0,4.0,12.25,13.13,14.17,4.75,6.67,4.04,7.21,4.71,6.67,5.5,11.46,0.0
5398,76.0,7.0,20.0,11.71,8.33,8.54,5.75,9.04,6.08,8.83,5.21,8.83,8.63,10.17,0.0
5399,67.0,7.0,27.0,5.04,5.33,5.66,3.83,8.87,5.25,6.25,6.42,5.66,5.88,11.63,1.0
5400,73.0,2.0,18.0,8.21,6.0,5.04,2.88,7.75,4.38,9.08,6.29,7.08,5.09,12.33,0.0
5401,70.0,5.0,15.0,8.79,9.59,8.63,4.08,11.12,5.09,3.83,7.92,5.41,3.71,7.38,1.0
5402,63.0,1.0,15.0,8.5,3.17,5.41,3.83,7.5,4.63,9.17,5.66,5.88,6.83,9.46,1.0
5403,62.0,3.0,7.0,35.8,31.63,30.37,20.79,32.42,24.25,29.58,23.29,19.08,20.75,21.37,0.0
5404,61.0,12.0,2.0,8.58,5.96,8.83,4.17,8.33,5.79,12.21,3.46,5.66,7.71,8.17,0.0
5405,74.0,5.0,14.0,14.21,18.5,11.17,7.04,14.04,8.33,9.13,12.42,10.08,10.41,17.83,1.0
5406,66.0,8.0,29.0,11.42,7.83,11.71,8.29,11.96,9.04,10.25,12.25,9.38,10.13,14.04,0.0
5407,71.0,11.0,14.0,9.29,5.46,9.33,3.17,6.83,3.54,7.58,4.21,6.21,6.42,9.38,0.0
5408,73.0,1.0,19.0,17.21,8.42,25.08,13.75,10.08,13.17,25.12,7.75,19.12,20.83,8.63,0.0
5409,75.0,7.0,22.0,18.88,16.29,20.04,9.71,20.12,11.71,17.29,11.08,15.63,12.25,16.88,1.0
5410,73.0,4.0,15.0,7.79,6.63,7.29,4.63,6.63,4.58,6.63,5.96,8.08,6.38,8.12,1.0
5411,70.0,10.0,7.0,12.67,11.0,7.17,4.33,8.71,6.04,8.25,8.63,8.96,7.67,16.71,0.0
5412,74.0,8.0,20.0,10.34,13.79,10.79,5.37,10.04,7.83,8.87,12.5,10.67,10.37,19.41,0.0
5413,69.0,3.0,22.0,16.25,14.88,17.79,9.0,14.0,9.25,14.92,12.0,12.71,12.08,14.54,0.0
5414,73.0,4.0,11.0,19.21,15.37,11.75,9.87,10.58,9.83,10.04,11.42,10.63,11.75,13.96,0.0
5415,75.0,12.0,10.0,4.33,5.5,6.92,0.58,1.13,0.0,5.71,0.08,1.83,0.92,4.58,1.0
5416,64.0,9.0,9.0,8.46,10.29,10.88,6.04,10.0,8.42,13.29,12.79,9.0,10.21,16.5,0.0
5417,78.0,6.0,6.0,10.04,9.92,9.21,5.17,13.25,9.96,9.29,9.75,10.58,8.58,14.25,0.0
5418,61.0,3.0,16.0,4.92,12.92,5.25,4.29,8.96,7.04,2.75,5.13,6.0,7.29,20.12,1.0
5419,65.0,5.0,10.0,6.79,11.79,6.96,5.88,9.96,6.75,4.79,5.58,5.0,7.71,10.41,1.0
5420,74.0,9.0,22.0,17.92,17.71,13.08,7.83,15.29,8.87,12.21,12.42,11.5,9.92,17.46,0.0
5421,70.0,11.0,24.0,9.83,5.13,14.83,7.38,5.66,6.0,6.79,3.63,8.29,6.96,7.67,1.0
5422,65.0,11.0,21.0,13.92,9.62,19.75,9.08,9.79,6.13,10.75,8.54,6.87,10.67,9.13,0.0
5423,71.0,4.0,21.0,10.13,4.71,6.42,4.21,6.46,7.58,7.5,4.42,8.17,8.79,12.21,0.0
5424,65.0,9.0,13.0,2.79,5.63,6.75,2.83,3.71,1.96,2.71,2.0,1.42,1.42,5.25,1.0
5425,76.0,10.0,21.0,14.46,13.67,13.59,5.37,14.17,8.29,9.17,9.79,10.71,11.17,19.5,0.0
5426,72.0,1.0,9.0,11.0,7.41,8.5,3.04,7.54,4.29,5.25,3.37,5.79,4.21,5.0,1.0
5427,62.0,3.0,23.0,9.42,6.5,16.42,7.04,7.83,5.88,9.42,5.41,6.25,6.0,9.92,1.0
5428,69.0,9.0,4.0,4.71,4.21,4.92,3.54,5.17,1.25,3.5,1.5,2.62,3.5,6.42,1.0
5429,74.0,8.0,30.0,8.67,7.21,13.37,4.04,5.96,4.71,7.46,6.08,7.21,6.04,7.96,1.0
5430,65.0,1.0,6.0,16.79,16.62,14.88,5.33,11.83,9.13,14.79,13.33,7.41,14.42,21.92,0.0
5431,63.0,11.0,9.0,7.41,9.96,7.54,3.88,8.79,5.66,6.58,5.54,4.67,3.92,7.83,1.0
5432,66.0,12.0,7.0,10.46,11.25,10.5,5.33,12.29,9.79,15.09,11.79,9.87,11.75,20.21,0.0
5433,78.0,11.0,26.0,9.54,8.33,7.92,1.83,6.92,3.29,8.08,3.08,3.46,3.37,8.58,1.0
5434,66.0,5.0,19.0,17.46,14.09,13.42,9.54,15.04,11.38,12.0,10.17,11.25,12.75,17.58,0.0
5435,75.0,7.0,24.0,16.75,12.87,12.04,7.96,15.75,8.67,13.75,11.79,11.04,10.21,15.09,0.0
5436,61.0,9.0,26.0,18.46,13.13,15.87,10.17,13.46,10.37,12.46,11.38,10.04,13.5,17.75,0.0
5437,71.0,9.0,28.0,7.12,6.5,6.5,2.13,5.46,4.92,4.17,4.58,3.71,3.58,12.67,1.0
5438,69.0,5.0,19.0,5.0,5.13,6.21,4.17,6.38,3.17,3.92,1.79,4.42,5.41,6.04,1.0
5439,67.0,7.0,28.0,9.54,8.58,7.83,4.38,10.0,5.66,7.58,8.08,7.67,8.12,13.83,0.0
5440,70.0,2.0,20.0,18.29,17.67,13.83,9.67,16.17,11.29,17.04,12.83,14.67,10.04,18.25,0.0
5441,71.0,6.0,11.0,16.33,10.92,12.29,7.33,11.0,5.13,9.54,8.46,9.25,7.46,12.83,0.0
5442,72.0,12.0,26.0,14.29,12.33,11.96,5.41,8.92,6.54,11.08,9.13,9.59,9.17,12.62,0.0
5443,72.0,6.0,5.0,9.96,6.38,11.38,4.88,3.83,5.0,5.96,5.04,4.21,4.08,9.17,1.0
5444,75.0,5.0,19.0,4.38,6.46,3.04,1.5,3.13,1.33,4.04,5.41,3.5,4.21,15.54,1.0
5445,61.0,7.0,23.0,3.04,3.71,12.67,3.29,6.17,2.17,2.21,3.37,4.0,3.92,4.21,1.0
5446,73.0,6.0,12.0,16.17,16.75,16.29,9.87,14.83,12.33,13.75,16.33,13.83,15.59,23.13,0.0
5447,63.0,1.0,21.0,19.25,16.08,17.21,9.17,15.59,9.42,13.83,11.71,11.08,14.25,12.96,0.0
5448,63.0,9.0,1.0,14.37,12.17,12.42,7.41,10.96,7.41,10.34,11.83,9.13,12.83,16.08,0.0
5449,74.0,12.0,30.0,13.29,13.42,13.17,3.63,9.75,6.34,11.08,12.17,10.83,9.0,18.16,0.0
5450,64.0,5.0,27.0,12.17,16.42,6.67,5.79,13.83,6.46,8.87,10.34,8.75,10.54,11.92,0.0
5451,64.0,10.0,28.0,8.42,11.54,4.96,2.54,9.71,5.25,2.46,8.67,4.5,7.87,11.96,1.0
5452,61.0,1.0,30.0,12.21,11.42,10.92,7.92,13.08,9.62,14.5,10.21,9.92,11.96,18.88,0.0
5453,62.0,9.0,20.0,9.08,6.96,16.17,4.21,7.33,3.67,4.63,1.42,2.04,3.37,2.79,1.0
5454,71.0,4.0,16.0,14.79,9.21,12.12,9.17,14.33,9.71,12.0,10.08,12.75,11.87,13.88,0.0
5455,65.0,1.0,23.0,16.79,12.83,13.29,7.38,14.37,9.59,9.92,10.21,8.79,11.67,12.75,0.0
5456,65.0,8.0,10.0,11.42,10.83,10.88,9.04,13.54,9.96,9.75,11.87,9.42,11.58,14.21,0.0
5457,66.0,6.0,10.0,20.67,16.08,20.46,11.17,11.5,8.29,12.08,11.0,8.87,9.54,14.54,1.0
5458,76.0,10.0,5.0,22.04,20.71,17.46,10.21,18.25,13.62,11.54,16.29,13.62,12.5,21.54,0.0
5459,78.0,8.0,15.0,14.37,12.08,11.96,5.83,11.54,8.79,8.54,6.63,9.29,5.91,9.29,1.0
5460,76.0,12.0,11.0,4.58,8.54,3.17,0.0,4.83,5.33,2.71,2.62,1.5,2.42,8.79,1.0
5461,74.0,2.0,21.0,9.83,11.29,10.17,5.29,10.75,8.12,11.96,11.12,11.92,11.12,15.92,0.0
5462,67.0,1.0,8.0,9.79,6.42,10.25,4.29,6.96,2.54,6.34,3.92,3.96,3.37,9.0,1.0
5463,71.0,11.0,17.0,11.34,12.17,9.33,7.17,14.17,8.67,12.17,7.92,11.17,8.71,12.71,0.0
5464,77.0,11.0,8.0,16.17,16.83,15.29,6.13,14.5,11.58,16.88,13.79,13.13,12.67,24.71,0.0
5465,75.0,10.0,1.0,13.79,11.04,14.67,6.29,10.29,7.04,11.25,6.46,10.5,6.17,9.17,0.0
5466,70.0,6.0,15.0,6.58,5.83,6.71,2.46,4.79,3.46,1.75,5.88,3.0,3.63,9.25,1.0
5467,75.0,5.0,10.0,15.96,11.17,9.46,6.13,10.92,8.42,9.54,9.83,10.67,12.25,12.67,0.0
5468,74.0,5.0,15.0,17.62,22.95,12.75,10.13,20.83,12.75,10.79,17.33,15.54,12.46,20.58,0.0
5469,76.0,6.0,26.0,7.29,6.04,9.17,2.62,6.17,5.09,7.41,7.46,8.0,6.67,15.16,1.0
5470,70.0,10.0,14.0,9.54,9.79,7.12,5.71,11.17,9.67,6.08,7.87,8.83,5.63,10.21,1.0
5471,72.0,7.0,12.0,10.04,10.08,11.87,6.08,9.87,6.5,7.29,9.08,8.5,8.17,14.46,0.0
5472,63.0,11.0,13.0,10.29,9.42,6.67,3.67,11.12,7.79,14.42,7.79,9.21,11.29,16.96,0.0
5473,66.0,5.0,17.0,8.96,7.71,9.08,6.54,11.38,8.25,9.87,7.5,8.83,8.58,13.75,0.0
5474,66.0,1.0,3.0,6.83,9.04,6.0,2.33,7.12,4.67,7.83,3.58,3.46,3.79,7.92,1.0
5475,72.0,1.0,20.0,7.54,10.37,6.38,3.67,8.87,5.83,10.41,4.29,7.92,5.96,12.67,0.0
5476,77.0,12.0,20.0,13.0,16.33,14.29,7.25,13.79,10.21,11.67,9.83,11.38,6.42,11.67,1.0
5477,69.0,10.0,14.0,15.63,16.04,13.46,7.46,13.33,9.0,11.5,13.0,10.37,11.71,22.46,0.0
5478,76.0,5.0,31.0,9.96,11.42,10.41,3.29,9.75,5.09,6.29,6.75,9.25,5.88,11.5,1.0
5479,77.0,8.0,18.0,10.08,4.83,18.0,4.04,5.41,4.25,9.17,3.75,4.96,3.46,7.62,1.0
5480,63.0,6.0,27.0,13.7,12.17,11.79,8.83,13.42,9.75,13.04,13.25,10.92,14.58,14.88,0.0
5481,69.0,9.0,16.0,10.71,9.21,10.54,4.29,11.83,6.29,7.71,10.29,8.67,6.04,11.25,0.0
5482,72.0,2.0,2.0,33.84,26.38,28.16,18.41,24.25,22.5,25.04,20.79,19.92,20.96,24.21,0.0
5483,77.0,1.0,28.0,9.29,11.17,15.96,6.0,9.0,8.29,8.58,8.08,8.87,9.17,8.63,1.0
5484,62.0,7.0,29.0,8.83,8.12,8.96,4.71,7.83,4.58,6.58,7.46,5.54,5.21,9.79,1.0
5485,68.0,12.0,1.0,15.29,14.58,14.0,6.29,12.62,7.96,12.42,10.71,9.67,10.67,12.96,0.0
5486,68.0,4.0,26.0,17.83,14.71,16.83,12.83,19.0,13.88,12.62,11.67,13.83,14.17,18.54,0.0
5487,76.0,12.0,19.0,9.79,3.54,8.54,3.37,6.13,2.58,3.17,2.92,3.42,6.42,2.88,0.0
5488,75.0,1.0,26.0,22.21,14.88,17.88,7.96,11.83,8.12,10.25,11.54,11.29,10.13,18.5,0.0
5489,71.0,6.0,7.0,4.96,3.92,12.08,3.29,5.04,1.83,4.0,4.75,3.25,2.62,9.04,1.0
5490,69.0,4.0,17.0,8.04,5.83,9.75,3.08,6.34,2.25,3.71,3.37,4.5,2.88,5.5,1.0
5491,73.0,1.0,21.0,11.58,8.17,7.62,4.63,7.83,5.71,14.71,5.5,10.13,7.71,11.38,0.0
5492,78.0,4.0,13.0,23.13,17.75,17.0,13.29,16.88,12.54,14.25,15.46,13.21,12.92,17.25,0.0
5493,77.0,10.0,24.0,15.79,11.21,12.67,7.25,9.67,9.46,14.88,11.92,11.63,10.63,19.41,0.0
5494,63.0,3.0,15.0,15.09,9.92,17.79,11.92,14.58,11.83,14.25,10.83,11.79,14.54,13.92,1.0
5495,61.0,3.0,3.0,13.33,15.54,13.67,9.59,11.58,8.71,11.29,12.83,8.92,14.09,23.45,0.0
5496,65.0,1.0,16.0,25.75,27.25,19.55,13.88,25.66,16.29,18.84,17.21,17.54,15.25,27.58,0.0
5497,63.0,7.0,31.0,5.0,8.79,3.5,3.92,9.75,3.42,4.33,9.75,4.46,4.88,7.87,1.0
5498,69.0,7.0,25.0,11.46,15.67,10.63,8.17,13.5,10.67,7.96,10.37,9.71,11.71,22.37,0.0
5499,63.0,6.0,19.0,7.04,7.67,7.33,5.04,8.54,5.17,8.92,7.5,6.5,8.75,11.12,1.0
5500,61.0,9.0,21.0,6.92,7.75,7.79,4.12,7.75,4.25,6.46,7.5,4.38,6.63,13.17,1.0
5501,74.0,7.0,20.0,11.79,6.75,7.25,6.21,10.46,6.83,11.71,10.88,8.33,9.21,12.79,0.0
5502,70.0,5.0,4.0,13.5,11.42,9.71,7.58,13.88,9.17,9.25,9.87,9.38,12.42,14.33,0.0
5503,75.0,4.0,11.0,14.88,7.87,8.08,6.21,9.46,7.41,12.83,8.96,11.63,10.34,12.5,0.0
5504,70.0,6.0,17.0,11.5,5.58,11.75,4.38,10.71,5.66,11.96,8.54,10.79,8.21,11.12,0.0
5505,76.0,3.0,24.0,11.83,12.96,13.13,6.46,11.92,6.46,12.96,10.79,12.87,12.0,15.41,0.0
5506,78.0,1.0,30.0,9.62,8.71,9.59,2.71,7.58,3.54,6.08,6.08,5.33,4.46,10.41,1.0
5507,77.0,5.0,12.0,17.92,14.33,9.17,6.38,12.04,9.46,10.75,7.67,8.42,9.62,14.96,0.0
5508,69.0,2.0,10.0,12.75,6.17,6.79,2.67,11.58,1.54,8.67,5.91,5.41,4.42,12.54,1.0
5509,71.0,10.0,23.0,12.38,12.96,11.29,6.42,8.58,7.92,6.71,6.21,7.12,8.29,15.21,0.0
5510,73.0,7.0,21.0,16.17,10.17,9.21,6.5,10.79,7.29,8.38,8.87,9.0,9.17,14.37,0.0
5511,64.0,11.0,19.0,7.83,8.42,8.67,4.0,7.12,5.66,11.29,8.67,6.13,9.79,16.38,1.0
5512,76.0,10.0,8.0,8.29,6.34,6.29,2.79,5.91,5.29,3.04,4.46,6.04,5.33,8.0,1.0
5513,71.0,1.0,6.0,18.96,21.29,17.21,9.67,16.46,14.0,11.63,14.75,13.62,17.08,23.71,0.0
5514,64.0,10.0,19.0,12.29,12.67,10.46,7.04,10.75,6.13,5.17,8.12,6.13,9.87,19.04,1.0
5515,67.0,11.0,24.0,8.96,11.5,6.58,4.54,9.54,4.75,3.42,8.25,6.17,7.96,15.34,0.0
5516,64.0,1.0,9.0,10.67,9.08,7.96,4.38,7.0,2.75,2.67,5.88,2.25,2.83,14.04,1.0
5517,74.0,3.0,6.0,18.96,19.83,18.63,8.5,13.0,11.34,12.54,9.54,12.79,11.58,12.92,0.0
5518,62.0,8.0,29.0,4.83,3.88,5.29,1.87,1.92,1.92,7.75,4.5,3.75,7.29,10.37,1.0
5519,66.0,11.0,11.0,13.5,11.46,10.75,3.75,9.79,7.62,7.96,11.17,6.63,10.96,18.91,0.0
5520,71.0,7.0,12.0,6.21,11.42,22.04,7.29,9.92,6.04,9.46,7.21,7.87,7.5,10.13,1.0
5521,63.0,10.0,24.0,6.25,9.83,6.71,2.96,8.71,5.25,4.83,7.75,4.33,10.08,15.5,1.0
5522,61.0,3.0,31.0,8.96,8.04,9.13,8.5,10.75,9.54,11.92,9.59,11.25,8.54,11.96,1.0
5523,69.0,11.0,13.0,4.79,3.75,2.21,1.17,5.09,2.71,5.41,3.13,2.42,5.46,7.54,0.0
5524,75.0,2.0,17.0,13.42,13.54,10.92,7.33,13.25,9.54,14.0,12.67,14.0,10.37,20.08,0.0
5525,68.0,6.0,7.0,6.38,10.29,8.17,5.96,8.71,4.46,6.5,4.63,3.5,2.46,9.5,1.0
5526,68.0,10.0,20.0,9.87,11.04,9.46,4.75,9.13,6.87,7.5,12.04,7.46,10.96,23.16,0.0
5527,64.0,11.0,8.0,10.25,10.58,10.08,5.41,9.0,6.5,7.71,6.34,4.83,5.75,8.75,1.0
5528,67.0,4.0,17.0,11.12,7.58,6.38,6.04,8.87,4.42,12.79,4.63,8.46,10.41,8.75,0.0
5529,69.0,1.0,24.0,17.41,17.16,12.96,9.17,11.46,8.42,8.92,12.62,8.63,13.79,22.04,0.0
5530,70.0,7.0,24.0,18.79,11.92,14.71,8.87,16.88,11.42,10.79,8.67,10.58,8.42,13.42,0.0
5531,76.0,2.0,24.0,5.66,8.38,8.75,4.88,7.58,5.21,13.29,14.62,11.38,10.63,21.04,0.0
5532,75.0,11.0,25.0,13.13,15.37,9.83,5.96,12.42,6.17,11.87,8.5,10.41,8.21,15.29,0.0
5533,61.0,3.0,9.0,11.96,13.13,10.17,9.46,14.17,12.67,3.75,9.71,12.46,11.54,17.54,0.0
5534,69.0,12.0,9.0,5.66,5.75,4.63,1.75,6.63,4.92,5.5,6.96,5.0,5.71,15.12,1.0
5535,61.0,1.0,15.0,12.04,9.67,11.75,2.37,7.38,3.13,2.5,6.83,4.75,5.63,7.54,1.0
5536,65.0,8.0,18.0,12.79,11.0,12.58,6.79,12.75,9.5,12.67,11.79,10.0,12.38,16.54,0.0
5537,71.0,1.0,4.0,17.5,18.79,14.88,3.46,13.13,7.25,7.12,8.17,6.67,5.21,11.92,1.0
5538,66.0,3.0,15.0,1.79,2.04,4.17,2.0,3.79,1.5,8.21,0.67,3.63,4.5,7.17,1.0
5539,64.0,10.0,11.0,8.71,7.08,11.42,5.5,4.96,3.63,8.71,3.96,5.96,8.5,7.25,1.0
5540,74.0,11.0,6.0,8.46,4.63,12.17,2.83,5.58,1.13,5.41,2.33,5.17,1.63,1.96,1.0
5541,66.0,3.0,17.0,11.38,8.54,9.5,6.17,10.83,8.87,14.83,10.88,9.83,12.92,14.62,0.0
5542,66.0,11.0,1.0,22.71,21.25,25.75,15.34,18.0,11.92,18.58,15.34,12.75,16.13,27.04,0.0
5543,61.0,7.0,11.0,11.08,11.42,10.37,6.87,9.46,5.63,7.41,8.17,6.5,8.38,10.21,1.0
5544,78.0,6.0,8.0,7.5,7.83,5.75,4.0,7.04,4.46,6.34,6.13,6.04,8.54,11.21,0.0
5545,70.0,8.0,13.0,13.04,8.67,10.79,6.58,10.96,7.12,7.5,7.25,8.58,6.5,12.0,1.0
5546,61.0,2.0,5.0,22.0,16.75,19.7,11.63,14.25,12.04,13.96,15.54,13.37,13.13,19.33,1.0
5547,70.0,9.0,26.0,16.42,17.96,14.96,10.5,16.5,11.34,10.75,13.59,13.75,15.25,25.04,0.0
5548,75.0,1.0,13.0,33.12,25.58,25.88,19.0,21.79,17.5,19.62,20.91,21.0,21.54,28.71,0.0
5549,76.0,2.0,17.0,9.04,11.34,7.79,2.75,9.13,5.75,4.38,8.25,8.21,6.42,14.71,1.0
5550,66.0,5.0,4.0,18.34,14.62,14.79,11.42,18.38,12.92,15.34,15.09,13.54,14.54,19.58,0.0
5551,71.0,8.0,18.0,9.92,7.29,19.92,5.71,7.41,6.21,9.42,4.33,7.46,3.79,9.13,1.0
5552,70.0,9.0,16.0,15.87,18.58,13.88,7.87,12.75,8.79,9.75,10.08,9.21,10.08,19.21,0.0
5553,70.0,6.0,4.0,17.75,13.54,12.92,6.67,12.33,8.79,11.08,10.29,10.04,9.38,9.54,0.0
5554,68.0,7.0,17.0,8.87,4.25,7.96,4.12,4.96,1.67,4.58,4.75,5.0,4.42,7.62,1.0
5555,73.0,7.0,20.0,11.63,9.5,8.75,5.79,12.21,8.71,10.5,7.71,9.62,10.34,15.59,1.0
5556,61.0,8.0,16.0,13.13,7.25,9.17,8.21,13.29,9.04,12.96,10.54,10.54,12.0,11.0,0.0
5557,73.0,11.0,16.0,9.46,8.12,9.04,3.96,6.63,4.04,6.21,4.92,5.58,7.29,9.59,0.0
5558,63.0,5.0,26.0,11.63,8.58,8.12,6.71,9.71,7.38,9.29,9.62,9.17,11.04,12.38,1.0
5559,69.0,10.0,31.0,4.29,6.75,5.0,3.5,9.71,5.79,8.25,7.33,7.08,10.67,15.63,0.0
5560,73.0,10.0,25.0,5.63,8.75,5.83,2.21,6.13,3.13,1.79,5.29,3.42,5.75,13.33,1.0
5561,67.0,8.0,20.0,8.67,3.08,9.46,2.42,6.08,2.46,3.37,2.5,1.92,1.13,4.38,1.0
5562,72.0,9.0,7.0,10.46,7.87,7.83,4.46,7.67,5.09,10.0,4.63,8.96,5.25,9.5,1.0
5563,70.0,12.0,19.0,16.08,12.79,15.12,7.83,12.54,10.46,12.75,9.13,10.83,11.67,12.42,1.0
5564,62.0,8.0,2.0,7.46,8.75,6.0,4.71,10.29,6.75,8.38,7.83,6.79,7.38,10.83,1.0
5565,76.0,9.0,25.0,10.92,12.58,5.88,3.67,8.42,6.42,10.13,7.17,10.34,9.92,15.34,0.0
5566,74.0,1.0,17.0,20.96,20.79,17.37,9.96,21.96,14.09,19.0,14.96,18.16,14.37,26.16,0.0
5567,65.0,10.0,9.0,13.5,7.41,15.12,5.58,8.5,7.38,11.79,8.71,11.71,9.17,12.08,1.0
5568,78.0,11.0,11.0,12.21,12.5,9.71,5.29,8.63,7.67,4.12,7.92,7.92,9.21,17.0,0.0
5569,61.0,8.0,17.0,13.62,8.17,9.71,7.0,14.25,8.83,10.21,10.5,10.79,11.25,15.5,1.0
5570,77.0,10.0,22.0,18.25,11.5,15.16,6.13,9.25,7.33,10.58,9.71,9.75,10.37,14.54,0.0
5571,75.0,2.0,1.0,12.5,17.46,12.12,5.83,11.12,6.29,9.62,13.92,10.67,9.75,22.95,0.0
5572,77.0,5.0,25.0,11.04,6.42,21.25,5.66,6.83,9.71,11.5,4.96,8.79,6.5,8.5,1.0
5573,65.0,1.0,30.0,18.88,21.25,27.12,8.92,13.83,8.17,15.09,9.96,9.13,8.08,9.79,0.0
5574,64.0,12.0,16.0,15.09,15.92,8.96,6.5,11.25,8.08,9.87,12.67,9.29,13.79,24.41,0.0
5575,70.0,12.0,26.0,16.83,10.0,21.62,7.83,10.96,4.04,13.33,8.25,9.38,7.38,9.13,0.0
5576,62.0,7.0,15.0,4.17,4.08,16.54,3.75,3.25,3.79,5.79,3.58,4.5,5.04,7.79,1.0
5577,69.0,4.0,5.0,11.21,3.79,16.92,5.91,7.29,4.88,7.87,5.33,7.83,5.25,7.5,1.0
5578,74.0,9.0,28.0,15.92,16.71,10.92,5.83,11.21,6.46,8.38,9.79,7.17,6.46,17.08,1.0
5579,78.0,3.0,16.0,13.13,14.29,8.08,5.09,8.92,6.29,9.13,8.04,7.29,7.33,11.79,0.0
5580,61.0,8.0,6.0,8.38,6.71,8.42,5.83,10.04,6.75,7.87,7.12,6.46,8.0,7.92,1.0
5581,65.0,8.0,7.0,7.62,4.08,6.71,4.29,9.38,4.79,8.63,6.38,7.96,9.75,8.54,1.0
5582,65.0,3.0,29.0,12.08,14.58,3.75,6.0,10.13,9.13,5.71,7.92,6.54,7.12,13.29,1.0
5583,78.0,7.0,17.0,6.38,6.25,7.17,3.29,4.21,3.58,1.83,4.71,3.04,3.88,5.63,1.0
5584,71.0,9.0,8.0,11.04,8.04,8.67,4.5,10.63,6.58,5.46,6.42,7.58,7.71,6.67,1.0
5585,68.0,3.0,19.0,23.83,19.79,20.5,10.54,18.91,12.62,18.66,12.67,13.59,15.16,23.42,0.0
5586,73.0,12.0,11.0,10.0,11.25,8.04,4.38,8.17,5.25,10.88,6.17,8.79,8.12,13.0,0.0
5587,75.0,9.0,5.0,7.08,6.34,7.5,3.88,6.5,3.13,7.04,4.92,6.83,3.83,10.5,1.0
5588,71.0,10.0,12.0,8.25,7.67,14.71,3.79,6.96,4.5,7.33,5.09,6.58,5.88,10.96,0.0
5589,78.0,9.0,11.0,19.38,11.75,14.09,12.17,18.05,15.75,18.5,16.0,15.21,15.75,21.42,0.0
5590,69.0,5.0,12.0,8.42,10.88,6.83,5.0,9.0,5.25,5.66,6.58,5.29,5.46,7.75,1.0
5591,61.0,6.0,3.0,7.5,8.29,6.83,5.88,12.87,7.08,10.41,7.87,10.46,10.34,13.88,1.0
5592,61.0,11.0,29.0,15.67,15.67,13.0,9.71,15.29,10.79,15.29,11.5,11.25,13.0,19.04,0.0
5593,77.0,9.0,21.0,6.46,2.71,8.21,2.42,4.29,2.83,5.13,0.29,1.67,0.29,4.33,1.0
5594,67.0,12.0,14.0,3.29,6.67,2.83,2.29,7.17,4.54,9.21,9.13,6.71,8.46,17.92,0.0
5595,63.0,5.0,5.0,12.42,12.25,9.71,10.37,14.75,12.0,14.96,12.5,12.67,12.67,16.38,0.0
5596,72.0,1.0,26.0,22.71,19.12,15.71,10.21,17.62,9.87,12.87,8.75,12.71,8.71,17.54,0.0
5597,78.0,8.0,17.0,8.0,12.92,7.71,3.79,9.17,6.96,4.79,7.58,8.46,5.46,17.58,1.0
5598,68.0,9.0,2.0,5.17,3.46,5.29,3.25,5.58,2.29,6.42,2.46,4.0,4.63,5.5,1.0
5599,77.0,5.0,3.0,12.79,7.38,11.58,6.21,7.29,7.21,11.04,6.75,8.29,9.96,10.37,0.0
5600,66.0,3.0,12.0,13.46,8.38,10.58,9.92,11.38,7.87,11.25,7.0,9.0,11.92,11.79,0.0
5601,63.0,6.0,25.0,9.83,9.25,8.96,6.42,14.5,8.63,8.17,10.79,8.17,8.54,13.37,1.0
5602,64.0,2.0,13.0,26.2,16.08,24.54,14.5,22.13,17.33,20.3,18.58,13.17,17.88,19.25,0.0
5603,77.0,7.0,19.0,14.04,12.71,11.0,7.92,15.59,12.04,17.5,11.63,12.46,10.67,17.92,0.0
5604,77.0,11.0,29.0,9.0,6.75,5.21,0.71,2.08,0.96,1.87,1.38,0.0,0.04,6.13,1.0
5605,76.0,3.0,16.0,8.21,9.54,9.33,3.83,9.21,3.88,10.79,7.41,10.54,8.25,11.63,0.0
5606,76.0,4.0,2.0,17.88,12.17,13.08,7.79,10.67,5.41,10.79,7.87,9.17,9.67,16.17,0.0
5607,71.0,8.0,17.0,11.29,3.17,17.37,3.21,6.21,3.42,4.21,3.88,3.79,1.67,6.75,1.0
5608,75.0,1.0,20.0,20.5,22.29,12.62,9.33,19.29,11.5,16.79,16.33,16.0,15.79,29.88,0.0
5609,63.0,8.0,31.0,13.21,20.0,17.12,7.83,13.04,8.54,9.59,12.5,8.79,10.96,17.29,0.0
5610,74.0,12.0,16.0,21.21,22.25,15.09,12.75,23.13,13.33,20.79,21.09,17.92,16.75,25.12,0.0
5611,75.0,1.0,10.0,21.96,17.46,17.75,10.21,13.25,8.54,11.83,12.46,13.37,12.12,22.92,0.0
5612,65.0,4.0,29.0,13.17,12.42,6.92,5.25,11.96,6.92,6.92,9.59,6.96,8.79,10.54,0.0
5613,64.0,5.0,28.0,10.88,12.75,14.58,10.75,12.96,12.62,10.54,12.92,10.96,12.62,11.92,1.0
5614,72.0,6.0,22.0,15.75,12.75,11.21,10.5,15.83,12.04,15.29,15.21,15.54,15.04,18.63,0.0
5615,71.0,4.0,9.0,9.75,6.42,19.7,6.5,7.92,4.58,5.17,4.25,6.83,3.63,6.58,1.0
5616,74.0,11.0,11.0,14.58,19.21,10.58,8.0,14.5,9.62,20.21,13.0,14.0,13.29,20.08,0.0
5617,73.0,8.0,22.0,7.17,8.38,9.29,5.21,7.25,5.09,5.91,4.12,4.96,5.13,9.21,1.0
5618,70.0,12.0,20.0,9.33,4.75,10.25,2.42,3.88,1.67,6.13,1.75,4.54,4.5,7.58,0.0
5619,74.0,7.0,12.0,9.13,7.0,8.33,4.88,9.83,6.08,8.5,8.54,5.96,8.67,10.83,0.0
5620,76.0,2.0,16.0,11.67,9.83,10.88,3.33,6.75,2.75,8.5,5.54,6.42,5.41,8.54,1.0
5621,70.0,11.0,28.0,15.83,10.13,15.09,9.42,10.92,9.33,9.96,6.0,11.29,9.59,7.17,1.0
5622,62.0,11.0,6.0,12.17,8.08,12.46,6.17,7.92,6.79,8.29,8.71,6.75,8.25,9.67,1.0
5623,71.0,6.0,18.0,19.12,17.21,12.5,7.0,16.17,8.63,7.96,9.29,10.08,4.04,13.92,1.0
5624,78.0,7.0,12.0,6.67,2.17,3.63,0.75,3.58,1.13,1.63,1.33,1.5,1.5,4.17,1.0
5625,71.0,11.0,8.0,23.96,18.25,16.71,10.83,15.16,10.08,15.12,11.25,15.5,15.12,24.3,0.0
5626,72.0,2.0,29.0,16.13,15.12,12.46,7.46,14.67,9.62,8.58,10.92,10.37,12.71,22.83,0.0
5627,75.0,7.0,30.0,7.25,9.25,11.96,2.62,6.58,3.54,3.75,5.83,6.96,5.17,7.38,1.0
5628,63.0,9.0,14.0,5.58,2.75,4.92,2.21,6.63,4.92,9.33,7.17,6.34,7.96,15.59,0.0
5629,71.0,6.0,5.0,7.17,4.38,20.83,5.58,8.29,5.58,7.75,7.67,6.46,5.09,11.75,1.0
5630,67.0,9.0,25.0,16.92,13.67,15.21,9.75,11.58,9.46,11.75,10.83,10.29,12.58,15.21,0.0
5631,67.0,11.0,30.0,10.37,5.63,6.29,5.66,10.58,5.21,11.29,9.79,8.5,5.75,12.83,0.0
5632,63.0,2.0,16.0,12.38,7.71,13.88,7.71,14.21,7.58,13.54,14.29,11.63,12.38,15.5,0.0
5633,65.0,5.0,28.0,7.5,9.17,19.12,6.71,8.38,5.63,9.13,9.25,4.25,7.5,16.04,1.0
5634,69.0,4.0,11.0,22.88,20.62,18.12,12.12,22.88,12.25,17.62,15.12,17.83,11.71,22.5,0.0
5635,64.0,7.0,31.0,11.83,8.75,10.21,8.92,17.54,11.79,13.79,12.29,13.17,13.37,16.75,0.0
5636,63.0,1.0,31.0,12.83,8.67,21.96,9.87,7.79,6.79,11.83,7.75,6.08,9.17,8.87,0.0
5637,62.0,12.0,28.0,12.67,10.71,17.75,6.83,7.75,4.42,7.79,4.92,5.71,2.96,3.83,1.0
5638,65.0,3.0,2.0,8.25,8.5,10.54,3.88,7.83,4.5,8.79,7.75,4.63,7.75,16.79,0.0
5639,62.0,3.0,9.0,8.54,7.17,11.08,3.83,7.96,4.96,9.0,6.58,4.08,4.42,5.83,1.0
5640,74.0,11.0,19.0,11.92,14.37,7.29,2.17,9.17,2.75,4.71,5.75,3.42,3.42,5.54,1.0
5641,74.0,9.0,30.0,5.09,3.33,7.08,1.58,1.79,1.5,7.46,4.54,3.63,4.83,7.5,1.0
5642,66.0,8.0,18.0,4.75,4.08,3.58,2.42,3.21,0.37,3.08,1.58,0.96,1.29,9.96,1.0
5643,65.0,9.0,25.0,9.54,7.29,5.75,4.5,8.67,5.41,4.29,9.38,3.58,5.63,12.62,1.0
5644,76.0,2.0,22.0,18.16,18.84,15.46,10.83,13.88,11.71,12.08,14.67,15.92,16.92,22.71,0.0
5645,72.0,11.0,29.0,18.21,17.58,17.83,9.96,11.71,11.34,16.96,12.04,12.33,11.67,18.88,0.0
5646,62.0,10.0,12.0,11.67,6.08,11.67,3.13,6.29,2.13,4.96,4.12,4.08,5.96,5.0,1.0
5647,73.0,9.0,27.0,16.62,18.91,14.54,9.21,18.34,11.04,14.75,13.96,13.0,13.67,19.08,0.0
5648,78.0,6.0,9.0,13.46,9.59,9.67,6.29,10.08,8.17,9.5,8.38,9.42,10.83,13.13,0.0
5649,68.0,8.0,6.0,6.42,4.92,18.54,5.33,6.75,4.75,7.04,2.33,5.13,3.21,8.63,1.0
5650,66.0,5.0,16.0,10.37,14.25,10.29,6.42,12.0,8.33,6.75,9.62,7.08,10.21,21.12,0.0
5651,74.0,8.0,22.0,7.96,11.58,7.04,3.17,6.87,3.79,4.92,6.13,5.96,4.83,10.88,1.0
5652,65.0,3.0,3.0,17.67,12.92,15.5,8.08,14.79,8.42,14.83,10.13,9.54,14.17,13.08,0.0
5653,72.0,11.0,21.0,14.96,16.88,13.5,9.33,11.5,8.54,18.91,12.33,14.46,9.87,16.71,1.0
5654,68.0,12.0,31.0,9.13,2.13,7.38,2.5,4.04,0.5,6.83,2.54,3.54,5.5,5.71,1.0
5655,68.0,9.0,27.0,25.41,23.45,20.54,14.0,21.21,14.54,16.92,17.12,14.58,17.5,27.58,0.0
5656,73.0,10.0,3.0,10.92,6.13,19.87,6.38,8.0,6.21,7.17,5.83,6.5,4.08,8.63,1.0
5657,68.0,10.0,2.0,14.83,14.75,15.75,7.25,10.79,7.62,14.0,10.71,10.79,9.0,13.29,0.0
5658,78.0,11.0,13.0,18.79,17.96,14.62,7.21,12.29,10.29,16.5,12.5,13.42,14.54,23.79,0.0
5659,69.0,12.0,6.0,17.46,14.62,13.17,8.0,10.25,8.42,11.04,8.92,10.13,7.41,14.09,0.0
5660,69.0,5.0,26.0,8.92,10.13,8.12,4.29,6.0,4.08,5.17,2.88,2.42,3.79,6.38,1.0
5661,63.0,7.0,28.0,5.75,8.38,2.83,4.12,9.96,5.0,5.91,7.83,5.66,7.67,12.38,1.0
5662,68.0,4.0,22.0,16.92,13.62,13.62,12.17,16.08,12.83,7.96,11.87,10.54,12.21,15.54,1.0
5663,64.0,11.0,24.0,14.79,12.71,15.54,9.83,16.58,13.46,18.16,12.83,15.0,16.25,20.21,0.0
5664,73.0,3.0,2.0,18.25,19.08,15.16,9.13,15.25,11.38,14.83,17.79,13.0,15.59,22.5,0.0
5665,75.0,5.0,9.0,16.66,15.41,13.67,7.0,14.09,8.08,7.41,12.96,11.25,13.17,13.92,0.0
5666,75.0,10.0,24.0,17.5,17.25,15.29,9.0,13.46,8.79,8.04,12.46,13.0,12.46,24.58,0.0
5667,74.0,1.0,4.0,26.08,17.71,24.58,15.71,15.92,14.21,14.04,13.96,17.88,19.58,20.67,0.0
5668,76.0,4.0,4.0,10.67,9.5,8.5,5.46,10.63,5.66,12.21,8.92,12.08,10.58,14.79,0.0
5669,64.0,1.0,18.0,16.42,16.96,18.63,10.71,15.46,12.54,15.29,13.59,11.29,12.62,20.12,0.0
5670,76.0,11.0,18.0,9.79,6.87,10.5,3.79,2.71,5.66,7.5,4.5,6.17,4.04,7.38,1.0
5671,68.0,12.0,9.0,7.96,12.12,13.04,4.63,9.5,6.5,10.63,9.29,9.62,13.25,13.33,0.0
5672,61.0,12.0,26.0,20.54,16.04,20.91,8.33,11.21,7.08,17.12,12.75,9.04,10.83,13.21,1.0
5673,73.0,1.0,23.0,10.34,12.25,8.92,3.33,9.42,7.96,12.87,11.25,9.33,8.08,17.29,1.0
5674,67.0,5.0,20.0,22.08,18.38,19.46,11.67,21.87,13.67,18.58,14.83,16.54,17.41,21.75,0.0
5675,74.0,1.0,17.0,20.96,20.79,17.37,9.96,21.96,14.09,19.0,14.96,18.16,14.37,26.16,0.0
5676,78.0,3.0,30.0,14.75,13.75,12.96,8.08,14.83,9.75,11.46,11.34,11.58,9.0,12.17,0.0
5677,70.0,10.0,8.0,9.0,5.71,9.79,3.0,4.29,2.46,4.42,3.29,4.54,5.25,9.08,1.0
5678,67.0,12.0,6.0,18.25,14.88,13.67,10.79,14.09,7.21,12.25,10.41,10.25,7.29,18.46,0.0
5679,64.0,12.0,24.0,15.5,10.5,13.75,7.67,7.12,3.58,10.17,7.87,6.87,9.17,16.33,0.0
5680,66.0,11.0,12.0,14.58,8.21,12.12,5.17,6.67,6.96,11.17,8.38,6.87,10.17,8.54,1.0
5681,62.0,7.0,4.0,15.96,10.25,9.21,7.29,11.71,7.62,10.08,10.71,8.71,12.46,13.59,0.0
5682,61.0,4.0,2.0,7.62,4.25,5.09,3.67,4.67,6.25,5.25,4.96,6.83,7.0,10.71,1.0
5683,65.0,3.0,24.0,13.37,15.0,11.17,8.33,16.17,9.46,14.04,13.67,10.88,12.58,16.08,1.0
5684,63.0,8.0,25.0,15.41,14.09,15.83,7.71,14.67,9.59,9.0,15.71,10.41,14.37,22.88,1.0
5685,78.0,11.0,29.0,14.46,10.0,10.17,3.33,9.59,8.83,4.38,5.75,10.41,9.13,13.13,0.0
5686,70.0,12.0,13.0,6.0,6.63,9.62,3.46,6.25,2.92,6.79,2.62,4.92,1.96,6.71,1.0
5687,76.0,11.0,25.0,17.46,15.25,12.17,5.83,9.17,11.0,13.04,12.42,11.71,13.83,22.54,0.0
5688,74.0,11.0,15.0,7.71,4.21,8.38,3.21,7.08,4.38,10.63,7.33,9.04,8.58,11.67,0.0
5689,66.0,4.0,30.0,10.34,14.25,7.21,8.54,13.7,8.87,4.75,10.5,8.21,10.58,17.88,0.0
5690,73.0,1.0,16.0,7.38,4.17,4.42,1.75,4.63,3.33,7.92,2.21,4.42,3.75,7.0,1.0
5691,77.0,9.0,14.0,3.21,3.54,4.92,1.63,2.29,3.04,8.58,1.63,4.75,5.21,9.29,0.0
5692,75.0,8.0,7.0,8.92,10.58,6.46,5.09,10.34,6.42,4.83,9.46,9.71,8.54,20.08,1.0
5693,77.0,11.0,1.0,16.71,11.54,12.17,4.17,8.54,7.17,11.12,6.46,8.25,6.21,11.04,0.0
5694,62.0,5.0,25.0,9.59,10.79,17.67,6.83,9.79,6.34,8.0,10.25,7.38,11.08,12.92,0.0
5695,65.0,7.0,24.0,7.54,7.21,7.38,5.0,8.58,5.29,10.96,6.63,7.21,7.75,9.71,1.0
5696,74.0,6.0,20.0,12.29,12.96,7.87,5.66,11.46,7.87,7.38,10.67,8.54,7.46,13.0,1.0
5697,73.0,3.0,31.0,14.92,16.04,13.37,10.0,16.66,12.87,18.88,14.04,17.75,15.79,23.87,0.0
5698,74.0,4.0,15.0,6.75,4.0,7.38,1.87,4.71,0.58,1.83,5.09,3.79,2.08,5.66,1.0
5699,69.0,7.0,21.0,10.63,12.62,13.21,5.91,8.42,8.5,8.0,11.67,9.13,10.34,19.62,0.0
5700,72.0,9.0,15.0,5.33,2.67,5.37,1.54,1.92,1.42,4.54,1.96,2.33,0.79,3.79,1.0
5701,68.0,5.0,6.0,25.8,17.67,19.46,14.29,18.29,13.13,15.96,13.46,14.0,16.08,19.67,0.0
5702,78.0,9.0,25.0,9.79,11.0,8.25,5.13,11.67,7.54,12.75,9.79,10.46,11.0,20.25,0.0
5703,65.0,11.0,3.0,15.54,14.67,14.25,8.08,8.87,7.41,11.42,7.33,9.13,10.83,17.79,0.0
5704,63.0,10.0,13.0,13.88,7.92,10.54,7.41,9.79,8.42,14.21,7.08,11.25,11.5,13.37,0.0
5705,69.0,5.0,4.0,5.25,6.42,6.25,2.58,3.71,0.33,4.08,1.33,2.88,2.71,3.29,1.0
5706,78.0,12.0,5.0,22.75,20.17,18.58,8.5,15.96,14.29,13.92,12.92,12.96,12.29,17.08,0.0
5707,61.0,1.0,23.0,16.54,9.96,18.54,10.46,13.5,12.67,13.7,13.75,10.75,13.17,14.79,0.0
5708,73.0,7.0,29.0,4.46,4.88,8.54,2.42,6.29,2.21,2.25,1.96,2.75,2.0,5.37,1.0
5709,61.0,8.0,20.0,13.75,13.62,14.04,7.0,13.88,10.25,12.58,9.92,10.88,10.79,17.29,0.0
5710,72.0,7.0,25.0,4.17,3.63,3.88,3.58,4.63,0.54,4.21,2.67,3.63,1.5,12.87,1.0
5711,68.0,2.0,13.0,17.46,11.79,12.5,7.0,11.0,6.38,9.92,10.21,8.46,6.79,12.79,0.0
5712,64.0,10.0,22.0,14.0,11.96,8.17,6.75,13.25,9.0,12.0,9.5,11.21,12.29,20.58,0.0
5713,71.0,7.0,25.0,8.63,5.88,9.59,6.0,7.29,4.5,8.71,1.83,5.88,3.92,9.42,1.0
5714,62.0,1.0,17.0,20.54,14.79,19.46,12.83,18.41,13.88,22.79,12.75,15.63,19.38,18.66,0.0
5715,75.0,1.0,12.0,18.79,21.09,17.46,10.96,17.29,10.71,15.79,14.96,16.17,15.09,27.33,0.0
5716,68.0,5.0,2.0,9.79,6.34,6.17,2.29,8.21,1.46,3.17,5.79,1.17,3.13,13.29,1.0
5717,71.0,2.0,21.0,9.75,5.83,9.54,5.41,8.87,5.13,12.08,5.04,11.08,9.5,10.34,0.0
5718,76.0,7.0,24.0,10.08,8.67,7.96,4.17,6.42,4.25,6.58,3.42,7.33,6.17,8.92,1.0
5719,62.0,10.0,4.0,21.5,16.75,18.88,12.54,17.41,13.92,11.54,15.5,13.79,16.0,25.84,0.0
5720,66.0,1.0,26.0,18.84,15.71,15.96,11.58,16.46,11.96,19.08,10.79,9.46,14.88,10.96,0.0
5721,78.0,7.0,26.0,13.13,13.7,12.21,5.46,9.46,7.79,7.04,9.33,8.42,5.46,14.29,1.0
5722,62.0,11.0,4.0,13.75,7.29,15.67,7.41,11.54,8.67,10.92,8.29,9.96,12.96,11.58,0.0
5723,76.0,2.0,21.0,12.62,13.79,12.83,7.25,9.59,5.09,10.17,7.0,10.63,8.87,11.04,1.0
5724,76.0,8.0,1.0,13.0,8.38,8.63,5.83,12.92,8.25,13.0,9.42,10.58,11.34,14.21,0.0
5725,62.0,7.0,10.0,6.96,5.46,8.92,5.17,8.58,5.37,7.5,10.63,8.58,10.37,9.5,0.0
5726,73.0,6.0,2.0,14.92,13.79,14.5,6.5,13.92,8.46,8.58,8.17,10.25,7.25,11.87,1.0
5727,75.0,7.0,21.0,12.58,13.17,13.08,5.71,15.59,9.08,13.79,12.75,13.25,11.71,20.83,0.0
5728,77.0,1.0,8.0,8.54,6.46,8.25,4.42,8.04,6.08,11.38,6.5,9.67,8.08,13.0,0.0
5729,63.0,12.0,7.0,10.13,8.63,11.42,3.29,7.08,3.96,8.92,4.67,3.04,5.5,7.33,1.0
5730,63.0,11.0,10.0,32.96,22.25,26.67,20.46,23.75,16.83,19.83,21.29,16.71,17.25,24.13,0.0
5731,71.0,5.0,15.0,20.91,12.0,13.75,9.04,11.96,8.63,11.12,9.25,12.33,11.87,16.54,0.0
5732,78.0,10.0,4.0,8.21,7.67,8.75,3.13,9.25,7.04,11.29,8.0,9.75,8.12,16.25,0.0
5733,67.0,12.0,28.0,19.25,14.29,13.17,9.46,15.16,7.87,16.25,12.71,15.09,15.34,22.88,0.0
5734,72.0,4.0,24.0,10.13,6.75,22.08,6.0,8.42,6.79,11.34,5.58,7.92,5.33,9.83,1.0
5735,65.0,2.0,10.0,8.75,2.21,6.04,3.46,7.67,2.21,7.29,5.09,5.33,6.04,5.33,1.0
5736,67.0,12.0,1.0,5.21,1.46,6.46,1.83,3.83,0.87,5.88,1.87,2.33,2.75,6.79,1.0
5737,64.0,8.0,31.0,14.12,14.09,11.54,5.21,12.87,8.54,7.21,8.96,6.96,8.75,9.17,1.0
5738,70.0,2.0,12.0,17.46,10.29,21.71,5.5,8.79,6.17,10.13,6.38,7.54,7.17,6.58,0.0
5739,66.0,1.0,2.0,18.71,19.5,12.67,10.08,16.29,9.79,17.46,10.83,13.88,12.38,15.63,0.0
5740,76.0,12.0,26.0,8.21,6.34,9.08,1.38,0.75,0.79,6.5,1.21,2.08,3.21,0.67,1.0
5741,68.0,6.0,17.0,6.75,8.54,8.38,3.29,6.34,2.17,5.13,7.54,1.83,4.5,16.29,1.0
5742,67.0,7.0,26.0,12.46,11.42,14.0,7.96,13.33,9.54,10.71,15.41,10.96,14.54,18.05,0.0
5743,78.0,10.0,27.0,2.04,5.37,5.09,0.33,1.67,3.0,1.83,5.66,2.08,5.17,13.08,1.0
5744,74.0,9.0,7.0,29.54,20.54,23.21,13.7,21.71,13.83,16.21,12.62,14.54,11.29,15.04,0.0
5745,65.0,6.0,11.0,11.71,9.83,11.5,7.08,7.92,5.83,6.29,6.54,7.04,7.92,8.92,1.0
5746,68.0,3.0,17.0,25.25,28.46,17.21,19.5,29.54,19.75,24.5,28.21,22.67,21.79,34.92,0.0
5747,74.0,6.0,12.0,4.79,2.88,4.46,1.67,4.25,0.87,3.42,2.88,2.83,1.29,7.41,1.0
5748,74.0,1.0,11.0,28.62,26.3,22.21,15.87,23.13,16.04,20.25,19.92,19.0,19.83,30.21,0.0
5749,61.0,3.0,28.0,8.46,10.63,12.04,5.09,7.83,6.79,10.88,10.92,9.54,10.63,18.16,0.0
5750,71.0,5.0,5.0,16.21,19.46,12.38,7.83,16.5,13.13,7.21,12.38,11.96,10.46,14.33,0.0
5751,63.0,10.0,27.0,20.41,18.79,15.29,12.12,21.54,13.33,15.37,15.59,10.79,11.17,19.41,1.0
5752,69.0,11.0,29.0,13.92,8.46,17.0,4.88,5.91,4.75,9.5,4.5,6.58,6.21,14.29,0.0
5753,65.0,8.0,24.0,16.96,15.21,12.12,7.71,16.96,10.75,16.42,12.38,12.67,13.5,17.25,0.0
5754,67.0,9.0,26.0,21.04,15.92,14.88,9.87,15.25,10.21,9.54,14.62,10.25,9.79,20.71,0.0
5755,61.0,1.0,3.0,18.5,16.88,12.33,10.13,11.17,6.17,11.25,8.04,8.5,7.67,12.75,1.0
5756,71.0,5.0,8.0,15.41,12.67,13.08,9.13,11.34,9.71,7.87,10.0,11.29,12.46,16.58,1.0
5757,69.0,4.0,30.0,4.58,3.08,4.29,3.83,5.5,0.33,3.33,3.33,3.04,4.63,5.13,1.0
5758,75.0,4.0,2.0,17.5,15.12,16.75,8.87,12.87,8.25,10.75,12.17,11.34,10.88,17.41,0.0
5759,66.0,10.0,21.0,8.75,5.88,6.5,3.79,7.75,5.58,9.67,5.33,7.29,7.29,12.96,0.0
5760,75.0,8.0,22.0,12.12,8.25,10.0,7.0,9.13,5.66,9.42,7.08,8.46,7.87,9.13,0.0
5761,72.0,10.0,11.0,8.71,9.08,12.62,4.96,6.63,5.09,11.25,7.67,7.79,5.58,13.5,1.0
5762,74.0,10.0,24.0,8.04,8.33,6.17,3.21,8.5,4.25,10.79,6.42,8.08,6.08,12.5,0.0
5763,73.0,1.0,15.0,14.33,19.62,11.71,10.88,17.33,14.0,22.04,16.54,15.83,18.96,25.37,0.0
5764,67.0,6.0,21.0,13.04,12.62,13.25,8.67,14.67,8.67,11.34,10.63,9.46,10.41,14.67,0.0
5765,74.0,8.0,7.0,10.67,11.96,11.87,6.67,10.63,8.29,7.12,10.58,11.38,7.12,12.12,0.0
5766,61.0,6.0,12.0,9.25,7.08,13.46,5.17,5.66,3.63,9.17,2.88,6.5,6.83,7.29,1.0
5767,76.0,5.0,3.0,17.83,13.75,11.75,10.08,16.46,9.96,14.96,10.96,13.88,13.25,17.92,0.0
5768,74.0,3.0,29.0,3.37,5.75,6.54,1.87,3.5,1.29,2.33,4.79,2.37,4.71,9.62,1.0
5769,62.0,5.0,15.0,13.42,9.75,11.63,7.0,12.87,7.5,9.83,10.25,8.5,9.25,13.92,1.0
5770,65.0,5.0,9.0,10.79,8.92,11.87,10.08,13.29,11.08,15.25,11.71,12.38,15.41,13.59,0.0
5771,74.0,9.0,24.0,15.96,16.04,11.58,7.54,11.29,7.58,10.25,9.17,8.83,8.33,14.5,0.0
5772,73.0,12.0,12.0,16.38,17.62,12.67,11.67,18.0,11.58,18.88,17.5,15.25,16.17,23.0,0.0
5773,75.0,8.0,29.0,12.87,9.42,14.5,5.75,7.04,4.46,8.29,8.46,7.83,7.58,11.5,0.0
5774,75.0,1.0,29.0,17.62,18.38,10.54,4.5,10.46,7.0,7.87,10.92,9.67,6.34,16.04,0.0
5775,72.0,11.0,6.0,7.12,10.13,12.92,3.0,4.88,6.08,8.46,10.75,9.25,8.42,14.79,0.0
5776,68.0,7.0,24.0,5.66,3.37,6.63,4.38,4.92,2.0,2.42,1.92,1.79,3.75,6.34,1.0
5777,64.0,4.0,13.0,14.88,15.79,13.13,11.12,18.71,10.25,15.96,14.0,11.46,15.04,20.5,0.0
5778,64.0,11.0,14.0,22.0,20.58,18.21,13.59,22.92,16.54,24.08,19.38,17.04,20.96,30.88,0.0
5779,77.0,3.0,21.0,14.54,11.08,28.25,9.75,10.46,8.58,18.21,7.38,10.79,7.71,9.79,1.0
5780,68.0,6.0,14.0,5.79,4.83,16.88,6.5,7.04,2.04,5.33,6.63,2.46,2.13,11.58,1.0
5781,74.0,6.0,22.0,20.12,19.41,14.04,7.08,13.75,9.79,11.54,16.25,11.54,9.42,13.59,0.0
5782,72.0,3.0,3.0,26.3,22.29,19.04,14.17,21.96,15.71,18.12,15.79,17.96,19.04,23.33,0.0
5783,77.0,5.0,8.0,8.79,8.38,8.54,5.79,7.12,7.17,8.87,5.37,6.42,5.75,7.71,1.0
5784,71.0,9.0,2.0,12.75,9.54,13.88,5.58,11.75,8.92,12.04,9.33,9.92,8.5,14.79,0.0
5785,77.0,5.0,17.0,6.87,4.63,16.33,3.37,2.96,4.79,5.09,3.37,4.71,3.58,4.63,1.0
5786,64.0,3.0,30.0,15.04,15.25,8.25,5.21,16.5,10.08,7.71,12.83,7.08,9.62,16.21,1.0
5787,70.0,12.0,4.0,12.67,14.58,10.46,4.12,15.75,10.46,12.5,11.29,12.54,13.29,22.83,0.0
5788,61.0,12.0,28.0,5.04,3.08,2.13,0.42,3.67,2.42,8.96,4.17,3.33,7.41,9.96,1.0
5789,76.0,7.0,31.0,11.63,8.29,8.29,4.29,8.38,5.33,7.71,5.91,7.17,7.96,11.17,1.0
5790,77.0,6.0,9.0,7.41,8.5,12.83,3.0,6.67,3.75,7.58,4.29,5.88,3.79,12.33,1.0
5791,69.0,12.0,3.0,19.58,16.96,12.67,9.83,12.67,8.21,12.21,9.42,12.79,8.92,13.92,0.0
5792,73.0,11.0,18.0,13.59,9.83,15.04,7.12,10.75,7.5,10.04,11.25,12.33,13.75,16.71,0.0
5793,77.0,7.0,28.0,10.63,7.0,11.42,4.63,6.96,6.25,9.21,5.75,6.96,7.58,9.0,1.0
5794,64.0,4.0,29.0,14.37,14.96,11.12,9.71,17.04,12.0,15.09,14.62,11.87,14.67,17.67,0.0
5795,62.0,5.0,24.0,10.13,9.33,7.21,7.08,9.29,6.21,11.67,10.21,8.75,12.83,11.04,0.0
5796,73.0,9.0,1.0,12.96,11.0,11.63,7.38,13.46,9.17,11.96,9.83,12.54,10.67,18.91,0.0
5797,75.0,12.0,12.0,20.0,16.75,18.08,9.67,10.0,6.38,11.63,7.62,9.83,8.54,19.0,0.0
5798,64.0,9.0,28.0,3.21,7.58,7.0,3.33,7.58,5.13,6.87,9.04,4.67,8.12,15.83,1.0
5799,64.0,5.0,1.0,10.96,10.71,10.5,6.67,10.41,6.54,11.08,9.87,6.92,11.34,13.46,0.0
5800,67.0,5.0,25.0,6.08,8.08,8.08,5.41,12.46,7.0,8.83,11.0,7.04,7.92,13.0,1.0
5801,61.0,9.0,22.0,9.0,13.62,6.46,5.41,12.92,7.75,4.12,11.63,6.08,7.67,20.96,1.0
5802,67.0,7.0,8.0,16.13,12.71,11.04,9.29,16.17,10.54,12.58,14.09,11.21,10.92,16.33,0.0
5803,78.0,3.0,15.0,15.63,16.17,12.0,9.62,16.33,10.04,16.08,10.5,12.83,8.83,16.33,0.0
5804,63.0,10.0,7.0,13.08,10.88,9.46,5.41,10.41,7.71,11.17,11.79,9.08,8.5,16.46,1.0
5805,74.0,7.0,27.0,11.0,10.46,12.92,5.71,13.25,7.46,10.63,8.83,9.71,8.0,12.17,1.0
5806,78.0,9.0,6.0,10.08,11.96,10.37,4.63,9.67,9.25,7.38,8.08,8.87,7.38,10.25,1.0
5807,75.0,4.0,19.0,13.62,13.21,8.92,5.41,13.04,8.63,9.79,10.08,10.63,8.71,17.54,0.0
5808,73.0,4.0,12.0,19.75,14.09,13.37,10.83,13.83,10.83,10.75,11.21,13.79,12.62,13.54,1.0
5809,78.0,7.0,4.0,25.84,17.41,17.71,14.83,16.25,14.83,13.7,15.5,14.71,17.58,19.62,0.0
5810,69.0,8.0,28.0,18.21,8.96,11.0,7.62,12.21,8.25,8.92,6.92,9.42,8.29,11.96,1.0
5811,78.0,7.0,18.0,15.0,8.0,7.62,5.29,11.38,6.34,7.17,8.0,8.83,8.33,11.21,1.0
5812,61.0,12.0,6.0,11.92,9.21,10.92,6.5,7.79,5.5,12.62,3.13,8.29,7.87,10.71,1.0
5813,61.0,6.0,29.0,7.41,10.46,7.96,6.79,12.62,7.08,8.33,9.46,7.08,10.92,20.88,1.0
5814,78.0,1.0,31.0,10.5,8.79,9.54,4.42,10.58,5.46,8.0,5.71,6.5,6.38,6.54,0.0
5815,62.0,6.0,23.0,11.71,16.21,13.33,10.04,15.75,11.79,16.66,15.04,13.54,14.5,24.46,0.0
5816,73.0,11.0,12.0,19.79,19.21,16.21,13.29,22.5,16.21,20.75,17.46,20.04,20.79,24.0,0.0
5817,69.0,3.0,5.0,16.46,7.62,15.29,4.75,8.12,6.17,7.17,7.58,9.92,6.67,9.29,1.0
5818,61.0,2.0,22.0,12.29,13.21,13.54,6.46,11.58,9.21,8.25,10.29,9.21,13.08,15.25,1.0
5819,76.0,6.0,12.0,11.25,9.75,13.96,5.0,10.21,7.33,13.13,11.75,11.17,10.13,19.62,0.0
5820,62.0,7.0,19.0,16.04,15.41,16.21,10.21,18.54,12.08,13.04,15.96,12.87,17.33,23.13,0.0
5821,72.0,6.0,9.0,14.96,15.5,6.58,5.66,11.04,7.58,7.5,11.04,7.96,8.87,16.71,1.0
5822,78.0,4.0,22.0,13.67,19.38,8.38,6.38,14.83,9.92,9.5,10.21,10.67,9.54,13.79,1.0
5823,70.0,4.0,15.0,17.29,17.54,15.5,7.79,9.21,9.46,9.71,10.5,8.75,12.33,18.21,0.0
5824,78.0,11.0,20.0,16.46,17.71,13.88,7.33,13.62,9.75,16.08,10.63,12.46,11.96,21.09,0.0
5825,67.0,7.0,1.0,8.79,9.46,9.96,4.71,10.75,7.04,6.0,8.79,6.79,7.46,15.92,1.0
5826,66.0,9.0,19.0,8.0,5.25,5.09,1.63,5.04,1.83,1.21,1.67,0.75,2.25,6.38,1.0
5827,68.0,3.0,24.0,8.33,6.67,5.09,4.58,9.87,6.0,4.0,10.5,4.33,8.87,17.54,1.0
5828,76.0,3.0,13.0,19.04,15.09,14.29,8.25,11.25,6.29,12.0,7.83,8.38,7.33,11.42,1.0
5829,62.0,2.0,3.0,14.92,11.54,11.67,6.71,13.5,10.04,15.96,11.46,12.42,12.12,18.58,0.0
5830,64.0,11.0,7.0,10.75,8.54,12.33,2.96,6.63,3.75,9.21,6.63,3.25,5.79,7.38,1.0
5831,61.0,9.0,5.0,12.67,10.0,6.38,5.83,10.41,5.83,9.38,8.54,9.04,9.96,13.62,1.0
5832,73.0,3.0,5.0,8.42,10.54,6.0,4.17,9.96,5.17,7.71,6.63,8.63,8.12,14.46,0.0
5833,65.0,10.0,15.0,12.67,8.08,8.21,5.0,9.5,5.5,10.08,7.87,7.62,9.17,12.46,0.0
5834,62.0,4.0,2.0,26.75,20.25,24.0,13.59,18.25,12.79,20.83,14.46,14.12,16.25,18.75,0.0
5835,65.0,4.0,25.0,18.5,13.08,11.0,9.04,17.54,11.5,10.88,13.67,10.5,9.59,16.0,1.0
5836,65.0,5.0,2.0,9.96,11.0,13.08,7.5,10.67,8.5,14.0,9.13,8.75,13.0,12.5,0.0
5837,72.0,5.0,17.0,6.0,7.0,6.92,2.04,5.58,0.96,4.71,6.58,1.87,2.67,6.71,1.0
5838,64.0,5.0,10.0,17.25,17.33,17.67,10.75,17.21,12.54,15.92,15.46,11.79,14.58,20.88,0.0
5839,69.0,11.0,7.0,13.59,16.29,12.33,6.67,14.25,8.04,11.29,9.96,9.71,9.08,20.88,0.0
5840,63.0,7.0,7.0,7.0,7.83,5.83,4.88,5.17,4.5,6.46,7.75,5.54,7.12,9.46,1.0
5841,73.0,12.0,11.0,10.0,11.25,8.04,4.38,8.17,5.25,10.88,6.17,8.79,8.12,13.0,0.0
5842,70.0,8.0,24.0,2.75,5.96,5.88,1.0,2.46,1.13,1.75,2.21,2.75,2.5,2.96,1.0
5843,63.0,8.0,7.0,13.13,9.71,11.92,8.0,14.46,11.38,12.58,13.67,12.25,12.25,16.08,0.0
5844,70.0,7.0,15.0,17.12,9.96,13.88,9.42,11.54,8.96,12.46,7.62,12.25,12.0,11.75,0.0
5845,64.0,1.0,12.0,8.21,5.88,17.08,6.79,9.17,2.25,7.54,5.91,6.04,5.66,5.21,1.0
5846,71.0,7.0,7.0,6.96,5.91,4.71,4.58,9.0,4.63,5.09,4.29,5.71,5.91,4.71,1.0
5847,70.0,11.0,6.0,13.33,15.0,9.04,4.63,11.21,8.0,7.33,8.0,7.96,6.87,9.21,1.0
5848,68.0,12.0,18.0,22.08,16.29,27.54,13.37,13.59,9.92,17.37,9.62,12.42,14.79,12.58,0.0
5849,73.0,9.0,17.0,9.83,10.0,9.46,2.54,9.33,6.0,8.42,7.41,7.17,6.0,14.96,1.0
5850,72.0,9.0,5.0,3.96,2.08,5.09,1.13,2.08,0.67,3.96,0.54,1.96,0.29,5.09,1.0
5851,63.0,7.0,14.0,19.46,17.21,19.33,13.5,15.63,12.62,14.71,19.29,12.33,15.83,23.42,0.0
5852,67.0,5.0,26.0,12.5,12.04,12.71,6.29,13.62,6.67,9.0,14.54,6.71,12.75,19.41,1.0
5853,74.0,9.0,15.0,10.92,7.0,6.67,3.58,6.13,3.0,2.79,5.37,3.04,4.38,7.08,1.0
5854,66.0,9.0,4.0,16.46,13.42,15.79,10.29,17.0,11.08,14.67,12.21,11.87,13.5,18.66,0.0
5855,77.0,3.0,7.0,16.58,15.96,14.92,7.21,13.13,12.5,14.0,11.92,12.12,9.79,15.96,0.0
5856,69.0,6.0,12.0,4.42,2.88,4.12,2.54,4.42,3.63,2.92,2.62,2.79,2.92,6.46,1.0
5857,62.0,7.0,24.0,10.04,6.34,8.67,2.62,7.08,2.46,4.38,3.17,2.88,5.58,4.67,1.0
5858,70.0,4.0,16.0,15.71,17.0,16.66,7.46,10.54,11.17,13.17,11.0,9.67,12.75,15.5,1.0
5859,69.0,6.0,27.0,9.67,7.54,7.75,6.75,10.63,7.92,9.54,9.33,8.92,9.92,15.09,0.0
5860,66.0,10.0,9.0,11.25,10.46,8.5,3.71,10.71,5.83,3.79,5.71,4.21,6.42,12.08,1.0
5861,65.0,3.0,23.0,6.38,7.87,9.46,4.12,7.0,5.88,10.5,7.29,7.83,11.29,12.12,0.0
5862,61.0,11.0,17.0,8.71,5.33,6.46,1.5,5.66,1.25,3.13,0.63,0.92,1.25,2.71,1.0
5863,69.0,1.0,17.0,25.08,25.17,17.79,10.5,16.96,11.04,14.04,11.83,10.71,13.08,14.37,0.0
5864,63.0,11.0,29.0,3.08,6.17,9.71,1.33,5.88,2.21,6.46,3.92,1.58,2.29,10.21,1.0
5865,75.0,5.0,2.0,14.46,10.96,11.38,6.92,14.88,2.5,4.38,2.42,4.54,5.66,6.67,1.0
5866,69.0,12.0,16.0,13.0,9.29,10.46,3.17,9.75,8.75,7.12,7.17,6.38,5.25,10.08,1.0
5867,63.0,3.0,30.0,15.96,6.63,10.34,7.54,11.75,6.25,9.38,6.42,7.29,5.13,7.21,1.0
5868,63.0,9.0,28.0,9.67,10.08,10.54,4.21,6.75,6.54,10.17,9.54,6.58,8.63,13.96,1.0
5869,64.0,9.0,8.0,9.42,7.67,11.25,5.75,10.88,8.04,12.33,10.21,9.96,9.38,16.42,0.0
5870,68.0,5.0,29.0,4.38,9.83,5.13,3.17,8.54,1.75,4.25,3.83,1.13,3.0,10.58,1.0
5871,67.0,6.0,5.0,8.38,12.58,11.17,7.0,13.75,8.71,10.88,11.75,10.13,8.42,17.79,0.0
5872,70.0,6.0,23.0,13.04,11.87,12.83,5.41,12.21,8.29,8.33,9.54,8.79,9.21,14.09,1.0
5873,78.0,1.0,20.0,15.0,11.75,10.21,6.46,11.83,7.17,13.79,11.79,10.92,10.08,14.88,0.0
5874,66.0,2.0,16.0,19.08,21.62,16.75,10.46,21.37,12.29,10.96,17.04,10.92,15.41,19.25,0.0
5875,68.0,1.0,20.0,7.58,8.63,7.21,1.21,6.25,2.29,3.46,5.21,1.0,2.58,12.17,1.0
5876,62.0,4.0,29.0,9.17,7.62,8.54,3.79,6.46,4.79,5.37,6.54,6.75,5.13,6.46,1.0
5877,63.0,11.0,30.0,19.17,17.46,11.08,3.71,14.88,7.5,6.42,11.87,5.79,6.13,16.88,1.0
5878,77.0,10.0,19.0,15.34,11.21,13.79,7.87,9.21,9.87,12.04,11.96,12.67,11.46,15.29,0.0
5879,68.0,1.0,28.0,7.79,7.21,8.33,4.0,6.63,2.92,8.75,4.25,5.75,6.38,13.5,0.0
5880,63.0,8.0,14.0,8.0,7.0,5.04,3.08,8.21,5.33,6.67,7.41,6.58,7.33,10.71,1.0
5881,77.0,10.0,16.0,13.08,18.41,11.29,4.75,14.71,10.5,11.29,13.17,11.67,8.96,16.21,0.0
5882,73.0,6.0,7.0,4.5,4.25,5.58,2.37,5.66,1.96,1.04,3.21,2.04,1.75,5.25,1.0
5883,68.0,6.0,23.0,17.0,12.62,11.54,11.79,17.54,11.38,13.75,12.04,11.96,10.29,17.83,0.0
5884,76.0,3.0,6.0,21.0,18.54,21.17,10.25,20.21,15.0,20.79,12.75,16.79,14.33,16.29,0.0
5885,70.0,7.0,9.0,13.92,10.17,11.42,7.92,13.42,10.41,12.62,10.96,12.46,11.46,14.83,0.0
5886,69.0,9.0,24.0,12.58,11.54,11.46,5.66,11.54,8.58,10.13,10.34,8.92,11.21,15.41,0.0
5887,67.0,6.0,23.0,11.46,7.38,11.71,3.75,8.38,2.83,6.08,6.08,4.63,4.83,8.17,1.0
5888,75.0,1.0,18.0,14.37,10.37,11.29,6.13,8.17,3.29,7.25,6.54,7.08,4.58,12.58,1.0
5889,71.0,3.0,12.0,11.67,11.83,10.58,6.29,11.67,9.08,13.29,10.41,12.12,12.17,17.5,0.0
5890,61.0,10.0,16.0,12.58,12.67,9.92,9.21,15.63,9.42,14.58,12.42,12.58,12.92,19.58,0.0
5891,64.0,2.0,20.0,17.58,16.5,13.7,8.12,16.33,11.63,9.67,13.67,6.96,11.34,12.92,1.0
5892,78.0,6.0,20.0,9.96,7.96,7.75,3.46,7.5,5.09,4.54,8.46,5.88,5.88,13.0,0.0
5893,71.0,2.0,1.0,12.58,6.63,20.83,7.08,7.12,1.63,8.21,2.58,4.96,3.08,4.71,1.0
5894,75.0,9.0,30.0,13.17,11.25,14.88,4.79,8.92,6.75,8.67,6.34,8.29,6.83,7.71,1.0
5895,76.0,12.0,15.0,14.17,10.71,14.58,4.04,8.25,7.17,5.66,3.75,6.42,5.63,3.46,1.0
5896,77.0,9.0,10.0,15.75,15.54,18.5,8.83,13.88,11.04,20.46,11.08,12.46,9.79,17.21,1.0
5897,62.0,8.0,12.0,2.88,4.92,4.96,2.83,5.91,3.5,9.38,5.88,5.75,8.63,7.92,1.0
5898,62.0,6.0,14.0,14.71,13.21,16.17,8.25,17.33,11.38,14.0,16.62,13.67,17.5,24.41,0.0
5899,65.0,1.0,22.0,12.38,12.79,9.0,5.75,11.67,8.08,11.34,8.38,8.17,8.12,15.5,0.0
5900,72.0,3.0,30.0,18.05,13.21,14.88,7.04,9.38,5.54,9.33,7.04,8.0,6.87,6.92,1.0
5901,72.0,8.0,5.0,11.46,12.46,11.42,6.34,9.21,6.63,11.21,8.08,9.08,7.0,14.62,1.0
5902,65.0,11.0,5.0,7.67,6.92,8.83,4.54,6.42,2.67,4.83,0.71,2.37,2.04,4.5,1.0
5903,66.0,10.0,8.0,9.0,5.66,7.62,3.83,6.17,2.13,4.42,2.04,3.29,3.58,6.67,1.0
5904,62.0,11.0,3.0,5.21,3.75,6.17,3.37,8.08,3.88,6.83,1.08,2.79,3.63,5.13,1.0
5905,70.0,1.0,1.0,9.59,2.96,11.79,3.42,6.13,4.08,9.0,4.46,7.29,3.5,7.33,1.0
5906,69.0,9.0,18.0,7.5,5.21,13.25,4.08,6.46,4.17,3.79,5.91,4.96,3.29,6.34,1.0
5907,61.0,12.0,15.0,18.05,15.71,16.66,12.92,16.75,16.42,10.71,12.5,13.59,13.62,20.62,0.0
5908,61.0,10.0,27.0,18.41,12.08,13.0,7.41,12.0,7.79,7.79,8.83,8.54,8.71,12.0,1.0
5909,75.0,7.0,31.0,9.21,10.41,21.42,5.21,6.87,3.46,6.04,4.25,6.54,2.5,3.88,1.0
5910,72.0,5.0,15.0,15.87,11.58,15.92,8.96,9.67,6.38,11.67,8.96,9.67,12.33,11.92,0.0
5911,72.0,2.0,18.0,9.17,5.0,22.0,6.63,7.58,4.58,12.96,3.08,7.25,6.08,5.0,1.0
5912,70.0,3.0,4.0,23.04,14.67,16.79,12.21,13.37,10.13,13.62,11.21,12.62,10.41,17.16,0.0
5913,74.0,5.0,15.0,17.62,22.95,12.75,10.13,20.83,12.75,10.79,17.33,15.54,12.46,20.58,0.0
5914,64.0,9.0,3.0,5.83,2.25,3.46,1.87,6.0,1.79,2.04,2.58,2.0,2.08,5.96,1.0
5915,69.0,5.0,9.0,13.13,10.96,11.34,6.79,12.46,6.63,9.42,6.46,9.87,5.83,10.41,1.0
5916,76.0,10.0,6.0,21.62,20.67,19.95,12.96,23.09,17.12,19.21,21.5,19.87,21.92,34.83,0.0
5917,77.0,12.0,15.0,7.75,12.08,6.75,2.21,6.54,4.5,7.58,7.75,6.25,5.54,9.04,1.0
5918,74.0,11.0,30.0,12.92,12.96,10.37,5.0,14.37,7.08,13.29,12.12,11.12,8.21,14.04,0.0
5919,68.0,8.0,9.0,6.0,4.75,21.62,7.12,7.46,3.0,7.38,3.79,4.96,2.54,10.67,1.0
5920,64.0,3.0,20.0,10.17,10.25,12.46,7.08,9.17,5.63,11.34,6.75,6.5,11.38,7.67,1.0
5921,64.0,3.0,13.0,11.46,13.37,13.33,8.79,15.29,9.75,12.87,9.5,8.29,13.37,13.13,0.0
5922,74.0,4.0,5.0,12.04,5.09,10.08,4.67,8.54,7.83,4.25,11.58,7.71,7.0,10.34,1.0
5923,68.0,2.0,1.0,16.08,17.21,10.17,8.29,14.88,8.12,15.59,9.83,12.21,9.75,18.75,0.0
5924,71.0,5.0,10.0,12.92,13.04,14.21,7.75,11.58,8.83,10.04,15.25,10.88,12.75,24.37,0.0
5925,74.0,12.0,27.0,22.5,22.0,17.46,10.58,22.17,12.71,20.5,17.41,17.29,13.88,19.79,0.0
5926,78.0,5.0,4.0,4.67,9.71,5.41,2.46,7.67,4.83,5.96,7.58,5.33,7.67,11.38,1.0
5927,64.0,8.0,29.0,7.12,6.71,7.83,5.13,4.29,4.58,9.25,4.88,7.04,9.54,7.04,0.0
5928,72.0,1.0,30.0,11.25,10.13,10.34,2.37,8.08,2.58,6.92,4.29,5.0,4.38,10.08,1.0
5929,77.0,4.0,4.0,12.96,9.21,9.21,5.0,6.17,5.96,9.38,5.41,7.04,7.46,12.25,1.0
5930,62.0,2.0,22.0,15.75,6.58,17.5,6.29,9.62,7.96,15.29,8.25,10.92,9.21,10.13,1.0
5931,62.0,1.0,9.0,12.29,12.04,10.63,6.5,11.54,8.96,15.29,8.87,10.29,14.5,18.63,0.0
5932,75.0,4.0,13.0,12.33,14.29,10.37,5.66,8.33,6.63,9.08,11.5,10.13,9.75,16.42,1.0
5933,70.0,7.0,16.0,10.63,3.71,6.34,3.63,8.38,5.17,7.41,4.88,8.33,5.83,10.34,1.0
5934,75.0,8.0,24.0,5.46,4.17,6.46,2.17,5.58,3.33,6.34,6.0,7.29,3.54,10.0,1.0
5935,61.0,7.0,19.0,5.17,3.42,6.63,2.96,6.75,2.92,3.5,7.29,5.58,7.0,10.13,1.0
5936,65.0,6.0,6.0,4.75,3.54,6.5,2.75,1.83,1.67,4.58,2.13,1.79,2.42,7.17,1.0
5937,63.0,1.0,29.0,5.41,3.25,4.83,1.5,5.17,2.88,7.41,4.12,3.08,4.71,10.17,1.0
5938,61.0,7.0,16.0,21.42,10.88,11.0,10.04,14.67,9.71,13.13,11.21,11.87,11.79,12.21,1.0
5939,70.0,12.0,27.0,15.25,9.62,22.54,7.41,11.54,7.04,11.58,7.87,9.04,7.62,5.88,0.0
5940,74.0,12.0,25.0,27.29,25.29,22.67,13.21,20.17,12.58,17.83,16.92,16.46,13.67,18.16,0.0
5941,65.0,2.0,18.0,6.75,5.04,7.29,3.21,5.04,1.87,4.25,3.88,2.79,4.21,6.17,1.0
5942,70.0,3.0,20.0,14.12,13.08,12.58,7.58,12.87,11.21,15.29,12.38,13.92,10.71,16.33,0.0
5943,65.0,12.0,20.0,8.46,2.46,10.63,2.83,2.25,1.75,8.96,1.92,3.33,6.34,7.83,1.0
5944,64.0,1.0,4.0,8.67,4.79,14.5,7.75,7.54,2.58,6.5,2.42,4.42,5.13,4.58,1.0
5945,66.0,3.0,14.0,6.13,1.58,5.79,3.63,5.79,2.58,8.63,3.04,5.17,6.79,5.5,1.0
5946,64.0,4.0,24.0,5.71,8.58,6.42,4.5,9.54,5.46,7.83,7.17,4.08,7.5,9.08,1.0
5947,72.0,8.0,11.0,11.46,14.17,7.87,5.66,8.67,6.38,6.92,9.21,8.08,6.75,21.37,0.0
5948,70.0,9.0,8.0,19.46,20.17,15.37,9.67,16.71,10.5,11.63,10.67,12.71,11.58,17.37,1.0
5949,61.0,7.0,4.0,17.5,10.75,14.92,12.0,12.62,9.62,14.92,11.08,13.13,13.5,12.46,0.0
5950,68.0,6.0,30.0,13.54,15.09,13.62,10.29,16.04,11.67,12.0,12.79,11.71,12.83,24.71,0.0
5951,67.0,9.0,15.0,4.63,7.04,4.88,0.58,2.58,0.21,2.96,2.58,0.87,1.46,13.08,1.0
5952,61.0,7.0,14.0,22.5,19.29,14.29,12.42,20.88,10.17,11.83,12.33,10.63,10.88,15.63,1.0
5953,66.0,10.0,3.0,16.96,24.17,12.33,12.46,23.38,13.13,21.29,15.79,14.62,17.41,25.25,0.0
5954,77.0,9.0,4.0,19.25,15.83,17.0,7.5,15.04,12.54,16.04,12.71,13.04,15.04,21.71,0.0
5955,61.0,1.0,6.0,13.21,8.12,9.96,6.67,5.37,4.5,10.67,4.42,7.17,7.5,8.12,1.0
5956,66.0,1.0,1.0,22.04,21.5,17.08,12.75,22.17,15.59,21.79,18.12,16.66,17.83,28.33,0.0
5957,78.0,1.0,14.0,4.67,1.08,8.04,2.79,2.33,0.71,4.17,1.21,1.67,2.37,3.96,1.0
5958,77.0,10.0,12.0,16.83,15.83,14.67,8.25,16.5,12.87,16.71,17.92,14.83,17.12,26.58,0.0
5959,65.0,7.0,21.0,10.92,8.08,6.21,4.63,10.04,3.92,7.21,6.79,5.71,6.42,9.17,1.0
5960,75.0,9.0,13.0,10.25,8.83,13.75,3.54,5.17,3.92,9.25,4.96,5.71,5.0,8.92,0.0
5961,61.0,9.0,15.0,20.71,13.96,20.0,12.46,13.7,11.08,13.0,12.92,11.58,14.83,18.63,0.0
5962,62.0,2.0,10.0,14.42,11.21,10.08,7.12,13.08,8.21,14.96,10.17,11.54,12.38,16.62,0.0
5963,76.0,1.0,1.0,18.34,17.67,14.83,8.0,16.62,10.13,13.17,9.04,13.13,5.75,11.38,1.0
5964,76.0,7.0,13.0,15.75,15.12,12.54,7.08,15.71,9.46,9.04,7.0,10.83,8.58,9.29,1.0
5965,62.0,11.0,7.0,2.96,4.33,5.04,2.5,4.71,2.88,3.5,2.79,2.37,3.46,3.13,1.0
5966,62.0,8.0,14.0,12.0,10.25,11.83,4.63,10.29,4.25,8.67,9.29,9.0,9.92,10.67,1.0
5967,73.0,5.0,4.0,14.71,7.17,18.25,8.12,10.83,10.17,12.17,7.29,9.71,9.38,9.38,0.0
5968,77.0,8.0,12.0,6.29,13.25,4.75,3.54,9.29,7.17,7.21,3.67,5.54,7.0,6.04,1.0
5969,62.0,5.0,4.0,5.54,8.21,8.5,3.46,5.17,1.75,5.83,0.54,2.62,3.42,5.71,1.0
5970,69.0,1.0,8.0,11.79,13.46,8.46,5.21,10.71,5.5,8.38,6.13,7.87,8.29,12.62,0.0
5971,75.0,12.0,16.0,9.08,3.0,10.5,3.54,2.62,2.0,9.42,3.83,7.12,5.88,10.17,0.0
5972,62.0,9.0,8.0,10.46,11.63,9.67,6.46,10.34,6.29,8.04,6.46,5.96,7.41,9.5,1.0
5973,74.0,8.0,29.0,7.46,6.71,9.67,2.04,4.58,2.54,7.46,4.38,5.63,4.38,7.83,1.0
5974,65.0,6.0,17.0,16.66,17.37,15.25,9.96,14.67,11.04,13.42,12.0,10.71,11.71,16.71,1.0
5975,67.0,3.0,15.0,15.09,11.12,10.88,9.87,13.79,10.58,17.92,12.42,15.09,13.46,19.67,0.0
5976,77.0,10.0,10.0,12.21,11.54,7.62,3.71,8.0,6.21,9.75,6.71,6.75,6.34,9.04,1.0
5977,72.0,10.0,16.0,11.58,6.79,12.38,4.0,5.13,3.04,6.75,5.54,4.63,2.88,6.13,1.0
5978,72.0,9.0,17.0,7.21,5.63,9.13,2.75,4.42,1.0,3.88,5.17,2.37,0.71,5.41,1.0
5979,61.0,8.0,19.0,18.08,12.42,12.67,10.58,15.87,11.54,13.21,11.04,12.46,11.79,13.79,1.0
5980,70.0,11.0,15.0,12.75,9.71,10.34,4.25,7.38,6.29,6.04,6.46,6.54,7.08,12.54,1.0
5981,67.0,11.0,7.0,12.21,14.17,16.54,8.29,10.92,5.33,5.91,7.87,4.21,1.96,20.91,1.0
5982,68.0,7.0,12.0,3.75,5.41,4.25,2.13,4.83,1.38,5.25,3.13,1.67,2.5,7.83,1.0
5983,61.0,1.0,26.0,24.37,18.79,17.5,14.25,18.91,15.67,14.33,15.16,16.08,19.08,20.5,0.0
5984,72.0,1.0,25.0,13.17,14.46,10.79,4.46,11.67,7.71,9.13,6.87,9.04,8.04,14.67,0.0
5985,64.0,8.0,9.0,7.0,4.96,6.83,3.46,4.42,4.63,4.88,3.75,3.5,6.0,6.63,1.0
5986,77.0,11.0,30.0,6.63,4.12,8.46,0.46,3.79,1.75,2.13,2.21,0.21,1.29,5.04,1.0
5987,62.0,2.0,21.0,7.41,5.91,9.96,3.5,3.08,4.0,7.04,3.71,5.29,6.17,7.46,1.0
5988,62.0,1.0,19.0,10.46,9.54,8.46,5.0,10.83,9.42,16.08,10.04,10.54,13.0,19.0,0.0
5989,78.0,8.0,1.0,19.33,15.09,20.17,8.83,12.62,10.41,9.33,12.33,9.5,9.92,15.75,0.0
5990,67.0,2.0,12.0,15.96,12.33,16.58,7.08,13.88,8.04,11.0,8.83,7.21,8.83,10.71,1.0
5991,70.0,4.0,11.0,8.12,5.33,6.87,1.96,4.17,3.96,3.96,4.5,3.21,2.13,7.41,1.0
5992,73.0,12.0,24.0,9.62,8.42,9.59,4.0,6.67,3.17,3.92,3.75,4.54,4.46,5.58,1.0
5993,73.0,5.0,18.0,15.5,14.46,10.46,6.83,13.33,10.41,9.29,13.08,10.67,10.13,12.96,0.0
5994,74.0,7.0,15.0,18.58,15.34,15.63,8.54,16.25,9.75,12.5,12.75,10.37,9.5,17.08,1.0
5995,65.0,1.0,26.0,10.08,8.5,15.96,5.71,7.58,5.04,8.87,7.79,6.0,8.42,7.17,0.0
5996,69.0,5.0,8.0,4.08,5.96,8.33,4.08,9.13,2.54,6.87,3.96,5.41,4.42,9.87,1.0
5997,75.0,12.0,24.0,12.67,12.62,7.92,3.29,8.42,4.33,12.21,8.58,10.58,8.12,15.46,0.0
5998,66.0,9.0,10.0,16.88,12.04,14.88,7.04,11.17,8.25,11.96,9.79,7.79,12.21,15.41,1.0
5999,66.0,6.0,9.0,15.83,18.12,14.62,8.17,11.67,5.88,7.96,10.29,6.54,7.83,16.29,1.0
6000,67.0,10.0,3.0,19.79,20.54,17.21,11.58,18.38,12.46,18.0,16.17,14.0,14.12,24.3,0.0
6001,67.0,10.0,26.0,19.87,16.25,19.38,12.33,19.92,12.87,22.0,14.46,15.96,16.08,23.96,0.0
6002,62.0,10.0,28.0,19.95,14.17,14.09,12.62,14.09,10.75,15.92,13.54,14.37,16.04,19.17,0.0
6003,62.0,11.0,5.0,16.08,6.5,18.91,7.96,7.71,9.62,19.75,6.0,11.79,16.54,9.62,0.0
6004,78.0,2.0,13.0,13.79,4.04,9.67,6.83,6.0,5.17,9.08,7.08,6.79,7.87,8.71,0.0
6005,64.0,6.0,17.0,7.92,9.33,6.17,3.33,7.92,2.58,6.17,6.29,4.17,4.71,8.38,1.0
6006,71.0,8.0,6.0,11.92,6.71,7.04,5.33,9.62,5.63,7.67,7.58,8.96,7.58,12.25,0.0
6007,66.0,10.0,16.0,11.67,9.5,7.87,3.67,11.08,5.75,5.63,5.46,4.42,5.5,8.75,1.0
6008,67.0,11.0,13.0,13.88,13.83,15.71,10.37,13.5,10.54,12.38,12.38,9.67,14.04,21.09,0.0
6009,70.0,1.0,23.0,17.16,13.08,18.46,7.71,8.21,6.79,11.29,10.08,8.79,8.58,10.83,0.0
6010,78.0,3.0,3.0,3.96,7.25,5.17,1.71,4.08,1.58,2.29,3.25,1.63,2.17,2.79,1.0
6011,72.0,6.0,27.0,9.71,10.04,7.04,6.25,8.87,6.63,8.71,5.79,6.42,5.09,9.79,1.0
6012,72.0,12.0,8.0,11.08,10.08,7.21,2.08,4.67,3.67,6.87,3.67,3.21,2.13,4.75,1.0
6013,74.0,10.0,26.0,16.04,11.34,9.33,8.29,14.83,8.58,15.59,12.08,12.21,10.29,15.5,0.0
6014,75.0,7.0,18.0,7.0,9.54,7.96,3.96,7.71,4.63,5.21,5.71,6.67,4.29,13.37,1.0
6015,75.0,8.0,20.0,14.67,10.54,12.92,6.29,14.17,9.08,11.5,10.58,12.08,10.96,16.04,0.0
6016,75.0,2.0,6.0,19.0,17.79,15.92,5.54,11.71,6.46,8.46,11.63,9.42,8.08,15.96,0.0
6017,78.0,10.0,30.0,10.25,11.63,10.21,3.67,8.08,7.5,8.92,8.96,9.21,10.96,16.5,0.0
6018,74.0,1.0,25.0,24.75,19.08,17.71,10.96,13.88,11.08,13.83,12.46,13.67,14.25,18.75,0.0
6019,67.0,7.0,16.0,16.38,17.79,15.12,11.42,16.42,10.29,7.04,14.33,11.79,15.92,20.75,0.0
6020,72.0,4.0,9.0,18.05,13.29,13.67,8.5,12.5,9.59,11.54,11.5,11.17,10.83,17.88,0.0
6021,76.0,4.0,10.0,11.5,11.67,11.17,5.33,8.54,7.46,10.34,15.87,13.08,12.87,27.0,0.0
6022,71.0,8.0,24.0,4.21,0.83,7.17,1.79,3.46,0.21,1.46,0.08,1.92,0.13,1.63,1.0
6023,72.0,10.0,19.0,8.63,7.96,13.62,4.92,5.63,1.54,5.83,6.29,5.13,3.63,9.13,1.0
6024,77.0,9.0,24.0,17.0,13.13,18.38,10.41,14.37,16.08,20.12,12.58,14.75,17.79,17.54,0.0
6025,75.0,8.0,2.0,7.41,1.08,11.12,2.29,2.54,0.46,3.33,1.58,4.75,2.37,4.29,1.0
6026,62.0,10.0,29.0,12.92,10.79,13.13,5.79,10.96,9.21,11.96,8.71,8.46,10.83,15.79,0.0
6027,69.0,8.0,19.0,12.87,11.42,9.75,5.79,14.25,9.25,10.08,7.96,11.0,10.08,19.75,0.0
6028,63.0,6.0,9.0,6.75,3.37,13.25,3.58,4.25,4.38,8.38,7.96,8.42,7.5,6.96,1.0
6029,65.0,9.0,19.0,13.96,15.83,11.46,7.21,12.71,9.38,9.25,12.0,7.5,11.0,24.71,0.0
6030,77.0,12.0,5.0,16.33,17.04,19.25,9.21,14.29,14.0,20.21,15.34,13.83,15.04,16.38,0.0
6031,76.0,12.0,6.0,21.12,22.71,15.96,8.54,19.08,12.71,16.75,11.17,13.17,13.79,18.08,0.0
6032,74.0,11.0,1.0,10.63,11.29,7.54,2.92,6.83,3.42,6.92,8.58,6.42,5.54,11.21,1.0
6033,70.0,8.0,10.0,10.08,9.08,8.92,6.34,11.25,7.46,8.29,7.04,9.17,7.62,6.58,1.0
6034,61.0,12.0,21.0,13.13,10.0,8.83,3.21,9.96,3.96,4.33,3.71,2.75,2.46,6.5,1.0
6035,78.0,4.0,27.0,5.66,4.63,6.34,3.0,4.5,2.92,6.5,4.0,4.79,4.79,7.58,0.0
6036,71.0,4.0,15.0,6.38,1.96,8.42,2.33,6.71,3.29,2.29,3.83,3.83,3.17,7.96,1.0
6037,72.0,8.0,31.0,7.0,2.46,16.04,2.29,3.46,3.04,5.33,2.17,4.92,2.13,6.54,1.0
6038,72.0,1.0,6.0,17.0,13.92,13.54,4.46,12.29,10.25,7.62,7.75,7.87,6.17,9.79,1.0
6039,76.0,1.0,23.0,22.54,18.41,13.88,10.83,16.46,9.0,14.12,12.58,12.92,10.0,20.21,0.0
6040,70.0,2.0,21.0,21.84,20.83,18.96,13.75,24.96,16.33,21.96,16.58,20.41,13.13,22.63,0.0
6041,64.0,6.0,13.0,17.37,16.58,13.5,8.08,14.09,7.12,8.63,12.04,8.63,10.58,15.67,1.0
6042,67.0,7.0,10.0,9.08,8.25,11.87,3.54,10.88,7.21,8.25,12.54,9.75,10.08,15.96,0.0
6043,63.0,10.0,10.0,7.62,5.79,8.21,5.88,11.96,9.0,14.42,11.34,11.17,11.21,16.38,0.0
6044,62.0,4.0,23.0,7.5,7.33,7.62,5.54,9.59,7.38,8.96,7.54,5.91,7.96,10.25,1.0
6045,73.0,6.0,5.0,3.79,5.21,5.21,1.46,5.63,4.17,3.71,4.63,4.38,2.5,13.37,1.0
6046,67.0,8.0,5.0,7.58,10.58,9.87,4.79,10.29,7.38,6.71,7.58,6.75,8.42,13.04,1.0
6047,75.0,8.0,17.0,3.67,5.29,4.67,1.79,3.37,0.92,2.79,2.13,0.87,2.25,8.38,1.0
6048,67.0,5.0,18.0,11.08,10.13,10.63,5.58,7.87,5.21,9.5,7.08,5.37,6.04,15.54,1.0
6049,62.0,4.0,9.0,17.21,11.63,10.79,10.37,16.17,10.04,16.21,12.5,12.92,12.87,14.46,1.0
6050,61.0,9.0,17.0,5.33,7.12,8.12,3.96,8.29,5.58,7.87,7.17,5.88,10.71,13.96,0.0
6051,70.0,12.0,23.0,15.0,8.87,19.21,6.58,10.88,6.75,10.13,6.54,10.21,11.38,14.25,0.0
6052,72.0,12.0,29.0,8.04,7.83,9.25,3.37,4.79,3.58,5.88,5.33,5.5,4.58,17.21,1.0
6053,78.0,3.0,7.0,18.0,17.5,17.12,8.96,12.58,12.75,14.17,13.75,13.42,13.17,21.84,0.0
6054,78.0,6.0,5.0,21.54,12.12,13.83,10.71,16.13,11.54,11.75,12.29,13.54,13.96,12.38,0.0
6055,64.0,5.0,26.0,4.88,3.33,15.21,4.29,3.83,5.83,6.13,6.17,6.87,7.58,7.46,1.0
6056,74.0,6.0,18.0,12.0,9.92,11.04,4.42,9.92,5.29,7.46,7.92,7.75,7.21,12.92,1.0
6057,64.0,7.0,26.0,7.46,4.21,8.58,4.63,4.25,2.92,3.96,5.17,5.09,6.21,14.12,1.0
6058,64.0,10.0,12.0,5.75,5.37,7.83,3.54,4.88,3.04,6.75,3.21,3.13,4.63,7.83,1.0
6059,65.0,11.0,17.0,13.54,12.42,18.84,10.54,12.5,11.17,25.33,17.92,15.92,18.75,20.91,0.0
6060,67.0,9.0,11.0,20.3,10.75,10.5,8.79,13.17,8.71,9.46,11.5,10.54,10.29,13.5,0.0
6061,66.0,1.0,18.0,20.41,15.5,15.46,7.75,14.5,8.46,8.5,9.08,4.67,5.25,11.08,1.0
6062,72.0,12.0,28.0,30.42,20.3,17.08,14.12,14.17,11.96,14.33,12.42,13.7,11.54,15.87,0.0
6063,61.0,12.0,17.0,13.17,9.13,10.92,4.46,8.83,8.67,9.54,6.54,4.71,4.67,5.5,1.0
6064,71.0,9.0,15.0,3.46,3.79,3.88,0.96,1.46,1.46,3.92,0.67,0.92,0.29,6.17,1.0
6065,74.0,6.0,1.0,16.54,15.92,15.46,9.87,13.67,9.13,9.33,13.75,12.08,12.17,22.34,0.0
6066,71.0,10.0,19.0,17.04,17.83,14.88,9.87,17.96,11.79,17.08,10.67,13.33,13.37,21.87,0.0
6067,66.0,10.0,15.0,11.79,6.38,15.04,7.17,8.04,2.58,5.79,5.17,4.96,6.21,8.79,1.0
6068,62.0,2.0,8.0,10.92,7.25,11.42,5.79,7.75,5.58,8.21,5.58,6.83,7.54,10.13,1.0
6069,77.0,7.0,10.0,8.58,5.0,16.33,4.04,7.29,7.21,8.42,4.33,9.29,6.0,10.46,1.0
6070,61.0,3.0,30.0,17.75,12.92,11.79,10.13,16.08,14.21,14.79,14.92,14.71,13.46,15.67,1.0
6071,63.0,1.0,25.0,6.0,2.83,2.75,1.42,4.17,1.71,8.92,2.33,2.04,4.54,4.75,1.0
6072,66.0,1.0,23.0,6.96,2.79,4.96,0.67,3.88,0.25,1.13,2.29,1.54,4.04,5.13,1.0
6073,62.0,4.0,10.0,10.13,6.67,7.58,4.96,10.34,5.41,12.04,8.67,9.04,9.0,10.37,1.0
6074,73.0,6.0,4.0,3.37,4.08,5.66,2.13,4.08,1.08,3.17,2.04,1.54,1.13,5.29,1.0
6075,74.0,11.0,20.0,15.41,13.37,20.41,6.29,10.88,4.88,14.29,11.63,10.0,6.58,8.5,1.0
6076,69.0,9.0,12.0,7.58,7.87,4.54,2.04,6.71,3.25,1.92,6.34,3.17,3.25,13.21,1.0
6077,71.0,7.0,26.0,5.63,4.33,9.0,1.38,5.37,1.46,3.0,3.67,2.58,0.92,9.83,1.0
6078,62.0,8.0,21.0,14.67,12.38,13.37,9.54,15.46,10.34,14.21,14.5,12.42,11.83,17.75,0.0
6079,62.0,5.0,9.0,8.63,8.25,9.59,1.87,7.87,3.71,7.04,6.29,3.54,4.04,11.38,1.0
6080,66.0,2.0,20.0,15.21,13.17,15.04,9.79,12.33,8.67,11.92,9.83,7.87,11.75,12.46,0.0
6081,73.0,8.0,26.0,5.46,7.29,6.79,4.04,5.21,3.21,3.21,2.0,3.54,4.25,9.83,1.0
6082,61.0,10.0,24.0,26.42,21.25,23.09,16.54,24.41,15.46,17.96,18.46,16.42,22.13,27.29,0.0
6083,71.0,1.0,28.0,12.29,10.67,6.79,3.42,8.04,0.5,8.38,1.67,3.29,2.88,9.13,1.0
6084,66.0,12.0,13.0,15.79,12.5,15.12,11.08,11.83,9.13,13.33,8.29,11.79,5.54,15.67,1.0
6085,76.0,10.0,19.0,9.0,12.08,4.58,0.42,9.71,5.29,2.42,5.71,5.5,4.83,9.87,1.0
6086,70.0,10.0,4.0,16.42,14.21,14.92,8.25,15.83,11.42,18.75,15.0,16.33,13.88,22.21,0.0
6087,70.0,3.0,8.0,22.79,13.67,14.29,9.92,12.71,10.34,11.21,12.04,12.71,12.08,20.21,0.0
6088,63.0,4.0,27.0,5.37,6.29,10.13,4.0,6.67,7.5,12.12,10.67,9.13,10.46,15.21,0.0
6089,73.0,7.0,14.0,4.92,6.63,5.04,2.62,6.08,2.62,5.09,3.25,3.46,2.08,6.17,1.0
6090,62.0,10.0,31.0,15.21,12.25,8.38,9.04,13.67,10.58,12.75,11.96,12.25,11.87,18.21,0.0
6091,71.0,9.0,10.0,9.79,10.25,8.54,4.88,12.17,9.71,8.96,9.67,10.13,11.83,13.37,0.0
6092,73.0,2.0,6.0,12.83,12.92,11.67,8.33,16.29,12.21,20.08,11.63,17.5,14.96,19.58,0.0
6093,61.0,3.0,17.0,15.71,14.71,11.21,8.87,14.37,10.75,13.0,14.29,13.08,15.34,22.79,0.0
6094,67.0,1.0,17.0,18.29,13.04,17.25,11.12,12.21,10.37,14.79,11.92,12.0,15.5,13.62,0.0
6095,68.0,7.0,20.0,5.25,2.88,3.71,2.79,5.88,1.87,4.46,2.58,3.13,2.71,8.04,1.0
6096,72.0,2.0,28.0,12.92,6.21,12.92,6.29,7.71,3.04,8.04,3.92,5.66,6.29,13.42,1.0
6097,66.0,11.0,3.0,10.67,4.83,7.25,2.42,6.63,3.17,5.17,5.46,3.58,5.58,7.96,0.0
6098,71.0,11.0,12.0,5.37,4.88,7.0,3.33,8.92,5.33,9.08,5.13,8.12,6.5,12.25,0.0
6099,64.0,12.0,14.0,4.75,3.17,5.88,0.54,4.71,3.92,8.87,2.17,4.54,7.62,10.21,1.0
6100,73.0,4.0,19.0,11.17,12.58,15.21,7.41,11.04,8.71,9.08,9.83,11.54,13.83,12.42,0.0
6101,70.0,6.0,20.0,15.71,13.21,13.25,6.25,13.29,8.12,7.21,10.08,8.08,8.25,18.66,1.0
6102,71.0,3.0,25.0,14.5,13.25,11.12,9.67,13.7,9.04,14.83,10.25,15.46,11.12,15.87,0.0
6103,78.0,4.0,21.0,13.79,13.04,9.87,7.71,15.0,7.75,7.38,5.63,7.17,5.83,8.21,1.0
6104,66.0,10.0,6.0,13.33,9.13,13.96,6.67,9.04,6.38,9.71,5.25,6.83,8.25,10.0,1.0
6105,78.0,1.0,29.0,29.38,18.54,28.08,17.12,17.5,13.75,25.54,15.67,18.08,20.5,19.12,0.0
6106,77.0,4.0,2.0,12.17,6.79,10.13,6.17,9.21,8.67,12.33,9.08,9.62,11.29,13.54,0.0
6107,61.0,8.0,25.0,14.33,13.59,17.83,8.21,12.17,9.67,10.92,14.0,9.59,15.21,19.55,0.0
6108,66.0,8.0,20.0,7.29,8.0,8.04,3.21,8.25,3.88,3.46,5.88,4.38,6.46,11.83,1.0
6109,69.0,9.0,2.0,3.37,2.88,11.79,3.83,5.54,2.79,2.08,2.54,2.75,1.92,5.79,1.0
6110,73.0,1.0,27.0,15.5,16.42,6.04,5.04,13.29,5.58,6.83,8.38,8.0,3.0,9.46,1.0
6111,75.0,4.0,10.0,16.54,11.0,9.87,7.46,12.62,9.62,11.79,12.29,12.54,10.83,15.0,0.0
6112,69.0,10.0,3.0,10.58,9.59,11.08,4.46,10.04,6.87,7.38,11.54,7.46,9.04,18.34,0.0
6113,70.0,10.0,1.0,14.75,15.37,12.21,9.38,18.05,11.34,17.29,14.04,17.37,12.33,21.17,0.0
6114,73.0,5.0,23.0,8.0,4.92,5.54,2.75,7.41,3.58,4.79,2.13,5.75,5.79,3.21,1.0
6115,64.0,3.0,18.0,16.88,13.83,25.8,14.12,19.41,19.12,22.54,18.91,13.42,18.63,21.34,0.0
6116,75.0,7.0,8.0,11.71,6.96,12.83,6.17,8.63,8.92,8.67,12.0,11.25,6.71,10.71,1.0
6117,67.0,5.0,19.0,22.75,18.91,15.92,11.25,18.54,12.08,15.09,11.96,12.46,11.38,18.08,0.0
6118,63.0,11.0,4.0,13.5,11.04,19.29,8.83,10.54,8.87,16.13,11.71,9.92,11.34,12.38,0.0
6119,66.0,5.0,3.0,13.25,10.71,11.08,7.12,9.5,6.29,7.38,5.54,5.25,6.17,8.67,1.0
6120,67.0,12.0,30.0,13.62,13.83,9.92,8.0,12.67,7.12,14.58,11.29,13.33,9.62,17.79,0.0
6121,70.0,4.0,27.0,12.12,11.58,7.92,5.54,10.34,6.38,7.33,6.58,8.0,7.67,9.38,1.0
6122,72.0,5.0,11.0,19.75,14.5,12.67,6.21,12.17,7.08,7.67,8.12,8.08,8.87,14.0,0.0
6123,68.0,4.0,11.0,9.83,9.17,9.33,3.67,8.67,4.71,5.75,7.12,4.42,5.71,8.08,1.0
6124,63.0,10.0,28.0,16.42,13.29,15.87,10.34,12.08,8.96,12.04,11.38,11.83,12.96,14.17,0.0
6125,74.0,12.0,17.0,25.12,24.96,13.96,15.12,24.58,15.96,25.46,22.37,18.58,19.08,26.75,0.0
6126,63.0,12.0,23.0,27.37,22.71,18.96,10.58,20.25,14.46,12.08,19.46,12.42,20.58,31.25,0.0
6127,73.0,9.0,5.0,4.54,8.87,5.96,1.96,4.92,3.37,2.83,4.88,3.37,2.25,14.09,1.0
6128,68.0,6.0,25.0,18.75,16.21,18.08,11.58,19.41,10.25,11.75,12.08,11.87,10.63,17.54,0.0
6129,78.0,4.0,18.0,8.12,8.12,8.12,2.29,9.92,4.04,8.12,4.08,5.37,6.25,6.08,1.0
6130,71.0,2.0,18.0,15.75,10.29,12.08,8.0,15.0,7.29,11.71,7.33,12.0,7.54,9.13,1.0
6131,64.0,12.0,11.0,17.58,17.71,17.04,8.71,15.75,12.87,14.0,15.0,11.08,14.21,25.37,0.0
6132,64.0,7.0,6.0,9.5,7.62,6.87,5.25,9.17,5.91,6.42,7.41,6.63,7.75,10.75,1.0
6133,71.0,3.0,11.0,7.0,4.88,6.96,3.79,8.67,4.5,8.92,7.0,10.04,8.38,14.33,0.0
6134,64.0,10.0,27.0,14.12,9.87,8.17,6.92,11.04,7.67,2.54,10.5,6.63,10.58,12.87,0.0
6135,68.0,5.0,30.0,8.5,14.79,5.96,7.71,13.79,8.42,4.63,10.17,6.67,10.13,16.88,1.0
6136,62.0,12.0,18.0,16.33,15.37,10.21,10.71,15.34,10.79,15.92,14.42,13.17,12.54,22.08,0.0
6137,71.0,2.0,26.0,5.54,8.58,5.37,1.71,4.5,1.0,2.54,3.92,2.58,2.13,10.5,1.0
6138,72.0,2.0,29.0,16.13,15.12,12.46,7.46,14.67,9.62,8.58,10.92,10.37,12.71,22.83,0.0
6139,67.0,3.0,2.0,13.42,12.87,11.0,10.29,16.5,15.21,21.92,15.37,16.96,16.79,23.29,0.0
6140,70.0,4.0,5.0,18.0,14.04,12.79,10.17,15.63,10.46,14.25,12.21,14.42,11.83,16.38,0.0
6141,76.0,10.0,14.0,28.08,16.0,26.83,13.88,15.59,12.08,13.83,9.71,12.0,12.42,12.12,0.0
6142,66.0,3.0,29.0,10.17,6.54,7.96,7.08,10.21,7.54,10.92,5.79,8.42,9.67,11.42,0.0
6143,68.0,8.0,26.0,7.46,4.17,19.08,4.79,7.96,5.21,7.46,6.5,6.71,4.96,7.71,1.0
6144,70.0,7.0,25.0,10.46,9.13,10.37,6.54,10.54,7.5,10.34,5.75,9.46,8.12,9.13,1.0
6145,78.0,10.0,12.0,6.0,1.5,8.04,0.79,2.83,3.04,2.13,1.38,3.42,3.54,5.09,1.0
6146,73.0,2.0,28.0,9.21,9.67,6.58,3.0,6.71,4.42,4.58,5.13,7.04,5.33,8.67,1.0
6147,61.0,4.0,30.0,11.67,11.0,9.54,5.54,9.42,5.79,5.09,8.25,6.96,6.25,12.21,1.0
6148,69.0,11.0,10.0,8.38,14.58,8.75,6.04,14.25,9.21,12.87,10.58,9.0,10.37,21.25,0.0
6149,61.0,8.0,13.0,12.96,9.13,8.63,7.75,12.75,8.0,10.92,10.79,10.08,9.92,14.0,1.0
6150,73.0,1.0,21.0,11.58,8.17,7.62,4.63,7.83,5.71,14.71,5.5,10.13,7.71,11.38,0.0
6151,77.0,2.0,15.0,13.7,12.21,11.63,4.75,10.13,10.96,11.5,8.08,9.54,8.54,11.83,1.0
6152,63.0,4.0,17.0,11.04,10.83,9.79,6.83,10.96,7.96,8.0,12.71,8.21,12.08,18.91,1.0
6153,77.0,2.0,28.0,19.67,18.05,19.38,10.46,17.33,15.63,16.71,14.21,14.88,10.96,16.38,0.0
6154,72.0,10.0,28.0,17.04,16.83,14.12,8.04,11.58,9.71,11.96,12.46,11.67,12.54,22.37,0.0
6155,67.0,9.0,6.0,12.79,11.34,8.12,7.71,11.17,8.54,12.75,9.25,11.12,8.96,16.17,0.0
6156,77.0,5.0,31.0,8.0,3.63,12.58,3.21,5.37,4.12,7.58,2.37,5.75,4.29,5.71,1.0
6157,68.0,12.0,28.0,16.96,7.75,18.0,7.79,9.17,5.88,10.46,4.25,9.25,9.08,18.58,0.0
6158,78.0,1.0,21.0,21.54,19.17,15.54,9.42,16.96,11.5,11.08,15.09,12.62,14.42,20.54,0.0
6159,70.0,8.0,18.0,4.96,4.46,9.5,2.5,4.38,1.33,1.21,1.67,1.71,0.67,5.33,1.0
6160,64.0,1.0,1.0,25.8,22.13,18.21,13.25,21.29,14.79,14.12,19.58,13.25,16.75,28.96,0.0
6161,69.0,12.0,13.0,22.67,16.88,16.25,5.21,13.08,10.54,11.34,11.83,9.87,13.21,19.5,0.0
6162,76.0,4.0,9.0,5.96,2.17,5.13,2.08,3.79,1.33,6.0,3.33,5.79,5.17,9.79,1.0
6163,68.0,8.0,5.0,4.79,2.88,14.17,4.75,4.21,3.42,6.13,2.92,5.29,2.42,8.0,1.0
6164,61.0,5.0,2.0,19.04,14.83,14.92,8.67,15.63,11.63,10.46,9.75,11.21,10.71,12.96,1.0
6165,66.0,2.0,26.0,27.63,19.29,24.21,15.37,19.46,16.04,22.95,18.66,16.04,22.5,24.67,0.0
6166,61.0,3.0,29.0,18.25,16.29,14.96,12.0,18.34,14.33,16.62,13.37,17.54,14.21,18.63,0.0
6167,63.0,5.0,13.0,20.62,18.91,17.04,12.75,24.67,18.34,20.33,21.54,17.62,20.38,26.42,0.0
6168,76.0,11.0,24.0,7.75,2.96,6.25,1.79,4.29,6.83,11.21,5.13,6.0,7.21,13.96,0.0
6169,69.0,10.0,25.0,7.83,8.54,8.17,6.04,14.37,9.5,12.54,13.13,13.13,8.46,17.16,0.0
6170,64.0,1.0,16.0,19.46,20.58,15.79,9.38,15.41,10.5,11.34,13.25,7.87,12.17,14.67,0.0
6171,74.0,11.0,16.0,4.33,4.25,5.91,1.58,6.21,4.0,9.62,7.33,8.54,7.58,13.88,0.0
6172,74.0,8.0,15.0,19.55,16.46,16.79,9.87,13.59,11.29,14.25,19.41,13.42,12.54,23.25,0.0
6173,61.0,2.0,18.0,12.08,12.38,12.67,6.04,10.71,9.08,10.88,12.38,10.0,11.34,18.58,1.0
6174,65.0,3.0,9.0,17.0,20.75,14.88,10.58,18.38,11.34,9.33,12.79,9.54,13.29,13.75,1.0
6175,71.0,8.0,28.0,18.29,13.92,15.75,6.96,12.79,7.08,10.79,5.71,9.54,5.83,11.71,0.0
6176,78.0,7.0,21.0,9.71,10.54,8.67,3.96,7.5,6.17,4.67,7.83,6.87,5.33,15.59,1.0
6177,68.0,5.0,26.0,8.63,7.5,7.83,4.38,5.83,2.79,3.67,3.0,1.5,2.75,8.25,1.0
6178,72.0,7.0,24.0,6.92,3.96,5.09,2.46,6.38,1.38,5.46,5.0,4.42,4.08,11.83,1.0
6179,65.0,7.0,18.0,13.59,10.13,12.42,8.29,11.17,7.25,10.46,8.87,9.59,11.38,12.54,0.0
6180,76.0,4.0,10.0,11.5,11.67,11.17,5.33,8.54,7.46,10.34,15.87,13.08,12.87,27.0,0.0
6181,72.0,1.0,11.0,13.29,12.17,13.29,4.96,8.83,6.67,11.34,6.08,8.17,9.38,16.04,0.0
6182,67.0,6.0,6.0,14.96,11.42,15.92,9.42,17.37,11.34,16.38,13.29,12.87,13.25,17.54,0.0
6183,71.0,11.0,21.0,23.58,20.62,21.5,15.63,18.84,14.5,20.33,12.96,16.54,16.92,24.58,0.0
6184,65.0,6.0,8.0,8.54,7.83,7.12,5.09,6.96,3.54,4.42,5.71,5.41,5.46,6.5,1.0
6185,72.0,3.0,20.0,5.88,3.92,10.58,3.58,4.33,0.54,4.12,1.83,3.0,1.87,2.96,1.0
6186,72.0,6.0,6.0,10.21,7.08,10.83,5.79,6.67,3.46,6.92,4.12,4.29,3.92,7.41,1.0
6187,75.0,5.0,11.0,11.42,9.04,9.17,3.58,7.0,3.33,5.33,5.17,5.83,5.88,10.37,1.0
6188,71.0,3.0,26.0,11.17,8.92,7.87,6.13,9.54,5.29,10.92,4.71,11.5,8.0,7.67,0.0
6189,67.0,3.0,18.0,21.21,8.75,10.54,11.63,13.42,11.58,17.08,12.67,13.29,11.71,15.71,0.0
6190,75.0,2.0,20.0,9.67,7.5,16.08,4.58,5.17,1.67,6.0,1.63,4.33,1.13,6.25,1.0
6191,69.0,6.0,15.0,15.34,15.71,11.92,8.96,12.46,12.54,10.46,8.04,10.54,11.75,11.96,0.0
6192,73.0,2.0,22.0,19.5,16.54,11.04,11.75,17.41,10.46,17.83,14.42,18.29,13.88,21.59,0.0
6193,63.0,10.0,15.0,15.0,15.37,15.04,8.54,13.0,12.0,11.67,13.46,10.83,13.54,21.25,0.0
6194,64.0,6.0,23.0,8.0,4.88,5.71,6.0,7.67,3.96,4.63,4.12,5.54,6.42,6.96,1.0
6195,74.0,6.0,15.0,8.08,8.04,13.04,4.33,6.58,2.67,3.29,5.88,4.21,4.0,5.83,1.0
6196,77.0,2.0,16.0,5.58,8.54,6.25,1.13,6.67,6.87,5.91,4.5,6.0,5.79,11.08,1.0
6197,75.0,10.0,20.0,22.0,24.41,18.21,9.67,23.13,13.7,16.04,15.87,15.34,15.37,24.04,0.0
6198,73.0,7.0,23.0,5.29,2.83,4.67,3.67,6.0,4.0,7.0,4.38,7.12,5.29,8.17,1.0
6199,78.0,3.0,26.0,15.54,17.62,14.46,8.5,14.21,10.41,15.92,14.29,13.59,10.83,17.37,0.0
6200,63.0,1.0,16.0,11.54,9.71,11.38,5.41,8.21,8.21,12.58,10.58,8.83,11.04,12.54,0.0
6201,67.0,4.0,22.0,11.54,11.29,9.59,6.87,12.54,8.38,10.88,9.59,9.08,10.83,15.0,1.0
6202,76.0,4.0,11.0,16.88,14.5,16.71,8.21,10.13,5.88,11.34,7.5,9.79,7.96,13.75,1.0
6203,67.0,4.0,15.0,10.37,5.91,5.21,4.54,8.46,2.75,9.38,4.33,6.13,6.38,8.87,1.0
6204,65.0,10.0,24.0,14.54,15.25,10.08,5.41,13.13,9.87,6.83,9.29,5.25,7.58,11.63,1.0
6205,64.0,9.0,14.0,17.67,13.46,14.04,8.29,15.12,9.96,9.42,11.21,11.71,13.54,17.96,0.0
6206,74.0,11.0,25.0,12.67,13.17,11.08,7.29,14.29,7.96,17.79,10.54,13.25,13.25,16.66,0.0
6207,74.0,7.0,11.0,11.25,9.67,10.37,7.0,13.29,7.87,10.67,12.0,9.96,10.46,16.08,0.0
6208,62.0,5.0,17.0,14.0,14.0,11.5,11.25,17.33,12.17,18.05,13.13,13.59,12.87,17.88,0.0
6209,65.0,12.0,11.0,10.96,10.75,7.92,6.08,10.63,7.08,11.54,6.25,9.42,11.0,11.04,1.0
6210,76.0,7.0,26.0,6.21,5.41,7.41,4.0,3.71,2.08,5.09,3.08,6.5,6.13,6.67,1.0
6211,77.0,1.0,3.0,13.21,16.66,9.25,1.71,9.46,8.17,7.87,8.96,7.75,7.21,22.25,0.0
6212,73.0,6.0,14.0,7.12,13.25,9.0,5.54,7.96,6.29,5.37,7.41,5.46,5.75,18.05,1.0
6213,66.0,8.0,29.0,11.42,7.83,11.71,8.29,11.96,9.04,10.25,12.25,9.38,10.13,14.04,0.0
6214,75.0,7.0,2.0,4.96,4.54,3.5,2.29,4.46,3.54,4.79,4.25,4.5,2.08,5.91,1.0
6215,72.0,5.0,24.0,22.67,21.46,18.08,10.04,20.54,12.12,13.33,17.88,15.21,15.92,27.16,0.0
6216,63.0,10.0,6.0,12.75,11.87,8.63,6.54,14.04,9.42,8.71,10.21,8.83,5.66,14.12,1.0
6217,77.0,2.0,1.0,11.83,9.71,11.0,4.25,8.58,8.71,6.17,5.66,8.29,7.58,11.71,0.0
6218,65.0,8.0,17.0,7.75,11.17,8.83,4.58,9.21,6.46,7.87,10.34,5.5,10.17,17.41,1.0
6219,78.0,10.0,10.0,12.58,9.75,11.29,3.63,10.29,7.62,6.34,10.46,9.46,8.5,18.75,0.0
6220,63.0,5.0,17.0,9.59,8.21,9.92,7.08,13.13,10.0,13.96,11.08,13.0,12.58,16.04,0.0
6221,71.0,7.0,31.0,12.38,7.58,10.54,4.67,9.67,5.5,7.96,6.0,7.12,3.17,7.67,1.0
6222,78.0,7.0,10.0,4.12,4.29,4.58,1.96,3.88,3.29,3.88,2.83,3.17,2.79,4.71,1.0
6223,63.0,5.0,27.0,8.21,2.92,10.04,3.71,3.42,1.87,5.13,1.71,3.17,2.67,5.83,1.0
6224,69.0,11.0,19.0,11.79,15.0,12.38,9.04,14.25,12.08,19.25,16.62,16.38,14.96,22.54,0.0
6225,70.0,5.0,25.0,9.92,9.21,8.58,7.54,13.62,10.29,14.17,11.29,13.04,10.96,17.0,0.0
6226,67.0,3.0,28.0,15.16,10.13,11.17,12.29,14.0,11.0,18.16,9.5,13.75,11.38,17.71,0.0
6227,75.0,7.0,19.0,11.79,12.58,12.0,5.04,8.42,6.67,8.54,11.21,10.63,8.79,16.21,1.0
6228,63.0,3.0,8.0,24.33,20.79,23.5,18.12,22.04,19.12,17.5,18.29,16.21,21.34,19.21,0.0
6229,73.0,1.0,13.0,12.71,2.67,13.42,5.46,7.33,6.63,10.0,4.25,8.5,7.62,4.83,1.0
6230,69.0,2.0,28.0,10.5,10.83,16.33,7.17,11.38,4.75,12.46,7.75,7.62,9.59,9.0,0.0
6231,64.0,6.0,21.0,12.29,7.21,7.87,6.83,10.58,6.63,8.96,7.58,8.12,9.79,9.38,1.0
6232,61.0,7.0,8.0,11.21,7.58,7.83,7.87,14.42,8.38,14.04,10.96,11.63,9.33,11.83,0.0
6233,74.0,7.0,14.0,15.25,12.08,10.83,5.29,10.08,6.13,7.62,9.54,7.71,6.75,14.29,1.0
6234,65.0,5.0,20.0,10.58,13.67,9.67,8.17,13.04,10.04,7.17,9.75,6.75,9.96,20.41,1.0
6235,74.0,5.0,24.0,14.75,15.83,26.2,10.17,11.75,7.54,11.38,13.7,8.83,10.46,19.5,0.0
6236,67.0,12.0,15.0,7.5,6.63,9.54,5.63,9.62,8.08,16.21,9.5,11.71,11.04,15.67,0.0
6237,77.0,7.0,30.0,10.88,7.04,5.17,4.25,7.54,6.17,7.41,4.29,6.87,7.71,8.12,1.0
6238,69.0,4.0,15.0,18.16,12.38,11.54,11.83,17.0,9.75,17.16,11.75,16.5,12.08,14.04,0.0
6239,70.0,12.0,17.0,7.21,8.25,7.17,3.0,9.79,6.42,7.62,8.17,8.17,9.42,17.41,0.0
6240,77.0,3.0,20.0,16.79,11.83,25.04,8.5,11.83,10.41,17.41,9.21,9.79,10.83,15.75,0.0
6241,62.0,12.0,25.0,8.0,2.58,8.75,1.79,1.0,0.75,7.0,0.75,2.33,3.67,6.96,1.0
6242,74.0,4.0,12.0,9.79,7.75,10.46,4.96,11.42,8.12,11.92,15.41,12.29,8.54,13.08,0.0
6243,73.0,1.0,14.0,22.0,21.71,18.05,11.08,17.16,13.17,12.96,10.79,11.87,11.46,16.08,0.0
6244,63.0,10.0,26.0,16.46,17.96,12.79,8.54,16.0,9.87,11.21,11.29,8.25,9.79,14.12,1.0
6245,73.0,5.0,8.0,15.75,12.54,8.75,8.38,14.37,10.37,12.87,12.08,12.21,9.79,14.71,0.0
6246,75.0,2.0,15.0,9.17,7.17,9.21,3.33,9.42,5.54,6.96,7.04,8.38,6.5,9.92,1.0
6247,62.0,1.0,3.0,7.75,4.46,6.04,3.17,3.58,0.42,4.58,0.0,3.08,0.92,0.58,1.0
6248,63.0,9.0,10.0,7.41,7.67,5.54,1.58,4.83,0.67,3.71,2.67,2.37,1.83,3.5,1.0
6249,71.0,2.0,4.0,7.04,1.21,10.21,3.04,5.41,0.83,3.5,2.0,4.08,2.29,3.79,1.0
6250,67.0,1.0,7.0,12.12,13.54,12.87,6.13,9.87,6.13,8.63,7.71,7.75,8.25,15.79,0.0
6251,76.0,12.0,1.0,13.46,16.42,9.21,4.54,10.75,8.67,10.88,4.83,8.79,5.91,8.83,1.0
6252,62.0,11.0,30.0,12.83,10.0,5.79,1.0,9.38,5.29,4.71,4.38,2.37,3.63,7.79,1.0
6253,66.0,9.0,28.0,7.83,1.38,8.12,1.17,7.62,2.83,3.88,0.67,1.13,2.92,5.54,1.0
6254,70.0,3.0,28.0,17.71,9.75,13.04,10.08,12.92,8.75,13.46,9.87,12.17,10.79,14.17,0.0
6255,70.0,10.0,10.0,4.38,2.37,5.33,1.25,3.08,3.54,3.25,5.75,4.46,4.42,10.63,1.0
6256,65.0,4.0,17.0,23.54,19.38,20.58,18.34,25.37,19.55,27.08,21.25,23.58,20.91,24.08,0.0
6257,76.0,12.0,29.0,23.83,16.38,17.16,7.25,13.08,12.38,12.33,11.71,13.83,16.04,13.37,0.0
6258,76.0,8.0,23.0,9.75,6.58,6.79,3.37,2.5,5.09,5.79,4.92,9.59,5.75,5.25,1.0
6259,66.0,7.0,11.0,11.42,7.5,12.04,6.54,8.79,5.83,7.58,6.58,7.92,6.54,12.04,1.0
6260,71.0,9.0,14.0,3.21,5.63,3.29,0.87,3.17,2.0,4.25,1.67,1.58,0.79,10.5,1.0
6261,67.0,3.0,20.0,8.5,8.25,9.42,6.46,13.37,9.87,17.21,10.46,14.25,12.5,19.0,0.0
6262,72.0,12.0,22.0,5.91,9.0,4.75,2.17,6.08,3.79,2.62,5.46,4.54,4.17,14.88,1.0
6263,72.0,3.0,23.0,5.58,4.21,8.63,3.21,4.79,1.17,3.88,2.04,3.58,2.96,6.79,1.0
6264,76.0,6.0,17.0,12.79,7.75,8.25,4.04,5.5,4.46,7.0,5.71,7.75,5.37,13.37,1.0
6265,74.0,7.0,30.0,12.87,13.46,13.42,5.21,12.17,6.5,6.0,5.13,8.0,2.04,7.38,1.0
6266,68.0,12.0,20.0,15.75,8.87,13.08,5.54,6.92,3.88,7.5,2.04,6.04,5.66,9.29,0.0
6267,62.0,2.0,23.0,17.5,7.62,19.58,6.96,12.12,8.67,20.21,10.25,13.83,9.54,15.29,1.0
6268,67.0,8.0,7.0,16.25,9.54,12.96,9.29,15.75,14.71,11.63,14.25,11.58,10.37,12.96,0.0
6269,61.0,6.0,4.0,8.5,6.42,7.25,4.67,7.79,5.17,6.21,9.87,7.29,8.33,17.0,1.0
6270,65.0,10.0,21.0,17.25,14.88,16.04,10.34,16.38,12.33,11.87,12.75,9.59,11.38,14.54,0.0
6271,72.0,9.0,8.0,10.54,10.71,19.62,3.42,5.13,2.58,6.17,2.54,3.58,2.58,6.54,1.0
6272,65.0,3.0,19.0,7.5,7.58,6.79,3.54,7.0,2.79,7.12,3.75,4.96,7.92,6.46,1.0
6273,73.0,5.0,17.0,21.79,17.88,17.83,11.58,17.37,14.5,14.29,18.5,15.63,16.92,16.79,0.0
6274,72.0,7.0,23.0,4.42,3.92,5.0,2.37,5.75,1.75,4.29,2.13,4.0,1.46,3.33,1.0
6275,77.0,11.0,10.0,23.91,23.79,20.04,13.46,15.34,13.96,17.79,22.5,15.71,19.12,33.34,0.0
6276,65.0,11.0,22.0,12.04,3.29,14.42,6.17,4.08,3.04,10.67,4.58,6.67,9.08,8.42,0.0
6277,76.0,10.0,11.0,17.16,14.71,10.67,5.5,11.96,7.92,5.29,9.79,9.38,8.38,13.17,1.0
6278,78.0,3.0,25.0,18.21,19.95,14.37,11.12,18.88,12.29,17.25,13.83,14.83,11.71,19.58,0.0
6279,64.0,6.0,15.0,11.0,10.21,9.25,7.92,14.17,9.87,15.37,12.17,12.33,14.46,17.21,0.0
6280,75.0,1.0,15.0,18.05,11.58,16.5,10.58,12.96,7.83,10.83,9.08,12.67,10.17,12.96,0.0
6281,74.0,11.0,3.0,19.95,15.04,14.09,11.12,16.17,9.38,12.71,10.41,11.21,8.38,12.54,1.0
6282,71.0,8.0,14.0,12.04,9.08,15.59,6.79,10.92,8.08,13.08,11.38,11.08,12.92,19.41,0.0
6283,74.0,7.0,19.0,6.96,4.29,7.41,5.17,11.75,7.04,13.17,9.21,9.17,8.63,14.96,0.0
6284,73.0,10.0,1.0,10.08,8.38,8.21,3.42,6.08,2.46,6.21,4.46,4.33,5.46,8.08,1.0
6285,68.0,3.0,27.0,17.37,20.67,17.71,9.92,16.58,12.33,19.79,21.62,12.87,23.29,32.21,0.0
6286,66.0,8.0,1.0,6.54,7.29,8.33,3.83,4.79,2.17,5.41,1.67,4.88,5.96,5.09,1.0
6287,72.0,4.0,10.0,21.54,22.29,15.12,14.33,26.58,15.59,18.16,21.04,17.96,12.83,25.5,0.0
6288,72.0,1.0,4.0,8.46,0.87,5.41,2.04,4.79,0.29,2.62,0.92,1.63,1.96,4.38,1.0
6289,66.0,8.0,24.0,4.0,10.46,3.58,2.58,7.67,3.13,5.09,1.79,2.08,4.38,8.54,1.0
6290,63.0,11.0,7.0,11.79,7.67,7.75,4.92,9.17,4.38,7.62,4.5,4.5,4.12,6.25,1.0
6291,78.0,3.0,13.0,21.04,19.0,17.75,9.71,12.67,10.71,11.79,13.0,12.92,11.17,14.37,0.0
6292,73.0,5.0,7.0,22.46,17.08,13.5,11.5,14.83,11.92,12.38,12.17,13.92,13.79,16.17,0.0
6293,61.0,10.0,6.0,16.04,16.96,17.83,9.79,9.75,9.71,12.96,9.5,8.67,11.96,9.96,1.0
6294,78.0,4.0,6.0,8.58,6.04,18.38,4.38,6.25,6.42,7.58,5.33,7.04,2.96,6.17,1.0
6295,75.0,1.0,11.0,22.13,18.12,19.0,11.12,15.67,10.04,17.41,14.42,16.42,13.37,24.92,0.0
6296,64.0,2.0,16.0,12.54,9.17,18.54,7.54,10.54,7.5,12.96,9.54,6.42,10.92,8.71,0.0
6297,71.0,1.0,24.0,22.29,18.54,18.66,11.12,18.29,13.42,21.17,14.54,16.29,17.67,20.08,0.0
6298,63.0,3.0,29.0,7.54,8.87,5.33,5.0,10.96,6.13,8.67,8.12,5.41,4.83,9.71,1.0
6299,69.0,9.0,29.0,4.0,2.37,8.21,1.29,5.17,1.79,5.75,4.29,4.08,4.83,11.08,0.0
6300,71.0,1.0,22.0,16.88,12.83,12.46,7.04,11.92,7.96,10.0,8.87,10.5,8.54,15.09,1.0
6301,68.0,11.0,13.0,11.46,7.58,19.0,8.46,11.5,13.13,16.33,11.63,10.25,11.5,13.33,0.0
6302,63.0,11.0,20.0,10.75,8.71,10.96,3.58,8.38,3.46,7.17,5.96,5.71,7.21,13.96,1.0
6303,64.0,6.0,8.0,12.46,12.83,10.34,7.92,12.46,8.75,10.71,9.54,9.13,10.71,14.04,1.0
6304,72.0,10.0,17.0,8.79,5.91,14.83,4.92,7.29,3.58,10.5,7.38,7.04,3.04,6.25,1.0
6305,66.0,6.0,17.0,12.79,10.71,11.58,7.29,6.83,7.04,8.63,8.54,7.38,10.34,16.0,1.0
6306,69.0,10.0,7.0,10.67,11.04,14.12,5.88,12.67,9.08,10.79,12.54,10.29,12.75,21.75,0.0
6307,68.0,2.0,8.0,6.5,3.42,5.83,3.0,3.5,0.46,1.75,2.37,0.71,1.38,7.38,0.0
6308,64.0,4.0,3.0,13.17,12.38,24.75,9.92,10.34,8.29,11.83,9.62,7.71,11.92,13.42,0.0
6309,77.0,8.0,1.0,4.33,2.96,4.42,2.33,0.96,1.08,4.96,1.87,2.33,2.04,10.5,1.0
6310,72.0,5.0,9.0,21.71,14.04,17.79,7.87,15.04,8.83,10.0,10.25,11.25,10.21,16.83,0.0
6311,69.0,12.0,11.0,6.71,3.37,8.33,0.25,4.29,3.33,5.66,1.79,1.54,1.96,7.83,1.0
6312,72.0,11.0,1.0,4.79,8.38,8.25,2.33,5.63,7.17,9.25,11.21,8.63,9.59,17.75,0.0
6313,66.0,5.0,29.0,15.12,14.46,12.42,5.46,9.38,8.33,5.66,7.67,7.25,8.46,9.08,1.0
6314,75.0,8.0,1.0,8.12,5.29,16.38,2.96,4.29,0.83,2.71,2.58,3.37,1.63,3.71,1.0
6315,73.0,7.0,3.0,11.21,8.75,11.5,8.08,6.0,6.13,9.38,7.5,6.58,7.54,13.75,0.0
6316,66.0,1.0,30.0,11.79,11.08,14.5,8.38,13.92,9.79,14.33,9.04,10.37,15.59,15.37,0.0
6317,77.0,6.0,26.0,9.79,6.92,9.38,4.38,9.38,7.79,9.75,5.04,9.25,7.12,12.12,1.0
6318,61.0,11.0,4.0,5.88,3.96,6.54,3.79,6.0,4.33,8.5,4.21,5.71,7.67,10.29,1.0
6319,64.0,10.0,4.0,12.21,15.92,12.08,6.83,15.83,8.58,6.87,12.79,7.79,10.17,15.5,1.0
6320,63.0,8.0,2.0,7.58,7.46,18.25,6.08,9.62,5.0,4.08,8.17,5.41,5.66,11.42,1.0
6321,76.0,5.0,19.0,12.21,11.83,7.67,3.63,7.58,3.08,7.08,2.62,5.09,3.54,6.13,1.0
6322,78.0,8.0,24.0,3.88,2.37,4.79,1.67,2.5,1.67,1.33,2.46,4.21,3.17,8.67,0.0
6323,69.0,11.0,25.0,13.33,5.83,17.04,4.67,6.0,3.21,9.5,5.17,6.87,8.12,10.67,0.0
6324,71.0,12.0,26.0,15.12,12.75,17.04,7.79,11.17,8.21,11.04,9.25,8.83,7.08,12.04,1.0
6325,77.0,6.0,24.0,13.5,11.71,10.79,4.12,10.41,8.17,6.04,4.5,5.54,4.12,9.38,1.0
6326,75.0,1.0,9.0,14.71,14.79,12.25,6.29,12.29,8.5,14.25,15.71,13.5,12.29,19.87,0.0
6327,71.0,9.0,26.0,16.29,17.16,11.54,7.79,16.66,10.13,8.71,8.38,8.42,7.21,12.54,1.0
6328,73.0,10.0,14.0,13.17,10.34,8.5,2.42,7.62,4.5,2.58,10.04,5.17,6.13,12.0,0.0
6329,75.0,10.0,29.0,15.63,18.08,13.83,7.92,14.0,10.63,9.46,9.92,12.79,8.29,11.46,1.0
6330,76.0,4.0,16.0,6.5,2.67,4.79,1.5,5.5,0.58,6.46,2.54,5.91,4.17,11.17,0.0
6331,76.0,1.0,16.0,1.63,4.33,4.29,0.21,1.17,0.96,8.25,1.17,5.17,4.46,6.38,1.0
6332,75.0,10.0,30.0,19.92,17.96,17.21,9.5,14.29,9.79,11.42,12.75,13.37,12.92,19.04,0.0
6333,65.0,5.0,19.0,6.83,5.25,8.42,2.58,7.12,3.33,4.08,4.79,3.04,4.58,10.0,1.0
6334,68.0,11.0,28.0,12.17,8.04,8.58,2.42,4.58,3.92,5.09,7.96,5.63,6.83,12.5,1.0
6335,78.0,12.0,3.0,21.21,21.34,17.75,11.58,16.75,14.46,17.46,15.29,15.79,17.5,21.42,0.0
6336,68.0,3.0,2.0,10.54,8.29,6.5,4.71,6.25,2.88,7.08,4.17,5.04,6.96,8.54,1.0
6337,68.0,1.0,11.0,5.04,4.71,5.37,0.75,7.5,1.79,4.42,4.38,0.71,1.96,6.29,1.0
6338,78.0,4.0,2.0,8.21,6.04,3.58,2.29,4.25,2.17,4.71,5.75,5.96,4.71,8.71,1.0
6339,74.0,7.0,23.0,9.29,9.08,9.17,5.29,8.83,5.58,10.08,7.87,8.0,5.63,12.17,0.0
6340,71.0,7.0,21.0,10.37,10.92,7.67,3.63,9.83,3.08,4.5,2.08,2.71,1.33,5.83,1.0
6341,68.0,3.0,29.0,15.59,13.04,7.58,6.0,10.46,5.37,6.38,8.04,5.66,8.5,12.33,1.0
6342,70.0,1.0,8.0,22.92,20.75,24.08,10.34,17.96,17.29,19.08,15.54,14.17,11.46,17.12,0.0
6343,70.0,12.0,8.0,6.38,1.25,9.25,1.29,1.58,0.46,3.46,0.04,0.37,0.63,3.67,1.0
6344,77.0,10.0,6.0,17.25,18.08,21.0,8.75,11.75,8.17,14.96,12.0,10.63,10.08,19.79,0.0
6345,73.0,8.0,31.0,15.29,15.71,15.71,7.87,19.0,11.87,15.41,15.0,14.29,14.54,24.25,0.0
6346,69.0,8.0,30.0,8.83,4.88,5.66,3.17,6.29,2.96,5.21,4.38,4.5,7.33,4.54,1.0
6347,68.0,12.0,12.0,15.59,13.96,14.75,9.67,12.12,10.25,7.5,11.08,11.96,14.09,18.16,0.0
6348,61.0,9.0,13.0,16.71,13.96,15.21,9.67,14.62,10.25,11.75,13.42,9.71,13.0,21.37,0.0
6349,67.0,6.0,13.0,4.75,8.25,2.37,1.5,7.29,3.75,2.75,5.46,3.17,3.25,6.42,1.0
6350,75.0,4.0,12.0,6.96,3.33,6.79,4.92,7.58,5.91,10.29,6.79,9.42,7.67,9.59,1.0
6351,63.0,1.0,12.0,10.04,10.34,8.54,2.08,4.54,1.25,3.96,2.25,2.29,1.58,2.62,1.0
6352,67.0,1.0,28.0,20.33,19.7,14.29,10.88,15.41,8.83,9.25,11.79,8.38,15.16,22.58,0.0
6353,64.0,4.0,23.0,11.92,8.0,7.54,7.96,12.21,7.41,9.79,7.17,6.34,7.29,9.17,1.0
6354,75.0,11.0,4.0,17.92,13.79,13.92,5.33,12.83,8.46,12.5,11.29,12.42,12.29,19.04,0.0
6355,73.0,3.0,28.0,12.04,9.46,11.87,5.83,9.04,5.83,9.79,7.83,7.87,7.04,12.08,0.0
6356,64.0,1.0,17.0,16.25,17.75,15.59,9.13,15.83,10.29,12.25,10.54,6.54,8.58,16.38,1.0
6357,77.0,10.0,2.0,7.41,5.46,7.62,2.92,6.75,5.33,10.79,6.17,7.83,7.0,9.75,0.0
6358,63.0,2.0,8.0,11.87,12.17,13.13,8.54,11.71,9.71,10.37,8.63,6.34,5.66,12.25,1.0
6359,77.0,8.0,14.0,7.58,6.67,6.96,5.46,7.5,8.63,7.87,5.33,7.17,5.83,9.75,1.0
6360,65.0,10.0,29.0,18.25,18.54,14.79,9.5,15.54,11.58,15.12,15.59,11.0,16.17,23.21,0.0
6361,68.0,10.0,6.0,2.37,5.46,4.54,0.92,2.08,0.33,4.46,0.33,0.92,1.87,3.13,1.0
6362,78.0,3.0,6.0,15.0,16.21,13.04,9.71,13.29,10.67,8.58,12.83,12.79,10.34,18.0,0.0
6363,68.0,2.0,4.0,21.75,22.08,15.67,11.67,17.46,11.54,15.04,14.33,14.25,15.29,22.54,0.0
6364,66.0,11.0,14.0,12.08,13.08,7.96,6.13,13.88,8.38,12.12,8.71,9.92,10.63,17.62,0.0
6365,65.0,8.0,8.0,5.0,3.37,7.21,3.04,5.46,2.58,3.58,2.08,2.17,2.25,5.96,1.0
6366,77.0,6.0,6.0,20.62,18.71,14.71,9.83,18.46,13.04,14.67,13.29,12.87,12.71,21.34,0.0
6367,62.0,4.0,20.0,8.58,8.83,8.79,4.21,8.92,5.71,6.17,8.21,5.58,7.41,14.37,1.0
6368,78.0,12.0,11.0,20.25,19.17,17.83,11.63,17.79,13.37,14.83,13.88,15.54,16.29,18.34,0.0
6369,76.0,4.0,17.0,4.92,3.96,5.13,1.54,5.46,3.33,9.42,4.96,8.5,6.83,12.79,0.0
6370,75.0,8.0,16.0,8.46,4.92,10.13,4.92,6.17,5.17,9.54,7.58,8.0,8.12,8.5,1.0
6371,70.0,10.0,18.0,9.79,11.29,8.29,7.96,16.29,11.54,19.62,14.29,18.91,14.92,23.71,0.0
6372,72.0,5.0,4.0,17.41,11.71,20.3,8.92,9.59,4.88,9.83,9.54,8.0,10.41,12.04,1.0
6373,73.0,4.0,9.0,11.46,7.08,10.34,6.21,7.41,3.46,8.0,4.38,5.66,3.63,8.63,1.0
6374,78.0,2.0,8.0,10.29,6.83,13.17,3.04,9.17,2.79,9.38,8.0,7.38,4.46,4.71,1.0
6375,73.0,4.0,1.0,17.41,17.08,13.59,8.04,12.0,10.04,12.42,10.88,11.63,10.83,14.58,0.0
6376,67.0,9.0,8.0,3.92,5.21,4.71,1.58,1.29,0.54,4.54,3.42,2.29,1.87,11.04,1.0
6377,62.0,7.0,7.0,6.38,8.92,6.96,4.0,5.29,3.54,3.13,4.21,2.17,4.38,10.71,1.0
6378,72.0,11.0,28.0,13.08,17.0,9.62,6.21,11.5,8.79,15.0,10.21,11.17,11.83,18.79,0.0
6379,78.0,4.0,5.0,10.21,6.25,26.54,5.96,8.79,8.12,9.5,6.83,9.33,5.37,8.58,1.0
6380,77.0,7.0,22.0,8.04,10.37,9.67,4.25,9.96,8.29,13.21,9.08,10.04,9.59,16.58,1.0
6381,63.0,6.0,17.0,10.25,10.58,11.83,5.83,8.75,4.92,5.88,8.87,4.46,7.71,13.0,1.0
6382,62.0,11.0,16.0,14.83,13.75,10.75,5.25,11.12,8.5,10.41,8.12,8.79,10.29,15.67,1.0
6383,69.0,10.0,8.0,20.08,21.29,18.5,12.12,18.54,11.83,14.0,15.29,10.92,13.25,19.5,0.0
6384,78.0,6.0,12.0,7.0,6.63,13.54,6.0,7.41,7.25,6.58,7.67,7.79,8.12,10.58,1.0
6385,69.0,11.0,20.0,10.58,14.67,8.5,4.21,11.75,7.17,11.96,8.54,9.17,8.96,13.67,0.0
6386,61.0,3.0,25.0,9.67,11.63,10.41,5.58,10.58,9.92,10.75,13.04,11.92,14.5,21.34,0.0
6387,61.0,4.0,27.0,4.08,7.04,7.92,3.83,3.88,3.13,6.25,3.17,5.41,4.71,7.29,1.0
6388,77.0,9.0,20.0,9.38,7.33,10.37,2.96,5.37,4.79,7.5,2.83,4.96,4.21,7.29,1.0
6389,74.0,2.0,24.0,1.54,7.25,2.37,1.63,4.0,1.13,2.13,6.17,3.29,5.5,11.08,1.0
6390,61.0,12.0,11.0,21.34,16.38,19.0,13.62,20.0,14.83,25.62,14.5,17.25,17.41,22.83,0.0
6391,61.0,10.0,5.0,9.75,3.63,8.71,2.83,5.91,3.04,5.63,3.96,4.0,6.17,4.79,1.0
6392,66.0,1.0,17.0,11.21,9.59,8.75,1.92,6.21,2.17,2.79,4.12,1.71,3.0,7.71,1.0
6393,71.0,5.0,4.0,12.33,13.42,7.08,5.21,11.58,7.46,5.41,6.71,8.96,10.0,11.67,1.0
6394,68.0,5.0,19.0,6.04,3.92,7.04,1.79,6.13,2.0,3.33,6.04,1.75,5.41,9.96,1.0
6395,61.0,7.0,15.0,16.92,14.5,8.0,7.62,12.21,7.92,10.25,10.96,8.92,10.17,14.09,1.0
6396,63.0,11.0,24.0,26.5,21.29,21.92,16.46,20.08,15.21,14.62,17.21,15.41,17.33,20.33,0.0
6397,73.0,12.0,25.0,3.0,4.83,7.71,1.42,8.08,4.92,11.17,7.96,9.67,9.38,11.71,0.0
6398,72.0,4.0,5.0,18.12,17.29,17.16,11.54,20.12,13.46,19.29,14.62,17.46,14.83,22.54,0.0
6399,73.0,4.0,11.0,19.21,15.37,11.75,9.87,10.58,9.83,10.04,11.42,10.63,11.75,13.96,0.0
6400,77.0,4.0,14.0,14.79,8.54,10.46,6.83,10.88,8.96,14.12,6.25,9.29,11.34,10.58,0.0
6401,66.0,3.0,21.0,7.54,9.04,5.21,3.5,10.83,6.83,9.96,6.17,7.38,9.71,11.58,1.0
6402,69.0,12.0,10.0,13.13,9.59,10.04,3.46,8.29,7.54,7.5,6.38,8.42,9.54,12.33,1.0
6403,61.0,10.0,4.0,3.13,4.42,6.13,1.46,3.79,1.04,3.5,1.87,1.42,2.42,4.92,1.0
6404,70.0,7.0,10.0,11.83,9.17,10.79,6.34,12.75,9.62,10.79,9.13,12.25,8.29,16.17,0.0
6405,77.0,9.0,16.0,12.04,5.21,11.25,3.63,7.71,8.12,13.46,7.41,9.33,6.96,10.71,0.0
6406,72.0,3.0,15.0,1.46,6.67,2.92,1.08,4.5,1.67,3.29,2.17,1.87,2.0,9.59,1.0
6407,71.0,5.0,17.0,12.04,8.96,8.67,5.66,9.92,5.79,7.38,7.46,9.92,9.13,13.21,1.0
6408,75.0,1.0,5.0,11.92,12.25,12.17,5.75,14.92,10.5,21.59,13.13,16.38,14.58,22.13,0.0
6409,65.0,1.0,19.0,12.71,11.46,11.54,6.71,10.63,7.75,10.63,8.67,7.5,8.79,12.0,1.0
6410,61.0,1.0,16.0,16.42,11.25,15.67,4.71,11.34,6.92,9.25,8.79,8.21,7.33,13.04,1.0
6411,68.0,10.0,29.0,16.33,13.62,12.58,6.96,12.21,6.79,9.04,10.0,9.38,10.13,16.25,0.0
6412,76.0,7.0,12.0,8.17,9.25,7.46,6.34,8.29,5.83,5.75,6.75,8.71,6.5,10.83,1.0
6413,77.0,7.0,29.0,8.75,3.96,6.87,3.92,4.42,4.79,7.38,2.04,4.54,4.08,9.96,1.0
6414,63.0,2.0,5.0,12.62,11.46,28.75,13.13,12.58,12.83,22.0,15.29,15.41,17.41,16.79,0.0
6415,62.0,2.0,17.0,12.87,4.75,9.0,5.13,10.04,6.42,14.12,8.21,8.96,8.67,10.41,1.0
6416,66.0,3.0,18.0,4.33,4.33,3.46,2.54,3.25,2.17,7.21,3.04,1.87,4.38,10.96,1.0
6417,63.0,9.0,8.0,15.63,13.88,12.83,7.92,16.42,10.0,13.13,10.88,10.71,11.71,19.17,0.0
6418,61.0,5.0,8.0,12.79,10.08,12.33,10.75,15.71,14.04,18.58,15.79,17.33,17.92,18.66,0.0
6419,77.0,11.0,28.0,8.67,10.83,9.25,1.58,2.17,1.71,5.71,3.17,2.13,4.04,4.04,1.0
6420,73.0,8.0,6.0,17.67,13.62,16.83,9.17,15.21,8.5,11.79,8.33,10.29,10.13,15.29,0.0
6421,76.0,12.0,23.0,12.38,11.38,12.92,3.58,9.75,8.38,6.63,8.63,7.5,6.67,8.29,0.0
6422,71.0,11.0,9.0,17.62,11.87,20.0,6.71,9.17,6.58,10.21,4.71,7.62,7.0,14.09,0.0
6423,69.0,12.0,21.0,24.41,20.41,19.7,11.92,15.5,13.62,14.46,13.96,14.37,14.17,20.5,0.0
6424,61.0,6.0,17.0,14.33,11.34,15.5,9.42,12.33,9.04,12.96,9.5,11.0,10.5,14.67,0.0
6425,63.0,12.0,15.0,9.42,10.21,13.13,5.0,7.67,3.04,6.5,4.88,3.83,3.92,3.83,1.0
6426,66.0,2.0,15.0,19.08,15.75,23.16,12.12,22.34,15.12,16.46,19.21,13.08,16.13,21.79,0.0
6427,64.0,4.0,8.0,11.83,13.04,12.17,6.34,10.37,8.33,11.63,14.17,6.54,11.83,20.3,0.0
6428,76.0,8.0,27.0,7.33,4.96,17.41,5.33,5.37,4.88,8.87,2.83,6.58,3.42,9.25,1.0
6429,76.0,11.0,11.0,3.5,2.83,3.04,0.13,2.88,3.08,4.96,1.08,0.58,0.92,7.25,1.0
6430,66.0,9.0,8.0,6.17,6.71,6.75,3.17,4.83,1.29,3.83,0.92,2.54,4.08,7.62,1.0
6431,75.0,2.0,28.0,11.21,16.88,12.71,5.75,13.83,7.83,7.92,9.96,9.33,5.37,12.29,1.0
6432,61.0,12.0,16.0,9.29,8.63,9.04,6.5,9.5,7.04,6.92,5.46,7.12,7.54,7.38,1.0
6433,78.0,1.0,19.0,14.46,15.09,9.92,5.96,13.42,5.29,10.29,8.54,8.12,5.04,15.79,1.0
6434,74.0,8.0,16.0,7.71,7.87,11.58,4.46,9.59,7.04,10.96,10.04,7.75,9.13,10.75,0.0
6435,62.0,10.0,29.0,12.92,10.79,13.13,5.79,10.96,9.21,11.96,8.71,8.46,10.83,15.79,0.0
6436,71.0,3.0,20.0,27.5,15.83,24.17,15.79,17.58,13.42,19.08,13.59,16.17,20.38,17.71,0.0
6437,66.0,5.0,26.0,13.13,9.17,7.54,8.08,8.67,7.87,11.38,7.41,9.38,11.58,11.54,1.0
6438,72.0,7.0,10.0,13.92,14.46,12.75,7.87,18.05,10.92,15.25,11.17,13.46,11.21,18.58,0.0
6439,71.0,1.0,31.0,19.29,14.29,25.29,10.96,10.58,7.5,13.79,10.75,11.21,11.63,18.38,0.0
6440,69.0,5.0,21.0,3.54,5.21,5.5,2.75,4.46,1.38,4.17,2.04,1.63,2.13,5.09,1.0
6441,74.0,3.0,28.0,4.83,2.04,16.83,5.17,5.41,1.5,4.33,1.33,5.0,4.5,6.83,1.0
6442,75.0,2.0,25.0,16.88,21.29,14.17,6.42,12.71,10.67,9.21,11.67,11.0,7.38,14.96,0.0
6443,65.0,6.0,5.0,9.75,8.08,9.25,3.88,6.71,3.29,3.46,6.58,3.75,6.21,10.96,1.0
6444,61.0,4.0,8.0,10.34,11.29,11.29,4.42,9.38,7.67,8.71,10.08,9.21,8.42,11.25,1.0
6445,77.0,2.0,26.0,14.62,14.33,10.04,3.42,11.34,7.58,8.71,8.75,6.46,6.04,9.42,1.0
6446,77.0,7.0,6.0,4.46,3.08,9.71,2.08,3.13,4.42,6.21,0.21,5.79,3.33,6.87,1.0
6447,63.0,3.0,9.0,18.75,11.54,17.5,11.38,14.0,9.71,13.33,12.38,8.75,13.67,11.75,0.0
6448,70.0,2.0,22.0,16.92,16.71,12.58,9.17,19.75,13.29,16.88,16.0,15.21,16.21,24.83,0.0
6449,76.0,3.0,8.0,10.88,13.92,5.91,3.29,11.46,3.25,7.54,7.0,8.08,6.75,11.67,1.0
6450,63.0,3.0,1.0,16.75,19.67,17.67,8.87,19.08,15.37,16.21,14.29,11.29,9.21,19.92,0.0
6451,76.0,11.0,9.0,7.0,4.29,4.33,0.75,4.88,4.08,5.75,2.17,1.87,3.75,11.25,1.0
6452,68.0,7.0,11.0,13.13,8.29,10.0,7.08,10.29,5.5,6.67,5.75,6.96,5.96,9.46,1.0
6453,62.0,1.0,10.0,21.62,20.88,16.46,10.04,15.71,10.96,14.29,12.17,9.0,12.33,16.75,0.0
6454,68.0,10.0,21.0,6.25,5.83,2.17,2.0,6.08,3.0,3.04,5.0,2.83,2.79,6.08,1.0
6455,67.0,8.0,21.0,8.12,8.67,4.96,2.96,10.88,4.88,5.17,6.29,4.54,5.5,5.54,1.0
6456,72.0,7.0,16.0,6.25,3.92,15.0,4.04,3.79,4.21,4.33,2.42,6.34,2.62,7.54,1.0
6457,76.0,2.0,4.0,11.42,10.54,17.41,6.04,8.75,6.58,13.62,9.67,11.21,9.46,10.46,0.0
6458,67.0,7.0,13.0,5.33,5.75,5.33,2.17,6.96,2.0,5.5,7.17,5.37,10.0,8.71,0.0
6459,78.0,2.0,6.0,8.58,8.46,8.21,2.62,10.0,4.88,9.59,8.33,7.83,4.33,9.96,1.0
6460,75.0,10.0,6.0,3.25,3.21,4.38,1.71,1.83,1.17,5.09,2.13,3.88,3.54,8.71,1.0
6461,61.0,1.0,27.0,22.04,20.79,17.41,16.21,19.04,16.13,16.79,18.29,18.66,19.08,26.08,0.0
6462,78.0,1.0,2.0,14.62,11.83,10.5,7.41,14.21,9.62,17.08,13.46,13.5,11.67,22.63,0.0
6463,69.0,5.0,18.0,15.09,11.46,11.12,8.58,11.83,9.17,12.46,8.46,10.08,11.96,13.0,0.0
6464,69.0,7.0,24.0,5.37,6.25,7.21,2.62,2.71,1.71,2.71,2.5,2.21,1.83,8.42,1.0
6465,69.0,9.0,23.0,13.08,15.37,13.79,6.42,13.21,10.71,10.37,14.88,9.5,11.0,23.79,0.0
6466,67.0,1.0,21.0,12.46,12.0,9.08,6.67,13.92,7.62,13.54,6.63,8.92,10.0,18.08,0.0
6467,74.0,5.0,17.0,15.54,16.42,13.29,8.38,13.96,8.21,8.92,13.0,11.08,11.67,18.71,0.0
6468,68.0,10.0,23.0,14.37,19.5,9.92,7.67,14.67,9.79,8.96,9.17,7.54,4.88,13.17,1.0
6469,62.0,2.0,19.0,10.54,9.5,8.79,3.21,7.96,4.17,7.92,5.58,4.83,6.17,14.17,1.0
6470,64.0,11.0,28.0,18.63,15.83,11.34,10.04,11.67,8.71,15.41,12.08,12.42,12.67,22.83,0.0
6471,69.0,10.0,18.0,9.96,4.54,9.38,3.33,11.17,6.34,4.33,7.58,4.71,3.58,4.04,1.0
6472,62.0,9.0,18.0,6.83,5.46,9.38,4.04,4.25,2.46,6.79,2.13,4.63,7.29,5.04,1.0
6473,67.0,5.0,27.0,5.63,5.96,4.29,2.08,7.38,3.58,3.63,8.63,3.21,6.67,12.75,1.0
6474,66.0,10.0,2.0,6.75,6.83,6.13,2.25,7.46,1.75,4.33,2.21,1.54,3.83,6.67,1.0
6475,73.0,12.0,5.0,8.79,8.42,8.96,3.37,6.75,5.41,9.62,9.0,9.25,9.46,13.42,0.0
6476,67.0,3.0,31.0,9.79,7.29,8.25,4.5,5.75,1.38,6.96,2.13,3.79,5.88,5.83,1.0
6477,78.0,7.0,28.0,10.83,13.59,9.79,6.54,11.08,9.92,9.92,11.96,10.67,9.67,19.55,0.0
6478,74.0,9.0,18.0,5.21,3.96,6.21,1.5,3.08,1.67,4.58,5.09,2.62,4.75,9.54,1.0
6479,69.0,1.0,4.0,6.0,6.87,7.67,4.63,9.5,5.04,11.25,6.87,8.58,11.17,16.08,0.0
6480,67.0,12.0,5.0,12.08,11.54,10.79,10.54,17.62,13.08,19.75,13.17,16.5,11.0,18.66,0.0
6481,64.0,3.0,5.0,7.62,7.38,14.79,4.46,7.33,2.92,7.67,4.0,3.25,5.88,5.37,1.0
6482,73.0,1.0,9.0,12.17,12.08,6.21,1.5,8.38,5.41,3.13,6.42,3.08,1.21,8.63,1.0
6483,78.0,12.0,13.0,18.84,24.04,14.37,8.33,18.12,12.17,13.0,13.75,14.17,15.09,21.5,0.0
6484,73.0,3.0,6.0,17.16,11.87,13.62,8.71,12.87,8.92,13.13,9.54,12.87,11.46,13.0,0.0
6485,73.0,11.0,15.0,7.71,11.25,6.63,4.29,8.17,4.42,7.87,8.17,8.83,9.83,11.83,0.0
6486,73.0,4.0,10.0,13.75,13.83,8.12,5.54,9.59,6.87,9.0,8.63,9.21,8.63,13.17,0.0
6487,69.0,3.0,6.0,7.96,3.04,7.87,2.21,5.13,0.71,2.62,3.46,3.92,3.54,4.83,1.0
6488,75.0,3.0,29.0,15.37,12.54,10.79,7.08,9.46,6.46,9.62,8.25,9.33,9.83,18.05,0.0
6489,71.0,3.0,8.0,6.29,4.5,13.83,3.71,4.0,1.17,2.25,2.33,3.79,2.17,4.67,1.0
6490,74.0,4.0,4.0,8.42,11.29,9.67,4.5,5.58,6.34,4.75,10.0,8.42,6.42,6.71,1.0
6491,62.0,1.0,14.0,10.34,9.42,8.0,5.0,8.58,6.25,12.42,6.79,7.17,8.25,11.25,1.0
6492,61.0,10.0,9.0,17.12,12.71,20.96,9.38,10.58,8.25,9.04,9.17,7.46,10.21,8.54,1.0
6493,77.0,10.0,11.0,25.92,20.46,20.96,13.46,18.05,13.67,16.29,17.37,16.58,17.46,24.25,0.0
6494,72.0,8.0,24.0,7.25,1.96,9.62,3.42,1.63,1.79,5.0,2.54,4.88,4.12,4.21,1.0
6495,76.0,5.0,30.0,15.92,13.42,14.09,6.63,13.0,6.54,8.29,10.13,11.79,7.54,17.54,1.0
6496,70.0,6.0,28.0,16.29,12.75,11.54,8.29,13.83,9.79,13.67,9.87,12.87,11.04,16.92,0.0
6497,70.0,11.0,7.0,18.08,11.17,21.87,8.12,8.08,7.0,9.71,6.29,7.58,6.38,8.92,1.0
6498,76.0,7.0,1.0,8.5,1.75,6.58,2.13,2.75,2.21,5.37,2.04,5.88,4.5,4.96,1.0
6499,64.0,10.0,31.0,15.29,10.41,13.04,4.75,9.96,6.5,6.21,6.54,4.5,5.0,5.66,1.0
6500,72.0,12.0,14.0,25.96,23.45,20.04,18.46,19.04,15.71,19.08,19.12,15.12,14.92,24.25,0.0
6501,68.0,7.0,4.0,6.58,3.5,8.46,4.04,10.0,4.67,7.96,6.58,7.41,6.25,9.42,0.0
6502,63.0,12.0,11.0,18.34,3.37,23.13,12.38,18.29,16.08,17.54,18.84,12.5,15.0,18.41,0.0
6503,75.0,4.0,17.0,10.17,11.5,10.92,4.71,8.42,6.63,8.38,9.0,8.92,8.38,15.92,1.0
6504,64.0,9.0,27.0,4.08,2.88,6.46,0.87,5.0,2.21,6.25,2.21,3.83,4.5,8.83,1.0
6505,63.0,6.0,12.0,6.08,4.92,4.42,2.25,5.5,2.21,4.25,4.08,4.38,4.04,8.63,1.0
6506,63.0,4.0,3.0,7.54,4.21,5.63,6.58,6.17,4.17,8.71,7.62,7.54,9.08,4.33,1.0
6507,72.0,12.0,19.0,9.59,13.37,8.96,6.46,7.33,7.29,5.29,9.87,8.87,10.46,25.46,0.0
6508,76.0,8.0,24.0,5.96,4.42,7.04,4.29,4.88,5.54,6.04,3.33,7.21,5.46,4.42,1.0
6509,71.0,12.0,8.0,4.67,0.67,5.75,0.33,2.13,1.71,8.42,1.21,4.17,4.17,10.83,0.0
6510,69.0,5.0,1.0,5.41,2.96,6.21,2.29,3.46,0.63,4.08,1.33,3.29,4.54,6.13,1.0
6511,64.0,12.0,25.0,13.08,7.58,14.12,6.71,6.58,4.96,10.79,4.38,7.0,7.83,12.0,0.0
6512,77.0,5.0,26.0,11.0,1.25,13.0,4.04,4.71,8.04,10.54,8.0,10.63,7.92,9.92,1.0
6513,74.0,7.0,29.0,12.58,12.62,14.0,6.34,13.21,7.08,8.5,4.04,7.21,4.0,7.29,1.0
6514,67.0,9.0,27.0,18.63,15.54,15.67,11.04,12.38,9.46,9.33,12.71,9.92,11.63,16.54,1.0
6515,74.0,5.0,20.0,14.09,11.92,12.75,5.83,12.17,6.87,9.96,14.5,10.79,11.87,19.79,0.0
6516,68.0,3.0,18.0,17.33,18.46,12.38,12.83,19.29,11.75,21.09,14.54,17.46,17.71,23.63,0.0
6517,74.0,11.0,18.0,7.04,2.17,8.33,0.75,1.87,0.13,8.25,0.37,2.75,3.04,1.25,1.0
6518,70.0,11.0,21.0,9.5,9.79,7.12,3.17,9.08,6.25,10.21,5.37,9.92,7.75,11.08,0.0
6519,69.0,8.0,4.0,14.37,16.21,13.54,9.59,14.88,11.04,9.59,10.25,10.88,13.62,22.0,0.0
6520,73.0,10.0,2.0,8.33,5.96,12.83,5.04,5.46,2.17,3.58,3.5,3.75,4.29,3.88,1.0
6521,64.0,12.0,27.0,21.67,16.17,20.88,8.71,8.87,5.79,10.37,7.17,6.08,8.12,11.96,1.0
6522,74.0,2.0,8.0,19.55,20.25,17.92,8.46,15.12,11.46,13.62,13.88,14.96,11.5,19.7,0.0
6523,76.0,1.0,9.0,15.21,14.62,11.75,3.92,7.08,4.5,7.17,2.88,7.83,1.46,5.33,1.0
6524,69.0,9.0,6.0,3.17,1.0,10.58,1.83,4.33,1.08,2.17,0.67,0.83,0.13,7.12,1.0
6525,73.0,12.0,2.0,4.83,5.96,6.54,1.17,4.67,3.29,7.46,3.54,5.79,4.46,9.59,1.0
6526,75.0,2.0,14.0,14.21,8.58,9.92,1.96,7.67,2.21,4.21,3.92,5.91,1.38,3.75,1.0
6527,77.0,5.0,27.0,6.87,6.75,6.17,4.33,8.04,6.83,9.04,6.38,9.42,7.5,8.42,0.0
6528,61.0,2.0,3.0,14.37,11.71,11.04,5.09,9.87,5.83,8.5,5.13,6.34,7.38,9.71,1.0
6529,67.0,11.0,16.0,10.34,3.96,13.13,4.08,5.75,2.42,6.54,3.54,4.29,6.71,9.08,0.0
6530,68.0,5.0,18.0,7.17,8.71,16.0,5.17,6.75,2.33,5.37,6.17,3.29,2.46,9.0,1.0
6531,64.0,9.0,2.0,8.75,10.67,9.96,5.54,10.88,8.0,10.0,8.46,6.67,7.96,10.54,1.0
6532,66.0,8.0,10.0,14.42,10.25,15.12,7.92,15.29,9.33,17.46,11.42,13.46,13.21,17.67,0.0
6533,67.0,5.0,29.0,5.96,8.21,8.79,4.75,6.38,2.88,6.29,8.12,3.67,5.58,8.92,1.0
6534,62.0,10.0,13.0,5.13,1.42,10.79,2.79,2.13,0.04,2.5,0.25,0.87,2.71,2.67,1.0
6535,73.0,8.0,9.0,18.75,16.42,17.0,10.75,15.63,13.67,15.63,15.29,15.16,15.96,23.33,0.0
6536,75.0,10.0,10.0,12.08,12.12,14.17,5.5,9.17,5.29,8.38,6.38,7.96,4.79,11.21,1.0
6537,75.0,12.0,17.0,16.17,13.33,24.41,8.5,8.12,5.96,12.04,5.79,9.0,6.71,11.04,0.0
6538,71.0,4.0,4.0,9.38,7.08,19.17,6.38,8.96,4.75,8.25,3.54,7.12,4.33,5.17,1.0
6539,65.0,1.0,17.0,32.17,33.04,21.71,22.63,37.54,26.16,28.5,30.63,25.88,20.96,39.04,0.0
6540,73.0,11.0,22.0,6.5,5.71,8.21,2.0,5.63,2.79,3.29,2.75,5.17,4.5,5.88,0.0
6541,64.0,11.0,18.0,15.09,16.66,15.5,7.04,11.42,10.54,12.42,15.09,9.0,14.46,21.46,0.0
6542,74.0,2.0,16.0,23.38,21.62,14.12,13.08,16.92,11.29,15.92,16.54,13.13,16.33,19.95,0.0
6543,67.0,7.0,7.0,15.75,11.92,11.79,8.33,12.38,9.21,9.25,11.38,10.13,10.37,12.33,1.0
6544,73.0,8.0,13.0,5.58,3.21,4.71,2.42,5.71,4.04,3.42,2.29,4.0,2.83,6.34,1.0
6545,77.0,2.0,12.0,6.04,6.83,6.29,1.63,4.17,4.83,5.25,2.92,5.54,6.54,7.04,0.0
6546,76.0,6.0,21.0,10.79,11.96,11.04,5.33,8.21,8.17,7.12,7.0,10.37,8.0,12.75,1.0
6547,68.0,12.0,30.0,12.96,7.08,12.25,4.25,5.63,2.25,7.58,4.12,7.54,8.67,8.17,0.0
6548,74.0,9.0,13.0,10.0,9.75,9.13,5.75,10.83,7.54,10.37,9.75,9.25,7.92,13.5,0.0
6549,71.0,7.0,8.0,7.96,9.13,7.62,4.46,7.92,4.17,6.54,6.0,5.79,4.21,10.25,1.0
6550,65.0,8.0,31.0,14.96,10.58,11.46,8.29,10.46,8.79,9.87,7.67,8.04,10.17,10.54,0.0
6551,67.0,3.0,27.0,16.08,15.34,11.17,10.75,17.46,12.08,19.62,11.04,15.16,13.7,19.46,0.0
6552,68.0,11.0,12.0,23.79,26.25,23.79,15.92,26.08,16.0,17.75,19.55,18.0,19.29,24.3,0.0
6553,78.0,11.0,25.0,16.17,14.67,11.54,7.04,8.96,6.96,14.62,6.71,10.79,9.29,16.83,0.0
6554,77.0,11.0,14.0,27.92,25.25,19.33,18.71,28.46,19.5,28.16,24.0,20.79,22.58,30.91,0.0
6555,71.0,5.0,24.0,8.08,7.54,7.33,2.33,4.29,2.58,2.54,5.0,5.46,4.88,12.67,0.0
6556,76.0,4.0,19.0,11.29,8.42,11.54,1.46,4.46,1.38,5.88,5.29,7.58,5.71,6.34,1.0
6557,75.0,6.0,12.0,10.17,6.58,5.88,2.88,5.46,1.75,3.75,4.96,4.58,4.54,6.42,1.0
6558,61.0,1.0,9.0,12.58,10.83,10.0,4.75,10.37,6.79,8.04,10.13,7.79,9.08,13.04,1.0
6559,71.0,9.0,29.0,15.5,13.08,14.46,6.38,9.71,8.12,10.79,4.54,8.5,6.29,8.25,1.0
6560,70.0,7.0,1.0,20.79,17.12,12.5,11.67,20.3,13.54,19.95,14.92,17.41,15.37,23.0,0.0
6561,76.0,10.0,14.0,28.08,16.0,26.83,13.88,15.59,12.08,13.83,9.71,12.0,12.42,12.12,0.0
6562,71.0,4.0,5.0,7.29,2.67,5.46,3.13,4.33,0.5,1.46,1.29,3.92,2.46,2.88,1.0
6563,78.0,10.0,4.0,8.21,7.67,8.75,3.13,9.25,7.04,11.29,8.0,9.75,8.12,16.25,0.0
6564,71.0,6.0,25.0,14.29,12.87,13.21,7.33,11.38,6.21,6.71,8.58,8.92,8.33,12.5,1.0
6565,64.0,2.0,7.0,7.5,7.38,4.17,0.71,6.75,1.87,5.88,2.5,0.5,3.96,7.33,1.0
6566,65.0,12.0,25.0,11.0,5.91,11.96,5.79,6.87,3.58,7.38,3.33,5.17,7.25,8.63,1.0
6567,75.0,6.0,15.0,10.54,10.58,8.67,4.71,9.08,6.04,5.63,8.0,7.0,5.71,11.46,1.0
6568,68.0,5.0,24.0,15.16,13.37,15.67,8.71,17.04,12.92,10.08,13.83,10.21,12.46,16.29,0.0
6569,76.0,9.0,17.0,12.21,10.46,8.71,4.17,11.71,9.04,4.42,5.54,8.04,6.46,9.42,1.0
6570,63.0,5.0,11.0,11.17,10.34,13.37,8.38,11.08,9.59,12.25,10.83,10.75,11.67,16.66,0.0
6571,65.0,5.0,27.0,16.17,11.96,11.46,8.08,9.38,7.92,12.38,8.54,7.58,13.59,10.5,1.0
6572,66.0,2.0,1.0,17.21,22.83,14.17,9.38,19.17,12.21,13.75,15.04,10.75,11.08,18.0,0.0
6573,62.0,3.0,28.0,14.83,14.12,16.42,9.0,14.33,12.17,13.54,11.46,9.79,11.0,16.21,0.0
6574,66.0,3.0,10.0,18.71,16.0,14.54,11.79,20.88,14.0,22.29,17.79,18.29,19.46,23.04,0.0
6575,77.0,5.0,4.0,8.83,4.25,6.21,2.46,4.79,6.92,8.96,5.41,6.25,9.25,11.38,1.0
6576,63.0,5.0,31.0,2.04,2.21,9.04,2.88,2.67,2.17,6.13,3.58,6.46,6.92,4.96,1.0
6577,64.0,9.0,21.0,14.54,15.04,11.42,6.79,11.87,8.87,8.33,10.67,7.54,8.67,18.41,1.0
6578,62.0,4.0,13.0,8.92,5.58,13.79,3.75,7.33,4.21,6.58,6.25,5.66,4.71,7.29,1.0
6579,78.0,8.0,26.0,4.33,2.71,11.83,2.21,1.63,4.08,0.75,0.54,3.13,2.0,8.04,1.0
6580,78.0,9.0,1.0,8.42,6.13,9.87,5.25,3.21,5.71,7.25,3.5,7.33,6.5,7.62,0.0
6581,78.0,2.0,18.0,27.96,25.46,26.46,14.37,23.83,18.05,23.42,23.21,17.92,15.59,16.83,0.0
6582,78.0,7.0,24.0,12.67,10.08,10.54,5.71,12.92,9.08,9.33,8.58,10.41,8.12,15.46,0.0
6583,78.0,10.0,22.0,6.63,4.92,7.17,3.29,6.25,5.25,8.29,3.88,5.41,6.21,9.83,0.0
6584,64.0,1.0,15.0,19.04,21.62,15.34,7.67,15.21,10.25,11.12,14.09,9.0,15.0,15.41,0.0
6585,67.0,4.0,11.0,11.67,13.96,19.67,9.67,10.58,7.25,11.83,7.92,7.5,10.54,12.33,0.0
6586,73.0,7.0,31.0,5.58,5.46,4.38,3.46,3.17,2.79,3.08,6.5,3.67,5.0,16.46,1.0
6587,71.0,8.0,27.0,14.21,10.46,11.96,6.17,13.62,8.42,11.29,8.21,11.04,9.83,16.33,0.0
6588,68.0,5.0,27.0,5.33,3.63,7.96,2.54,5.46,1.38,3.29,4.04,1.21,1.67,4.63,1.0
6589,62.0,6.0,19.0,18.38,15.12,18.91,15.09,23.04,16.38,23.42,18.84,20.25,18.91,25.62,0.0
6590,69.0,7.0,5.0,8.08,7.46,5.88,5.75,10.17,7.54,9.17,8.42,9.96,8.71,16.25,0.0
6591,76.0,12.0,12.0,12.92,11.96,4.58,0.33,6.04,4.17,1.21,2.88,0.92,1.75,6.21,1.0
6592,72.0,2.0,22.0,9.29,3.21,16.29,5.58,5.41,1.25,7.5,0.58,4.25,2.04,3.13,1.0
6593,72.0,2.0,11.0,18.96,14.12,15.0,7.41,12.92,8.83,11.46,6.92,9.83,10.46,12.67,0.0
6594,76.0,7.0,23.0,8.46,6.46,7.25,4.42,5.96,3.79,8.96,3.79,7.04,6.13,8.08,1.0
6595,71.0,4.0,30.0,5.21,5.79,4.21,1.83,5.17,2.46,2.83,3.13,3.04,3.63,6.71,1.0
6596,70.0,12.0,20.0,9.33,4.75,10.25,2.42,3.88,1.67,6.13,1.75,4.54,4.5,7.58,0.0
6597,67.0,1.0,12.0,8.38,4.17,5.83,5.66,7.41,4.29,9.54,4.58,7.96,7.41,8.96,0.0
6598,73.0,5.0,25.0,11.58,13.5,9.62,6.58,12.33,9.0,4.75,7.83,7.87,6.87,10.71,1.0
6599,69.0,5.0,28.0,11.83,8.75,9.54,5.83,10.67,7.71,6.79,4.88,6.96,3.96,9.04,1.0
6600,77.0,11.0,19.0,17.21,18.88,14.54,10.46,17.0,12.0,19.92,14.09,14.67,13.17,22.25,0.0
6601,65.0,11.0,29.0,28.42,24.08,28.46,19.08,18.66,15.0,20.33,14.75,14.42,21.29,23.87,0.0
6602,74.0,8.0,11.0,7.38,9.46,9.75,3.88,7.75,5.66,7.0,8.29,7.92,7.79,12.42,0.0
6603,67.0,1.0,3.0,5.09,4.29,8.71,0.46,3.21,0.5,5.66,0.25,2.5,5.09,2.54,0.0
6604,68.0,4.0,18.0,18.34,19.33,13.96,13.67,20.67,13.67,11.46,16.46,13.04,14.09,18.88,0.0
6605,63.0,12.0,14.0,12.58,8.42,16.5,7.0,8.87,4.04,9.08,7.25,5.83,4.67,6.87,1.0
6606,65.0,12.0,8.0,16.79,16.0,15.0,7.12,15.04,10.54,13.46,11.54,10.67,13.42,16.38,0.0
6607,68.0,10.0,8.0,7.92,5.83,12.46,2.67,4.0,1.13,3.21,5.5,2.08,2.54,9.33,1.0
6608,70.0,1.0,16.0,7.29,10.29,6.17,0.75,6.83,2.54,3.83,4.88,3.75,3.42,7.08,0.0
6609,67.0,2.0,3.0,12.54,11.42,11.21,9.33,13.67,11.5,20.12,14.25,14.54,15.04,21.17,0.0
6610,75.0,4.0,4.0,12.62,10.63,18.34,6.58,6.46,3.46,9.79,8.04,9.17,8.42,11.54,0.0
6611,63.0,5.0,8.0,14.0,12.87,15.37,7.87,15.04,10.83,11.67,14.29,11.83,14.46,18.54,0.0
6612,71.0,5.0,6.0,14.12,16.5,10.88,5.25,11.75,6.92,6.54,8.96,9.17,7.58,11.83,0.0
6613,69.0,3.0,23.0,7.62,5.54,12.83,4.92,6.13,2.62,9.75,4.96,7.38,4.0,7.41,1.0
6614,63.0,5.0,20.0,16.0,13.5,15.41,9.21,16.88,12.33,14.5,10.96,11.75,10.04,13.33,1.0
6615,76.0,9.0,10.0,15.12,13.67,10.29,5.17,11.83,8.04,10.54,7.25,9.96,7.38,16.54,0.0
6616,69.0,11.0,11.0,9.08,6.08,10.67,3.96,5.66,2.83,5.79,2.21,3.42,2.46,5.83,1.0
6617,75.0,2.0,4.0,12.04,9.33,9.54,4.0,7.83,3.67,4.12,7.33,4.21,4.67,7.41,1.0
6618,75.0,7.0,25.0,7.87,7.58,8.96,2.54,9.59,4.75,9.59,6.67,9.46,7.33,13.88,1.0
6619,62.0,9.0,12.0,12.67,9.67,9.71,5.79,10.75,5.58,7.54,8.17,5.71,8.67,12.67,0.0
6620,70.0,6.0,8.0,5.46,2.42,4.71,3.37,3.88,2.17,3.42,4.0,6.58,5.63,4.83,1.0
6621,70.0,3.0,9.0,12.08,8.63,6.0,4.21,8.29,5.37,7.25,6.0,6.38,7.87,10.71,0.0
6622,64.0,3.0,10.0,16.66,9.54,16.0,6.54,12.58,8.38,10.67,10.25,7.83,10.08,12.42,0.0
6623,65.0,1.0,4.0,4.04,4.21,6.46,1.21,2.75,2.08,7.71,3.13,2.04,6.0,12.08,0.0
6624,77.0,7.0,2.0,15.59,15.87,15.34,8.46,13.62,11.79,13.08,11.96,11.63,11.79,24.5,0.0
6625,61.0,1.0,24.0,25.04,14.83,25.84,15.67,21.46,18.58,20.38,19.38,15.37,15.12,23.09,0.0
6626,66.0,12.0,10.0,20.75,17.5,13.62,13.59,18.46,12.12,14.58,11.83,13.25,9.13,16.71,0.0
6627,75.0,6.0,13.0,10.08,3.96,6.87,4.17,9.29,5.46,7.58,7.21,7.12,6.92,11.08,1.0
6628,71.0,9.0,12.0,5.33,1.83,4.54,0.87,3.71,0.92,1.67,0.83,0.33,2.04,1.63,1.0
6629,63.0,9.0,13.0,6.5,6.54,8.04,3.67,7.79,6.5,9.79,10.54,8.63,9.96,16.25,0.0
6630,75.0,6.0,8.0,7.67,8.96,2.92,3.54,8.54,4.92,3.92,7.0,6.96,6.5,6.79,1.0
6631,68.0,1.0,14.0,30.29,22.21,24.0,14.5,22.54,14.0,22.04,20.58,15.46,18.66,24.96,0.0
6632,67.0,11.0,25.0,13.37,10.71,11.0,6.42,8.96,4.42,8.87,4.25,8.42,5.75,13.67,0.0
6633,67.0,2.0,1.0,13.59,13.54,12.58,7.62,12.17,9.5,14.67,10.96,11.54,13.88,17.5,0.0
6634,71.0,12.0,30.0,13.04,6.34,27.67,8.42,11.54,4.12,16.21,6.71,10.46,7.29,6.67,0.0
6635,74.0,12.0,20.0,26.54,23.0,22.75,13.88,16.04,12.17,17.46,17.5,16.88,15.25,21.5,0.0
6636,63.0,11.0,1.0,10.34,7.87,15.21,6.04,8.21,6.25,8.25,6.87,6.54,6.79,7.17,1.0
6637,68.0,10.0,30.0,15.63,9.96,11.96,9.0,11.42,7.96,6.42,7.08,9.75,11.21,8.38,1.0
6638,77.0,2.0,4.0,13.88,15.09,12.17,4.0,11.0,10.88,10.5,7.46,9.33,9.17,11.5,0.0
6639,64.0,1.0,16.0,19.46,20.58,15.79,9.38,15.41,10.5,11.34,13.25,7.87,12.17,14.67,0.0
6640,72.0,8.0,1.0,21.87,15.16,17.37,11.46,13.79,10.75,12.42,10.37,13.0,10.92,15.41,0.0
6641,71.0,11.0,19.0,12.75,6.13,15.59,6.13,7.04,5.09,11.34,3.42,7.96,7.87,10.63,0.0
6642,63.0,6.0,28.0,16.25,13.13,16.04,9.83,15.29,9.0,12.17,14.25,10.25,13.5,18.88,0.0
6643,78.0,10.0,23.0,5.37,10.21,9.13,4.12,8.96,7.79,11.0,9.46,10.41,9.79,17.16,0.0
6644,76.0,3.0,26.0,13.92,17.21,13.04,9.0,17.29,10.0,16.58,14.04,15.59,14.21,23.0,0.0
6645,71.0,2.0,15.0,12.0,11.29,7.83,4.38,9.96,4.67,9.54,5.66,7.87,8.38,9.54,0.0
6646,70.0,1.0,17.0,20.88,18.88,21.42,10.34,17.33,16.21,16.54,16.29,13.25,14.33,18.88,0.0
6647,66.0,8.0,26.0,13.29,12.17,11.0,5.96,14.0,6.54,9.17,10.17,8.83,10.17,12.75,0.0
6648,61.0,3.0,5.0,11.25,17.0,10.41,10.04,15.46,11.17,5.5,10.34,11.71,10.83,11.58,1.0
6649,74.0,5.0,10.0,14.21,9.0,17.25,7.92,9.29,6.38,13.54,10.46,11.12,13.37,10.75,0.0
6650,64.0,10.0,24.0,9.67,8.54,8.75,4.08,9.13,6.5,10.37,6.25,8.0,9.08,11.54,0.0
6651,76.0,11.0,4.0,10.46,12.29,9.33,4.75,9.92,9.08,5.96,7.87,9.04,8.63,15.41,0.0
6652,72.0,11.0,27.0,23.38,22.46,19.75,12.96,13.92,13.96,15.96,18.58,14.17,17.67,27.58,0.0
6653,69.0,2.0,26.0,4.5,4.21,11.71,3.25,6.63,3.25,4.92,3.92,5.5,4.21,4.75,1.0
6654,77.0,9.0,11.0,10.29,8.75,12.25,6.21,10.29,10.83,14.04,10.67,12.42,12.08,17.12,0.0
6655,71.0,3.0,24.0,16.62,15.09,15.12,8.71,17.16,11.46,15.92,11.83,15.25,11.21,18.29,0.0
6656,73.0,12.0,20.0,13.29,18.88,6.92,2.67,10.0,1.13,2.92,7.75,4.46,3.83,19.33,1.0
6657,77.0,8.0,4.0,16.79,14.12,15.16,7.17,13.59,10.79,14.88,9.59,13.0,11.71,15.41,0.0
6658,64.0,3.0,18.0,16.88,13.83,25.8,14.12,19.41,19.12,22.54,18.91,13.42,18.63,21.34,0.0
6659,76.0,8.0,18.0,4.67,4.96,9.62,1.33,4.12,4.04,4.38,3.08,7.62,4.25,4.5,1.0
6660,61.0,8.0,10.0,6.63,6.71,6.0,2.5,7.58,3.58,4.67,8.33,2.83,5.41,9.96,1.0
6661,78.0,5.0,10.0,5.09,4.29,4.79,1.87,3.71,3.17,5.04,5.75,4.58,3.37,12.5,1.0
6662,66.0,6.0,15.0,16.96,17.25,11.87,11.17,13.75,9.33,8.67,10.25,10.04,12.71,12.92,1.0
6663,70.0,6.0,1.0,6.34,5.88,8.54,4.38,8.79,4.75,4.12,6.08,5.96,3.71,11.38,1.0
6664,71.0,12.0,17.0,18.12,16.21,14.54,8.75,12.62,9.96,9.17,11.75,11.54,14.96,26.5,0.0
6665,72.0,5.0,20.0,7.12,7.5,11.25,3.96,8.79,2.67,10.04,4.58,6.79,8.54,8.17,1.0
6666,70.0,1.0,22.0,15.25,15.41,13.13,7.25,13.25,11.38,8.54,10.63,8.25,5.91,12.87,1.0
6667,74.0,4.0,10.0,5.13,7.54,7.21,2.54,9.54,2.0,3.37,10.08,4.04,4.38,9.79,1.0
6668,65.0,2.0,16.0,3.79,3.58,6.75,2.92,1.25,0.0,5.88,0.17,3.46,3.54,4.75,1.0
6669,71.0,1.0,11.0,16.62,19.04,16.75,7.08,16.66,13.33,11.04,12.5,11.17,10.37,17.08,0.0
6670,73.0,8.0,11.0,5.58,2.46,14.25,2.96,2.29,0.71,2.83,0.92,1.25,1.29,4.79,1.0
6671,62.0,8.0,17.0,8.21,6.58,8.71,4.71,10.58,6.83,11.25,7.83,6.75,7.08,8.83,1.0
6672,65.0,8.0,15.0,7.41,5.04,6.08,3.75,7.08,3.83,7.21,4.54,4.83,6.38,7.75,1.0
6673,72.0,10.0,12.0,8.67,6.38,11.54,2.37,3.88,2.17,5.75,4.67,3.29,2.08,8.38,1.0
6674,76.0,11.0,12.0,6.29,1.79,9.38,1.75,0.25,0.83,8.83,0.0,0.92,1.42,1.92,1.0
6675,65.0,4.0,6.0,7.12,7.46,8.83,4.04,9.08,5.88,9.17,7.83,5.17,6.87,12.75,1.0
6676,70.0,5.0,1.0,14.17,17.96,15.12,7.08,14.17,11.83,12.75,16.92,11.71,15.41,25.75,0.0
6677,65.0,1.0,20.0,16.54,15.59,19.87,9.0,12.42,11.79,20.12,13.7,12.29,14.33,15.5,0.0
6678,64.0,4.0,10.0,8.46,6.83,8.29,3.37,6.79,5.79,8.54,8.46,5.66,8.67,14.42,1.0
6679,71.0,7.0,13.0,7.0,7.67,15.16,6.54,8.17,3.67,4.83,3.83,5.91,4.96,6.54,1.0
6680,62.0,11.0,23.0,11.29,12.08,11.63,6.0,11.83,10.34,12.96,12.83,10.13,12.08,15.21,1.0
6681,73.0,5.0,15.0,9.67,6.58,11.12,3.0,5.33,3.46,4.08,4.04,6.29,2.92,4.67,1.0
6682,62.0,8.0,20.0,14.29,12.62,12.54,7.38,14.12,7.96,11.25,11.54,8.58,8.75,14.88,1.0
6683,74.0,12.0,3.0,17.5,18.25,15.16,7.92,15.16,11.83,12.04,15.96,12.92,13.54,21.87,0.0
6684,67.0,8.0,19.0,4.42,5.96,13.62,3.92,6.34,2.83,4.33,6.71,4.21,3.92,6.58,1.0
6685,69.0,7.0,26.0,7.17,5.25,8.71,3.37,4.33,2.08,1.5,2.54,2.62,1.96,9.92,1.0
6686,76.0,2.0,8.0,10.5,12.71,9.75,4.42,7.79,4.88,11.17,7.58,9.21,7.33,15.12,1.0
6687,63.0,5.0,21.0,12.54,12.83,11.04,5.29,13.37,7.83,7.21,9.79,8.63,10.46,13.46,0.0
6688,77.0,11.0,27.0,9.75,10.58,8.71,0.83,7.12,4.83,4.0,6.79,3.04,3.92,10.0,1.0
6689,74.0,10.0,6.0,19.41,18.79,11.67,6.96,17.83,8.5,13.29,13.54,10.71,8.58,22.63,0.0
6690,71.0,7.0,1.0,5.46,8.12,5.33,2.67,6.42,2.96,7.29,8.67,6.21,5.96,16.75,1.0
6691,65.0,11.0,12.0,8.58,6.17,11.04,2.71,6.04,3.37,6.75,6.29,4.29,7.41,6.96,1.0
6692,74.0,8.0,6.0,13.25,16.38,11.5,8.38,13.42,8.92,5.29,12.0,11.42,11.12,14.37,0.0
6693,71.0,6.0,1.0,7.17,12.25,6.04,3.54,8.21,4.25,6.42,5.46,4.75,5.63,6.71,1.0
6694,78.0,11.0,8.0,10.88,8.12,9.46,4.96,9.17,6.75,8.87,7.62,8.38,9.62,17.33,0.0
6695,70.0,2.0,9.0,19.87,26.75,13.13,9.42,20.41,10.34,17.0,13.08,15.75,12.46,23.71,0.0
6696,64.0,10.0,15.0,21.71,16.5,14.5,14.09,18.08,12.58,12.04,12.62,12.67,10.08,21.5,1.0
6697,71.0,4.0,8.0,8.42,5.37,18.25,7.25,7.0,3.92,6.63,2.96,6.04,2.54,4.38,1.0
6698,65.0,6.0,1.0,5.66,4.17,16.08,4.0,4.38,3.83,4.17,2.96,3.0,3.42,6.79,1.0
6699,74.0,8.0,1.0,6.29,6.04,7.25,3.0,7.33,4.63,5.96,8.46,7.21,5.21,11.46,0.0
6700,62.0,4.0,5.0,28.33,16.38,18.08,17.88,21.21,15.16,22.42,18.05,20.83,18.34,21.42,0.0
6701,69.0,8.0,11.0,10.67,9.08,7.96,5.37,12.25,7.67,6.17,10.92,9.25,10.83,22.13,0.0
6702,70.0,6.0,17.0,11.5,5.58,11.75,4.38,10.71,5.66,11.96,8.54,10.79,8.21,11.12,0.0
6703,69.0,3.0,31.0,22.34,16.46,16.08,11.83,22.17,9.75,18.5,9.42,14.54,12.67,11.83,0.0
6704,76.0,12.0,9.0,4.54,3.0,3.71,0.17,4.71,3.29,7.25,0.75,1.33,4.08,3.92,0.0
6705,70.0,6.0,5.0,14.29,9.38,14.17,6.34,9.71,8.0,8.33,7.75,9.5,7.29,8.17,1.0
6706,73.0,7.0,15.0,8.12,5.75,8.83,3.96,7.67,7.17,11.96,9.33,9.75,11.21,14.21,1.0
6707,63.0,5.0,1.0,18.79,14.17,13.59,11.63,14.17,11.96,14.46,12.46,12.87,13.96,15.29,0.0
6708,76.0,5.0,8.0,9.46,7.92,7.67,2.75,5.54,3.37,7.25,9.04,6.58,7.21,19.75,0.0
6709,66.0,2.0,10.0,9.17,5.21,11.63,3.96,8.63,7.67,13.29,10.29,9.71,9.5,13.25,0.0
6710,69.0,2.0,4.0,5.17,2.54,6.63,2.5,5.17,1.13,6.75,4.83,5.04,5.5,11.04,1.0
6711,71.0,2.0,25.0,7.92,9.62,6.08,3.33,5.46,2.17,2.33,3.42,2.5,2.25,8.54,1.0
6712,68.0,9.0,27.0,25.41,23.45,20.54,14.0,21.21,14.54,16.92,17.12,14.58,17.5,27.58,0.0
6713,70.0,7.0,6.0,7.79,7.29,9.62,4.21,7.29,6.46,7.08,9.71,7.83,8.0,13.59,1.0
6714,75.0,12.0,3.0,14.09,10.04,13.54,5.83,7.62,4.04,10.46,6.92,8.0,6.92,12.38,0.0
6715,63.0,8.0,18.0,8.0,4.63,8.42,4.25,7.25,4.17,6.92,4.88,6.54,5.96,7.54,1.0
6716,68.0,6.0,1.0,8.33,10.17,4.33,5.75,10.04,4.46,4.96,8.46,3.88,5.41,13.67,1.0
6717,72.0,3.0,21.0,5.71,4.63,11.08,3.79,4.75,0.71,3.63,2.79,3.21,3.71,8.17,1.0
6718,76.0,6.0,15.0,7.79,7.46,10.21,1.25,3.04,2.83,9.79,7.58,7.71,5.29,13.75,1.0
6719,68.0,1.0,10.0,5.29,6.17,7.17,1.58,4.63,2.62,10.96,2.21,4.67,5.46,7.25,0.0
6720,78.0,10.0,18.0,7.83,5.88,5.17,3.83,6.21,4.46,4.58,4.75,5.21,5.17,7.87,1.0
6721,64.0,8.0,10.0,3.33,5.09,3.67,2.46,5.79,3.5,3.08,2.33,3.08,2.29,3.83,1.0
6722,68.0,11.0,11.0,16.71,17.08,13.13,7.41,12.67,8.87,7.38,12.0,8.75,10.92,15.96,0.0
6723,66.0,4.0,16.0,7.29,9.29,8.79,3.46,6.96,6.67,10.41,13.54,12.12,11.38,19.0,0.0
6724,68.0,8.0,1.0,4.33,2.0,10.88,3.92,6.08,1.42,3.63,1.92,2.88,1.38,7.5,1.0
6725,70.0,9.0,16.0,15.87,18.58,13.88,7.87,12.75,8.79,9.75,10.08,9.21,10.08,19.21,0.0
6726,68.0,9.0,24.0,11.67,9.83,6.34,6.08,12.08,4.71,8.96,7.92,7.79,4.17,11.63,1.0
6727,77.0,7.0,7.0,8.87,9.21,6.5,1.92,8.12,4.21,4.29,5.25,2.83,3.37,8.21,1.0
6728,72.0,10.0,8.0,16.71,14.17,15.92,10.13,11.38,10.25,10.08,11.79,12.54,14.09,14.96,0.0
6729,65.0,11.0,28.0,9.38,10.54,7.33,3.33,9.75,4.79,9.5,2.54,5.17,6.29,6.25,1.0
6730,67.0,3.0,14.0,22.34,20.0,20.08,14.12,21.09,16.0,22.29,21.54,17.5,21.0,30.75,0.0
6731,65.0,12.0,24.0,8.5,11.04,13.42,4.75,8.08,5.09,7.12,7.04,5.21,7.5,7.92,1.0
6732,76.0,7.0,22.0,6.42,4.21,5.75,2.21,3.37,2.54,5.63,2.75,5.29,3.83,8.17,1.0
6733,61.0,3.0,23.0,6.38,2.58,4.79,5.13,6.46,7.21,10.88,7.38,9.79,8.33,15.21,0.0
6734,67.0,1.0,11.0,17.33,9.38,9.62,8.46,6.34,5.63,9.59,6.83,7.71,11.79,10.21,1.0
6735,69.0,5.0,30.0,13.62,7.58,12.71,7.58,9.17,8.92,8.42,10.17,9.0,10.58,13.62,1.0
6736,68.0,1.0,4.0,9.25,10.17,7.87,3.58,11.96,7.25,7.71,7.0,5.96,5.71,13.08,1.0
6737,72.0,1.0,13.0,8.63,4.58,9.29,2.17,4.08,1.87,4.12,0.75,3.46,2.71,4.5,1.0
6738,77.0,10.0,25.0,10.67,12.71,8.83,4.08,8.12,8.79,9.79,12.83,8.46,8.92,21.87,0.0
6739,73.0,6.0,8.0,11.42,6.79,4.5,3.96,9.42,6.13,6.63,5.79,7.17,4.0,11.12,1.0
6740,61.0,6.0,18.0,12.12,9.29,7.67,7.17,14.92,10.34,13.7,13.25,12.12,12.54,17.75,0.0
6741,62.0,5.0,27.0,6.13,7.62,19.87,7.5,8.04,5.91,9.92,7.92,6.5,8.12,12.5,1.0
6742,65.0,8.0,25.0,12.67,11.63,9.25,8.12,16.13,11.63,15.71,12.54,12.0,11.0,16.38,0.0
6743,66.0,12.0,5.0,10.37,11.38,11.96,5.66,13.04,9.04,14.96,11.58,9.62,12.5,18.91,0.0
6744,77.0,9.0,16.0,12.04,5.21,11.25,3.63,7.71,8.12,13.46,7.41,9.33,6.96,10.71,0.0
6745,65.0,3.0,1.0,15.41,18.5,18.75,7.54,14.5,9.42,17.33,14.29,10.83,15.04,18.66,0.0
6746,75.0,10.0,13.0,17.62,15.79,13.13,3.37,13.04,9.25,7.96,11.21,7.04,7.83,16.13,1.0
6747,77.0,6.0,30.0,19.21,17.46,16.0,9.21,17.83,12.25,14.96,8.04,12.71,11.5,15.67,1.0
6748,72.0,1.0,7.0,13.92,12.0,19.12,8.0,12.5,12.08,16.46,11.63,11.12,13.42,14.67,0.0
6749,72.0,10.0,18.0,11.87,6.75,15.46,5.83,6.83,3.71,11.34,7.41,7.41,1.87,5.09,1.0
6750,65.0,2.0,14.0,6.71,2.5,11.79,4.29,4.17,2.79,9.29,2.37,5.83,8.92,3.5,0.0
6751,65.0,9.0,10.0,18.0,12.38,10.21,10.17,16.13,10.04,14.21,12.92,12.38,13.46,17.25,0.0
6752,64.0,10.0,8.0,17.71,16.83,10.41,8.67,15.5,10.17,14.83,10.79,12.46,10.41,20.04,0.0
6753,62.0,1.0,24.0,24.13,19.55,18.66,12.62,16.17,12.96,17.25,15.29,12.96,13.75,19.75,1.0
6754,64.0,7.0,20.0,6.46,7.96,6.17,3.04,5.91,2.96,2.5,3.46,3.58,3.67,8.87,1.0
6755,78.0,6.0,14.0,5.17,8.21,7.21,4.42,9.04,6.96,4.75,6.92,7.75,5.33,12.21,1.0
6756,73.0,9.0,21.0,11.12,10.75,10.88,5.54,8.42,6.67,9.17,7.04,8.25,6.0,12.5,1.0
6757,61.0,4.0,15.0,5.17,6.42,3.92,2.67,3.37,1.54,2.46,2.29,3.58,4.0,5.75,1.0
6758,67.0,3.0,9.0,19.12,12.46,19.0,9.25,11.25,6.67,13.5,5.17,8.96,8.42,8.33,0.0
6759,61.0,1.0,31.0,24.21,19.55,16.71,11.96,14.42,10.46,14.88,8.21,10.5,9.96,12.42,1.0
6760,61.0,10.0,26.0,16.29,11.29,17.41,6.58,12.21,8.92,9.79,10.13,8.54,12.12,13.08,1.0
6761,71.0,12.0,29.0,12.42,10.0,24.25,7.46,10.25,6.0,14.58,6.67,9.21,8.63,5.66,0.0
6762,77.0,2.0,23.0,12.54,15.21,20.62,10.25,14.37,14.37,17.92,13.5,14.75,15.37,17.12,0.0
6763,69.0,9.0,20.0,8.83,9.13,10.04,4.25,11.34,7.29,10.5,10.04,9.5,8.04,13.0,0.0
6764,75.0,4.0,25.0,4.25,1.42,6.38,1.92,3.63,0.17,1.87,3.54,2.17,2.13,4.79,1.0
6765,68.0,8.0,28.0,6.0,4.83,15.75,7.41,10.34,2.62,5.13,7.46,4.08,2.96,14.04,1.0
6766,78.0,6.0,28.0,9.08,8.5,9.54,6.54,12.5,9.08,14.0,7.79,11.34,7.33,10.79,0.0
6767,66.0,11.0,21.0,12.0,7.96,12.5,4.46,6.46,1.87,6.71,5.41,5.83,6.87,14.25,0.0
6768,75.0,5.0,6.0,8.79,8.63,21.59,6.54,8.12,5.54,6.96,5.04,7.54,5.09,13.75,1.0
6769,76.0,8.0,30.0,15.46,10.92,13.88,6.58,8.25,6.92,9.21,4.46,8.83,7.58,9.21,1.0
6770,66.0,6.0,25.0,10.83,9.67,9.87,5.37,11.5,8.5,9.71,7.87,9.42,9.59,13.75,1.0
6771,76.0,6.0,2.0,5.37,3.25,6.54,2.04,2.13,0.04,4.29,1.5,3.83,2.5,6.34,1.0
6772,61.0,1.0,29.0,27.25,23.91,22.29,17.54,24.08,19.7,22.0,20.25,21.46,19.95,27.71,0.0
6773,67.0,8.0,8.0,10.63,6.5,11.04,7.46,11.63,9.71,7.38,12.5,10.17,8.71,15.71,0.0
6774,63.0,4.0,15.0,6.79,7.25,9.04,5.46,9.25,5.5,8.87,5.29,6.34,5.63,7.58,1.0
6775,74.0,4.0,21.0,3.67,1.63,4.08,1.67,3.92,0.63,3.29,3.75,1.42,1.38,3.21,1.0
6776,64.0,1.0,31.0,18.41,17.46,14.75,11.54,21.75,16.46,22.92,21.34,18.71,19.5,23.91,0.0
6777,68.0,2.0,15.0,7.87,5.75,11.58,4.5,7.04,2.08,5.71,3.42,1.96,0.83,3.0,1.0
6778,72.0,2.0,16.0,24.37,23.79,16.42,11.54,20.62,13.08,17.12,18.91,14.42,20.91,32.08,0.0
6779,77.0,3.0,18.0,16.79,14.62,14.04,7.33,17.79,13.08,15.41,12.54,12.79,12.17,13.88,0.0
6780,74.0,3.0,15.0,15.34,16.88,13.83,10.58,16.71,10.75,14.04,13.96,12.46,9.5,16.62,1.0
6781,64.0,10.0,20.0,7.54,8.38,7.79,1.96,4.0,3.42,5.75,5.33,3.67,7.92,11.0,1.0
6782,77.0,9.0,1.0,17.37,16.33,16.83,8.58,14.46,11.83,15.09,13.92,13.29,13.88,23.29,0.0
6783,61.0,8.0,2.0,10.0,5.58,6.71,6.0,8.96,6.67,8.87,7.12,7.79,8.75,8.71,1.0
6784,74.0,1.0,30.0,14.92,13.33,16.54,7.92,10.54,6.79,10.0,9.87,11.17,11.0,18.46,0.0
6785,67.0,3.0,17.0,19.79,12.87,17.33,12.92,19.25,16.42,25.25,19.33,21.12,20.46,23.58,0.0
6786,64.0,7.0,28.0,10.71,9.33,7.67,7.21,13.83,12.0,11.96,10.17,9.67,8.5,12.04,0.0
6787,62.0,2.0,16.0,26.04,16.83,15.46,18.16,23.42,19.29,28.84,20.75,24.79,25.0,25.33,0.0
6788,72.0,6.0,25.0,11.58,9.59,13.33,5.21,10.63,7.75,8.21,11.5,8.21,10.83,19.55,0.0
6789,63.0,11.0,12.0,16.42,15.71,14.75,14.96,21.17,19.0,25.92,20.33,22.08,20.04,28.62,0.0
6790,69.0,12.0,22.0,16.38,13.88,12.17,9.29,13.5,8.38,13.33,10.08,13.25,8.79,16.38,0.0
6791,70.0,3.0,23.0,13.62,17.08,21.17,8.29,11.46,8.71,11.34,10.54,8.92,8.75,12.67,1.0
6792,61.0,7.0,27.0,10.13,8.83,6.79,3.75,9.5,4.54,7.87,6.46,6.83,6.63,7.87,1.0
6793,76.0,8.0,25.0,4.38,2.54,4.12,0.92,2.13,1.96,4.12,0.79,1.83,0.87,3.5,1.0
6794,67.0,5.0,11.0,10.0,13.59,22.83,8.12,10.96,6.58,9.5,10.08,6.71,6.58,12.83,1.0
6795,74.0,3.0,14.0,10.79,12.21,10.67,5.83,10.79,7.29,7.38,10.13,8.29,8.87,11.38,0.0
6796,64.0,9.0,7.0,10.88,9.04,9.62,6.5,13.0,9.67,10.37,12.33,10.34,11.17,15.71,0.0
6797,71.0,6.0,17.0,7.33,6.38,8.04,4.12,7.25,4.0,6.21,3.42,5.5,6.42,6.71,1.0
6798,66.0,4.0,18.0,20.46,14.62,15.29,10.13,13.0,9.5,16.66,14.58,12.25,11.34,16.88,0.0
6799,73.0,7.0,27.0,5.21,4.67,7.17,3.79,6.04,3.58,4.71,3.58,6.13,7.54,3.58,1.0
6800,74.0,9.0,11.0,16.71,13.0,12.67,5.54,12.46,9.33,9.13,10.34,9.17,6.71,9.17,1.0
6801,66.0,2.0,12.0,11.25,6.25,14.5,6.13,10.79,8.58,12.67,10.67,9.25,14.37,15.59,0.0
6802,66.0,9.0,3.0,19.0,18.84,15.12,10.46,15.96,11.38,14.37,12.21,10.25,14.21,19.41,0.0
6803,67.0,10.0,13.0,20.62,19.92,18.41,10.75,18.54,12.5,15.67,14.17,12.79,13.96,24.83,0.0
6804,72.0,7.0,31.0,22.42,19.41,9.0,8.0,15.83,7.29,8.33,10.67,10.13,6.29,17.25,1.0
6805,66.0,8.0,27.0,16.13,15.09,11.12,7.33,15.34,9.0,8.17,11.5,8.75,9.33,13.67,0.0
6806,68.0,4.0,29.0,8.21,3.79,5.63,2.75,8.83,2.42,4.17,5.25,2.58,4.38,8.04,1.0
6807,73.0,7.0,8.0,4.88,9.13,5.13,3.58,4.21,3.71,4.08,3.96,3.29,3.46,14.5,1.0
6808,70.0,9.0,12.0,10.67,8.5,8.58,4.38,9.0,4.88,5.54,4.29,6.13,5.29,9.38,1.0
6809,66.0,2.0,23.0,12.33,11.67,11.67,9.33,15.25,10.17,17.79,11.5,12.67,15.71,18.71,0.0
6810,76.0,11.0,23.0,9.87,3.96,6.87,1.42,3.08,2.92,8.54,1.75,3.21,4.29,6.08,1.0
6811,73.0,11.0,13.0,13.21,13.62,9.79,9.87,17.04,12.42,12.87,12.17,13.46,13.75,18.88,0.0
6812,74.0,6.0,10.0,14.92,9.79,10.63,8.38,13.96,8.12,11.38,11.58,9.92,10.37,13.0,0.0
6813,70.0,8.0,8.0,13.5,6.75,4.21,3.96,6.67,5.79,4.46,4.33,7.38,5.46,7.5,1.0
6814,66.0,3.0,6.0,18.34,17.96,15.96,9.04,13.13,12.42,12.17,17.46,10.46,16.04,25.46,0.0
6815,61.0,8.0,9.0,12.96,10.0,11.29,6.46,14.58,8.96,11.25,10.37,8.87,9.33,12.5,1.0
6816,62.0,4.0,3.0,17.71,10.46,7.12,8.25,12.62,7.75,10.67,9.5,8.71,10.34,13.17,1.0
6817,64.0,7.0,10.0,14.12,12.71,11.63,7.58,14.37,9.25,12.25,10.04,10.41,11.42,16.42,0.0
6818,66.0,12.0,26.0,19.92,16.0,17.25,13.54,15.59,11.58,10.41,13.08,12.83,16.13,21.09,0.0
6819,67.0,10.0,2.0,15.21,15.21,11.71,7.96,16.33,9.54,15.92,12.08,12.0,13.7,22.29,0.0
6820,72.0,5.0,12.0,13.96,10.29,12.67,6.87,10.96,5.58,8.87,10.08,8.83,8.54,16.21,0.0
6821,70.0,6.0,30.0,12.17,10.92,10.13,6.71,12.96,8.33,7.87,10.46,10.75,9.08,16.71,0.0
6822,68.0,2.0,28.0,21.04,20.25,15.41,10.83,18.66,11.92,11.83,11.67,11.79,13.42,19.55,0.0
6823,65.0,12.0,23.0,14.88,15.92,9.59,7.87,12.87,8.08,11.04,7.04,7.29,8.04,11.08,1.0
6824,63.0,12.0,12.0,16.42,11.71,17.5,10.0,15.71,11.0,16.96,15.75,11.71,12.92,15.54,0.0
6825,69.0,11.0,8.0,18.25,21.96,12.25,10.63,19.41,11.21,18.16,16.25,16.33,14.0,23.87,0.0
6826,78.0,12.0,9.0,18.71,16.92,15.5,6.04,10.37,9.59,10.75,9.13,9.75,11.08,14.33,1.0
6827,77.0,5.0,21.0,12.71,7.41,22.46,7.58,7.04,8.71,11.96,4.92,7.87,5.91,7.67,1.0
6828,72.0,11.0,19.0,18.63,14.79,15.04,6.21,6.96,5.33,8.29,6.54,5.96,3.83,7.33,1.0
6829,69.0,4.0,9.0,16.29,9.25,16.13,9.71,8.33,5.96,14.37,7.83,8.58,9.59,11.12,1.0
6830,76.0,11.0,7.0,10.83,10.41,7.79,2.54,9.83,8.29,8.08,6.67,6.71,7.33,11.29,0.0
6831,74.0,10.0,28.0,19.5,18.75,17.21,12.96,14.0,9.46,15.92,13.59,12.87,12.79,18.96,0.0
6832,72.0,1.0,10.0,20.88,18.34,18.12,10.17,14.04,10.08,14.04,9.29,12.17,13.62,17.83,0.0
6833,72.0,2.0,12.0,16.33,14.21,10.71,7.54,15.0,7.83,13.67,7.58,10.21,8.96,15.29,0.0
6834,66.0,12.0,22.0,18.66,14.79,10.67,11.83,17.96,12.42,17.37,15.92,14.46,12.75,17.71,0.0
6835,71.0,10.0,22.0,13.25,14.42,17.71,9.08,10.96,9.59,14.46,12.25,13.88,14.92,26.25,0.0
6836,70.0,9.0,17.0,21.04,18.58,19.95,14.83,13.59,13.13,19.08,13.67,13.33,14.67,15.46,0.0
6837,65.0,2.0,6.0,8.75,2.21,9.87,4.25,3.96,0.08,4.79,1.67,2.88,4.21,2.04,1.0
6838,74.0,5.0,12.0,24.13,17.79,19.55,13.0,18.21,13.5,17.5,17.04,15.54,15.25,16.38,0.0
6839,62.0,9.0,1.0,10.0,12.08,10.96,9.25,9.29,7.62,7.41,8.75,7.67,9.62,14.58,1.0
6840,73.0,8.0,7.0,15.92,15.37,11.75,7.87,14.67,9.75,12.21,10.46,12.83,10.83,15.67,0.0
6841,66.0,7.0,26.0,16.92,14.5,11.17,8.79,15.41,7.83,10.04,12.0,10.08,11.0,16.25,0.0
6842,69.0,4.0,14.0,13.62,11.17,9.04,11.25,19.79,10.17,14.5,14.88,15.12,11.46,15.37,0.0
6843,66.0,3.0,19.0,4.04,9.33,5.88,3.21,6.13,4.42,5.25,5.71,3.42,3.58,17.12,1.0
6844,68.0,4.0,17.0,20.91,17.83,18.66,15.75,20.3,17.16,14.29,17.58,14.17,14.79,18.91,0.0
6845,68.0,3.0,3.0,8.75,5.66,7.12,3.54,6.04,1.54,7.54,4.71,4.04,7.87,7.21,1.0
6846,65.0,7.0,26.0,10.58,7.5,8.67,6.75,9.96,6.63,10.67,7.5,7.29,9.62,10.13,0.0
6847,66.0,6.0,29.0,7.75,4.0,7.41,2.58,6.21,2.67,4.46,2.21,4.58,3.25,11.29,1.0
6848,78.0,11.0,5.0,15.46,16.92,13.13,9.62,14.12,10.96,8.92,8.63,13.25,11.42,22.37,0.0
6849,71.0,1.0,25.0,18.84,17.25,13.46,7.17,14.29,9.17,11.71,8.21,10.29,10.67,11.87,1.0
6850,63.0,5.0,10.0,30.91,18.21,21.12,19.62,26.2,18.38,23.09,17.37,20.08,17.37,20.25,0.0
6851,73.0,3.0,15.0,6.54,5.54,9.54,1.33,4.58,0.37,2.92,1.42,1.83,0.92,3.0,1.0
6852,77.0,4.0,20.0,13.13,13.67,14.54,7.21,9.67,10.25,14.29,12.04,12.12,11.04,18.34,1.0
6853,72.0,1.0,17.0,14.5,18.71,10.25,5.91,18.41,12.75,12.38,12.87,13.25,11.25,13.96,0.0
6854,73.0,3.0,17.0,7.04,4.0,7.29,3.08,3.54,0.75,4.92,2.67,4.79,4.17,3.71,1.0
6855,67.0,3.0,26.0,18.29,15.46,12.62,11.38,18.38,11.75,20.38,12.92,14.54,13.83,24.17,0.0
6856,63.0,10.0,19.0,22.0,17.54,19.55,14.29,18.71,15.34,15.09,16.38,13.83,16.79,23.54,0.0
6857,63.0,1.0,8.0,20.67,18.79,17.67,7.33,20.41,13.5,16.83,12.83,9.67,12.83,15.34,0.0
6858,67.0,11.0,17.0,5.37,2.71,8.46,0.79,4.38,0.83,2.17,3.96,1.42,2.88,11.92,1.0
6859,67.0,7.0,21.0,4.63,4.5,4.46,1.96,4.29,0.25,4.04,1.25,2.37,3.08,4.08,1.0
6860,61.0,11.0,1.0,13.21,13.13,14.33,8.54,12.17,10.21,13.08,12.17,10.92,13.54,20.17,0.0
6861,62.0,1.0,6.0,15.04,12.29,12.21,4.71,9.0,6.13,8.46,6.92,5.46,5.91,12.62,1.0
6862,62.0,5.0,5.0,11.67,11.79,12.58,7.12,10.96,8.08,8.79,11.17,6.04,7.62,14.54,1.0
6863,68.0,7.0,21.0,4.92,2.13,5.71,2.29,3.63,0.25,2.83,2.0,1.17,0.37,4.71,1.0
6864,75.0,5.0,31.0,9.33,7.17,7.92,3.21,5.71,3.42,3.0,7.21,5.09,5.79,9.38,1.0
6865,61.0,9.0,4.0,6.79,3.04,4.79,3.17,4.75,2.17,1.25,2.21,2.96,1.75,5.41,1.0
6866,72.0,12.0,30.0,13.62,14.67,11.83,7.54,11.04,8.54,7.83,12.0,11.29,12.12,21.04,0.0
6867,65.0,6.0,18.0,21.59,19.33,19.62,13.08,23.16,13.96,24.21,14.0,17.54,16.04,18.96,0.0
6868,69.0,9.0,1.0,5.79,8.08,15.21,4.04,5.91,3.71,6.34,4.21,4.38,5.13,8.92,1.0
6869,67.0,5.0,1.0,20.46,15.71,13.92,11.42,16.75,12.0,13.83,13.08,12.46,12.08,19.5,0.0
6870,77.0,3.0,19.0,21.29,15.75,12.12,8.83,14.67,11.38,11.08,12.58,9.54,9.5,14.46,1.0
6871,73.0,11.0,9.0,22.54,18.54,20.04,11.87,14.83,10.58,13.67,9.0,14.21,5.96,4.63,1.0
6872,65.0,1.0,3.0,13.7,7.04,15.16,6.42,5.91,0.83,8.63,4.83,4.38,6.92,7.92,1.0
6873,69.0,10.0,11.0,12.87,14.29,9.25,3.04,8.04,5.13,3.58,7.75,5.71,5.21,9.13,1.0
6874,74.0,9.0,3.0,16.04,15.34,12.5,6.83,12.96,6.58,10.54,6.71,8.42,8.33,6.13,1.0
6875,76.0,11.0,17.0,10.96,13.92,11.38,4.25,9.54,8.67,7.41,9.79,7.79,9.92,16.0,0.0
6876,67.0,11.0,11.0,13.96,11.79,12.25,8.42,14.71,10.83,17.62,14.96,14.09,14.17,20.88,0.0
6877,76.0,5.0,9.0,9.96,8.25,6.79,3.96,5.46,3.88,4.33,6.29,6.5,5.63,11.17,1.0
6878,67.0,8.0,25.0,11.21,9.87,10.13,8.08,10.37,8.08,3.79,9.71,8.0,8.79,15.75,1.0
6879,61.0,11.0,11.0,16.08,10.75,20.41,8.79,8.42,5.17,12.12,5.0,5.71,5.96,9.62,1.0
6880,65.0,1.0,18.0,17.08,15.5,11.75,11.0,14.37,10.29,16.96,11.17,13.37,10.92,18.34,1.0
6881,77.0,7.0,23.0,18.79,14.96,15.92,8.87,13.21,12.04,15.5,12.83,12.75,15.25,18.08,0.0
6882,77.0,9.0,27.0,14.5,15.54,11.67,7.58,10.37,7.54,9.83,9.46,9.0,7.08,12.08,1.0
6883,76.0,7.0,4.0,4.96,5.96,4.75,3.79,5.04,3.21,4.08,2.46,6.79,4.08,7.21,1.0
6884,69.0,8.0,1.0,10.13,6.5,4.29,3.33,10.04,5.54,2.5,4.71,3.5,3.92,6.5,1.0
6885,67.0,8.0,2.0,4.63,10.29,5.37,4.12,10.67,7.12,5.5,8.5,7.12,6.87,15.16,0.0
6886,62.0,4.0,18.0,10.13,8.17,12.79,6.58,8.92,7.33,11.71,8.63,8.17,11.92,11.17,1.0
6887,65.0,3.0,5.0,12.21,7.5,13.42,6.71,4.96,4.29,11.54,4.25,4.17,8.63,6.34,1.0
6888,64.0,7.0,1.0,10.21,7.75,6.96,5.21,9.62,3.58,7.92,7.21,6.54,9.33,9.92,1.0
6889,63.0,5.0,23.0,5.25,10.46,5.13,4.12,9.59,6.29,7.0,6.54,6.38,5.79,13.04,1.0
6890,67.0,4.0,8.0,13.5,11.67,23.79,11.46,11.87,6.38,15.16,9.13,9.17,10.88,11.42,0.0
6891,67.0,11.0,29.0,11.83,14.04,10.96,7.46,14.29,7.04,13.88,9.13,9.54,8.46,17.16,0.0
6892,68.0,11.0,4.0,15.83,18.96,12.04,4.67,12.62,7.0,6.38,10.29,4.92,7.75,14.54,1.0
6893,67.0,12.0,13.0,3.13,0.75,5.29,2.25,4.71,0.75,6.67,1.83,3.04,3.33,9.54,1.0
6894,74.0,10.0,29.0,16.38,12.71,19.12,8.92,10.67,7.33,13.13,8.67,9.54,9.25,12.33,0.0
6895,72.0,10.0,24.0,4.83,7.96,6.46,2.75,5.79,4.17,9.33,5.58,6.71,5.5,11.71,1.0
6896,68.0,3.0,18.0,17.33,18.46,12.38,12.83,19.29,11.75,21.09,14.54,17.46,17.71,23.63,0.0
6897,74.0,5.0,5.0,5.83,6.25,15.96,5.71,5.71,4.38,10.29,5.63,5.54,6.83,6.04,1.0
6898,64.0,8.0,6.0,12.96,9.42,9.42,5.04,12.42,7.25,6.83,8.87,8.04,8.54,13.7,1.0
6899,63.0,6.0,4.0,8.96,7.17,21.92,7.04,8.79,8.79,9.79,9.08,8.58,7.79,11.21,1.0
6900,61.0,9.0,16.0,28.75,22.08,26.5,21.09,28.5,20.67,20.79,21.37,21.34,25.21,23.45,0.0
6901,62.0,10.0,5.0,5.83,10.37,7.79,4.58,8.42,6.34,8.29,10.92,6.21,9.33,16.88,1.0
6902,72.0,6.0,8.0,9.29,11.0,8.29,5.09,9.75,5.83,9.04,5.66,6.79,5.33,12.12,1.0
6903,65.0,9.0,5.0,20.62,11.58,13.13,10.63,13.54,8.58,11.29,9.67,10.04,12.42,12.0,0.0
6904,69.0,3.0,27.0,8.17,4.63,13.25,4.25,4.12,1.04,5.33,1.96,3.21,2.04,6.17,1.0
6905,76.0,10.0,17.0,13.96,9.67,14.79,6.79,9.54,10.08,13.5,9.29,11.04,12.5,9.83,0.0
6906,74.0,1.0,10.0,28.75,26.63,24.58,16.17,23.0,16.79,16.92,19.67,19.5,21.54,31.08,0.0
6907,78.0,2.0,4.0,9.21,11.08,7.67,4.67,12.42,7.25,8.75,11.63,9.87,6.92,16.54,0.0
6908,78.0,8.0,16.0,10.88,6.25,8.12,6.13,10.58,8.87,10.83,8.25,9.92,9.21,12.75,0.0
6909,75.0,9.0,21.0,8.75,10.21,7.17,3.79,7.0,5.5,9.29,8.08,8.5,7.79,18.0,0.0
6910,69.0,6.0,9.0,11.0,3.83,15.71,4.04,5.09,6.46,3.75,3.79,6.34,4.29,9.21,1.0
6911,78.0,4.0,4.0,8.42,6.67,24.04,5.71,8.33,9.29,9.83,7.17,9.54,5.71,10.96,1.0
6912,72.0,12.0,25.0,26.71,23.54,23.33,16.5,23.63,18.25,21.46,21.37,19.75,21.29,27.46,0.0
6913,61.0,3.0,27.0,5.88,3.5,5.17,2.75,2.83,3.5,6.75,1.46,6.5,7.12,7.21,1.0
6914,63.0,12.0,28.0,19.21,19.38,16.25,14.29,17.88,14.79,12.87,16.96,12.71,16.88,29.71,0.0
6915,71.0,9.0,4.0,2.5,3.79,3.63,1.71,2.29,0.92,4.63,1.33,3.13,3.54,6.46,1.0
6916,68.0,8.0,20.0,13.08,13.13,12.87,6.71,12.79,7.92,10.0,13.67,9.25,10.46,19.38,0.0
6917,72.0,8.0,22.0,3.75,2.21,4.67,1.42,1.54,0.92,2.62,1.42,2.79,1.42,3.5,1.0
6918,78.0,6.0,18.0,7.17,4.63,8.46,4.79,7.54,4.21,1.71,5.33,3.92,2.5,7.75,1.0
6919,70.0,9.0,28.0,11.71,11.29,12.04,7.04,10.67,7.79,4.67,7.25,10.21,9.79,13.75,1.0
6920,69.0,8.0,20.0,16.38,14.92,11.29,10.04,17.5,10.71,13.59,11.96,13.33,13.25,18.54,0.0
6921,62.0,9.0,9.0,16.83,15.87,20.12,13.13,17.21,13.13,18.79,14.5,13.79,16.54,17.33,0.0
6922,63.0,12.0,5.0,10.04,7.12,13.62,3.96,7.04,3.79,10.71,7.33,6.13,7.58,7.71,1.0
6923,64.0,5.0,7.0,19.5,15.25,20.04,13.33,17.25,13.7,16.66,12.12,12.5,15.75,14.96,1.0
6924,64.0,12.0,30.0,23.38,24.17,18.75,11.5,22.75,15.96,20.3,14.29,14.46,17.33,30.46,0.0
6925,78.0,3.0,28.0,25.54,22.75,21.0,14.96,19.17,15.29,18.08,17.67,17.83,17.83,19.83,0.0
6926,72.0,6.0,2.0,16.13,15.21,13.92,6.83,13.75,9.08,10.63,13.25,11.25,12.54,21.21,0.0
6927,63.0,6.0,2.0,17.62,8.79,20.62,8.63,11.38,10.75,14.46,13.7,13.7,11.79,12.83,0.0
6928,67.0,10.0,18.0,18.0,17.0,13.46,7.38,14.58,9.0,10.04,9.13,7.87,8.04,15.41,0.0
6929,64.0,9.0,15.0,16.04,14.12,16.04,8.71,15.96,10.92,10.13,11.46,10.58,13.79,19.5,0.0
6930,72.0,2.0,13.0,15.12,10.08,8.92,5.96,11.54,6.96,12.58,8.75,11.63,8.83,17.79,0.0
6931,74.0,1.0,15.0,15.83,18.0,14.42,9.33,16.21,11.54,17.16,14.62,14.88,14.25,22.42,0.0
6932,65.0,10.0,3.0,17.16,13.83,14.58,8.75,14.46,10.0,9.79,11.04,7.25,10.83,13.08,1.0
6933,77.0,4.0,28.0,16.88,14.54,11.58,7.54,14.37,10.67,14.09,11.58,10.08,10.54,17.62,1.0
6934,76.0,7.0,6.0,5.91,3.79,8.71,3.0,1.58,1.29,4.12,2.96,5.21,2.37,8.08,1.0
6935,67.0,1.0,27.0,24.3,23.75,19.38,16.25,20.25,13.83,12.38,17.62,13.29,19.58,28.75,0.0
6936,78.0,4.0,20.0,24.41,27.71,19.87,13.92,26.38,14.79,11.25,13.79,13.25,11.0,12.79,0.0
6937,74.0,3.0,31.0,11.17,17.46,5.13,5.25,15.09,9.21,6.25,11.25,10.54,8.25,17.21,0.0
6938,78.0,12.0,27.0,17.58,16.96,17.62,8.08,13.21,11.67,14.46,15.59,14.04,14.0,17.21,0.0
6939,63.0,4.0,8.0,9.83,9.46,12.25,5.96,11.08,7.92,10.41,12.5,11.04,12.42,10.5,0.0
6940,67.0,7.0,24.0,13.04,10.37,13.37,6.0,12.96,8.79,11.29,10.29,8.33,11.34,12.87,0.0
6941,76.0,1.0,20.0,24.25,23.5,17.58,15.34,26.25,16.75,25.96,21.29,22.5,21.79,29.33,0.0
6942,78.0,10.0,24.0,11.54,13.46,12.21,5.46,13.96,10.54,17.67,11.87,14.42,11.87,17.29,0.0
6943,64.0,1.0,7.0,12.29,11.92,7.92,4.17,10.63,4.46,2.92,9.54,3.67,8.12,21.54,1.0
6944,78.0,7.0,1.0,12.46,10.63,11.17,6.75,12.92,9.04,12.42,9.62,12.08,8.04,14.04,0.0
6945,67.0,5.0,21.0,24.62,19.21,19.92,13.62,17.58,11.75,14.62,13.08,11.92,15.96,19.7,0.0
6946,68.0,6.0,9.0,3.92,3.17,3.33,1.38,5.91,0.75,2.96,3.29,0.67,0.87,7.12,1.0
6947,71.0,8.0,11.0,8.46,6.92,7.92,3.37,7.71,2.46,6.17,3.33,5.66,1.67,6.87,1.0
6948,71.0,12.0,10.0,7.96,6.21,7.04,5.25,8.87,6.75,11.58,7.12,11.54,9.08,15.87,0.0
6949,78.0,9.0,23.0,10.04,13.08,12.62,4.21,8.96,8.17,11.25,13.17,11.17,11.67,19.92,0.0
6950,73.0,12.0,15.0,11.04,12.46,11.67,3.92,11.21,6.96,14.33,9.25,10.96,10.96,17.12,0.0
6951,68.0,11.0,10.0,17.67,12.87,17.79,11.87,14.33,13.37,17.96,11.46,14.5,18.41,13.75,0.0
6952,76.0,5.0,3.0,17.83,13.75,11.75,10.08,16.46,9.96,14.96,10.96,13.88,13.25,17.92,0.0
6953,70.0,1.0,7.0,18.91,17.5,14.75,4.63,12.83,9.0,8.58,9.75,6.92,4.29,10.79,1.0
6954,63.0,7.0,9.0,8.38,8.46,9.5,8.21,12.71,9.87,13.96,11.96,10.17,10.0,12.67,1.0
6955,77.0,8.0,29.0,12.17,8.21,11.34,5.17,9.67,8.0,11.58,10.0,9.25,9.5,17.67,0.0
6956,68.0,7.0,28.0,5.09,2.08,15.16,3.21,4.38,1.96,3.04,3.42,2.37,2.29,5.79,1.0
6957,73.0,10.0,27.0,8.46,9.59,9.71,2.62,6.46,3.63,3.79,6.34,3.5,5.37,11.0,1.0
6958,63.0,10.0,4.0,14.17,12.08,9.21,8.5,14.21,9.04,14.25,12.62,12.0,10.75,17.33,0.0
6959,78.0,12.0,29.0,14.0,10.29,14.42,8.71,9.71,10.54,19.17,12.46,14.5,16.42,18.88,0.0
6960,63.0,4.0,14.0,19.12,15.54,18.96,11.04,15.16,13.33,16.46,11.29,11.54,13.79,13.7,1.0
6961,61.0,4.0,26.0,16.29,14.46,6.92,5.88,12.62,7.46,6.0,6.34,7.54,6.0,8.33,1.0
6962,62.0,3.0,10.0,15.5,7.17,5.33,4.38,11.0,2.17,3.83,2.04,3.04,6.13,2.21,1.0
6963,71.0,9.0,20.0,6.42,2.42,3.42,2.08,6.13,3.5,5.13,2.92,6.21,3.92,8.92,1.0
6964,75.0,8.0,15.0,6.87,7.87,6.42,3.46,8.96,4.96,5.75,6.0,8.79,6.25,10.75,1.0
6965,63.0,5.0,3.0,16.13,9.59,10.29,10.0,13.46,9.59,12.96,10.17,11.12,12.54,14.37,1.0
6966,71.0,7.0,24.0,11.58,5.66,11.0,4.04,9.29,3.96,7.5,3.46,7.17,4.38,9.38,1.0
6967,75.0,12.0,15.0,8.58,2.62,9.92,2.04,1.21,0.21,7.92,1.71,3.37,2.17,4.08,1.0
6968,76.0,9.0,2.0,14.75,13.46,16.17,7.79,7.79,7.67,11.63,6.5,10.13,10.54,12.92,0.0
6969,62.0,2.0,9.0,9.21,7.38,7.96,4.04,10.5,6.46,12.08,7.71,8.17,8.54,14.29,1.0
6970,68.0,4.0,19.0,15.04,14.29,14.92,10.37,13.83,10.54,10.58,10.63,9.29,11.12,13.62,1.0
6971,68.0,9.0,5.0,15.04,12.21,13.42,8.83,13.33,6.71,10.41,10.67,7.83,10.04,16.54,0.0
6972,68.0,9.0,4.0,8.92,10.34,6.79,3.88,7.96,3.04,5.5,4.83,4.71,4.08,8.38,1.0
6973,74.0,1.0,7.0,20.04,16.5,14.75,9.21,13.46,8.46,11.46,7.75,11.87,11.08,19.08,1.0
6974,64.0,2.0,6.0,9.04,5.25,4.08,0.33,6.54,0.58,5.63,2.67,0.96,4.17,4.92,1.0
6975,72.0,1.0,24.0,13.0,16.13,10.63,5.5,12.04,6.34,14.0,5.13,9.42,9.33,15.09,0.0
6976,74.0,7.0,5.0,12.87,9.04,10.96,7.92,13.59,8.79,12.42,12.08,10.37,9.83,13.92,0.0
6977,70.0,4.0,2.0,12.42,7.0,10.92,6.96,8.96,5.21,10.83,5.91,10.46,8.75,9.67,0.0
6978,63.0,9.0,18.0,6.96,7.17,16.54,3.63,8.42,4.88,5.41,6.54,5.29,4.75,7.25,1.0
6979,72.0,10.0,26.0,17.5,15.34,17.0,10.13,13.46,10.96,12.38,13.37,13.33,14.33,16.46,0.0
6980,61.0,8.0,26.0,12.38,13.88,14.09,6.71,15.5,10.29,9.79,14.5,10.13,15.5,21.96,0.0
6981,76.0,11.0,13.0,7.75,9.5,4.88,0.21,5.5,5.66,6.58,3.29,2.67,4.29,7.54,1.0
6982,71.0,5.0,3.0,12.92,15.21,7.92,5.5,12.21,8.17,4.33,9.33,8.63,8.71,16.54,1.0
6983,70.0,9.0,19.0,8.67,9.92,8.33,2.92,7.5,3.92,4.0,5.88,5.41,4.12,9.75,1.0
6984,63.0,11.0,23.0,22.63,19.38,19.29,10.92,13.96,12.79,13.17,12.79,9.67,13.04,13.88,0.0
6985,69.0,9.0,28.0,16.17,15.34,14.96,8.08,15.63,10.96,16.92,16.38,13.59,15.75,24.75,0.0
6986,69.0,3.0,21.0,16.0,16.38,12.71,7.62,14.92,9.96,9.5,12.5,8.42,10.5,12.75,0.0
6987,75.0,8.0,8.0,8.42,3.29,8.08,3.79,4.67,1.54,4.83,2.88,3.5,3.29,7.87,1.0
6988,70.0,7.0,18.0,8.96,8.79,8.38,5.66,12.46,7.75,11.04,6.04,10.21,6.92,12.67,0.0
6989,70.0,1.0,30.0,9.79,6.63,14.96,3.17,5.54,3.21,5.66,2.79,2.67,2.17,4.5,1.0
6990,64.0,7.0,3.0,8.83,8.54,5.0,6.04,10.17,5.54,6.58,7.96,7.17,8.83,10.08,1.0
6991,72.0,6.0,17.0,20.75,18.29,18.46,10.13,16.5,13.13,15.04,16.38,12.87,15.37,23.42,0.0
6992,77.0,9.0,15.0,4.58,2.25,8.71,1.38,2.46,1.42,2.42,0.42,1.79,0.83,4.83,1.0
6993,77.0,1.0,29.0,6.21,6.08,8.29,2.83,2.92,3.25,2.54,2.29,2.0,3.37,6.04,1.0
6994,61.0,6.0,1.0,15.92,9.59,12.04,8.79,11.54,6.04,9.75,8.29,9.33,10.34,10.67,1.0
6995,67.0,7.0,16.0,16.38,17.79,15.12,11.42,16.42,10.29,7.04,14.33,11.79,15.92,20.75,0.0
6996,72.0,4.0,8.0,15.92,12.42,11.29,10.29,13.67,8.83,14.88,9.0,12.79,10.83,11.12,0.0
6997,62.0,9.0,7.0,12.83,11.0,10.79,8.46,13.13,10.13,11.63,10.79,11.38,11.25,13.25,0.0
6998,72.0,9.0,4.0,4.58,5.83,18.46,5.71,6.29,4.29,5.91,6.83,5.21,3.17,13.17,1.0
6999,64.0,7.0,17.0,4.08,3.79,3.37,3.92,5.71,3.37,4.08,4.58,3.67,4.33,6.38,1.0
7000,71.0,10.0,4.0,6.08,10.67,4.63,2.67,7.62,5.54,5.17,3.71,5.5,5.33,8.63,1.0
7001,66.0,3.0,25.0,14.04,11.29,13.37,8.71,10.17,8.79,10.92,8.04,8.38,9.5,15.63,0.0
